  0
SECTION
  2
HEADER
  9
$ANGBASE
  50
0.0
  9
$ANGDIR
  70
1
  9
$MEASUREMENT
  70
0
  0
ENDSEC
  0
SECTION
  2
TABLES
  0
TABLE
  2
LTYPE
  70
4
  0
LTYPE
  5
40F
  2
CONTINUOUS
  70
0
  3
Solid line
  72
65
  73
0
  40
0.0
  0
LTYPE
  5
410
  2
DASHDOT
 70
0
  3
Dash Dot ____ _ ____ _
 72
65
 73
4
 40
2.0
 49
1.25
 49
-0.25
 49
0.25
 49
-0.25
  0
LTYPE
  5
411
  2
DASHED
 70
0
  3
Dashed __ __ __ __ __
 72
65
 73
2
 40
0.75
 49
0.5
 49
-0.25
  0
LTYPE
  5
43B
  2
DOTTED
 70
0
  3
Dotted .  .  .  .
 72
65
 73
2
 40
0.2
 49
0.0
 49
-0.2
  0
ENDTAB
  0
TABLE
  2
STYLE
  70
4
  0
STYLE
  2
KICAD
  70
0
  40
0
  41
1
  42
1
  50
0
  71
0
  3
isocp.shx
  0
STYLE
  2
KICADB
  70
0
  40
0
  41
1
  42
1
  50
0
  71
0
  3
isocp.shx
  0
STYLE
  2
KICADI
  70
0
  40
0
  41
1
  42
1
  50
15
  71
0
  3
isocp.shx
  0
STYLE
  2
KICADBI
  70
0
  40
0
  41
1
  42
1
  50
15
  71
0
  3
isocp.shx
  0
ENDTAB
  0
TABLE
  2
LAYER
  70
1
  0
LAYER
  2
BLACK
  70
0
  62
7
  6
CONTINUOUS
  0
ENDTAB
  0
ENDSEC
  0
SECTION
  2
ENTITIES
0
LINE
8
BLACK
6
CONTINUOUS
10
0.2638619291338583
20
0.7790979921259842
11
0.2645527559055118
21
0.7772
0
LINE
8
BLACK
6
CONTINUOUS
10
0.2645527559055118
20
0.7772
11
0.2645527559055118
21
0.4228
0
LINE
8
BLACK
6
CONTINUOUS
10
0.2645527559055118
20
0.4228
11
0.2643746850393701
21
0.4217900787401574
0
LINE
8
BLACK
6
CONTINUOUS
10
0.2643746850393701
20
0.4217900787401574
11
0.2630763779527559
21
0.4202428346456693
0
LINE
8
BLACK
6
CONTINUOUS
10
0.2630763779527559
20
0.4202428346456693
11
0.2610872440944882
21
0.4198920866141732
0
LINE
8
BLACK
6
CONTINUOUS
10
0.2610872440944882
20
0.4198920866141732
11
0.2593380708661417
21
0.4209020078740157
0
LINE
8
BLACK
6
CONTINUOUS
10
0.2593380708661417
20
0.4209020078740157
11
0.2586472440944882
21
0.4228
0
LINE
8
BLACK
6
CONTINUOUS
10
0.2586472440944882
20
0.4228
11
0.2586472440944882
21
0.7772
0
LINE
8
BLACK
6
CONTINUOUS
10
0.2586472440944882
20
0.7772
11
0.2588253149606299
21
0.7782099212598425
0
LINE
8
BLACK
6
CONTINUOUS
10
0.2588253149606299
20
0.7782099212598425
11
0.2601236220472441
21
0.7797571653543307
0
LINE
8
BLACK
6
CONTINUOUS
10
0.2601236220472441
20
0.7797571653543307
11
0.2621127559055118
21
0.7801079133858267
0
LINE
8
BLACK
6
CONTINUOUS
10
0.2621127559055118
20
0.7801079133858267
11
0.2638619291338583
21
0.7790979921259842
0
LINE
8
BLACK
6
CONTINUOUS
10
0.0902619291338583
20
0.7798979921259842
11
0.0909527559055118
21
0.778
0
LINE
8
BLACK
6
CONTINUOUS
10
0.0909527559055118
20
0.778
11
0.0909527559055118
21
0.4236
0
LINE
8
BLACK
6
CONTINUOUS
10
0.0909527559055118
20
0.4236
11
0.0907746850393701
21
0.4225900787401575
0
LINE
8
BLACK
6
CONTINUOUS
10
0.0907746850393701
20
0.4225900787401575
11
0.0894763779527559
21
0.4210428346456693
0
LINE
8
BLACK
6
CONTINUOUS
10
0.0894763779527559
20
0.4210428346456693
11
0.0874872440944882
21
0.4206920866141732
0
LINE
8
BLACK
6
CONTINUOUS
10
0.0874872440944882
20
0.4206920866141732
11
0.0857380708661417
21
0.4217020078740157
0
LINE
8
BLACK
6
CONTINUOUS
10
0.0857380708661417
20
0.4217020078740157
11
0.0850472440944882
21
0.4236
0
LINE
8
BLACK
6
CONTINUOUS
10
0.0850472440944882
20
0.4236
11
0.0850472440944882
21
0.778
0
LINE
8
BLACK
6
CONTINUOUS
10
0.0850472440944882
20
0.778
11
0.0852253149606299
21
0.7790099212598425
0
LINE
8
BLACK
6
CONTINUOUS
10
0.0852253149606299
20
0.7790099212598425
11
0.0865236220472441
21
0.7805571653543307
0
LINE
8
BLACK
6
CONTINUOUS
10
0.0865236220472441
20
0.7805571653543307
11
0.0885127559055118
21
0.7809079133858268
0
LINE
8
BLACK
6
CONTINUOUS
10
0.0885127559055118
20
0.7809079133858268
11
0.0902619291338583
21
0.7798979921259842
0
LINE
8
BLACK
6
CONTINUOUS
10
0.6810340551181102
20
0.5679178346456693
11
0.6819721653543307
21
0.5669797244094488
0
LINE
8
BLACK
6
CONTINUOUS
10
0.6819721653543307
20
0.5669797244094488
11
0.6821075590551181
21
0.5666527952755905
0
LINE
8
BLACK
6
CONTINUOUS
10
0.6821075590551181
20
0.5666527952755905
11
0.6823749212598426
21
0.5664209448818898
0
LINE
8
BLACK
6
CONTINUOUS
10
0.6823749212598426
20
0.5664209448818898
11
0.6833129921259843
21
0.5645447637795276
0
LINE
8
BLACK
6
CONTINUOUS
10
0.6833129921259843
20
0.5645447637795276
11
0.6833484251968504
21
0.5640455905511811
0
LINE
8
BLACK
6
CONTINUOUS
10
0.6833484251968504
20
0.5640455905511811
11
0.6835399606299213
21
0.5635832677165354
0
LINE
8
BLACK
6
CONTINUOUS
10
0.6835399606299213
20
0.5635832677165354
11
0.6835399606299213
21
0.5588927952755905
0
LINE
8
BLACK
6
CONTINUOUS
10
0.6835399606299213
20
0.5588927952755905
11
0.6833484251968504
21
0.5584304330708662
0
LINE
8
BLACK
6
CONTINUOUS
10
0.6833484251968504
20
0.5584304330708662
11
0.6833129921259843
21
0.5579312992125984
0
LINE
8
BLACK
6
CONTINUOUS
10
0.6833129921259843
20
0.5579312992125984
11
0.6823749212598426
21
0.5560551181102362
0
LINE
8
BLACK
6
CONTINUOUS
10
0.6823749212598426
20
0.5560551181102362
11
0.6821075590551181
21
0.5558232283464567
0
LINE
8
BLACK
6
CONTINUOUS
10
0.6821075590551181
20
0.5558232283464567
11
0.6819721653543307
21
0.5554963385826771
0
LINE
8
BLACK
6
CONTINUOUS
10
0.6819721653543307
20
0.5554963385826771
11
0.6810340551181102
21
0.5545582283464566
0
LINE
8
BLACK
6
CONTINUOUS
10
0.6810340551181102
20
0.5545582283464566
11
0.680707125984252
21
0.5544227952755906
0
LINE
8
BLACK
6
CONTINUOUS
10
0.680707125984252
20
0.5544227952755906
11
0.6804752755905512
21
0.5541554724409449
0
LINE
8
BLACK
6
CONTINUOUS
10
0.6804752755905512
20
0.5541554724409449
11
0.678599094488189
21
0.5532174015748031
0
LINE
8
BLACK
6
CONTINUOUS
10
0.678599094488189
20
0.5532174015748031
11
0.6780999212598425
21
0.5531819291338582
0
LINE
8
BLACK
6
CONTINUOUS
10
0.6780999212598425
20
0.5531819291338582
11
0.6776375984251969
21
0.5529904330708661
0
LINE
8
BLACK
6
CONTINUOUS
10
0.6776375984251969
20
0.5529904330708661
11
0.672947125984252
21
0.5529904330708661
0
LINE
8
BLACK
6
CONTINUOUS
10
0.672947125984252
20
0.5529904330708661
11
0.6724847637795276
21
0.5531819291338582
0
LINE
8
BLACK
6
CONTINUOUS
10
0.6724847637795276
20
0.5531819291338582
11
0.6719856692913385
21
0.5532174015748031
0
LINE
8
BLACK
6
CONTINUOUS
10
0.6719856692913385
20
0.5532174015748031
11
0.6701094094488189
21
0.5541554724409449
0
LINE
8
BLACK
6
CONTINUOUS
10
0.6701094094488189
20
0.5541554724409449
11
0.6698775196850394
21
0.5544228346456693
0
LINE
8
BLACK
6
CONTINUOUS
10
0.6698775196850394
20
0.5544228346456693
11
0.669550590551181
21
0.5545582677165354
0
LINE
8
BLACK
6
CONTINUOUS
10
0.669550590551181
20
0.5545582677165354
11
0.6686125196850393
21
0.5554963779527559
0
LINE
8
BLACK
6
CONTINUOUS
10
0.6686125196850393
20
0.5554963779527559
11
0.6684771259842519
21
0.5558232283464567
0
LINE
8
BLACK
6
CONTINUOUS
10
0.6684771259842519
20
0.5558232283464567
11
0.6682098031496063
21
0.5560550787401575
0
LINE
8
BLACK
6
CONTINUOUS
10
0.6682098031496063
20
0.5560550787401575
11
0.6672717322834646
21
0.5579312598425197
0
LINE
8
BLACK
6
CONTINUOUS
10
0.6672717322834646
20
0.5579312598425197
11
0.6672362204724409
21
0.5584303937007874
0
LINE
8
BLACK
6
CONTINUOUS
10
0.6672362204724409
20
0.5584303937007874
11
0.6670447244094488
21
0.5588927952755905
0
LINE
8
BLACK
6
CONTINUOUS
10
0.6670447244094488
20
0.5588927952755905
11
0.6670447244094488
21
0.5635832677165354
0
LINE
8
BLACK
6
CONTINUOUS
10
0.6670447244094488
20
0.5635832677165354
11
0.6671531496062992
21
0.5638450393700787
0
LINE
8
BLACK
6
CONTINUOUS
10
0.6671531496062992
20
0.5638450393700787
11
0.6638399606299212
21
0.5635137007874016
0
LINE
8
BLACK
6
CONTINUOUS
10
0.6638399606299212
20
0.5635137007874016
11
0.6638399606299212
21
0.5560785039370079
0
LINE
8
BLACK
6
CONTINUOUS
10
0.6638399606299212
20
0.5560785039370079
11
0.6632102362204724
21
0.5545582283464566
0
LINE
8
BLACK
6
CONTINUOUS
10
0.6632102362204724
20
0.5545582283464566
11
0.6616899606299212
21
0.5539285039370079
0
LINE
8
BLACK
6
CONTINUOUS
10
0.6616899606299212
20
0.5539285039370079
11
0.6604527559055118
21
0.5544409448818898
0
LINE
8
BLACK
6
CONTINUOUS
10
0.6604527559055118
20
0.5544409448818898
11
0.6604527559055118
21
0.5452783070866142
0
LINE
8
BLACK
6
CONTINUOUS
10
0.6604527559055118
20
0.5452783070866142
11
0.6607050393700787
21
0.5457829133858267
0
LINE
8
BLACK
6
CONTINUOUS
10
0.6607050393700787
20
0.5457829133858267
11
0.6609723622047244
21
0.5460147244094488
0
LINE
8
BLACK
6
CONTINUOUS
10
0.6609723622047244
20
0.5460147244094488
11
0.6611077559055119
21
0.5463416141732284
0
LINE
8
BLACK
6
CONTINUOUS
10
0.6611077559055119
20
0.5463416141732284
11
0.6620458267716536
21
0.5472797244094488
0
LINE
8
BLACK
6
CONTINUOUS
10
0.6620458267716536
20
0.5472797244094488
11
0.6623727559055118
21
0.5474151181102362
0
LINE
8
BLACK
6
CONTINUOUS
10
0.6623727559055118
20
0.5474151181102362
11
0.6626046456692913
21
0.5476825196850393
0
LINE
8
BLACK
6
CONTINUOUS
10
0.6626046456692913
20
0.5476825196850393
11
0.664480905511811
21
0.5486205905511811
0
LINE
8
BLACK
6
CONTINUOUS
10
0.664480905511811
20
0.5486205905511811
11
0.6647246062992126
21
0.548637874015748
0
LINE
8
BLACK
6
CONTINUOUS
10
0.6647246062992126
20
0.548637874015748
11
0.664920905511811
21
0.5487833464566929
0
LINE
8
BLACK
6
CONTINUOUS
10
0.664920905511811
20
0.5487833464566929
11
0.6686732283464567
21
0.5497214566929134
0
LINE
8
BLACK
6
CONTINUOUS
10
0.6686732283464567
20
0.5497214566929134
11
0.6689428346456693
21
0.5496813385826772
0
LINE
8
BLACK
6
CONTINUOUS
10
0.6689428346456693
20
0.5496813385826772
11
0.6691947244094488
21
0.5497856692913385
0
LINE
8
BLACK
6
CONTINUOUS
10
0.6691947244094488
20
0.5497856692913385
11
0.6738851968503937
21
0.5497856692913385
0
LINE
8
BLACK
6
CONTINUOUS
10
0.6738851968503937
20
0.5497856692913385
11
0.6741370472440945
21
0.5496813385826772
0
LINE
8
BLACK
6
CONTINUOUS
10
0.6741370472440945
20
0.5496813385826772
11
0.6744066535433071
21
0.5497214566929134
0
LINE
8
BLACK
6
CONTINUOUS
10
0.6744066535433071
20
0.5497214566929134
11
0.6781590551181103
21
0.5487833858267717
0
LINE
8
BLACK
6
CONTINUOUS
10
0.6781590551181103
20
0.5487833858267717
11
0.6783553937007873
21
0.548637874015748
0
LINE
8
BLACK
6
CONTINUOUS
10
0.6783553937007873
20
0.548637874015748
11
0.678599094488189
21
0.5486205905511811
0
LINE
8
BLACK
6
CONTINUOUS
10
0.678599094488189
20
0.5486205905511811
11
0.6804752755905512
21
0.5476825196850393
0
LINE
8
BLACK
6
CONTINUOUS
10
0.6804752755905512
20
0.5476825196850393
11
0.680707125984252
21
0.547415157480315
0
LINE
8
BLACK
6
CONTINUOUS
10
0.680707125984252
20
0.547415157480315
11
0.6810340551181102
21
0.5472797637795276
0
LINE
8
BLACK
6
CONTINUOUS
10
0.6810340551181102
20
0.5472797637795276
11
0.6819721653543307
21
0.5463416535433071
0
LINE
8
BLACK
6
CONTINUOUS
10
0.6819721653543307
20
0.5463416535433071
11
0.6821075590551181
21
0.5460147244094488
0
LINE
8
BLACK
6
CONTINUOUS
10
0.6821075590551181
20
0.5460147244094488
11
0.6823749212598426
21
0.545782874015748
0
LINE
8
BLACK
6
CONTINUOUS
10
0.6823749212598426
20
0.545782874015748
11
0.6833129921259843
21
0.5439066929133858
0
LINE
8
BLACK
6
CONTINUOUS
10
0.6833129921259843
20
0.5439066929133858
11
0.6833484251968504
21
0.5434075196850393
0
LINE
8
BLACK
6
CONTINUOUS
10
0.6833484251968504
20
0.5434075196850393
11
0.6835399606299213
21
0.5429451968503937
0
LINE
8
BLACK
6
CONTINUOUS
10
0.6835399606299213
20
0.5429451968503937
11
0.6835399606299213
21
0.5410690157480315
0
LINE
8
BLACK
6
CONTINUOUS
10
0.6835399606299213
20
0.5410690157480315
11
0.6833484251968504
21
0.5406066535433071
0
LINE
8
BLACK
6
CONTINUOUS
10
0.6833484251968504
20
0.5406066535433071
11
0.6833129921259843
21
0.5401075590551181
0
LINE
8
BLACK
6
CONTINUOUS
10
0.6833129921259843
20
0.5401075590551181
11
0.6823749212598426
21
0.5382312992125984
0
LINE
8
BLACK
6
CONTINUOUS
10
0.6823749212598426
20
0.5382312992125984
11
0.6821075196850394
21
0.5379994094488189
0
LINE
8
BLACK
6
CONTINUOUS
10
0.6821075196850394
20
0.5379994094488189
11
0.6819721259842519
21
0.5376724803149606
0
LINE
8
BLACK
6
CONTINUOUS
10
0.6819721259842519
20
0.5376724803149606
11
0.6810340157480315
21
0.5367344094488189
0
LINE
8
BLACK
6
CONTINUOUS
10
0.6810340157480315
20
0.5367344094488189
11
0.680707125984252
21
0.5365990157480315
0
LINE
8
BLACK
6
CONTINUOUS
10
0.680707125984252
20
0.5365990157480315
11
0.6804753149606299
21
0.5363316929133858
0
LINE
8
BLACK
6
CONTINUOUS
10
0.6804753149606299
20
0.5363316929133858
11
0.6785991338582678
21
0.5353936220472441
0
LINE
8
BLACK
6
CONTINUOUS
10
0.6785991338582678
20
0.5353936220472441
11
0.6783553937007873
21
0.5353762598425197
0
LINE
8
BLACK
6
CONTINUOUS
10
0.6783553937007873
20
0.5353762598425197
11
0.6781590157480315
21
0.5352307874015748
0
LINE
8
BLACK
6
CONTINUOUS
10
0.6781590157480315
20
0.5352307874015748
11
0.6744066141732283
21
0.5342927165354331
0
LINE
8
BLACK
6
CONTINUOUS
10
0.6744066141732283
20
0.5342927165354331
11
0.674136968503937
21
0.5343328346456693
0
LINE
8
BLACK
6
CONTINUOUS
10
0.674136968503937
20
0.5343328346456693
11
0.6738851968503937
21
0.5342285433070866
0
LINE
8
BLACK
6
CONTINUOUS
10
0.6738851968503937
20
0.5342285433070866
11
0.6691947244094488
21
0.5342285433070866
0
LINE
8
BLACK
6
CONTINUOUS
10
0.6691947244094488
20
0.5342285433070866
11
0.668942874015748
21
0.5343328346456693
0
LINE
8
BLACK
6
CONTINUOUS
10
0.668942874015748
20
0.5343328346456693
11
0.6686732677165355
21
0.5342927165354331
0
LINE
8
BLACK
6
CONTINUOUS
10
0.6686732677165355
20
0.5342927165354331
11
0.664920905511811
21
0.5352307874015748
0
LINE
8
BLACK
6
CONTINUOUS
10
0.664920905511811
20
0.5352307874015748
11
0.6647245275590551
21
0.5353762598425197
0
LINE
8
BLACK
6
CONTINUOUS
10
0.6647245275590551
20
0.5353762598425197
11
0.6644808661417323
21
0.5353935826771653
0
LINE
8
BLACK
6
CONTINUOUS
10
0.6644808661417323
20
0.5353935826771653
11
0.6626046456692913
21
0.5363316929133858
0
LINE
8
BLACK
6
CONTINUOUS
10
0.6626046456692913
20
0.5363316929133858
11
0.6623727559055118
21
0.5365990157480315
0
LINE
8
BLACK
6
CONTINUOUS
10
0.6623727559055118
20
0.5365990157480315
11
0.6620458661417322
21
0.5367344488188976
0
LINE
8
BLACK
6
CONTINUOUS
10
0.6620458661417322
20
0.5367344488188976
11
0.6611077952755905
21
0.5376725196850394
0
LINE
8
BLACK
6
CONTINUOUS
10
0.6611077952755905
20
0.5376725196850394
11
0.6609723622047244
21
0.5379994094488189
0
LINE
8
BLACK
6
CONTINUOUS
10
0.6609723622047244
20
0.5379994094488189
11
0.6607050393700787
21
0.5382312992125984
0
LINE
8
BLACK
6
CONTINUOUS
10
0.6607050393700787
20
0.5382312992125984
11
0.6604527559055118
21
0.5387358661417323
0
LINE
8
BLACK
6
CONTINUOUS
10
0.6604527559055118
20
0.5387358661417323
11
0.6604527559055118
21
0.5323550787401574
0
LINE
8
BLACK
6
CONTINUOUS
10
0.6604527559055118
20
0.5323550787401574
11
0.6607284645669291
21
0.5326729921259843
0
LINE
8
BLACK
6
CONTINUOUS
10
0.6607284645669291
20
0.5326729921259843
11
0.662369842519685
21
0.5327896456692913
0
LINE
8
BLACK
6
CONTINUOUS
10
0.662369842519685
20
0.5327896456692913
11
0.6820698425196851
21
0.5262229921259842
0
LINE
8
BLACK
6
CONTINUOUS
10
0.6820698425196851
20
0.5262229921259842
11
0.6821911811023622
21
0.526117716535433
0
LINE
8
BLACK
6
CONTINUOUS
10
0.6821911811023622
20
0.526117716535433
11
0.6823514960629921
21
0.5261063385826772
0
LINE
8
BLACK
6
CONTINUOUS
10
0.6823514960629921
20
0.5261063385826772
11
0.6827981496062991
21
0.5255912992125984
0
LINE
8
BLACK
6
CONTINUOUS
10
0.6827981496062991
20
0.5255912992125984
11
0.6833129921259843
21
0.5251448031496063
0
LINE
8
BLACK
6
CONTINUOUS
10
0.6833129921259843
20
0.5251448031496063
11
0.6833243700787401
21
0.5249845275590551
0
LINE
8
BLACK
6
CONTINUOUS
10
0.6833243700787401
20
0.5249845275590551
11
0.6834296456692913
21
0.524863188976378
0
LINE
8
BLACK
6
CONTINUOUS
10
0.6834296456692913
20
0.524863188976378
11
0.6833812992125984
21
0.5241833070866142
0
LINE
8
BLACK
6
CONTINUOUS
10
0.6833812992125984
20
0.5241833070866142
11
0.6834296456692913
21
0.5235034251968503
0
LINE
8
BLACK
6
CONTINUOUS
10
0.6834296456692913
20
0.5235034251968503
11
0.6833243700787401
21
0.5233820472440944
0
LINE
8
BLACK
6
CONTINUOUS
10
0.6833243700787401
20
0.5233820472440944
11
0.6833129921259843
21
0.5232218110236221
0
LINE
8
BLACK
6
CONTINUOUS
10
0.6833129921259843
20
0.5232218110236221
11
0.6827981496062991
21
0.5227752755905511
0
LINE
8
BLACK
6
CONTINUOUS
10
0.6827981496062991
20
0.5227752755905511
11
0.6823514960629921
21
0.5222602755905512
0
LINE
8
BLACK
6
CONTINUOUS
10
0.6823514960629921
20
0.5222602755905512
11
0.6821911811023622
21
0.5222488582677165
0
LINE
8
BLACK
6
CONTINUOUS
10
0.6821911811023622
20
0.5222488582677165
11
0.6820698425196851
21
0.5221436220472441
0
LINE
8
BLACK
6
CONTINUOUS
10
0.6820698425196851
20
0.5221436220472441
11
0.6694972047244094
21
0.5179527559055118
0
LINE
8
BLACK
6
CONTINUOUS
10
0.6694972047244094
20
0.5179527559055118
11
0.7145472440944882
21
0.5179527559055118
0
LINE
8
BLACK
6
CONTINUOUS
10
0.7145472440944882
20
0.5179527559055118
11
0.7145472440944882
21
0.5549999999999999
0
LINE
8
BLACK
6
CONTINUOUS
10
0.7145472440944882
20
0.5549999999999999
11
0.7147253149606299
21
0.5560099212598425
0
LINE
8
BLACK
6
CONTINUOUS
10
0.7147253149606299
20
0.5560099212598425
11
0.7160236220472441
21
0.5575571653543306
0
LINE
8
BLACK
6
CONTINUOUS
10
0.7160236220472441
20
0.5575571653543306
11
0.7180127559055118
21
0.5579079133858268
0
LINE
8
BLACK
6
CONTINUOUS
10
0.7180127559055118
20
0.5579079133858268
11
0.7197619291338583
21
0.5568979921259842
0
LINE
8
BLACK
6
CONTINUOUS
10
0.7197619291338583
20
0.5568979921259842
11
0.7204527559055118
21
0.5549999999999999
0
LINE
8
BLACK
6
CONTINUOUS
10
0.7204527559055118
20
0.5549999999999999
11
0.7204527559055118
21
0.515
0
LINE
8
BLACK
6
CONTINUOUS
10
0.7204527559055118
20
0.515
11
0.7203851181102362
21
0.5146164566929133
0
LINE
8
BLACK
6
CONTINUOUS
10
0.7203851181102362
20
0.5146164566929133
11
0.7204079133858268
21
0.5144872440944882
0
LINE
8
BLACK
6
CONTINUOUS
10
0.7204079133858268
20
0.5144872440944882
11
0.720342283464567
21
0.5143736220472441
0
LINE
8
BLACK
6
CONTINUOUS
10
0.720342283464567
20
0.5143736220472441
11
0.7202746850393701
21
0.5139900787401575
0
LINE
8
BLACK
6
CONTINUOUS
10
0.7202746850393701
20
0.5139900787401575
11
0.7197815354330709
21
0.5134023622047243
0
LINE
8
BLACK
6
CONTINUOUS
10
0.7197815354330709
20
0.5134023622047243
11
0.7193979921259842
21
0.5127380708661418
0
LINE
8
BLACK
6
CONTINUOUS
10
0.7193979921259842
20
0.5127380708661418
11
0.7191476377952756
21
0.5126469291338582
0
LINE
8
BLACK
6
CONTINUOUS
10
0.7191476377952756
20
0.5126469291338582
11
0.7189763779527559
21
0.5124428346456693
0
LINE
8
BLACK
6
CONTINUOUS
10
0.7189763779527559
20
0.5124428346456693
11
0.7182207874015748
21
0.5123095669291339
0
LINE
8
BLACK
6
CONTINUOUS
10
0.7182207874015748
20
0.5123095669291339
11
0.7175
21
0.5120472440944882
0
LINE
8
BLACK
6
CONTINUOUS
10
0.7175
20
0.5120472440944882
11
0.6575
21
0.5120472440944882
0
LINE
8
BLACK
6
CONTINUOUS
10
0.6575
20
0.5120472440944882
11
0.6571164566929134
21
0.512114842519685
0
LINE
8
BLACK
6
CONTINUOUS
10
0.6571164566929134
20
0.512114842519685
11
0.6569872440944882
21
0.5120920866141733
0
LINE
8
BLACK
6
CONTINUOUS
10
0.6569872440944882
20
0.5120920866141733
11
0.6568736220472441
21
0.5121576771653543
0
LINE
8
BLACK
6
CONTINUOUS
10
0.6568736220472441
20
0.5121576771653543
11
0.6564900787401574
21
0.51222531496063
0
LINE
8
BLACK
6
CONTINUOUS
10
0.6564900787401574
20
0.51222531496063
11
0.6559023622047244
21
0.5127184251968504
0
LINE
8
BLACK
6
CONTINUOUS
10
0.6559023622047244
20
0.5127184251968504
11
0.6552380708661417
21
0.5131020078740157
0
LINE
8
BLACK
6
CONTINUOUS
10
0.6552380708661417
20
0.5131020078740157
11
0.6551469291338583
21
0.5133523228346456
0
LINE
8
BLACK
6
CONTINUOUS
10
0.6551469291338583
20
0.5133523228346456
11
0.6549428346456693
21
0.5135236220472441
0
LINE
8
BLACK
6
CONTINUOUS
10
0.6549428346456693
20
0.5135236220472441
11
0.6548095669291338
21
0.5142791732283465
0
LINE
8
BLACK
6
CONTINUOUS
10
0.6548095669291338
20
0.5142791732283465
11
0.6545472440944882
21
0.515
0
LINE
8
BLACK
6
CONTINUOUS
10
0.6545472440944882
20
0.515
11
0.6545472440944882
21
0.5549999999999999
0
LINE
8
BLACK
6
CONTINUOUS
10
0.6545472440944882
20
0.5549999999999999
11
0.6547253149606299
21
0.5560099212598425
0
LINE
8
BLACK
6
CONTINUOUS
10
0.6547253149606299
20
0.5560099212598425
11
0.6560236220472441
21
0.5575571653543306
0
LINE
8
BLACK
6
CONTINUOUS
10
0.6560236220472441
20
0.5575571653543306
11
0.6580127559055118
21
0.5579079133858268
0
LINE
8
BLACK
6
CONTINUOUS
10
0.6580127559055118
20
0.5579079133858268
11
0.6595399606299213
21
0.5570261417322835
0
LINE
8
BLACK
6
CONTINUOUS
10
0.6595399606299213
20
0.5570261417322835
11
0.6595399606299213
21
0.5654594488188976
0
LINE
8
BLACK
6
CONTINUOUS
10
0.6595399606299213
20
0.5654594488188976
11
0.6598168503937007
21
0.5661279921259842
0
LINE
8
BLACK
6
CONTINUOUS
10
0.6598168503937007
20
0.5661279921259842
11
0.6600259448818897
21
0.566820905511811
0
LINE
8
BLACK
6
CONTINUOUS
10
0.6600259448818897
20
0.566820905511811
11
0.6601261417322835
21
0.5668746456692914
0
LINE
8
BLACK
6
CONTINUOUS
10
0.6601261417322835
20
0.5668746456692914
11
0.66016968503937
21
0.5669797244094488
0
LINE
8
BLACK
6
CONTINUOUS
10
0.66016968503937
20
0.5669797244094488
11
0.6608382283464567
21
0.5672566535433071
0
LINE
8
BLACK
6
CONTINUOUS
10
0.6608382283464567
20
0.5672566535433071
11
0.6614760236220473
21
0.567598779527559
0
LINE
8
BLACK
6
CONTINUOUS
10
0.6614760236220473
20
0.567598779527559
11
0.6708569685039369
21
0.5685368897637795
0
LINE
8
BLACK
6
CONTINUOUS
10
0.6708569685039369
20
0.5685368897637795
11
0.6709657874015748
21
0.5685040157480314
0
LINE
8
BLACK
6
CONTINUOUS
10
0.6709657874015748
20
0.5685040157480314
11
0.6710708661417323
21
0.5685475590551181
0
LINE
8
BLACK
6
CONTINUOUS
10
0.6710708661417323
20
0.5685475590551181
11
0.6717394488188976
21
0.5682705905511811
0
LINE
8
BLACK
6
CONTINUOUS
10
0.6717394488188976
20
0.5682705905511811
11
0.6724323622047244
21
0.5680615748031496
0
LINE
8
BLACK
6
CONTINUOUS
10
0.6724323622047244
20
0.5680615748031496
11
0.6724861023622047
21
0.5679613385826772
0
LINE
8
BLACK
6
CONTINUOUS
10
0.6724861023622047
20
0.5679613385826772
11
0.6725911417322834
21
0.567917874015748
0
LINE
8
BLACK
6
CONTINUOUS
10
0.6725911417322834
20
0.567917874015748
11
0.6728680708661418
21
0.5672492913385827
0
LINE
8
BLACK
6
CONTINUOUS
10
0.6728680708661418
20
0.5672492913385827
11
0.6732102362204724
21
0.5666114960629921
0
LINE
8
BLACK
6
CONTINUOUS
10
0.6732102362204724
20
0.5666114960629921
11
0.6731773622047243
21
0.5665026377952755
0
LINE
8
BLACK
6
CONTINUOUS
10
0.6731773622047243
20
0.5665026377952755
11
0.673220905511811
21
0.5663975984251969
0
LINE
8
BLACK
6
CONTINUOUS
10
0.673220905511811
20
0.5663975984251969
11
0.6729438582677165
21
0.5657287795275591
0
LINE
8
BLACK
6
CONTINUOUS
10
0.6729438582677165
20
0.5657287795275591
11
0.6727348818897637
21
0.5650361023622047
0
LINE
8
BLACK
6
CONTINUOUS
10
0.6727348818897637
20
0.5650361023622047
11
0.6726347244094488
21
0.5649823622047244
0
LINE
8
BLACK
6
CONTINUOUS
10
0.6726347244094488
20
0.5649823622047244
11
0.6725912204724409
21
0.5648773228346456
0
LINE
8
BLACK
6
CONTINUOUS
10
0.6725912204724409
20
0.5648773228346456
11
0.6718998031496063
21
0.5641858661417323
0
LINE
8
BLACK
6
CONTINUOUS
10
0.6718998031496063
20
0.5641858661417323
11
0.6713447244094488
21
0.5630757086614173
0
LINE
8
BLACK
6
CONTINUOUS
10
0.6713447244094488
20
0.5630757086614173
11
0.6713447244094488
21
0.5594003149606299
0
LINE
8
BLACK
6
CONTINUOUS
10
0.6713447244094488
20
0.5594003149606299
11
0.6718998031496063
21
0.558290157480315
0
LINE
8
BLACK
6
CONTINUOUS
10
0.6718998031496063
20
0.558290157480315
11
0.6723444488188977
21
0.5578455118110236
0
LINE
8
BLACK
6
CONTINUOUS
10
0.6723444488188977
20
0.5578455118110236
11
0.6734546850393701
21
0.5572904330708661
0
LINE
8
BLACK
6
CONTINUOUS
10
0.6734546850393701
20
0.5572904330708661
11
0.6771300393700788
21
0.5572904330708661
0
LINE
8
BLACK
6
CONTINUOUS
10
0.6771300393700788
20
0.5572904330708661
11
0.6782402362204725
21
0.5578455118110236
0
LINE
8
BLACK
6
CONTINUOUS
10
0.6782402362204725
20
0.5578455118110236
11
0.678684842519685
21
0.5582901181102362
0
LINE
8
BLACK
6
CONTINUOUS
10
0.678684842519685
20
0.5582901181102362
11
0.6792399606299212
21
0.5594003149606299
0
LINE
8
BLACK
6
CONTINUOUS
10
0.6792399606299212
20
0.5594003149606299
11
0.6792399606299212
21
0.5630757086614173
0
LINE
8
BLACK
6
CONTINUOUS
10
0.6792399606299212
20
0.5630757086614173
11
0.678684842519685
21
0.564185905511811
0
LINE
8
BLACK
6
CONTINUOUS
10
0.678684842519685
20
0.564185905511811
11
0.6779935039370079
21
0.5648772834645669
0
LINE
8
BLACK
6
CONTINUOUS
10
0.6779935039370079
20
0.5648772834645669
11
0.677363779527559
21
0.5663975590551181
0
LINE
8
BLACK
6
CONTINUOUS
10
0.677363779527559
20
0.5663975590551181
11
0.6779935039370079
21
0.5679178346456693
0
LINE
8
BLACK
6
CONTINUOUS
10
0.6779935039370079
20
0.5679178346456693
11
0.6795137795275591
21
0.5685475590551181
0
LINE
8
BLACK
6
CONTINUOUS
10
0.6795137795275591
20
0.5685475590551181
11
0.6810340551181102
21
0.5679178346456693
0
LINE
8
BLACK
6
CONTINUOUS
10
0.6604527559055118
20
0.5191729527559055
11
0.6610100787401575
21
0.5196563385826771
0
LINE
8
BLACK
6
CONTINUOUS
10
0.6610100787401575
20
0.5196563385826771
11
0.6745909842519685
21
0.5241833070866142
0
LINE
8
BLACK
6
CONTINUOUS
10
0.6745909842519685
20
0.5241833070866142
11
0.6610100787401575
21
0.5287102755905512
0
LINE
8
BLACK
6
CONTINUOUS
10
0.6610100787401575
20
0.5287102755905512
11
0.6604527559055118
21
0.5291936220472441
0
LINE
8
BLACK
6
CONTINUOUS
10
0.6604527559055118
20
0.5291936220472441
11
0.6604527559055118
21
0.5191729527559055
0
LINE
8
BLACK
6
CONTINUOUS
10
0.6661928346456693
20
0.5446690157480315
11
0.6648396850393701
21
0.5439924409448819
0
LINE
8
BLACK
6
CONTINUOUS
10
0.6648396850393701
20
0.5439924409448819
11
0.6643950393700787
21
0.5435477952755905
0
LINE
8
BLACK
6
CONTINUOUS
10
0.6643950393700787
20
0.5435477952755905
11
0.6638399606299212
21
0.5424376377952755
0
LINE
8
BLACK
6
CONTINUOUS
10
0.6638399606299212
20
0.5424376377952755
11
0.6638399606299212
21
0.5415765748031496
0
LINE
8
BLACK
6
CONTINUOUS
10
0.6638399606299212
20
0.5415765748031496
11
0.6643950787401575
21
0.5404663385826771
0
LINE
8
BLACK
6
CONTINUOUS
10
0.6643950787401575
20
0.5404663385826771
11
0.6648396850393701
21
0.5400217322834645
0
LINE
8
BLACK
6
CONTINUOUS
10
0.6648396850393701
20
0.5400217322834645
11
0.6661926771653544
21
0.5393451968503937
0
LINE
8
BLACK
6
CONTINUOUS
10
0.6661926771653544
20
0.5393451968503937
11
0.6694594488188976
21
0.5385285433070865
0
LINE
8
BLACK
6
CONTINUOUS
10
0.6694594488188976
20
0.5385285433070865
11
0.6736204724409449
21
0.5385285433070865
0
LINE
8
BLACK
6
CONTINUOUS
10
0.6736204724409449
20
0.5385285433070865
11
0.6768872834645669
21
0.5393452362204725
0
LINE
8
BLACK
6
CONTINUOUS
10
0.6768872834645669
20
0.5393452362204725
11
0.6782401968503937
21
0.5400216929133859
0
LINE
8
BLACK
6
CONTINUOUS
10
0.6782401968503937
20
0.5400216929133859
11
0.678684842519685
21
0.5404663385826771
0
LINE
8
BLACK
6
CONTINUOUS
10
0.678684842519685
20
0.5404663385826771
11
0.6792399606299212
21
0.5415765354330708
0
LINE
8
BLACK
6
CONTINUOUS
10
0.6792399606299212
20
0.5415765354330708
11
0.6792399606299212
21
0.5424376377952755
0
LINE
8
BLACK
6
CONTINUOUS
10
0.6792399606299212
20
0.5424376377952755
11
0.678684842519685
21
0.5435478346456692
0
LINE
8
BLACK
6
CONTINUOUS
10
0.678684842519685
20
0.5435478346456692
11
0.6782402362204725
21
0.5439924409448819
0
LINE
8
BLACK
6
CONTINUOUS
10
0.6782402362204725
20
0.5439924409448819
11
0.6768870866141732
21
0.5446690157480315
0
LINE
8
BLACK
6
CONTINUOUS
10
0.6768870866141732
20
0.5446690157480315
11
0.6736205905511811
21
0.5454856692913386
0
LINE
8
BLACK
6
CONTINUOUS
10
0.6736205905511811
20
0.5454856692913386
11
0.6694594881889764
21
0.5454856692913386
0
LINE
8
BLACK
6
CONTINUOUS
10
0.6694594881889764
20
0.5454856692913386
11
0.6661928346456693
21
0.5446690157480315
0
LINE
8
BLACK
6
CONTINUOUS
10
0.1887251181102362
20
0.5888923228346457
11
0.1893268897637795
21
0.5889284645669292
0
LINE
8
BLACK
6
CONTINUOUS
10
0.1893268897637795
20
0.5889284645669292
11
0.1901773622047244
21
0.5885032283464566
0
LINE
8
BLACK
6
CONTINUOUS
10
0.1901773622047244
20
0.5885032283464566
11
0.1910957086614173
21
0.5882571653543307
0
LINE
8
BLACK
6
CONTINUOUS
10
0.1910957086614173
20
0.5882571653543307
11
0.1915218897637795
21
0.5878309448818898
0
LINE
8
BLACK
6
CONTINUOUS
10
0.1915218897637795
20
0.5878309448818898
11
0.1920611023622047
21
0.5875613779527559
0
LINE
8
BLACK
6
CONTINUOUS
10
0.1920611023622047
20
0.5875613779527559
11
0.192585
21
0.5867678346456693
0
LINE
8
BLACK
6
CONTINUOUS
10
0.192585
20
0.5867678346456693
11
0.1932572834645669
21
0.5860955905511811
0
LINE
8
BLACK
6
CONTINUOUS
10
0.1932572834645669
20
0.5860955905511811
11
0.1934132677165354
21
0.585513346456693
0
LINE
8
BLACK
6
CONTINUOUS
10
0.1934132677165354
20
0.585513346456693
11
0.1937454330708661
21
0.5850103149606299
0
LINE
8
BLACK
6
CONTINUOUS
10
0.1937454330708661
20
0.5850103149606299
11
0.1938024015748031
21
0.5840611417322834
0
LINE
8
BLACK
6
CONTINUOUS
10
0.1938024015748031
20
0.5840611417322834
11
0.1940484645669291
21
0.5831428346456693
0
LINE
8
BLACK
6
CONTINUOUS
10
0.1940484645669291
20
0.5831428346456693
11
0.1940484645669291
21
0.5604769291338583
0
LINE
8
BLACK
6
CONTINUOUS
10
0.1940484645669291
20
0.5604769291338583
11
0.2081429527559055
21
0.5604769291338583
0
LINE
8
BLACK
6
CONTINUOUS
10
0.2081429527559055
20
0.5604769291338583
11
0.2110957086614173
21
0.5596857480314961
0
LINE
8
BLACK
6
CONTINUOUS
10
0.2110957086614173
20
0.5596857480314961
11
0.2132572834645669
21
0.5575241732283465
0
LINE
8
BLACK
6
CONTINUOUS
10
0.2132572834645669
20
0.5575241732283465
11
0.2140484645669291
21
0.5545714173228347
0
LINE
8
BLACK
6
CONTINUOUS
10
0.2140484645669291
20
0.5545714173228347
11
0.2132572834645669
21
0.5516186614173229
0
LINE
8
BLACK
6
CONTINUOUS
10
0.2132572834645669
20
0.5516186614173229
11
0.2110957086614173
21
0.5494570866141733
0
LINE
8
BLACK
6
CONTINUOUS
10
0.2110957086614173
20
0.5494570866141733
11
0.2081429527559055
21
0.548665905511811
0
LINE
8
BLACK
6
CONTINUOUS
10
0.2081429527559055
20
0.548665905511811
11
0.1940484645669291
21
0.548665905511811
0
LINE
8
BLACK
6
CONTINUOUS
10
0.1940484645669291
20
0.548665905511811
11
0.1940484645669291
21
0.5459999606299213
0
LINE
8
BLACK
6
CONTINUOUS
10
0.1940484645669291
20
0.5459999606299213
11
0.1932572834645669
21
0.5430472047244095
0
LINE
8
BLACK
6
CONTINUOUS
10
0.1932572834645669
20
0.5430472047244095
11
0.1910957086614173
21
0.5408856299212599
0
LINE
8
BLACK
6
CONTINUOUS
10
0.1910957086614173
20
0.5408856299212599
11
0.1881429527559055
21
0.5400944488188977
0
LINE
8
BLACK
6
CONTINUOUS
10
0.1881429527559055
20
0.5400944488188977
11
0.1851901968503937
21
0.5408856299212599
0
LINE
8
BLACK
6
CONTINUOUS
10
0.1851901968503937
20
0.5408856299212599
11
0.1830286220472441
21
0.5430472047244095
0
LINE
8
BLACK
6
CONTINUOUS
10
0.1830286220472441
20
0.5430472047244095
11
0.1822374409448819
21
0.5459999606299213
0
LINE
8
BLACK
6
CONTINUOUS
10
0.1822374409448819
20
0.5459999606299213
11
0.1822374409448819
21
0.548665905511811
0
LINE
8
BLACK
6
CONTINUOUS
10
0.1822374409448819
20
0.548665905511811
11
0.1681429527559055
21
0.548665905511811
0
LINE
8
BLACK
6
CONTINUOUS
10
0.1681429527559055
20
0.548665905511811
11
0.1651901968503937
21
0.5494570866141733
0
LINE
8
BLACK
6
CONTINUOUS
10
0.1651901968503937
20
0.5494570866141733
11
0.1630286220472441
21
0.5516186614173229
0
LINE
8
BLACK
6
CONTINUOUS
10
0.1630286220472441
20
0.5516186614173229
11
0.1622374409448819
21
0.5545714173228347
0
LINE
8
BLACK
6
CONTINUOUS
10
0.1622374409448819
20
0.5545714173228347
11
0.1630286220472441
21
0.5575241732283465
0
LINE
8
BLACK
6
CONTINUOUS
10
0.1630286220472441
20
0.5575241732283465
11
0.1651901968503937
21
0.5596857480314961
0
LINE
8
BLACK
6
CONTINUOUS
10
0.1651901968503937
20
0.5596857480314961
11
0.1681429527559055
21
0.5604769291338583
0
LINE
8
BLACK
6
CONTINUOUS
10
0.1681429527559055
20
0.5604769291338583
11
0.1822374409448819
21
0.5604769291338583
0
LINE
8
BLACK
6
CONTINUOUS
10
0.1822374409448819
20
0.5604769291338583
11
0.1822374409448819
21
0.5749493700787401
0
LINE
8
BLACK
6
CONTINUOUS
10
0.1822374409448819
20
0.5749493700787401
11
0.1471533070866142
21
0.56325468503937
0
LINE
8
BLACK
6
CONTINUOUS
10
0.1471533070866142
20
0.56325468503937
11
0.1441018897637795
21
0.5630714960629921
0
LINE
8
BLACK
6
CONTINUOUS
10
0.1441018897637795
20
0.5630714960629921
11
0.1413676771653543
21
0.564438622047244
0
LINE
8
BLACK
6
CONTINUOUS
10
0.1413676771653543
20
0.564438622047244
11
0.1396833858267716
21
0.5669896456692913
0
LINE
8
BLACK
6
CONTINUOUS
10
0.1396833858267716
20
0.5669896456692913
11
0.1395001968503937
21
0.570041062992126
0
LINE
8
BLACK
6
CONTINUOUS
10
0.1395001968503937
20
0.570041062992126
11
0.1408673228346457
21
0.5727752755905512
0
LINE
8
BLACK
6
CONTINUOUS
10
0.1408673228346457
20
0.5727752755905512
11
0.1434183464566929
21
0.5744595669291338
0
LINE
8
BLACK
6
CONTINUOUS
10
0.1434183464566929
20
0.5744595669291338
11
0.1862754724409449
21
0.5887453149606299
0
LINE
8
BLACK
6
CONTINUOUS
10
0.1862754724409449
20
0.5887453149606299
11
0.1872246062992126
21
0.5888022834645669
0
LINE
8
BLACK
6
CONTINUOUS
10
0.1872246062992126
20
0.5888022834645669
11
0.1881429527559055
21
0.5890483464566929
0
LINE
8
BLACK
6
CONTINUOUS
10
0.1881429527559055
20
0.5890483464566929
11
0.1887251181102362
21
0.5888923228346457
0
LINE
8
BLACK
6
CONTINUOUS
10
0.8915438582677165
20
0.742997716535433
11
0.8926566929133858
21
0.7413121653543306
0
LINE
8
BLACK
6
CONTINUOUS
10
0.8926566929133858
20
0.7413121653543306
11
0.8924257874015747
21
0.7393056299212598
0
LINE
8
BLACK
6
CONTINUOUS
10
0.8924257874015747
20
0.7393056299212598
11
0.8905510236220472
21
0.7355561023622047
0
LINE
8
BLACK
6
CONTINUOUS
10
0.8905510236220472
20
0.7355561023622047
11
0.8900250787401575
21
0.7348470078740157
0
LINE
8
BLACK
6
CONTINUOUS
10
0.8900250787401575
20
0.7348470078740157
11
0.8899979133858268
21
0.7347887007874015
0
LINE
8
BLACK
6
CONTINUOUS
10
0.8899979133858268
20
0.7347887007874015
11
0.8875395275590551
21
0.7323303149606299
0
LINE
8
BLACK
6
CONTINUOUS
10
0.8875395275590551
20
0.7323303149606299
11
0.9149535039370078
21
0.7323303149606299
0
LINE
8
BLACK
6
CONTINUOUS
10
0.9149535039370078
20
0.7323303149606299
11
0.9149535039370078
21
0.7406261417322835
0
LINE
8
BLACK
6
CONTINUOUS
10
0.9149535039370078
20
0.7406261417322835
11
0.9151315748031496
21
0.7416360629921259
0
LINE
8
BLACK
6
CONTINUOUS
10
0.9151315748031496
20
0.7416360629921259
11
0.9164298818897637
21
0.7431833070866142
0
LINE
8
BLACK
6
CONTINUOUS
10
0.9164298818897637
20
0.7431833070866142
11
0.9184190157480314
21
0.7435340551181102
0
LINE
8
BLACK
6
CONTINUOUS
10
0.9184190157480314
20
0.7435340551181102
11
0.920168188976378
21
0.7425241338582677
0
LINE
8
BLACK
6
CONTINUOUS
10
0.920168188976378
20
0.7425241338582677
11
0.9208590157480315
21
0.7406261417322835
0
LINE
8
BLACK
6
CONTINUOUS
10
0.9208590157480315
20
0.7406261417322835
11
0.9208590157480315
21
0.7181289763779527
0
LINE
8
BLACK
6
CONTINUOUS
10
0.9208590157480315
20
0.7181289763779527
11
0.9206809448818898
21
0.7171190551181102
0
LINE
8
BLACK
6
CONTINUOUS
10
0.9206809448818898
20
0.7171190551181102
11
0.9193826377952755
21
0.715571811023622
0
LINE
8
BLACK
6
CONTINUOUS
10
0.9193826377952755
20
0.715571811023622
11
0.9173935039370078
21
0.715221062992126
0
LINE
8
BLACK
6
CONTINUOUS
10
0.9173935039370078
20
0.715221062992126
11
0.9156443307086614
21
0.7162309842519685
0
LINE
8
BLACK
6
CONTINUOUS
10
0.9156443307086614
20
0.7162309842519685
11
0.9149535039370078
21
0.7181289763779527
0
LINE
8
BLACK
6
CONTINUOUS
10
0.9149535039370078
20
0.7181289763779527
11
0.9149535039370078
21
0.7264248031496063
0
LINE
8
BLACK
6
CONTINUOUS
10
0.9149535039370078
20
0.7264248031496063
11
0.8785361811023622
21
0.7264248031496063
0
LINE
8
BLACK
6
CONTINUOUS
10
0.8785361811023622
20
0.7264248031496063
11
0.8775262598425196
21
0.726602874015748
0
LINE
8
BLACK
6
CONTINUOUS
10
0.8775262598425196
20
0.726602874015748
11
0.8773961811023622
21
0.726711968503937
0
LINE
8
BLACK
6
CONTINUOUS
10
0.8773961811023622
20
0.726711968503937
11
0.8772274409448819
21
0.7267306692913386
0
LINE
8
BLACK
6
CONTINUOUS
10
0.8772274409448819
20
0.7267306692913386
11
0.8766355118110236
21
0.7273502755905512
0
LINE
8
BLACK
6
CONTINUOUS
10
0.8766355118110236
20
0.7273502755905512
11
0.8759790157480315
21
0.7279011811023622
0
LINE
8
BLACK
6
CONTINUOUS
10
0.8759790157480315
20
0.7279011811023622
11
0.8759495275590551
21
0.7280683858267717
0
LINE
8
BLACK
6
CONTINUOUS
10
0.8759495275590551
20
0.7280683858267717
11
0.8758322440944881
21
0.7281911811023621
0
LINE
8
BLACK
6
CONTINUOUS
10
0.8758322440944881
20
0.7281911811023621
11
0.8757770866141732
21
0.7290462992125984
0
LINE
8
BLACK
6
CONTINUOUS
10
0.8757770866141732
20
0.7290462992125984
11
0.8756282677165355
21
0.7298903149606299
0
LINE
8
BLACK
6
CONTINUOUS
10
0.8756282677165355
20
0.7298903149606299
11
0.8757131496062992
21
0.7300373622047244
0
LINE
8
BLACK
6
CONTINUOUS
10
0.8757131496062992
20
0.7300373622047244
11
0.8757022440944882
21
0.7302067716535433
0
LINE
8
BLACK
6
CONTINUOUS
10
0.8757022440944882
20
0.7302067716535433
11
0.87620968503937
21
0.7308973622047243
0
LINE
8
BLACK
6
CONTINUOUS
10
0.87620968503937
20
0.7308973622047243
11
0.8766381889763779
21
0.7316394881889764
0
LINE
8
BLACK
6
CONTINUOUS
10
0.8766381889763779
20
0.7316394881889764
11
0.8767976771653543
21
0.7316975196850394
0
LINE
8
BLACK
6
CONTINUOUS
10
0.8767976771653543
20
0.7316975196850394
11
0.8768982677165355
21
0.7318344094488188
0
LINE
8
BLACK
6
CONTINUOUS
10
0.8768982677165355
20
0.7318344094488188
11
0.8822792913385826
21
0.7354217322834645
0
LINE
8
BLACK
6
CONTINUOUS
10
0.8822792913385826
20
0.7354217322834645
11
0.8854832677165354
21
0.7386257086614173
0
LINE
8
BLACK
6
CONTINUOUS
10
0.8854832677165354
20
0.7386257086614173
11
0.8871437401574803
21
0.741946653543307
0
LINE
8
BLACK
6
CONTINUOUS
10
0.8871437401574803
20
0.741946653543307
11
0.8877546456692913
21
0.74277031496063
0
LINE
8
BLACK
6
CONTINUOUS
10
0.8877546456692913
20
0.74277031496063
11
0.8896078346456693
21
0.7435735826771653
0
LINE
8
BLACK
6
CONTINUOUS
10
0.8896078346456693
20
0.7435735826771653
11
0.8915438582677165
21
0.742997716535433
0
LINE
8
BLACK
6
CONTINUOUS
10
0.9053632283464567
20
0.7847213779527559
11
0.9054990157480315
21
0.7847355905511811
0
LINE
8
BLACK
6
CONTINUOUS
10
0.9054990157480315
20
0.7847355905511811
11
0.9129980708661417
21
0.7828608267716535
0
LINE
8
BLACK
6
CONTINUOUS
10
0.9129980708661417
20
0.7828608267716535
11
0.9139346456692913
21
0.7824431102362205
0
LINE
8
BLACK
6
CONTINUOUS
10
0.9139346456692913
20
0.7824431102362205
11
0.914105748031496
21
0.7822072440944882
0
LINE
8
BLACK
6
CONTINUOUS
10
0.914105748031496
20
0.7822072440944882
11
0.914369842519685
21
0.7820841338582677
0
LINE
8
BLACK
6
CONTINUOUS
10
0.914369842519685
20
0.7820841338582677
11
0.9181194094488189
21
0.7783346062992126
0
LINE
8
BLACK
6
CONTINUOUS
10
0.9181194094488189
20
0.7783346062992126
11
0.9186257874015747
21
0.7776114173228347
0
LINE
8
BLACK
6
CONTINUOUS
10
0.9186257874015747
20
0.7776114173228347
11
0.9186725196850394
21
0.7775672047244094
0
LINE
8
BLACK
6
CONTINUOUS
10
0.9186725196850394
20
0.7775672047244094
11
0.9205472834645669
21
0.7738176771653543
0
LINE
8
BLACK
6
CONTINUOUS
10
0.9205472834645669
20
0.7738176771653543
11
0.9208396456692913
21
0.7728347637795275
0
LINE
8
BLACK
6
CONTINUOUS
10
0.9208396456692913
20
0.7728347637795275
11
0.9207986220472441
21
0.772663031496063
0
LINE
8
BLACK
6
CONTINUOUS
10
0.9207986220472441
20
0.772663031496063
11
0.9208590157480315
21
0.7724971653543307
0
LINE
8
BLACK
6
CONTINUOUS
10
0.9208590157480315
20
0.7724971653543307
11
0.9208590157480315
21
0.7649981102362204
0
LINE
8
BLACK
6
CONTINUOUS
10
0.9208590157480315
20
0.7649981102362204
11
0.9206809448818898
21
0.7639881889763779
0
LINE
8
BLACK
6
CONTINUOUS
10
0.9206809448818898
20
0.7639881889763779
11
0.9205674409448819
21
0.7638529133858267
0
LINE
8
BLACK
6
CONTINUOUS
10
0.9205674409448819
20
0.7638529133858267
11
0.9205472834645669
21
0.7636775984251968
0
LINE
8
BLACK
6
CONTINUOUS
10
0.9205472834645669
20
0.7636775984251968
11
0.9196242913385827
21
0.7618316141732283
0
LINE
8
BLACK
6
CONTINUOUS
10
0.9196242913385827
20
0.7618316141732283
11
0.921868937007874
21
0.759586968503937
0
LINE
8
BLACK
6
CONTINUOUS
10
0.921868937007874
20
0.759586968503937
11
0.9223753149606299
21
0.758863779527559
0
LINE
8
BLACK
6
CONTINUOUS
10
0.9223753149606299
20
0.758863779527559
11
0.9224220472440945
21
0.7588195669291339
0
LINE
8
BLACK
6
CONTINUOUS
10
0.9224220472440945
20
0.7588195669291339
11
0.924296811023622
21
0.7550700393700788
0
LINE
8
BLACK
6
CONTINUOUS
10
0.924296811023622
20
0.7550700393700788
11
0.9245891732283464
21
0.754087125984252
0
LINE
8
BLACK
6
CONTINUOUS
10
0.9245891732283464
20
0.754087125984252
11
0.9241198818897638
21
0.7521225984251968
0
LINE
8
BLACK
6
CONTINUOUS
10
0.9241198818897638
20
0.7521225984251968
11
0.9224975984251969
21
0.7509192913385827
0
LINE
8
BLACK
6
CONTINUOUS
10
0.9224975984251969
20
0.7509192913385827
11
0.9204814566929134
21
0.7510403543307086
0
LINE
8
BLACK
6
CONTINUOUS
10
0.9204814566929134
20
0.7510403543307086
11
0.9190147637795275
21
0.7524290157480314
0
LINE
8
BLACK
6
CONTINUOUS
10
0.9190147637795275
20
0.7524290157480314
11
0.9173542913385827
21
0.7557499606299213
0
LINE
8
BLACK
6
CONTINUOUS
10
0.9173542913385827
20
0.7557499606299213
11
0.9160314566929134
21
0.7570727559055118
0
LINE
8
BLACK
6
CONTINUOUS
10
0.9160314566929134
20
0.7570727559055118
11
0.914369842519685
21
0.7554111417322834
0
LINE
8
BLACK
6
CONTINUOUS
10
0.914369842519685
20
0.7554111417322834
11
0.9135298031496063
21
0.7548229133858267
0
LINE
8
BLACK
6
CONTINUOUS
10
0.9135298031496063
20
0.7548229133858267
11
0.9132394881889764
21
0.7547975196850394
0
LINE
8
BLACK
6
CONTINUOUS
10
0.9132394881889764
20
0.7547975196850394
11
0.9129980708661417
21
0.7546344488188976
0
LINE
8
BLACK
6
CONTINUOUS
10
0.9129980708661417
20
0.7546344488188976
11
0.9054990157480315
21
0.7527596850393701
0
LINE
8
BLACK
6
CONTINUOUS
10
0.9054990157480315
20
0.7527596850393701
11
0.9049111023622047
21
0.752718188976378
0
LINE
8
BLACK
6
CONTINUOUS
10
0.9049111023622047
20
0.752718188976378
11
0.904782874015748
21
0.7526715354330709
0
LINE
8
BLACK
6
CONTINUOUS
10
0.904782874015748
20
0.7526715354330709
11
0.8916595275590551
21
0.7526715354330709
0
LINE
8
BLACK
6
CONTINUOUS
10
0.8916595275590551
20
0.7526715354330709
11
0.8910791338582676
21
0.7527738582677165
0
LINE
8
BLACK
6
CONTINUOUS
10
0.8910791338582676
20
0.7527738582677165
11
0.8909433858267717
21
0.7527596850393701
0
LINE
8
BLACK
6
CONTINUOUS
10
0.8909433858267717
20
0.7527596850393701
11
0.8834443307086614
21
0.7546344488188976
0
LINE
8
BLACK
6
CONTINUOUS
10
0.8834443307086614
20
0.7546344488188976
11
0.8825077559055118
21
0.7550521653543307
0
LINE
8
BLACK
6
CONTINUOUS
10
0.8825077559055118
20
0.7550521653543307
11
0.8823366141732283
21
0.7552879921259842
0
LINE
8
BLACK
6
CONTINUOUS
10
0.8823366141732283
20
0.7552879921259842
11
0.8820725590551181
21
0.7554111417322834
0
LINE
8
BLACK
6
CONTINUOUS
10
0.8820725590551181
20
0.7554111417322834
11
0.8783230314960629
21
0.7591606692913385
0
LINE
8
BLACK
6
CONTINUOUS
10
0.8783230314960629
20
0.7591606692913385
11
0.8778167322834646
21
0.7598837401574803
0
LINE
8
BLACK
6
CONTINUOUS
10
0.8778167322834646
20
0.7598837401574803
11
0.8777699212598425
21
0.7599280708661417
0
LINE
8
BLACK
6
CONTINUOUS
10
0.8777699212598425
20
0.7599280708661417
11
0.875895157480315
21
0.7636775984251968
0
LINE
8
BLACK
6
CONTINUOUS
10
0.875895157480315
20
0.7636775984251968
11
0.8756027952755905
21
0.7646605511811023
0
LINE
8
BLACK
6
CONTINUOUS
10
0.8756027952755905
20
0.7646605511811023
11
0.875643779527559
21
0.7648322047244094
0
LINE
8
BLACK
6
CONTINUOUS
10
0.875643779527559
20
0.7648322047244094
11
0.8755834251968504
21
0.7649981102362204
0
LINE
8
BLACK
6
CONTINUOUS
10
0.8755834251968504
20
0.7649981102362204
11
0.8755834251968504
21
0.7724971653543307
0
LINE
8
BLACK
6
CONTINUOUS
10
0.8755834251968504
20
0.7724971653543307
11
0.8757614960629921
21
0.7735070866141732
0
LINE
8
BLACK
6
CONTINUOUS
10
0.8757614960629921
20
0.7735070866141732
11
0.8758749606299212
21
0.7736423228346456
0
LINE
8
BLACK
6
CONTINUOUS
10
0.8758749606299212
20
0.7736423228346456
11
0.875895157480315
21
0.7738176771653543
0
LINE
8
BLACK
6
CONTINUOUS
10
0.875895157480315
20
0.7738176771653543
11
0.8777699212598425
21
0.7775672047244094
0
LINE
8
BLACK
6
CONTINUOUS
10
0.8777699212598425
20
0.7775672047244094
11
0.8782958267716535
21
0.7782762598425197
0
LINE
8
BLACK
6
CONTINUOUS
10
0.8782958267716535
20
0.7782762598425197
11
0.8783230314960629
21
0.7783346062992126
0
LINE
8
BLACK
6
CONTINUOUS
10
0.8783230314960629
20
0.7783346062992126
11
0.8820725590551181
21
0.7820841338582677
0
LINE
8
BLACK
6
CONTINUOUS
10
0.8820725590551181
20
0.7820841338582677
11
0.8829125984251969
21
0.7826723622047244
0
LINE
8
BLACK
6
CONTINUOUS
10
0.8829125984251969
20
0.7826723622047244
11
0.883202874015748
21
0.7826977559055118
0
LINE
8
BLACK
6
CONTINUOUS
10
0.883202874015748
20
0.7826977559055118
11
0.8834443307086614
21
0.7828608267716535
0
LINE
8
BLACK
6
CONTINUOUS
10
0.8834443307086614
20
0.7828608267716535
11
0.8909433858267717
21
0.7847355905511811
0
LINE
8
BLACK
6
CONTINUOUS
10
0.8909433858267717
20
0.7847355905511811
11
0.8915312598425197
21
0.7847770472440945
0
LINE
8
BLACK
6
CONTINUOUS
10
0.8915312598425197
20
0.7847770472440945
11
0.8916595275590551
21
0.7848237401574802
0
LINE
8
BLACK
6
CONTINUOUS
10
0.8916595275590551
20
0.7848237401574802
11
0.904782874015748
21
0.7848237401574802
0
LINE
8
BLACK
6
CONTINUOUS
10
0.904782874015748
20
0.7848237401574802
11
0.9053632283464567
21
0.7847213779527559
0
LINE
8
BLACK
6
CONTINUOUS
10
0.8856700393700787
20
0.7773299606299212
11
0.8828376771653543
21
0.7744975984251968
0
LINE
8
BLACK
6
CONTINUOUS
10
0.8828376771653543
20
0.7744975984251968
11
0.881488937007874
21
0.7718001181102362
0
LINE
8
BLACK
6
CONTINUOUS
10
0.881488937007874
20
0.7718001181102362
11
0.881488937007874
21
0.7656951574803149
0
LINE
8
BLACK
6
CONTINUOUS
10
0.881488937007874
20
0.7656951574803149
11
0.8828376771653543
21
0.7629976771653543
0
LINE
8
BLACK
6
CONTINUOUS
10
0.8828376771653543
20
0.7629976771653543
11
0.8856700393700787
21
0.7601652755905511
0
LINE
8
BLACK
6
CONTINUOUS
10
0.8856700393700787
20
0.7601652755905511
11
0.8920230708661417
21
0.7585770472440945
0
LINE
8
BLACK
6
CONTINUOUS
10
0.8920230708661417
20
0.7585770472440945
11
0.9044193307086614
21
0.7585770472440945
0
LINE
8
BLACK
6
CONTINUOUS
10
0.9044193307086614
20
0.7585770472440945
11
0.9107723228346456
21
0.7601652755905511
0
LINE
8
BLACK
6
CONTINUOUS
10
0.9107723228346456
20
0.7601652755905511
11
0.9118556299212598
21
0.7612485826771653
0
LINE
8
BLACK
6
CONTINUOUS
10
0.9118556299212598
20
0.7612485826771653
11
0.9083192519685039
21
0.7647849606299213
0
LINE
8
BLACK
6
CONTINUOUS
10
0.9083192519685039
20
0.7647849606299213
11
0.9078129527559055
21
0.7655080314960629
0
LINE
8
BLACK
6
CONTINUOUS
10
0.9078129527559055
20
0.7655080314960629
11
0.9077661417322834
21
0.7655523622047244
0
LINE
8
BLACK
6
CONTINUOUS
10
0.9077661417322834
20
0.7655523622047244
11
0.9058913779527559
21
0.7693018897637796
0
LINE
8
BLACK
6
CONTINUOUS
10
0.9058913779527559
20
0.7693018897637796
11
0.9055990157480315
21
0.770284842519685
0
LINE
8
BLACK
6
CONTINUOUS
10
0.9055990157480315
20
0.770284842519685
11
0.90564
21
0.7704564960629922
0
LINE
8
BLACK
6
CONTINUOUS
10
0.90564
20
0.7704564960629922
11
0.9055796456692913
21
0.7706224015748031
0
LINE
8
BLACK
6
CONTINUOUS
10
0.9055796456692913
20
0.7706224015748031
11
0.9055796456692913
21
0.7743719291338582
0
LINE
8
BLACK
6
CONTINUOUS
10
0.9055796456692913
20
0.7743719291338582
11
0.905757716535433
21
0.7753818503937008
0
LINE
8
BLACK
6
CONTINUOUS
10
0.905757716535433
20
0.7753818503937008
11
0.9070560236220472
21
0.7769290944881889
0
LINE
8
BLACK
6
CONTINUOUS
10
0.9070560236220472
20
0.7769290944881889
11
0.9090451574803149
21
0.7772798425196851
0
LINE
8
BLACK
6
CONTINUOUS
10
0.9090451574803149
20
0.7772798425196851
11
0.9107943307086614
21
0.7762699212598425
0
LINE
8
BLACK
6
CONTINUOUS
10
0.9107943307086614
20
0.7762699212598425
11
0.9114851574803149
21
0.7743719291338582
0
LINE
8
BLACK
6
CONTINUOUS
10
0.9114851574803149
20
0.7743719291338582
11
0.9114851574803149
21
0.7713194488188976
0
LINE
8
BLACK
6
CONTINUOUS
10
0.9114851574803149
20
0.7713194488188976
11
0.9128338582677166
21
0.7686219685039369
0
LINE
8
BLACK
6
CONTINUOUS
10
0.9128338582677166
20
0.7686219685039369
11
0.9149535039370078
21
0.7665023622047243
0
LINE
8
BLACK
6
CONTINUOUS
10
0.9149535039370078
20
0.7665023622047243
11
0.9149535039370078
21
0.7718001181102362
0
LINE
8
BLACK
6
CONTINUOUS
10
0.9149535039370078
20
0.7718001181102362
11
0.9136047637795275
21
0.7744975590551181
0
LINE
8
BLACK
6
CONTINUOUS
10
0.9136047637795275
20
0.7744975590551181
11
0.9107723228346456
21
0.7773299606299212
0
LINE
8
BLACK
6
CONTINUOUS
10
0.9107723228346456
20
0.7773299606299212
11
0.9044193307086614
21
0.7789182283464566
0
LINE
8
BLACK
6
CONTINUOUS
10
0.9044193307086614
20
0.7789182283464566
11
0.8920230708661417
21
0.7789182283464566
0
LINE
8
BLACK
6
CONTINUOUS
10
0.8920230708661417
20
0.7789182283464566
11
0.8856700393700787
21
0.7773299606299212
0
LINE
8
BLACK
6
CONTINUOUS
10
0.825
20
0.9476377952755906
11
0.8263919291338583
21
0.9470612204724409
0
LINE
8
BLACK
6
CONTINUOUS
10
0.8263919291338583
20
0.9470612204724409
11
0.8269685039370078
21
0.9456692913385827
0
LINE
8
BLACK
6
CONTINUOUS
10
0.8269685039370078
20
0.9456692913385827
11
0.8269685039370078
21
0.8413385826771653
0
LINE
8
BLACK
6
CONTINUOUS
10
0.8269685039370078
20
0.8413385826771653
11
0.9730314960629921
21
0.8413385826771653
0
LINE
8
BLACK
6
CONTINUOUS
10
0.9730314960629921
20
0.8413385826771653
11
0.9730314960629921
21
0.9456692913385827
0
LINE
8
BLACK
6
CONTINUOUS
10
0.9730314960629921
20
0.9456692913385827
11
0.9736080708661418
21
0.9470612204724409
0
LINE
8
BLACK
6
CONTINUOUS
10
0.9736080708661418
20
0.9470612204724409
11
0.975
21
0.9476377952755906
0
LINE
8
BLACK
6
CONTINUOUS
10
0.975
20
0.9476377952755906
11
1.0045275590551181
21
0.9476377952755906
0
LINE
8
BLACK
6
CONTINUOUS
10
1.0045275590551181
20
0.9476377952755906
11
1.0059194881889764
21
0.9470612204724409
0
LINE
8
BLACK
6
CONTINUOUS
10
1.0059194881889764
20
0.9470612204724409
11
1.006496062992126
21
0.9456692913385827
0
LINE
8
BLACK
6
CONTINUOUS
10
1.006496062992126
20
0.9456692913385827
11
1.006496062992126
21
0.8413385826771653
0
LINE
8
BLACK
6
CONTINUOUS
10
1.006496062992126
20
0.8413385826771653
11
1.0279527559055117
21
0.8413385826771653
0
LINE
8
BLACK
6
CONTINUOUS
10
1.0279527559055117
20
0.8413385826771653
11
1.0293446850393702
21
0.8407620078740158
0
LINE
8
BLACK
6
CONTINUOUS
10
1.0293446850393702
20
0.8407620078740158
11
1.0299212598425196
21
0.8393700787401575
0
LINE
8
BLACK
6
CONTINUOUS
10
1.0299212598425196
20
0.8393700787401575
11
1.0299212598425196
21
0.5944881889763779
0
LINE
8
BLACK
6
CONTINUOUS
10
1.0299212598425196
20
0.5944881889763779
11
1.0293446850393702
21
0.5930962598425197
0
LINE
8
BLACK
6
CONTINUOUS
10
1.0293446850393702
20
0.5930962598425197
11
1.0279527559055117
21
0.59251968503937
0
LINE
8
BLACK
6
CONTINUOUS
10
1.0279527559055117
20
0.59251968503937
11
1.008267716535433
21
0.59251968503937
0
LINE
8
BLACK
6
CONTINUOUS
10
1.008267716535433
20
0.59251968503937
11
1.008267716535433
21
0.5551181102362205
0
LINE
8
BLACK
6
CONTINUOUS
10
1.008267716535433
20
0.5551181102362205
11
1.0076911417322834
21
0.5537261811023622
0
LINE
8
BLACK
6
CONTINUOUS
10
1.0076911417322834
20
0.5537261811023622
11
1.0062992125984251
21
0.5531496062992126
0
LINE
8
BLACK
6
CONTINUOUS
10
1.0062992125984251
20
0.5531496062992126
11
0.7937007874015748
21
0.5531496062992126
0
LINE
8
BLACK
6
CONTINUOUS
10
0.7937007874015748
20
0.5531496062992126
11
0.7923088582677165
21
0.5537261811023622
0
LINE
8
BLACK
6
CONTINUOUS
10
0.7923088582677165
20
0.5537261811023622
11
0.7917322834645669
21
0.5551181102362205
0
LINE
8
BLACK
6
CONTINUOUS
10
0.7917322834645669
20
0.5551181102362205
11
0.7917322834645669
21
0.59251968503937
0
LINE
8
BLACK
6
CONTINUOUS
10
0.7917322834645669
20
0.59251968503937
11
0.7720472440944882
21
0.59251968503937
0
LINE
8
BLACK
6
CONTINUOUS
10
0.7720472440944882
20
0.59251968503937
11
0.7706553149606299
21
0.5930962598425197
0
LINE
8
BLACK
6
CONTINUOUS
10
0.7706553149606299
20
0.5930962598425197
11
0.7700787401574803
21
0.5944881889763779
0
LINE
8
BLACK
6
CONTINUOUS
10
0.7700787401574803
20
0.5944881889763779
11
0.7700787401574803
21
0.7999999999999999
0
LINE
8
BLACK
6
CONTINUOUS
10
0.7700787401574803
20
0.7999999999999999
11
0.7706553149606299
21
0.8013919291338583
0
LINE
8
BLACK
6
CONTINUOUS
10
0.7706553149606299
20
0.8013919291338583
11
0.793503937007874
21
0.8242405511811024
0
LINE
8
BLACK
6
CONTINUOUS
10
0.793503937007874
20
0.8242405511811024
11
0.793503937007874
21
0.9456692913385827
0
LINE
8
BLACK
6
CONTINUOUS
10
0.793503937007874
20
0.9456692913385827
11
0.7940805118110236
21
0.9470612204724409
0
LINE
8
BLACK
6
CONTINUOUS
10
0.7940805118110236
20
0.9470612204724409
11
0.7954724409448819
21
0.9476377952755906
0
LINE
8
BLACK
6
CONTINUOUS
10
0.7954724409448819
20
0.9476377952755906
11
0.825
21
0.9476377952755906
0
LINE
8
BLACK
6
CONTINUOUS
10
0.7956692913385827
20
0.59251968503937
11
0.7956692913385827
21
0.5570866141732284
0
LINE
8
BLACK
6
CONTINUOUS
10
0.7956692913385827
20
0.5570866141732284
11
1.0043307086614173
21
0.5570866141732284
0
LINE
8
BLACK
6
CONTINUOUS
10
1.0043307086614173
20
0.5570866141732284
11
1.0043307086614173
21
0.59251968503937
0
LINE
8
BLACK
6
CONTINUOUS
10
1.0043307086614173
20
0.59251968503937
11
0.7956692913385827
21
0.59251968503937
0
LINE
8
BLACK
6
CONTINUOUS
10
1.0045275590551181
20
0.8374015748031496
11
0.975
21
0.8374015748031496
0
LINE
8
BLACK
6
CONTINUOUS
10
0.975
20
0.8374015748031496
11
0.825
21
0.8374015748031496
0
LINE
8
BLACK
6
CONTINUOUS
10
0.825
20
0.8374015748031496
11
0.8122327165354331
21
0.8374015748031496
0
LINE
8
BLACK
6
CONTINUOUS
10
0.8122327165354331
20
0.8374015748031496
11
0.7740157480314961
21
0.7991846062992126
0
LINE
8
BLACK
6
CONTINUOUS
10
0.7740157480314961
20
0.7991846062992126
11
0.7740157480314961
21
0.5964566929133858
0
LINE
8
BLACK
6
CONTINUOUS
10
0.7740157480314961
20
0.5964566929133858
11
1.0259842519685038
21
0.5964566929133858
0
LINE
8
BLACK
6
CONTINUOUS
10
1.0259842519685038
20
0.5964566929133858
11
1.0259842519685038
21
0.8374015748031496
0
LINE
8
BLACK
6
CONTINUOUS
10
1.0259842519685038
20
0.8374015748031496
11
1.0045275590551181
21
0.8374015748031496
0
LINE
8
BLACK
6
CONTINUOUS
10
0.7974409448818898
20
0.9437007874015748
11
0.7974409448818898
21
0.8281775590551181
0
LINE
8
BLACK
6
CONTINUOUS
10
0.7974409448818898
20
0.8281775590551181
11
0.8100253937007874
21
0.8407620472440944
0
LINE
8
BLACK
6
CONTINUOUS
10
0.8100253937007874
20
0.8407620472440944
11
0.8114173228346456
21
0.8413385826771653
0
LINE
8
BLACK
6
CONTINUOUS
10
0.8114173228346456
20
0.8413385826771653
11
0.8230314960629921
21
0.8413385826771653
0
LINE
8
BLACK
6
CONTINUOUS
10
0.8230314960629921
20
0.8413385826771653
11
0.8230314960629921
21
0.9437007874015748
0
LINE
8
BLACK
6
CONTINUOUS
10
0.8230314960629921
20
0.9437007874015748
11
0.7974409448818898
21
0.9437007874015748
0
LINE
8
BLACK
6
CONTINUOUS
10
0.9769685039370078
20
0.9437007874015748
11
0.9769685039370078
21
0.8413385826771653
0
LINE
8
BLACK
6
CONTINUOUS
10
0.9769685039370078
20
0.8413385826771653
11
1.0025590551181103
21
0.8413385826771653
0
LINE
8
BLACK
6
CONTINUOUS
10
1.0025590551181103
20
0.8413385826771653
11
1.0025590551181103
21
0.9437007874015748
0
LINE
8
BLACK
6
CONTINUOUS
10
1.0025590551181103
20
0.9437007874015748
11
0.9769685039370078
21
0.9437007874015748
0
LINE
8
BLACK
6
CONTINUOUS
10
0.7085340551181102
20
0.5722988188976378
11
0.7094721653543307
21
0.5713607086614173
0
LINE
8
BLACK
6
CONTINUOUS
10
0.7094721653543307
20
0.5713607086614173
11
0.7096075590551181
21
0.5710337795275591
0
LINE
8
BLACK
6
CONTINUOUS
10
0.7096075590551181
20
0.5710337795275591
11
0.7098749212598425
21
0.5708019291338583
0
LINE
8
BLACK
6
CONTINUOUS
10
0.7098749212598425
20
0.5708019291338583
11
0.7108129921259843
21
0.5689257480314961
0
LINE
8
BLACK
6
CONTINUOUS
10
0.7108129921259843
20
0.5689257480314961
11
0.7108484251968504
21
0.5684265748031496
0
LINE
8
BLACK
6
CONTINUOUS
10
0.7108484251968504
20
0.5684265748031496
11
0.7110399606299213
21
0.567964251968504
0
LINE
8
BLACK
6
CONTINUOUS
10
0.7110399606299213
20
0.567964251968504
11
0.7110399606299213
21
0.5632737795275591
0
LINE
8
BLACK
6
CONTINUOUS
10
0.7110399606299213
20
0.5632737795275591
11
0.7108484251968504
21
0.5628114173228347
0
LINE
8
BLACK
6
CONTINUOUS
10
0.7108484251968504
20
0.5628114173228347
11
0.7108129921259843
21
0.562312283464567
0
LINE
8
BLACK
6
CONTINUOUS
10
0.7108129921259843
20
0.562312283464567
11
0.7098749212598425
21
0.5604361023622048
0
LINE
8
BLACK
6
CONTINUOUS
10
0.7098749212598425
20
0.5604361023622048
11
0.7096075590551181
21
0.5602042125984252
0
LINE
8
BLACK
6
CONTINUOUS
10
0.7096075590551181
20
0.5602042125984252
11
0.7094721653543307
21
0.5598773228346456
0
LINE
8
BLACK
6
CONTINUOUS
10
0.7094721653543307
20
0.5598773228346456
11
0.7085340551181102
21
0.5589392125984252
0
LINE
8
BLACK
6
CONTINUOUS
10
0.7085340551181102
20
0.5589392125984252
11
0.708207125984252
21
0.558803779527559
0
LINE
8
BLACK
6
CONTINUOUS
10
0.708207125984252
20
0.558803779527559
11
0.7079752755905512
21
0.5585364566929134
0
LINE
8
BLACK
6
CONTINUOUS
10
0.7079752755905512
20
0.5585364566929134
11
0.706099094488189
21
0.5575983858267717
0
LINE
8
BLACK
6
CONTINUOUS
10
0.706099094488189
20
0.5575983858267717
11
0.7055999212598425
21
0.5575629133858268
0
LINE
8
BLACK
6
CONTINUOUS
10
0.7055999212598425
20
0.5575629133858268
11
0.7051375984251969
21
0.5573714173228347
0
LINE
8
BLACK
6
CONTINUOUS
10
0.7051375984251969
20
0.5573714173228347
11
0.700447125984252
21
0.5573714173228347
0
LINE
8
BLACK
6
CONTINUOUS
10
0.700447125984252
20
0.5573714173228347
11
0.6999847637795276
21
0.5575629133858268
0
LINE
8
BLACK
6
CONTINUOUS
10
0.6999847637795276
20
0.5575629133858268
11
0.6994856692913386
21
0.5575983858267717
0
LINE
8
BLACK
6
CONTINUOUS
10
0.6994856692913386
20
0.5575983858267717
11
0.6976094094488189
21
0.5585364566929134
0
LINE
8
BLACK
6
CONTINUOUS
10
0.6976094094488189
20
0.5585364566929134
11
0.6973775196850394
21
0.5588038188976377
0
LINE
8
BLACK
6
CONTINUOUS
10
0.6973775196850394
20
0.5588038188976377
11
0.6970505905511811
21
0.5589392519685039
0
LINE
8
BLACK
6
CONTINUOUS
10
0.6970505905511811
20
0.5589392519685039
11
0.6961125196850394
21
0.5598773622047244
0
LINE
8
BLACK
6
CONTINUOUS
10
0.6961125196850394
20
0.5598773622047244
11
0.695977125984252
21
0.5602042125984252
0
LINE
8
BLACK
6
CONTINUOUS
10
0.695977125984252
20
0.5602042125984252
11
0.6957098031496063
21
0.560436062992126
0
LINE
8
BLACK
6
CONTINUOUS
10
0.6957098031496063
20
0.560436062992126
11
0.6947717322834646
21
0.5623122440944882
0
LINE
8
BLACK
6
CONTINUOUS
10
0.6947717322834646
20
0.5623122440944882
11
0.6947362204724409
21
0.5628113779527559
0
LINE
8
BLACK
6
CONTINUOUS
10
0.6947362204724409
20
0.5628113779527559
11
0.6945447244094488
21
0.5632737795275591
0
LINE
8
BLACK
6
CONTINUOUS
10
0.6945447244094488
20
0.5632737795275591
11
0.6945447244094488
21
0.567964251968504
0
LINE
8
BLACK
6
CONTINUOUS
10
0.6945447244094488
20
0.567964251968504
11
0.6946531496062992
21
0.5682260236220472
0
LINE
8
BLACK
6
CONTINUOUS
10
0.6946531496062992
20
0.5682260236220472
11
0.6913399606299212
21
0.56789468503937
0
LINE
8
BLACK
6
CONTINUOUS
10
0.6913399606299212
20
0.56789468503937
11
0.6913399606299212
21
0.5604594881889764
0
LINE
8
BLACK
6
CONTINUOUS
10
0.6913399606299212
20
0.5604594881889764
11
0.6907102362204725
21
0.5589392125984252
0
LINE
8
BLACK
6
CONTINUOUS
10
0.6907102362204725
20
0.5589392125984252
11
0.6891899606299212
21
0.5583094881889764
0
LINE
8
BLACK
6
CONTINUOUS
10
0.6891899606299212
20
0.5583094881889764
11
0.6876696850393701
21
0.5589392125984252
0
LINE
8
BLACK
6
CONTINUOUS
10
0.6876696850393701
20
0.5589392125984252
11
0.6870399606299212
21
0.5604594881889764
0
LINE
8
BLACK
6
CONTINUOUS
10
0.6870399606299212
20
0.5604594881889764
11
0.6870399606299212
21
0.5698404330708662
0
LINE
8
BLACK
6
CONTINUOUS
10
0.6870399606299212
20
0.5698404330708662
11
0.6873168503937007
21
0.5705089763779527
0
LINE
8
BLACK
6
CONTINUOUS
10
0.6873168503937007
20
0.5705089763779527
11
0.6875259448818898
21
0.5712018897637795
0
LINE
8
BLACK
6
CONTINUOUS
10
0.6875259448818898
20
0.5712018897637795
11
0.6876261417322834
21
0.5712556299212598
0
LINE
8
BLACK
6
CONTINUOUS
10
0.6876261417322834
20
0.5712556299212598
11
0.6876696850393701
21
0.5713607086614173
0
LINE
8
BLACK
6
CONTINUOUS
10
0.6876696850393701
20
0.5713607086614173
11
0.6883382283464566
21
0.5716376377952755
0
LINE
8
BLACK
6
CONTINUOUS
10
0.6883382283464566
20
0.5716376377952755
11
0.6889760236220472
21
0.5719797637795275
0
LINE
8
BLACK
6
CONTINUOUS
10
0.6889760236220472
20
0.5719797637795275
11
0.698356968503937
21
0.572917874015748
0
LINE
8
BLACK
6
CONTINUOUS
10
0.698356968503937
20
0.572917874015748
11
0.6984657874015748
21
0.572885
0
LINE
8
BLACK
6
CONTINUOUS
10
0.6984657874015748
20
0.572885
11
0.6985708661417322
21
0.5729285433070866
0
LINE
8
BLACK
6
CONTINUOUS
10
0.6985708661417322
20
0.5729285433070866
11
0.6992394488188977
21
0.5726515748031495
0
LINE
8
BLACK
6
CONTINUOUS
10
0.6992394488188977
20
0.5726515748031495
11
0.6999323622047244
21
0.5724425590551181
0
LINE
8
BLACK
6
CONTINUOUS
10
0.6999323622047244
20
0.5724425590551181
11
0.6999861023622047
21
0.5723423228346457
0
LINE
8
BLACK
6
CONTINUOUS
10
0.6999861023622047
20
0.5723423228346457
11
0.7000911417322835
21
0.5722988582677165
0
LINE
8
BLACK
6
CONTINUOUS
10
0.7000911417322835
20
0.5722988582677165
11
0.7003680708661417
21
0.5716302755905511
0
LINE
8
BLACK
6
CONTINUOUS
10
0.7003680708661417
20
0.5716302755905511
11
0.7007102362204725
21
0.5709924803149606
0
LINE
8
BLACK
6
CONTINUOUS
10
0.7007102362204725
20
0.5709924803149606
11
0.7006773622047244
21
0.5708836220472441
0
LINE
8
BLACK
6
CONTINUOUS
10
0.7006773622047244
20
0.5708836220472441
11
0.700720905511811
21
0.5707785826771653
0
LINE
8
BLACK
6
CONTINUOUS
10
0.700720905511811
20
0.5707785826771653
11
0.7004438582677165
21
0.5701097637795276
0
LINE
8
BLACK
6
CONTINUOUS
10
0.7004438582677165
20
0.5701097637795276
11
0.7002348818897638
21
0.5694170866141732
0
LINE
8
BLACK
6
CONTINUOUS
10
0.7002348818897638
20
0.5694170866141732
11
0.7001347244094488
21
0.569363346456693
0
LINE
8
BLACK
6
CONTINUOUS
10
0.7001347244094488
20
0.569363346456693
11
0.7000912204724409
21
0.5692583070866142
0
LINE
8
BLACK
6
CONTINUOUS
10
0.7000912204724409
20
0.5692583070866142
11
0.6993998031496063
21
0.5685668503937008
0
LINE
8
BLACK
6
CONTINUOUS
10
0.6993998031496063
20
0.5685668503937008
11
0.6988447244094488
21
0.5674566929133859
0
LINE
8
BLACK
6
CONTINUOUS
10
0.6988447244094488
20
0.5674566929133859
11
0.6988447244094488
21
0.5637812992125985
0
LINE
8
BLACK
6
CONTINUOUS
10
0.6988447244094488
20
0.5637812992125985
11
0.6993998031496063
21
0.5626711417322835
0
LINE
8
BLACK
6
CONTINUOUS
10
0.6993998031496063
20
0.5626711417322835
11
0.6998444488188976
21
0.5622264960629921
0
LINE
8
BLACK
6
CONTINUOUS
10
0.6998444488188976
20
0.5622264960629921
11
0.7009546850393701
21
0.5616714173228347
0
LINE
8
BLACK
6
CONTINUOUS
10
0.7009546850393701
20
0.5616714173228347
11
0.7046300393700787
21
0.5616714173228347
0
LINE
8
BLACK
6
CONTINUOUS
10
0.7046300393700787
20
0.5616714173228347
11
0.7057402362204724
21
0.5622264960629921
0
LINE
8
BLACK
6
CONTINUOUS
10
0.7057402362204724
20
0.5622264960629921
11
0.7061848425196851
21
0.5626711023622047
0
LINE
8
BLACK
6
CONTINUOUS
10
0.7061848425196851
20
0.5626711023622047
11
0.7067399606299213
21
0.5637812992125985
0
LINE
8
BLACK
6
CONTINUOUS
10
0.7067399606299213
20
0.5637812992125985
11
0.7067399606299213
21
0.5674566929133859
0
LINE
8
BLACK
6
CONTINUOUS
10
0.7067399606299213
20
0.5674566929133859
11
0.7061848425196851
21
0.5685668897637796
0
LINE
8
BLACK
6
CONTINUOUS
10
0.7061848425196851
20
0.5685668897637796
11
0.7054935039370078
21
0.5692582677165354
0
LINE
8
BLACK
6
CONTINUOUS
10
0.7054935039370078
20
0.5692582677165354
11
0.7048637795275591
21
0.5707785433070865
0
LINE
8
BLACK
6
CONTINUOUS
10
0.7048637795275591
20
0.5707785433070865
11
0.7054935039370078
21
0.5722988188976378
0
LINE
8
BLACK
6
CONTINUOUS
10
0.7054935039370078
20
0.5722988188976378
11
0.7070137795275591
21
0.5729285433070866
0
LINE
8
BLACK
6
CONTINUOUS
10
0.7070137795275591
20
0.5729285433070866
11
0.7085340551181102
21
0.5722988188976378
0
LINE
8
BLACK
6
CONTINUOUS
10
0.6878693700787402
20
0.5901044488188977
11
0.6881887007874016
21
0.5884901968503937
0
LINE
8
BLACK
6
CONTINUOUS
10
0.6881887007874016
20
0.5884901968503937
11
0.687273031496063
21
0.5871229527559055
0
LINE
8
BLACK
6
CONTINUOUS
10
0.687273031496063
20
0.5871229527559055
11
0.6619444881889763
21
0.5702372440944882
0
LINE
8
BLACK
6
CONTINUOUS
10
0.6619444881889763
20
0.5702372440944882
11
0.6603302362204724
21
0.5699179133858268
0
LINE
8
BLACK
6
CONTINUOUS
10
0.6603302362204724
20
0.5699179133858268
11
0.6589629921259842
21
0.5708335433070866
0
LINE
8
BLACK
6
CONTINUOUS
10
0.6589629921259842
20
0.5708335433070866
11
0.6586436614173228
21
0.5724477952755905
0
LINE
8
BLACK
6
CONTINUOUS
10
0.6586436614173228
20
0.5724477952755905
11
0.6595592913385827
21
0.5738150393700787
0
LINE
8
BLACK
6
CONTINUOUS
10
0.6595592913385827
20
0.5738150393700787
11
0.6848878346456693
21
0.5907007480314961
0
LINE
8
BLACK
6
CONTINUOUS
10
0.6848878346456693
20
0.5907007480314961
11
0.6865020866141732
21
0.5910201181102362
0
LINE
8
BLACK
6
CONTINUOUS
10
0.6865020866141732
20
0.5910201181102362
11
0.6878693700787402
21
0.5901044488188977
0
LINE
8
BLACK
6
CONTINUOUS
10
0.7006989763779528
20
0.5925242125984251
11
0.7009685826771653
21
0.5925643307086614
0
LINE
8
BLACK
6
CONTINUOUS
10
0.7009685826771653
20
0.5925643307086614
11
0.7047209448818897
21
0.5916262598425197
0
LINE
8
BLACK
6
CONTINUOUS
10
0.7047209448818897
20
0.5916262598425197
11
0.7049172440944882
21
0.5914807480314961
0
LINE
8
BLACK
6
CONTINUOUS
10
0.7049172440944882
20
0.5914807480314961
11
0.7051609842519685
21
0.5914634645669291
0
LINE
8
BLACK
6
CONTINUOUS
10
0.7051609842519685
20
0.5914634645669291
11
0.7070371653543307
21
0.5905253937007874
0
LINE
8
BLACK
6
CONTINUOUS
10
0.7070371653543307
20
0.5905253937007874
11
0.7072689763779527
21
0.5902580708661417
0
LINE
8
BLACK
6
CONTINUOUS
10
0.7072689763779527
20
0.5902580708661417
11
0.7075959448818897
21
0.5901226771653543
0
LINE
8
BLACK
6
CONTINUOUS
10
0.7075959448818897
20
0.5901226771653543
11
0.7094721653543307
21
0.5882464960629921
0
LINE
8
BLACK
6
CONTINUOUS
10
0.7094721653543307
20
0.5882464960629921
11
0.7096636614173228
21
0.5877840944881889
0
LINE
8
BLACK
6
CONTINUOUS
10
0.7096636614173228
20
0.5877840944881889
11
0.7099915748031496
21
0.5874060629921259
0
LINE
8
BLACK
6
CONTINUOUS
10
0.7099915748031496
20
0.5874060629921259
11
0.7109296456692913
21
0.5845917716535433
0
LINE
8
BLACK
6
CONTINUOUS
10
0.7109296456692913
20
0.5845917716535433
11
0.7109045275590551
21
0.5842387795275591
0
LINE
8
BLACK
6
CONTINUOUS
10
0.7109045275590551
20
0.5842387795275591
11
0.7110399606299213
21
0.5839118897637795
0
LINE
8
BLACK
6
CONTINUOUS
10
0.7110399606299213
20
0.5839118897637795
11
0.7110399606299213
21
0.5820356692913385
0
LINE
8
BLACK
6
CONTINUOUS
10
0.7110399606299213
20
0.5820356692913385
11
0.7109045275590551
21
0.5817087795275591
0
LINE
8
BLACK
6
CONTINUOUS
10
0.7109045275590551
20
0.5817087795275591
11
0.7109296456692913
21
0.5813557874015748
0
LINE
8
BLACK
6
CONTINUOUS
10
0.7109296456692913
20
0.5813557874015748
11
0.7099915748031496
21
0.5785415354330709
0
LINE
8
BLACK
6
CONTINUOUS
10
0.7099915748031496
20
0.5785415354330709
11
0.7096636614173228
21
0.5781634645669291
0
LINE
8
BLACK
6
CONTINUOUS
10
0.7096636614173228
20
0.5781634645669291
11
0.7094721653543307
21
0.5777011417322835
0
LINE
8
BLACK
6
CONTINUOUS
10
0.7094721653543307
20
0.5777011417322835
11
0.7085340551181102
21
0.576763031496063
0
LINE
8
BLACK
6
CONTINUOUS
10
0.7085340551181102
20
0.576763031496063
11
0.7070137795275591
21
0.5761333070866141
0
LINE
8
BLACK
6
CONTINUOUS
10
0.7070137795275591
20
0.5761333070866141
11
0.7054935039370078
21
0.576763031496063
0
LINE
8
BLACK
6
CONTINUOUS
10
0.7054935039370078
20
0.576763031496063
11
0.7048637795275591
21
0.5782833070866141
0
LINE
8
BLACK
6
CONTINUOUS
10
0.7048637795275591
20
0.5782833070866141
11
0.7054935039370078
21
0.5798035826771654
0
LINE
8
BLACK
6
CONTINUOUS
10
0.7054935039370078
20
0.5798035826771654
11
0.7060726771653543
21
0.5803827559055118
0
LINE
8
BLACK
6
CONTINUOUS
10
0.7060726771653543
20
0.5803827559055118
11
0.7067399606299213
21
0.5823845669291339
0
LINE
8
BLACK
6
CONTINUOUS
10
0.7067399606299213
20
0.5823845669291339
11
0.7067399606299213
21
0.5835629921259843
0
LINE
8
BLACK
6
CONTINUOUS
10
0.7067399606299213
20
0.5835629921259843
11
0.7060726771653543
21
0.5855648031496062
0
LINE
8
BLACK
6
CONTINUOUS
10
0.7060726771653543
20
0.5855648031496062
11
0.7048020472440945
21
0.5868353543307087
0
LINE
8
BLACK
6
CONTINUOUS
10
0.7048020472440945
20
0.5868353543307087
11
0.7034490157480314
21
0.5875118897637795
0
LINE
8
BLACK
6
CONTINUOUS
10
0.7034490157480314
20
0.5875118897637795
11
0.7001825196850393
21
0.5883285433070866
0
LINE
8
BLACK
6
CONTINUOUS
10
0.7001825196850393
20
0.5883285433070866
11
0.6978975984251968
21
0.5883285433070866
0
LINE
8
BLACK
6
CONTINUOUS
10
0.6978975984251968
20
0.5883285433070866
11
0.6946309055118111
21
0.5875118897637795
0
LINE
8
BLACK
6
CONTINUOUS
10
0.6946309055118111
20
0.5875118897637795
11
0.6932777559055118
21
0.5868353149606299
0
LINE
8
BLACK
6
CONTINUOUS
10
0.6932777559055118
20
0.5868353149606299
11
0.6920072440944882
21
0.5855648031496062
0
LINE
8
BLACK
6
CONTINUOUS
10
0.6920072440944882
20
0.5855648031496062
11
0.6913399606299212
21
0.5835629133858268
0
LINE
8
BLACK
6
CONTINUOUS
10
0.6913399606299212
20
0.5835629133858268
11
0.6913399606299212
21
0.5823845275590551
0
LINE
8
BLACK
6
CONTINUOUS
10
0.6913399606299212
20
0.5823845275590551
11
0.6920072047244095
21
0.5803827952755906
0
LINE
8
BLACK
6
CONTINUOUS
10
0.6920072047244095
20
0.5803827952755906
11
0.6925864566929134
21
0.5798035433070866
0
LINE
8
BLACK
6
CONTINUOUS
10
0.6925864566929134
20
0.5798035433070866
11
0.6932161417322834
21
0.5782832677165354
0
LINE
8
BLACK
6
CONTINUOUS
10
0.6932161417322834
20
0.5782832677165354
11
0.6925863779527559
21
0.5767629921259843
0
LINE
8
BLACK
6
CONTINUOUS
10
0.6925863779527559
20
0.5767629921259843
11
0.6910661023622047
21
0.5761333070866141
0
LINE
8
BLACK
6
CONTINUOUS
10
0.6910661023622047
20
0.5761333070866141
11
0.6895458267716535
21
0.5767630708661418
0
LINE
8
BLACK
6
CONTINUOUS
10
0.6895458267716535
20
0.5767630708661418
11
0.6886077559055118
21
0.5777011811023622
0
LINE
8
BLACK
6
CONTINUOUS
10
0.6886077559055118
20
0.5777011811023622
11
0.6884162598425196
21
0.5781634645669291
0
LINE
8
BLACK
6
CONTINUOUS
10
0.6884162598425196
20
0.5781634645669291
11
0.6880884251968504
21
0.5785414960629921
0
LINE
8
BLACK
6
CONTINUOUS
10
0.6880884251968504
20
0.5785414960629921
11
0.6871503149606299
21
0.581355748031496
0
LINE
8
BLACK
6
CONTINUOUS
10
0.6871503149606299
20
0.581355748031496
11
0.6871753543307086
21
0.5817087007874016
0
LINE
8
BLACK
6
CONTINUOUS
10
0.6871753543307086
20
0.5817087007874016
11
0.6870399606299212
21
0.5820356692913385
0
LINE
8
BLACK
6
CONTINUOUS
10
0.6870399606299212
20
0.5820356692913385
11
0.6870399606299212
21
0.5839118897637795
0
LINE
8
BLACK
6
CONTINUOUS
10
0.6870399606299212
20
0.5839118897637795
11
0.6871753543307086
21
0.5842387401574803
0
LINE
8
BLACK
6
CONTINUOUS
10
0.6871753543307086
20
0.5842387401574803
11
0.6871502755905512
21
0.5845917716535433
0
LINE
8
BLACK
6
CONTINUOUS
10
0.6871502755905512
20
0.5845917716535433
11
0.6880884251968504
21
0.5874061023622047
0
LINE
8
BLACK
6
CONTINUOUS
10
0.6880884251968504
20
0.5874061023622047
11
0.6884162598425196
21
0.5877841338582677
0
LINE
8
BLACK
6
CONTINUOUS
10
0.6884162598425196
20
0.5877841338582677
11
0.6886077952755906
21
0.5882464566929134
0
LINE
8
BLACK
6
CONTINUOUS
10
0.6886077952755906
20
0.5882464566929134
11
0.6904839763779528
21
0.5901226377952756
0
LINE
8
BLACK
6
CONTINUOUS
10
0.6904839763779528
20
0.5901226377952756
11
0.6908108661417323
21
0.5902580314960629
0
LINE
8
BLACK
6
CONTINUOUS
10
0.6908108661417323
20
0.5902580314960629
11
0.6910427559055118
21
0.5905253937007874
0
LINE
8
BLACK
6
CONTINUOUS
10
0.6910427559055118
20
0.5905253937007874
11
0.692918937007874
21
0.5914634645669291
0
LINE
8
BLACK
6
CONTINUOUS
10
0.692918937007874
20
0.5914634645669291
11
0.6931626771653543
21
0.5914807480314961
0
LINE
8
BLACK
6
CONTINUOUS
10
0.6931626771653543
20
0.5914807480314961
11
0.6933589763779527
21
0.591626220472441
0
LINE
8
BLACK
6
CONTINUOUS
10
0.6933589763779527
20
0.591626220472441
11
0.6971113779527559
21
0.5925643307086614
0
LINE
8
BLACK
6
CONTINUOUS
10
0.6971113779527559
20
0.5925643307086614
11
0.6973809448818897
21
0.5925242125984251
0
LINE
8
BLACK
6
CONTINUOUS
10
0.6973809448818897
20
0.5925242125984251
11
0.6976328346456693
21
0.5926285433070866
0
LINE
8
BLACK
6
CONTINUOUS
10
0.6976328346456693
20
0.5926285433070866
11
0.700447125984252
21
0.5926285433070866
0
LINE
8
BLACK
6
CONTINUOUS
10
0.700447125984252
20
0.5926285433070866
11
0.7006989763779528
21
0.5925242125984251
0
LINE
8
BLACK
6
CONTINUOUS
10
0.6829102362204724
20
0.6420273622047244
11
0.6835399606299213
21
0.6405070866141732
0
LINE
8
BLACK
6
CONTINUOUS
10
0.6835399606299213
20
0.6405070866141732
11
0.6835399606299213
21
0.6379527559055118
0
LINE
8
BLACK
6
CONTINUOUS
10
0.6835399606299213
20
0.6379527559055118
11
0.7175
21
0.6379527559055118
0
LINE
8
BLACK
6
CONTINUOUS
10
0.7175
20
0.6379527559055118
11
0.7178835039370078
21
0.6378851181102362
0
LINE
8
BLACK
6
CONTINUOUS
10
0.7178835039370078
20
0.6378851181102362
11
0.7180127559055118
21
0.6379079133858268
0
LINE
8
BLACK
6
CONTINUOUS
10
0.7180127559055118
20
0.6379079133858268
11
0.7181263385826772
21
0.637842283464567
0
LINE
8
BLACK
6
CONTINUOUS
10
0.7181263385826772
20
0.637842283464567
11
0.7185099212598425
21
0.6377746850393701
0
LINE
8
BLACK
6
CONTINUOUS
10
0.7185099212598425
20
0.6377746850393701
11
0.7190975984251968
21
0.6372815354330709
0
LINE
8
BLACK
6
CONTINUOUS
10
0.7190975984251968
20
0.6372815354330709
11
0.7197619291338583
21
0.6368979921259842
0
LINE
8
BLACK
6
CONTINUOUS
10
0.7197619291338583
20
0.6368979921259842
11
0.7198530314960629
21
0.6366476377952756
0
LINE
8
BLACK
6
CONTINUOUS
10
0.7198530314960629
20
0.6366476377952756
11
0.7200571653543307
21
0.6364763779527559
0
LINE
8
BLACK
6
CONTINUOUS
10
0.7200571653543307
20
0.6364763779527559
11
0.7201903937007874
21
0.6357207874015748
0
LINE
8
BLACK
6
CONTINUOUS
10
0.7201903937007874
20
0.6357207874015748
11
0.7204527559055118
21
0.635
0
LINE
8
BLACK
6
CONTINUOUS
10
0.7204527559055118
20
0.635
11
0.7204527559055118
21
0.595
0
LINE
8
BLACK
6
CONTINUOUS
10
0.7204527559055118
20
0.595
11
0.7202746850393701
21
0.5939900787401574
0
LINE
8
BLACK
6
CONTINUOUS
10
0.7202746850393701
20
0.5939900787401574
11
0.7189763779527559
21
0.5924428346456693
0
LINE
8
BLACK
6
CONTINUOUS
10
0.7189763779527559
20
0.5924428346456693
11
0.7169872440944882
21
0.5920920866141732
0
LINE
8
BLACK
6
CONTINUOUS
10
0.7169872440944882
20
0.5920920866141732
11
0.7152380708661417
21
0.5931020078740157
0
LINE
8
BLACK
6
CONTINUOUS
10
0.7152380708661417
20
0.5931020078740157
11
0.7145472440944882
21
0.595
0
LINE
8
BLACK
6
CONTINUOUS
10
0.7145472440944882
20
0.595
11
0.7145472440944882
21
0.6320472440944882
0
LINE
8
BLACK
6
CONTINUOUS
10
0.7145472440944882
20
0.6320472440944882
11
0.6835399606299213
21
0.6320472440944882
0
LINE
8
BLACK
6
CONTINUOUS
10
0.6835399606299213
20
0.6320472440944882
11
0.6835399606299213
21
0.6292499606299212
0
LINE
8
BLACK
6
CONTINUOUS
10
0.6835399606299213
20
0.6292499606299212
11
0.6829102362204724
21
0.6277296850393701
0
LINE
8
BLACK
6
CONTINUOUS
10
0.6829102362204724
20
0.6277296850393701
11
0.6813899606299213
21
0.6270999606299212
0
LINE
8
BLACK
6
CONTINUOUS
10
0.6813899606299213
20
0.6270999606299212
11
0.6798696850393701
21
0.6277296850393701
0
LINE
8
BLACK
6
CONTINUOUS
10
0.6798696850393701
20
0.6277296850393701
11
0.6792399606299212
21
0.6292499606299212
0
LINE
8
BLACK
6
CONTINUOUS
10
0.6792399606299212
20
0.6292499606299212
11
0.6792399606299212
21
0.6320472440944882
0
LINE
8
BLACK
6
CONTINUOUS
10
0.6792399606299212
20
0.6320472440944882
11
0.6604527559055118
21
0.6320472440944882
0
LINE
8
BLACK
6
CONTINUOUS
10
0.6604527559055118
20
0.6320472440944882
11
0.6604527559055118
21
0.6046207874015748
0
LINE
8
BLACK
6
CONTINUOUS
10
0.6604527559055118
20
0.6046207874015748
11
0.6616899606299212
21
0.6051332677165354
0
LINE
8
BLACK
6
CONTINUOUS
10
0.6616899606299212
20
0.6051332677165354
11
0.6813899606299213
21
0.6051332677165354
0
LINE
8
BLACK
6
CONTINUOUS
10
0.6813899606299213
20
0.6051332677165354
11
0.6829102362204724
21
0.6045035433070866
0
LINE
8
BLACK
6
CONTINUOUS
10
0.6829102362204724
20
0.6045035433070866
11
0.6835399606299213
21
0.6029832677165354
0
LINE
8
BLACK
6
CONTINUOUS
10
0.6835399606299213
20
0.6029832677165354
11
0.6829102362204724
21
0.6014629921259842
0
LINE
8
BLACK
6
CONTINUOUS
10
0.6829102362204724
20
0.6014629921259842
11
0.6813899606299213
21
0.6008332677165354
0
LINE
8
BLACK
6
CONTINUOUS
10
0.6813899606299213
20
0.6008332677165354
11
0.673220905511811
21
0.6008332677165354
0
LINE
8
BLACK
6
CONTINUOUS
10
0.673220905511811
20
0.6008332677165354
11
0.673220905511811
21
0.5964166141732283
0
LINE
8
BLACK
6
CONTINUOUS
10
0.673220905511811
20
0.5964166141732283
11
0.6725911811023622
21
0.5948963385826771
0
LINE
8
BLACK
6
CONTINUOUS
10
0.6725911811023622
20
0.5948963385826771
11
0.671070905511811
21
0.5942666141732283
0
LINE
8
BLACK
6
CONTINUOUS
10
0.671070905511811
20
0.5942666141732283
11
0.6695506299212598
21
0.5948963385826771
0
LINE
8
BLACK
6
CONTINUOUS
10
0.6695506299212598
20
0.5948963385826771
11
0.668920905511811
21
0.5964166141732283
0
LINE
8
BLACK
6
CONTINUOUS
10
0.668920905511811
20
0.5964166141732283
11
0.668920905511811
21
0.6008332677165354
0
LINE
8
BLACK
6
CONTINUOUS
10
0.668920905511811
20
0.6008332677165354
11
0.6638399606299212
21
0.6008332677165354
0
LINE
8
BLACK
6
CONTINUOUS
10
0.6638399606299212
20
0.6008332677165354
11
0.6638399606299212
21
0.5936023228346456
0
LINE
8
BLACK
6
CONTINUOUS
10
0.6638399606299212
20
0.5936023228346456
11
0.6632102362204724
21
0.5920820472440945
0
LINE
8
BLACK
6
CONTINUOUS
10
0.6632102362204724
20
0.5920820472440945
11
0.6616899606299212
21
0.5914523228346457
0
LINE
8
BLACK
6
CONTINUOUS
10
0.6616899606299212
20
0.5914523228346457
11
0.66016968503937
21
0.5920820472440945
0
LINE
8
BLACK
6
CONTINUOUS
10
0.66016968503937
20
0.5920820472440945
11
0.6596752362204724
21
0.5932756692913386
0
LINE
8
BLACK
6
CONTINUOUS
10
0.6596752362204724
20
0.5932756692913386
11
0.6589763779527559
21
0.5924428346456693
0
LINE
8
BLACK
6
CONTINUOUS
10
0.6589763779527559
20
0.5924428346456693
11
0.6569872440944882
21
0.5920920866141732
0
LINE
8
BLACK
6
CONTINUOUS
10
0.6569872440944882
20
0.5920920866141732
11
0.6552380708661417
21
0.5931020078740157
0
LINE
8
BLACK
6
CONTINUOUS
10
0.6552380708661417
20
0.5931020078740157
11
0.6545472440944882
21
0.595
0
LINE
8
BLACK
6
CONTINUOUS
10
0.6545472440944882
20
0.595
11
0.6545472440944882
21
0.635
0
LINE
8
BLACK
6
CONTINUOUS
10
0.6545472440944882
20
0.635
11
0.654614842519685
21
0.6353835039370078
0
LINE
8
BLACK
6
CONTINUOUS
10
0.654614842519685
20
0.6353835039370078
11
0.6545920866141732
21
0.6355127559055118
0
LINE
8
BLACK
6
CONTINUOUS
10
0.6545920866141732
20
0.6355127559055118
11
0.6546576771653543
21
0.6356263385826771
0
LINE
8
BLACK
6
CONTINUOUS
10
0.6546576771653543
20
0.6356263385826771
11
0.6547253149606299
21
0.6360099212598425
0
LINE
8
BLACK
6
CONTINUOUS
10
0.6547253149606299
20
0.6360099212598425
11
0.6552184251968504
21
0.6365975984251968
0
LINE
8
BLACK
6
CONTINUOUS
10
0.6552184251968504
20
0.6365975984251968
11
0.6556020078740157
21
0.6372619291338583
0
LINE
8
BLACK
6
CONTINUOUS
10
0.6556020078740157
20
0.6372619291338583
11
0.6558523228346457
21
0.6373530314960629
0
LINE
8
BLACK
6
CONTINUOUS
10
0.6558523228346457
20
0.6373530314960629
11
0.6560236220472441
21
0.6375571653543307
0
LINE
8
BLACK
6
CONTINUOUS
10
0.6560236220472441
20
0.6375571653543307
11
0.6567791732283464
21
0.6376903937007874
0
LINE
8
BLACK
6
CONTINUOUS
10
0.6567791732283464
20
0.6376903937007874
11
0.6575
21
0.6379527559055118
0
LINE
8
BLACK
6
CONTINUOUS
10
0.6575
20
0.6379527559055118
11
0.6624253543307086
21
0.6379527559055118
0
LINE
8
BLACK
6
CONTINUOUS
10
0.6624253543307086
20
0.6379527559055118
11
0.6631345275590551
21
0.6384255511811023
0
LINE
8
BLACK
6
CONTINUOUS
10
0.6631345275590551
20
0.6384255511811023
11
0.6646134251968504
21
0.6399044488188976
0
LINE
8
BLACK
6
CONTINUOUS
10
0.6646134251968504
20
0.6399044488188976
11
0.6653955118110236
21
0.6414686220472441
0
LINE
8
BLACK
6
CONTINUOUS
10
0.6653955118110236
20
0.6414686220472441
11
0.6666386614173229
21
0.6425467322834646
0
LINE
8
BLACK
6
CONTINUOUS
10
0.6666386614173229
20
0.6425467322834646
11
0.6682800787401575
21
0.6424300787401575
0
LINE
8
BLACK
6
CONTINUOUS
10
0.6682800787401575
20
0.6424300787401575
11
0.6693582283464566
21
0.641186968503937
0
LINE
8
BLACK
6
CONTINUOUS
10
0.6693582283464566
20
0.641186968503937
11
0.6692415354330709
21
0.6395455511811023
0
LINE
8
BLACK
6
CONTINUOUS
10
0.6692415354330709
20
0.6395455511811023
11
0.6684451181102362
21
0.6379527559055118
0
LINE
8
BLACK
6
CONTINUOUS
10
0.6684451181102362
20
0.6379527559055118
11
0.6792399606299212
21
0.6379527559055118
0
LINE
8
BLACK
6
CONTINUOUS
10
0.6792399606299212
20
0.6379527559055118
11
0.6792399606299212
21
0.6405070866141732
0
LINE
8
BLACK
6
CONTINUOUS
10
0.6792399606299212
20
0.6405070866141732
11
0.6798696850393701
21
0.6420273622047244
0
LINE
8
BLACK
6
CONTINUOUS
10
0.6798696850393701
20
0.6420273622047244
11
0.6813899606299213
21
0.6426570866141732
0
LINE
8
BLACK
6
CONTINUOUS
10
0.6813899606299213
20
0.6426570866141732
11
0.6829102362204724
21
0.6420273622047244
0
LINE
8
BLACK
6
CONTINUOUS
10
1.0802619291338582
20
0.8042601968503936
11
1.0809527559055119
21
0.8023622047244094
0
LINE
8
BLACK
6
CONTINUOUS
10
1.0809527559055119
20
0.8023622047244094
11
1.0809527559055119
21
0.5976377952755906
0
LINE
8
BLACK
6
CONTINUOUS
10
1.0809527559055119
20
0.5976377952755906
11
1.08077468503937
21
0.596627874015748
0
LINE
8
BLACK
6
CONTINUOUS
10
1.08077468503937
20
0.596627874015748
11
1.0794763779527559
21
0.5950806299212599
0
LINE
8
BLACK
6
CONTINUOUS
10
1.0794763779527559
20
0.5950806299212599
11
1.0774872440944883
21
0.5947298818897637
0
LINE
8
BLACK
6
CONTINUOUS
10
1.0774872440944883
20
0.5947298818897637
11
1.0757380708661417
21
0.5957398031496063
0
LINE
8
BLACK
6
CONTINUOUS
10
1.0757380708661417
20
0.5957398031496063
11
1.0750472440944883
21
0.5976377952755906
0
LINE
8
BLACK
6
CONTINUOUS
10
1.0750472440944883
20
0.5976377952755906
11
1.0750472440944883
21
0.8023622047244094
0
LINE
8
BLACK
6
CONTINUOUS
10
1.0750472440944883
20
0.8023622047244094
11
1.0752253149606299
21
0.803372125984252
0
LINE
8
BLACK
6
CONTINUOUS
10
1.0752253149606299
20
0.803372125984252
11
1.0765236220472441
21
0.8049193700787401
0
LINE
8
BLACK
6
CONTINUOUS
10
1.0765236220472441
20
0.8049193700787401
11
1.0785127559055119
21
0.8052701181102362
0
LINE
8
BLACK
6
CONTINUOUS
10
1.0785127559055119
20
0.8052701181102362
11
1.0802619291338582
21
0.8042601968503936
0
LINE
8
BLACK
6
CONTINUOUS
10
1.2241123228346455
20
0.8042601968503936
11
1.2248031496062992
21
0.8023622047244094
0
LINE
8
BLACK
6
CONTINUOUS
10
1.2248031496062992
20
0.8023622047244094
11
1.2248031496062992
21
0.5976377952755906
0
LINE
8
BLACK
6
CONTINUOUS
10
1.2248031496062992
20
0.5976377952755906
11
1.2246250787401574
21
0.596627874015748
0
LINE
8
BLACK
6
CONTINUOUS
10
1.2246250787401574
20
0.596627874015748
11
1.2233267716535432
21
0.5950806299212599
0
LINE
8
BLACK
6
CONTINUOUS
10
1.2233267716535432
20
0.5950806299212599
11
1.2213376377952756
21
0.5947298818897637
0
LINE
8
BLACK
6
CONTINUOUS
10
1.2213376377952756
20
0.5947298818897637
11
1.219588464566929
21
0.5957398031496063
0
LINE
8
BLACK
6
CONTINUOUS
10
1.219588464566929
20
0.5957398031496063
11
1.2188976377952756
21
0.5976377952755906
0
LINE
8
BLACK
6
CONTINUOUS
10
1.2188976377952756
20
0.5976377952755906
11
1.2188976377952756
21
0.8023622047244094
0
LINE
8
BLACK
6
CONTINUOUS
10
1.2188976377952756
20
0.8023622047244094
11
1.2190757086614172
21
0.803372125984252
0
LINE
8
BLACK
6
CONTINUOUS
10
1.2190757086614172
20
0.803372125984252
11
1.2203740157480314
21
0.8049193700787401
0
LINE
8
BLACK
6
CONTINUOUS
10
1.2203740157480314
20
0.8049193700787401
11
1.2223631496062992
21
0.8052701181102362
0
LINE
8
BLACK
6
CONTINUOUS
10
1.2223631496062992
20
0.8052701181102362
11
1.2241123228346455
21
0.8042601968503936
0
LINE
8
BLACK
6
CONTINUOUS
10
0.1831324409448819
20
0.6488597244094488
11
0.1838609842519685
21
0.6488720078740158
0
LINE
8
BLACK
6
CONTINUOUS
10
0.1838609842519685
20
0.6488720078740158
11
0.1952895669291339
21
0.646014842519685
0
LINE
8
BLACK
6
CONTINUOUS
10
0.1952895669291339
20
0.646014842519685
11
0.1958595275590551
21
0.6456983858267716
0
LINE
8
BLACK
6
CONTINUOUS
10
0.1958595275590551
20
0.6456983858267716
11
0.1964982677165354
21
0.6455677165354331
0
LINE
8
BLACK
6
CONTINUOUS
10
0.1964982677165354
20
0.6455677165354331
11
0.2022125590551181
21
0.6427105905511811
0
LINE
8
BLACK
6
CONTINUOUS
10
0.2022125590551181
20
0.6427105905511811
11
0.202923937007874
21
0.6420797244094488
0
LINE
8
BLACK
6
CONTINUOUS
10
0.202923937007874
20
0.6420797244094488
11
0.2037473622047244
21
0.6416043700787402
0
LINE
8
BLACK
6
CONTINUOUS
10
0.2037473622047244
20
0.6416043700787402
11
0.2094616535433071
21
0.6358900787401575
0
LINE
8
BLACK
6
CONTINUOUS
10
0.2094616535433071
20
0.6358900787401575
11
0.2101402755905512
21
0.6347146062992126
0
LINE
8
BLACK
6
CONTINUOUS
10
0.2101402755905512
20
0.6347146062992126
11
0.2108883070866142
21
0.6335817322834646
0
LINE
8
BLACK
6
CONTINUOUS
10
0.2108883070866142
20
0.6335817322834646
11
0.2137454330708661
21
0.6250103149606299
0
LINE
8
BLACK
6
CONTINUOUS
10
0.2137454330708661
20
0.6250103149606299
11
0.2138023622047244
21
0.6240611417322834
0
LINE
8
BLACK
6
CONTINUOUS
10
0.2138023622047244
20
0.6240611417322834
11
0.2140484645669291
21
0.6231428346456693
0
LINE
8
BLACK
6
CONTINUOUS
10
0.2140484645669291
20
0.6231428346456693
11
0.2140484645669291
21
0.6174285433070866
0
LINE
8
BLACK
6
CONTINUOUS
10
0.2140484645669291
20
0.6174285433070866
11
0.2138023622047244
21
0.6165101968503937
0
LINE
8
BLACK
6
CONTINUOUS
10
0.2138023622047244
20
0.6165101968503937
11
0.2137454330708661
21
0.615561062992126
0
LINE
8
BLACK
6
CONTINUOUS
10
0.2137454330708661
20
0.615561062992126
11
0.2108883070866142
21
0.6069896456692914
0
LINE
8
BLACK
6
CONTINUOUS
10
0.2108883070866142
20
0.6069896456692914
11
0.2101402755905512
21
0.6058567322834646
0
LINE
8
BLACK
6
CONTINUOUS
10
0.2101402755905512
20
0.6058567322834646
11
0.2094616535433071
21
0.6046812992125984
0
LINE
8
BLACK
6
CONTINUOUS
10
0.2094616535433071
20
0.6046812992125984
11
0.2066044881889764
21
0.6018241338582677
0
LINE
8
BLACK
6
CONTINUOUS
10
0.2066044881889764
20
0.6018241338582677
11
0.203957125984252
21
0.6002956692913386
0
LINE
8
BLACK
6
CONTINUOUS
10
0.203957125984252
20
0.6002956692913386
11
0.2009001968503937
21
0.6002956692913386
0
LINE
8
BLACK
6
CONTINUOUS
10
0.2009001968503937
20
0.6002956692913386
11
0.1982528346456693
21
0.6018241338582677
0
LINE
8
BLACK
6
CONTINUOUS
10
0.1982528346456693
20
0.6018241338582677
11
0.1967243700787402
21
0.6044714960629921
0
LINE
8
BLACK
6
CONTINUOUS
10
0.1967243700787402
20
0.6044714960629921
11
0.1967243700787402
21
0.6075284251968504
0
LINE
8
BLACK
6
CONTINUOUS
10
0.1967243700787402
20
0.6075284251968504
11
0.1982528346456693
21
0.6101757874015747
0
LINE
8
BLACK
6
CONTINUOUS
10
0.1982528346456693
20
0.6101757874015747
11
0.2001241732283464
21
0.6120471259842519
0
LINE
8
BLACK
6
CONTINUOUS
10
0.2001241732283464
20
0.6120471259842519
11
0.2022374409448819
21
0.618386811023622
0
LINE
8
BLACK
6
CONTINUOUS
10
0.2022374409448819
20
0.618386811023622
11
0.2022374409448819
21
0.6221845275590551
0
LINE
8
BLACK
6
CONTINUOUS
10
0.2022374409448819
20
0.6221845275590551
11
0.2001241732283464
21
0.6285242125984252
0
LINE
8
BLACK
6
CONTINUOUS
10
0.2001241732283464
20
0.6285242125984252
11
0.1960733070866142
21
0.6325750787401575
0
LINE
8
BLACK
6
CONTINUOUS
10
0.1960733070866142
20
0.6325750787401575
11
0.1917960236220472
21
0.6347137007874015
0
LINE
8
BLACK
6
CONTINUOUS
10
0.1917960236220472
20
0.6347137007874015
11
0.1817016929133858
21
0.6372373228346456
0
LINE
8
BLACK
6
CONTINUOUS
10
0.1817016929133858
20
0.6372373228346456
11
0.1745842125984252
21
0.6372373228346456
0
LINE
8
BLACK
6
CONTINUOUS
10
0.1745842125984252
20
0.6372373228346456
11
0.164489842519685
21
0.6347137007874015
0
LINE
8
BLACK
6
CONTINUOUS
10
0.164489842519685
20
0.6347137007874015
11
0.1602125196850394
21
0.6325750393700788
0
LINE
8
BLACK
6
CONTINUOUS
10
0.1602125196850394
20
0.6325750393700788
11
0.1561616929133858
21
0.6285242125984252
0
LINE
8
BLACK
6
CONTINUOUS
10
0.1561616929133858
20
0.6285242125984252
11
0.1540484645669291
21
0.6221844488188977
0
LINE
8
BLACK
6
CONTINUOUS
10
0.1540484645669291
20
0.6221844488188977
11
0.1540484645669291
21
0.6183868897637795
0
LINE
8
BLACK
6
CONTINUOUS
10
0.1540484645669291
20
0.6183868897637795
11
0.1561616929133858
21
0.6120471259842519
0
LINE
8
BLACK
6
CONTINUOUS
10
0.1561616929133858
20
0.6120471259842519
11
0.1580330708661417
21
0.6101757874015747
0
LINE
8
BLACK
6
CONTINUOUS
10
0.1580330708661417
20
0.6101757874015747
11
0.1595615354330709
21
0.6075284251968504
0
LINE
8
BLACK
6
CONTINUOUS
10
0.1595615354330709
20
0.6075284251968504
11
0.1595615354330709
21
0.6044714960629921
0
LINE
8
BLACK
6
CONTINUOUS
10
0.1595615354330709
20
0.6044714960629921
11
0.1580330708661417
21
0.6018241338582677
0
LINE
8
BLACK
6
CONTINUOUS
10
0.1580330708661417
20
0.6018241338582677
11
0.1553857086614173
21
0.6002956692913386
0
LINE
8
BLACK
6
CONTINUOUS
10
0.1553857086614173
20
0.6002956692913386
11
0.152328779527559
21
0.6002956692913386
0
LINE
8
BLACK
6
CONTINUOUS
10
0.152328779527559
20
0.6002956692913386
11
0.1496814173228346
21
0.6018241338582677
0
LINE
8
BLACK
6
CONTINUOUS
10
0.1496814173228346
20
0.6018241338582677
11
0.1468242519685039
21
0.6046812992125984
0
LINE
8
BLACK
6
CONTINUOUS
10
0.1468242519685039
20
0.6046812992125984
11
0.1461455118110236
21
0.6058568503937007
0
LINE
8
BLACK
6
CONTINUOUS
10
0.1461455118110236
20
0.6058568503937007
11
0.1453976377952756
21
0.6069896456692914
0
LINE
8
BLACK
6
CONTINUOUS
10
0.1453976377952756
20
0.6069896456692914
11
0.1425404724409449
21
0.615561062992126
0
LINE
8
BLACK
6
CONTINUOUS
10
0.1425404724409449
20
0.615561062992126
11
0.1424834645669291
21
0.6165101968503937
0
LINE
8
BLACK
6
CONTINUOUS
10
0.1424834645669291
20
0.6165101968503937
11
0.1422374409448819
21
0.6174285433070866
0
LINE
8
BLACK
6
CONTINUOUS
10
0.1422374409448819
20
0.6174285433070866
11
0.1422374409448819
21
0.6231428346456693
0
LINE
8
BLACK
6
CONTINUOUS
10
0.1422374409448819
20
0.6231428346456693
11
0.1424834645669291
21
0.6240611417322834
0
LINE
8
BLACK
6
CONTINUOUS
10
0.1424834645669291
20
0.6240611417322834
11
0.1425404724409449
21
0.6250103149606299
0
LINE
8
BLACK
6
CONTINUOUS
10
0.1425404724409449
20
0.6250103149606299
11
0.1453976377952756
21
0.6335817322834646
0
LINE
8
BLACK
6
CONTINUOUS
10
0.1453976377952756
20
0.6335817322834646
11
0.1461455118110236
21
0.6347144881889764
0
LINE
8
BLACK
6
CONTINUOUS
10
0.1461455118110236
20
0.6347144881889764
11
0.1468242519685039
21
0.6358900787401575
0
LINE
8
BLACK
6
CONTINUOUS
10
0.1468242519685039
20
0.6358900787401575
11
0.1525385433070866
21
0.6416043700787402
0
LINE
8
BLACK
6
CONTINUOUS
10
0.1525385433070866
20
0.6416043700787402
11
0.1533619291338583
21
0.6420797244094488
0
LINE
8
BLACK
6
CONTINUOUS
10
0.1533619291338583
20
0.6420797244094488
11
0.1540733464566929
21
0.6427105905511811
0
LINE
8
BLACK
6
CONTINUOUS
10
0.1540733464566929
20
0.6427105905511811
11
0.1597876771653543
21
0.6455677165354331
0
LINE
8
BLACK
6
CONTINUOUS
10
0.1597876771653543
20
0.6455677165354331
11
0.1604262992125984
21
0.6456983858267716
0
LINE
8
BLACK
6
CONTINUOUS
10
0.1604262992125984
20
0.6456983858267716
11
0.1609963385826772
21
0.646014842519685
0
LINE
8
BLACK
6
CONTINUOUS
10
0.1609963385826772
20
0.646014842519685
11
0.1724249212598425
21
0.6488720078740158
0
LINE
8
BLACK
6
CONTINUOUS
10
0.1724249212598425
20
0.6488720078740158
11
0.1731534251968504
21
0.6488597244094488
0
LINE
8
BLACK
6
CONTINUOUS
10
0.1731534251968504
20
0.6488597244094488
11
0.1738572440944882
21
0.6490483464566928
0
LINE
8
BLACK
6
CONTINUOUS
10
0.1738572440944882
20
0.6490483464566928
11
0.1824286614173228
21
0.6490483464566928
0
LINE
8
BLACK
6
CONTINUOUS
10
0.1824286614173228
20
0.6490483464566928
11
0.1831324409448819
21
0.6488597244094488
0
LINE
8
BLACK
6
CONTINUOUS
10
0.6790379921259843
20
0.6227655511811023
11
0.6795371653543307
21
0.6227301181102362
0
LINE
8
BLACK
6
CONTINUOUS
10
0.6795371653543307
20
0.6227301181102362
11
0.6814133858267717
21
0.6217920472440944
0
LINE
8
BLACK
6
CONTINUOUS
10
0.6814133858267717
20
0.6217920472440944
11
0.6818600393700788
21
0.6212770472440945
0
LINE
8
BLACK
6
CONTINUOUS
10
0.6818600393700788
20
0.6212770472440945
11
0.6823749212598426
21
0.6208305118110236
0
LINE
8
BLACK
6
CONTINUOUS
10
0.6823749212598426
20
0.6208305118110236
11
0.6833129921259843
21
0.6189543307086613
0
LINE
8
BLACK
6
CONTINUOUS
10
0.6833129921259843
20
0.6189543307086613
11
0.6833484251968504
21
0.618455157480315
0
LINE
8
BLACK
6
CONTINUOUS
10
0.6833484251968504
20
0.618455157480315
11
0.6835399606299213
21
0.6179928346456692
0
LINE
8
BLACK
6
CONTINUOUS
10
0.6835399606299213
20
0.6179928346456692
11
0.6835399606299213
21
0.6151785433070865
0
LINE
8
BLACK
6
CONTINUOUS
10
0.6835399606299213
20
0.6151785433070865
11
0.6833484251968504
21
0.6147161811023621
0
LINE
8
BLACK
6
CONTINUOUS
10
0.6833484251968504
20
0.6147161811023621
11
0.6833129921259843
21
0.6142170866141732
0
LINE
8
BLACK
6
CONTINUOUS
10
0.6833129921259843
20
0.6142170866141732
11
0.6830173622047244
21
0.6136258267716536
0
LINE
8
BLACK
6
CONTINUOUS
10
0.6830173622047244
20
0.6136258267716536
11
0.6835399606299213
21
0.612364251968504
0
LINE
8
BLACK
6
CONTINUOUS
10
0.6835399606299213
20
0.612364251968504
11
0.6829102362204724
21
0.6108439763779527
0
LINE
8
BLACK
6
CONTINUOUS
10
0.6829102362204724
20
0.6108439763779527
11
0.6813899606299213
21
0.6102142519685039
0
LINE
8
BLACK
6
CONTINUOUS
10
0.6813899606299213
20
0.6102142519685039
11
0.6795137401574803
21
0.6102142519685039
0
LINE
8
BLACK
6
CONTINUOUS
10
0.6795137401574803
20
0.6102142519685039
11
0.6682566141732283
21
0.6102142519685039
0
LINE
8
BLACK
6
CONTINUOUS
10
0.6682566141732283
20
0.6102142519685039
11
0.6667363385826771
21
0.6108439763779527
0
LINE
8
BLACK
6
CONTINUOUS
10
0.6667363385826771
20
0.6108439763779527
11
0.6661066141732284
21
0.612364251968504
0
LINE
8
BLACK
6
CONTINUOUS
10
0.6661066141732284
20
0.612364251968504
11
0.6667363385826771
21
0.6138845275590551
0
LINE
8
BLACK
6
CONTINUOUS
10
0.6667363385826771
20
0.6138845275590551
11
0.6682566141732283
21
0.614514251968504
0
LINE
8
BLACK
6
CONTINUOUS
10
0.6682566141732283
20
0.614514251968504
11
0.6786232677165355
21
0.614514251968504
0
LINE
8
BLACK
6
CONTINUOUS
10
0.6786232677165355
20
0.614514251968504
11
0.678684842519685
21
0.6145758661417323
0
LINE
8
BLACK
6
CONTINUOUS
10
0.678684842519685
20
0.6145758661417323
11
0.6792399606299212
21
0.6156860629921259
0
LINE
8
BLACK
6
CONTINUOUS
10
0.6792399606299212
20
0.6156860629921259
11
0.6792399606299212
21
0.6174852755905512
0
LINE
8
BLACK
6
CONTINUOUS
10
0.6792399606299212
20
0.6174852755905512
11
0.6788493307086614
21
0.6182664960629921
0
LINE
8
BLACK
6
CONTINUOUS
10
0.6788493307086614
20
0.6182664960629921
11
0.6780681496062992
21
0.6186570866141732
0
LINE
8
BLACK
6
CONTINUOUS
10
0.6780681496062992
20
0.6186570866141732
11
0.6682566141732283
21
0.6186570866141732
0
LINE
8
BLACK
6
CONTINUOUS
10
0.6682566141732283
20
0.6186570866141732
11
0.6667363385826771
21
0.619286811023622
0
LINE
8
BLACK
6
CONTINUOUS
10
0.6667363385826771
20
0.619286811023622
11
0.6661066141732284
21
0.6208070866141732
0
LINE
8
BLACK
6
CONTINUOUS
10
0.6661066141732284
20
0.6208070866141732
11
0.6667363385826771
21
0.6223273622047244
0
LINE
8
BLACK
6
CONTINUOUS
10
0.6667363385826771
20
0.6223273622047244
11
0.6682566141732283
21
0.6229570866141733
0
LINE
8
BLACK
6
CONTINUOUS
10
0.6682566141732283
20
0.6229570866141733
11
0.6785756692913386
21
0.6229570866141733
0
LINE
8
BLACK
6
CONTINUOUS
10
0.6785756692913386
20
0.6229570866141733
11
0.6790379921259843
21
0.6227655511811023
0
LINE
8
BLACK
6
CONTINUOUS
10
1.1662445669291339
20
0.6856514566929134
11
1.1681193700787402
21
0.6837766929133858
0
LINE
8
BLACK
6
CONTINUOUS
10
1.1681193700787402
20
0.6837766929133858
11
1.1686257480314961
21
0.6830535039370078
0
LINE
8
BLACK
6
CONTINUOUS
10
1.1686257480314961
20
0.6830535039370078
11
1.1686725196850394
21
0.6830092519685039
0
LINE
8
BLACK
6
CONTINUOUS
10
1.1686725196850394
20
0.6830092519685039
11
1.1705472834645669
21
0.6792597244094488
0
LINE
8
BLACK
6
CONTINUOUS
10
1.1705472834645669
20
0.6792597244094488
11
1.1708396456692913
21
0.678276811023622
0
LINE
8
BLACK
6
CONTINUOUS
10
1.1708396456692913
20
0.678276811023622
11
1.1707986220472442
21
0.6781050787401575
0
LINE
8
BLACK
6
CONTINUOUS
10
1.1707986220472442
20
0.6781050787401575
11
1.1708590157480314
21
0.6779392125984252
0
LINE
8
BLACK
6
CONTINUOUS
10
1.1708590157480314
20
0.6779392125984252
11
1.1708590157480314
21
0.6685653937007874
0
LINE
8
BLACK
6
CONTINUOUS
10
1.1708590157480314
20
0.6685653937007874
11
1.1706809448818898
21
0.6675554724409448
0
LINE
8
BLACK
6
CONTINUOUS
10
1.1706809448818898
20
0.6675554724409448
11
1.1705674409448819
21
0.6674201968503937
0
LINE
8
BLACK
6
CONTINUOUS
10
1.1705674409448819
20
0.6674201968503937
11
1.1705472834645669
21
0.6672448818897637
0
LINE
8
BLACK
6
CONTINUOUS
10
1.1705472834645669
20
0.6672448818897637
11
1.1686725196850394
21
0.6634953543307086
0
LINE
8
BLACK
6
CONTINUOUS
10
1.1686725196850394
20
0.6634953543307086
11
1.1681465354330709
21
0.662786220472441
0
LINE
8
BLACK
6
CONTINUOUS
10
1.1681465354330709
20
0.662786220472441
11
1.1681193700787402
21
0.6627279133858267
0
LINE
8
BLACK
6
CONTINUOUS
10
1.1681193700787402
20
0.6627279133858267
11
1.1662445669291339
21
0.6608531496062992
0
LINE
8
BLACK
6
CONTINUOUS
10
1.1662445669291339
20
0.6608531496062992
11
1.165521496062992
21
0.6603468503937008
0
LINE
8
BLACK
6
CONTINUOUS
10
1.165521496062992
20
0.6603468503937008
11
1.1654772047244095
21
0.6603000787401575
0
LINE
8
BLACK
6
CONTINUOUS
10
1.1654772047244095
20
0.6603000787401575
11
1.1617276771653544
21
0.6584253149606299
0
LINE
8
BLACK
6
CONTINUOUS
10
1.1617276771653544
20
0.6584253149606299
11
1.1607447244094489
21
0.6581329527559054
0
LINE
8
BLACK
6
CONTINUOUS
10
1.1607447244094489
20
0.6581329527559054
11
1.1605730314960629
21
0.658173937007874
0
LINE
8
BLACK
6
CONTINUOUS
10
1.1605730314960629
20
0.658173937007874
11
1.1604071653543306
21
0.6581135826771654
0
LINE
8
BLACK
6
CONTINUOUS
10
1.1604071653543306
20
0.6581135826771654
11
1.1510333464566929
21
0.6581135826771654
0
LINE
8
BLACK
6
CONTINUOUS
10
1.1510333464566929
20
0.6581135826771654
11
1.1500234251968504
21
0.6582916535433071
0
LINE
8
BLACK
6
CONTINUOUS
10
1.1500234251968504
20
0.6582916535433071
11
1.1498881496062991
21
0.6584051181102362
0
LINE
8
BLACK
6
CONTINUOUS
10
1.1498881496062991
20
0.6584051181102362
11
1.1497128346456693
21
0.6584253149606299
0
LINE
8
BLACK
6
CONTINUOUS
10
1.1497128346456693
20
0.6584253149606299
11
1.1459633070866142
21
0.6603000787401575
0
LINE
8
BLACK
6
CONTINUOUS
10
1.1459633070866142
20
0.6603000787401575
11
1.1452542125984251
21
0.6608259448818897
0
LINE
8
BLACK
6
CONTINUOUS
10
1.1452542125984251
20
0.6608259448818897
11
1.1451959055118111
21
0.6608531889763779
0
LINE
8
BLACK
6
CONTINUOUS
10
1.1451959055118111
20
0.6608531889763779
11
1.1433211417322835
21
0.6627279527559055
0
LINE
8
BLACK
6
CONTINUOUS
10
1.1433211417322835
20
0.6627279527559055
11
1.1428148425196849
21
0.6634510236220472
0
LINE
8
BLACK
6
CONTINUOUS
10
1.1428148425196849
20
0.6634510236220472
11
1.1427680314960629
21
0.6634953543307086
0
LINE
8
BLACK
6
CONTINUOUS
10
1.1427680314960629
20
0.6634953543307086
11
1.1408932677165353
21
0.6672448818897637
0
LINE
8
BLACK
6
CONTINUOUS
10
1.1408932677165353
20
0.6672448818897637
11
1.1406009055118109
21
0.6682278346456693
0
LINE
8
BLACK
6
CONTINUOUS
10
1.1406009055118109
20
0.6682278346456693
11
1.1406418897637796
21
0.6683994881889763
0
LINE
8
BLACK
6
CONTINUOUS
10
1.1406418897637796
20
0.6683994881889763
11
1.1405815354330708
21
0.6685653937007874
0
LINE
8
BLACK
6
CONTINUOUS
10
1.1405815354330708
20
0.6685653937007874
11
1.1405815354330708
21
0.6779392125984252
0
LINE
8
BLACK
6
CONTINUOUS
10
1.1405815354330708
20
0.6779392125984252
11
1.1407596062992125
21
0.6789491338582677
0
LINE
8
BLACK
6
CONTINUOUS
10
1.1407596062992125
20
0.6789491338582677
11
1.1408730708661416
21
0.6790843700787401
0
LINE
8
BLACK
6
CONTINUOUS
10
1.1408730708661416
20
0.6790843700787401
11
1.1408932677165353
21
0.6792597244094488
0
LINE
8
BLACK
6
CONTINUOUS
10
1.1408932677165353
20
0.6792597244094488
11
1.1412601968503937
21
0.6799936220472441
0
LINE
8
BLACK
6
CONTINUOUS
10
1.1412601968503937
20
0.6799936220472441
11
1.131488937007874
21
0.6790164960629921
0
LINE
8
BLACK
6
CONTINUOUS
10
1.131488937007874
20
0.6790164960629921
11
1.131488937007874
21
0.6629411023622047
0
LINE
8
BLACK
6
CONTINUOUS
10
1.131488937007874
20
0.6629411023622047
11
1.1313108661417322
21
0.6619311811023622
0
LINE
8
BLACK
6
CONTINUOUS
10
1.1313108661417322
20
0.6619311811023622
11
1.130012559055118
21
0.660383937007874
0
LINE
8
BLACK
6
CONTINUOUS
10
1.130012559055118
20
0.660383937007874
11
1.1280234251968504
21
0.660033188976378
0
LINE
8
BLACK
6
CONTINUOUS
10
1.1280234251968504
20
0.660033188976378
11
1.1262742519685038
21
0.6610431102362204
0
LINE
8
BLACK
6
CONTINUOUS
10
1.1262742519685038
20
0.6610431102362204
11
1.1255834251968504
21
0.6629411023622047
0
LINE
8
BLACK
6
CONTINUOUS
10
1.1255834251968504
20
0.6629411023622047
11
1.1255834251968504
21
0.6816887401574803
0
LINE
8
BLACK
6
CONTINUOUS
10
1.1255834251968504
20
0.6816887401574803
11
1.1256105118110236
21
0.6818425590551181
0
LINE
8
BLACK
6
CONTINUOUS
10
1.1256105118110236
20
0.6818425590551181
11
1.1255916929133858
21
0.6819096062992126
0
LINE
8
BLACK
6
CONTINUOUS
10
1.1255916929133858
20
0.6819096062992126
11
1.1256420078740157
21
0.6820211417322835
0
LINE
8
BLACK
6
CONTINUOUS
10
1.1256420078740157
20
0.6820211417322835
11
1.125761496062992
21
0.6826986614173228
0
LINE
8
BLACK
6
CONTINUOUS
10
1.125761496062992
20
0.6826986614173228
11
1.1261645669291338
21
0.6831790157480315
0
LINE
8
BLACK
6
CONTINUOUS
10
1.1261645669291338
20
0.6831790157480315
11
1.1264225196850393
21
0.683750590551181
0
LINE
8
BLACK
6
CONTINUOUS
10
1.1264225196850393
20
0.683750590551181
11
1.1267944488188977
21
0.6839296456692914
0
LINE
8
BLACK
6
CONTINUOUS
10
1.1267944488188977
20
0.6839296456692914
11
1.1270598031496062
21
0.684245905511811
0
LINE
8
BLACK
6
CONTINUOUS
10
1.1270598031496062
20
0.684245905511811
11
1.1276773228346457
21
0.6843547637795275
0
LINE
8
BLACK
6
CONTINUOUS
10
1.1276773228346457
20
0.6843547637795275
11
1.1282423622047244
21
0.6846268503937007
0
LINE
8
BLACK
6
CONTINUOUS
10
1.1282423622047244
20
0.6846268503937007
11
1.14699
21
0.6865016141732283
0
LINE
8
BLACK
6
CONTINUOUS
10
1.14699
20
0.6865016141732283
11
1.1480126377952755
21
0.6864249212598426
0
LINE
8
BLACK
6
CONTINUOUS
10
1.1480126377952755
20
0.6864249212598426
11
1.1480287007874015
21
0.686413937007874
0
LINE
8
BLACK
6
CONTINUOUS
10
1.1480287007874015
20
0.686413937007874
11
1.148048031496063
21
0.6864156299212598
0
LINE
8
BLACK
6
CONTINUOUS
10
1.148048031496063
20
0.6864156299212598
11
1.1488597637795275
21
0.6858472440944882
0
LINE
8
BLACK
6
CONTINUOUS
10
1.1488597637795275
20
0.6858472440944882
11
1.1496813779527559
21
0.6852870078740158
0
LINE
8
BLACK
6
CONTINUOUS
10
1.1496813779527559
20
0.6852870078740158
11
1.1496866141732283
21
0.6852682677165354
0
LINE
8
BLACK
6
CONTINUOUS
10
1.1496866141732283
20
0.6852682677165354
11
1.1497025984251967
21
0.6852571259842519
0
LINE
8
BLACK
6
CONTINUOUS
10
1.1497025984251967
20
0.6852571259842519
11
1.1499594881889763
21
0.684298188976378
0
LINE
8
BLACK
6
CONTINUOUS
10
1.1499594881889763
20
0.684298188976378
11
1.1502283070866142
21
0.6833426377952756
0
LINE
8
BLACK
6
CONTINUOUS
10
1.1502283070866142
20
0.6833426377952756
11
1.1502202755905511
21
0.6833248818897638
0
LINE
8
BLACK
6
CONTINUOUS
10
1.1502202755905511
20
0.6833248818897638
11
1.1502253149606299
21
0.6833061417322834
0
LINE
8
BLACK
6
CONTINUOUS
10
1.1502253149606299
20
0.6833061417322834
11
1.1498063779527559
21
0.6824077559055118
0
LINE
8
BLACK
6
CONTINUOUS
10
1.1498063779527559
20
0.6824077559055118
11
1.1493974803149607
21
0.6815016535433071
0
LINE
8
BLACK
6
CONTINUOUS
10
1.1493974803149607
20
0.6815016535433071
11
1.1493799212598426
21
0.6814931889763779
0
LINE
8
BLACK
6
CONTINUOUS
10
1.1493799212598426
20
0.6814931889763779
11
1.1493717322834645
21
0.6814755905511811
0
LINE
8
BLACK
6
CONTINUOUS
10
1.1493717322834645
20
0.6814755905511811
11
1.1478357874015748
21
0.6799396456692913
0
LINE
8
BLACK
6
CONTINUOUS
10
1.1478357874015748
20
0.6799396456692913
11
1.1464870472440944
21
0.6772421653543307
0
LINE
8
BLACK
6
CONTINUOUS
10
1.1464870472440944
20
0.6772421653543307
11
1.1464870472440944
21
0.6692624409448819
0
LINE
8
BLACK
6
CONTINUOUS
10
1.1464870472440944
20
0.6692624409448819
11
1.1478357874015748
21
0.6665649606299212
0
LINE
8
BLACK
6
CONTINUOUS
10
1.1478357874015748
20
0.6665649606299212
11
1.1490329133858268
21
0.6653678346456693
0
LINE
8
BLACK
6
CONTINUOUS
10
1.1490329133858268
20
0.6653678346456693
11
1.1517303937007874
21
0.664019094488189
0
LINE
8
BLACK
6
CONTINUOUS
10
1.1517303937007874
20
0.664019094488189
11
1.1597101181102363
21
0.664019094488189
0
LINE
8
BLACK
6
CONTINUOUS
10
1.1597101181102363
20
0.664019094488189
11
1.1624075984251969
21
0.6653678346456693
0
LINE
8
BLACK
6
CONTINUOUS
10
1.1624075984251969
20
0.6653678346456693
11
1.1636047637795275
21
0.6665649606299212
0
LINE
8
BLACK
6
CONTINUOUS
10
1.1636047637795275
20
0.6665649606299212
11
1.1649535039370078
21
0.6692624409448819
0
LINE
8
BLACK
6
CONTINUOUS
10
1.1649535039370078
20
0.6692624409448819
11
1.1649535039370078
21
0.6772421653543307
0
LINE
8
BLACK
6
CONTINUOUS
10
1.1649535039370078
20
0.6772421653543307
11
1.1636047637795275
21
0.6799396062992126
0
LINE
8
BLACK
6
CONTINUOUS
10
1.1636047637795275
20
0.6799396062992126
11
1.1620688188976378
21
0.6814755511811024
0
LINE
8
BLACK
6
CONTINUOUS
10
1.1620688188976378
20
0.6814755511811024
11
1.1614805905511811
21
0.6823155905511811
0
LINE
8
BLACK
6
CONTINUOUS
10
1.1614805905511811
20
0.6823155905511811
11
1.161304527559055
21
0.684327716535433
0
LINE
8
BLACK
6
CONTINUOUS
10
1.161304527559055
20
0.684327716535433
11
1.1624630314960629
21
0.6859822834645669
0
LINE
8
BLACK
6
CONTINUOUS
10
1.1624630314960629
20
0.6859822834645669
11
1.1644140157480314
21
0.686505
0
LINE
8
BLACK
6
CONTINUOUS
10
1.1644140157480314
20
0.686505
11
1.1662445669291339
21
0.6856514566929134
0
LINE
8
BLACK
6
CONTINUOUS
10
0.4946262992125984
20
0.8492384645669291
11
0.4947615354330708
21
0.8491249606299213
0
LINE
8
BLACK
6
CONTINUOUS
10
0.4947615354330708
20
0.8491249606299213
11
0.4949368897637795
21
0.8491048031496062
0
LINE
8
BLACK
6
CONTINUOUS
10
0.4949368897637795
20
0.8491048031496062
11
0.4986864173228346
21
0.8472300393700787
0
LINE
8
BLACK
6
CONTINUOUS
10
0.4986864173228346
20
0.8472300393700787
11
0.4993954724409448
21
0.846704094488189
0
LINE
8
BLACK
6
CONTINUOUS
10
0.4993954724409448
20
0.846704094488189
11
0.4994538188976378
21
0.8466769291338583
0
LINE
8
BLACK
6
CONTINUOUS
10
0.4994538188976378
20
0.8466769291338583
11
0.5013285826771653
21
0.8448021653543307
0
LINE
8
BLACK
6
CONTINUOUS
10
0.5013285826771653
20
0.8448021653543307
11
0.5019167716535433
21
0.8439621259842519
0
LINE
8
BLACK
6
CONTINUOUS
10
0.5019167716535433
20
0.8439621259842519
11
0.5020927952755906
21
0.8419500393700787
0
LINE
8
BLACK
6
CONTINUOUS
10
0.5020927952755906
20
0.8419500393700787
11
0.5009342913385827
21
0.8402954724409448
0
LINE
8
BLACK
6
CONTINUOUS
10
0.5009342913385827
20
0.8402954724409448
11
0.4989833070866141
21
0.8397727559055118
0
LINE
8
BLACK
6
CONTINUOUS
10
0.4989833070866141
20
0.8397727559055118
11
0.4971527559055118
21
0.8406263385826771
0
LINE
8
BLACK
6
CONTINUOUS
10
0.4971527559055118
20
0.8406263385826771
11
0.495616811023622
21
0.8421622834645669
0
LINE
8
BLACK
6
CONTINUOUS
10
0.495616811023622
20
0.8421622834645669
11
0.4929193307086614
21
0.8435110236220472
0
LINE
8
BLACK
6
CONTINUOUS
10
0.4929193307086614
20
0.8435110236220472
11
0.4849396062992126
21
0.8435110236220472
0
LINE
8
BLACK
6
CONTINUOUS
10
0.4849396062992126
20
0.8435110236220472
11
0.482242125984252
21
0.8421622834645669
0
LINE
8
BLACK
6
CONTINUOUS
10
0.482242125984252
20
0.8421622834645669
11
0.481045
21
0.840965157480315
0
LINE
8
BLACK
6
CONTINUOUS
10
0.481045
20
0.840965157480315
11
0.4796962598425197
21
0.8382676771653543
0
LINE
8
BLACK
6
CONTINUOUS
10
0.4796962598425197
20
0.8382676771653543
11
0.4796962598425197
21
0.8356943307086614
0
LINE
8
BLACK
6
CONTINUOUS
10
0.4796962598425197
20
0.8356943307086614
11
0.4811990551181102
21
0.831185905511811
0
LINE
8
BLACK
6
CONTINUOUS
10
0.4811990551181102
20
0.831185905511811
11
0.503203346456693
21
0.8091816141732283
0
LINE
8
BLACK
6
CONTINUOUS
10
0.503203346456693
20
0.8091816141732283
11
0.5035731102362204
21
0.8086535433070866
0
LINE
8
BLACK
6
CONTINUOUS
10
0.5035731102362204
20
0.8086535433070866
11
0.5036725984251968
21
0.8085700787401575
0
LINE
8
BLACK
6
CONTINUOUS
10
0.5036725984251968
20
0.8085700787401575
11
0.5036863779527559
21
0.8084917322834646
0
LINE
8
BLACK
6
CONTINUOUS
10
0.5036863779527559
20
0.8084917322834646
11
0.5037915748031496
21
0.8083415748031496
0
LINE
8
BLACK
6
CONTINUOUS
10
0.5037915748031496
20
0.8083415748031496
11
0.5038690157480314
21
0.8074559842519685
0
LINE
8
BLACK
6
CONTINUOUS
10
0.5038690157480314
20
0.8074559842519685
11
0.5040233464566929
21
0.8065809448818897
0
LINE
8
BLACK
6
CONTINUOUS
10
0.5040233464566929
20
0.8065809448818897
11
0.5039558267716535
21
0.8064639763779528
0
LINE
8
BLACK
6
CONTINUOUS
10
0.5039558267716535
20
0.8064639763779528
11
0.5039675984251969
21
0.8063294488188976
0
LINE
8
BLACK
6
CONTINUOUS
10
0.5039675984251969
20
0.8063294488188976
11
0.503457716535433
21
0.8056012598425196
0
LINE
8
BLACK
6
CONTINUOUS
10
0.503457716535433
20
0.8056012598425196
11
0.5030134251968503
21
0.8048317716535432
0
LINE
8
BLACK
6
CONTINUOUS
10
0.5030134251968503
20
0.8048317716535432
11
0.5028865354330708
21
0.804785590551181
0
LINE
8
BLACK
6
CONTINUOUS
10
0.5028865354330708
20
0.804785590551181
11
0.5028090551181102
21
0.8046749212598425
0
LINE
8
BLACK
6
CONTINUOUS
10
0.5028090551181102
20
0.8046749212598425
11
0.5019505118110236
21
0.8044448818897637
0
LINE
8
BLACK
6
CONTINUOUS
10
0.5019505118110236
20
0.8044448818897637
11
0.5011154330708661
21
0.8041409448818897
0
LINE
8
BLACK
6
CONTINUOUS
10
0.5011154330708661
20
0.8041409448818897
11
0.4767435039370079
21
0.8041409448818897
0
LINE
8
BLACK
6
CONTINUOUS
10
0.4767435039370079
20
0.8041409448818897
11
0.4757335826771654
21
0.8043190157480314
0
LINE
8
BLACK
6
CONTINUOUS
10
0.4757335826771654
20
0.8043190157480314
11
0.4741863385826772
21
0.8056173228346456
0
LINE
8
BLACK
6
CONTINUOUS
10
0.4741863385826772
20
0.8056173228346456
11
0.4738355905511811
21
0.8076064566929134
0
LINE
8
BLACK
6
CONTINUOUS
10
0.4738355905511811
20
0.8076064566929134
11
0.4748455118110236
21
0.8093556299212599
0
LINE
8
BLACK
6
CONTINUOUS
10
0.4748455118110236
20
0.8093556299212599
11
0.4767435039370079
21
0.8100464566929134
0
LINE
8
BLACK
6
CONTINUOUS
10
0.4767435039370079
20
0.8100464566929134
11
0.4939868503937008
21
0.8100464566929134
0
LINE
8
BLACK
6
CONTINUOUS
10
0.4939868503937008
20
0.8100464566929134
11
0.4765303543307087
21
0.8275029921259842
0
LINE
8
BLACK
6
CONTINUOUS
10
0.4765303543307087
20
0.8275029921259842
11
0.4759421653543307
21
0.8283430314960629
0
LINE
8
BLACK
6
CONTINUOUS
10
0.4759421653543307
20
0.8283430314960629
11
0.4759267716535433
21
0.8285188582677165
0
LINE
8
BLACK
6
CONTINUOUS
10
0.4759267716535433
20
0.8285188582677165
11
0.4758170472440945
21
0.8286571653543306
0
LINE
8
BLACK
6
CONTINUOUS
10
0.4758170472440945
20
0.8286571653543306
11
0.4739422834645669
21
0.8342814566929133
0
LINE
8
BLACK
6
CONTINUOUS
10
0.4739422834645669
20
0.8342814566929133
11
0.4738127952755906
21
0.8351546062992126
0
LINE
8
BLACK
6
CONTINUOUS
10
0.4738127952755906
20
0.8351546062992126
11
0.4737907480314961
21
0.8352151968503937
0
LINE
8
BLACK
6
CONTINUOUS
10
0.4737907480314961
20
0.8352151968503937
11
0.4737907480314961
21
0.8389647244094488
0
LINE
8
BLACK
6
CONTINUOUS
10
0.4737907480314961
20
0.8389647244094488
11
0.4739688188976378
21
0.8399746456692914
0
LINE
8
BLACK
6
CONTINUOUS
10
0.4739688188976378
20
0.8399746456692914
11
0.4740822834645669
21
0.8401098818897638
0
LINE
8
BLACK
6
CONTINUOUS
10
0.4740822834645669
20
0.8401098818897638
11
0.4741024803149606
21
0.8402852362204725
0
LINE
8
BLACK
6
CONTINUOUS
10
0.4741024803149606
20
0.8402852362204725
11
0.4759772440944882
21
0.8440347637795276
0
LINE
8
BLACK
6
CONTINUOUS
10
0.4759772440944882
20
0.8440347637795276
11
0.4765031496062992
21
0.8447438188976377
0
LINE
8
BLACK
6
CONTINUOUS
10
0.4765031496062992
20
0.8447438188976377
11
0.4765303543307087
21
0.8448021653543307
0
LINE
8
BLACK
6
CONTINUOUS
10
0.4765303543307087
20
0.8448021653543307
11
0.4784051181102362
21
0.8466769291338583
0
LINE
8
BLACK
6
CONTINUOUS
10
0.4784051181102362
20
0.8466769291338583
11
0.4791281889763779
21
0.8471831889763779
0
LINE
8
BLACK
6
CONTINUOUS
10
0.4791281889763779
20
0.8471831889763779
11
0.4791725196850394
21
0.8472300393700787
0
LINE
8
BLACK
6
CONTINUOUS
10
0.4791725196850394
20
0.8472300393700787
11
0.4829220472440945
21
0.8491048031496062
0
LINE
8
BLACK
6
CONTINUOUS
10
0.4829220472440945
20
0.8491048031496062
11
0.4839049606299212
21
0.8493971653543307
0
LINE
8
BLACK
6
CONTINUOUS
10
0.4839049606299212
20
0.8493971653543307
11
0.4840766535433071
21
0.8493561417322835
0
LINE
8
BLACK
6
CONTINUOUS
10
0.4840766535433071
20
0.8493561417322835
11
0.4842425590551181
21
0.8494165354330708
0
LINE
8
BLACK
6
CONTINUOUS
10
0.4842425590551181
20
0.8494165354330708
11
0.4936163779527559
21
0.8494165354330708
0
LINE
8
BLACK
6
CONTINUOUS
10
0.4936163779527559
20
0.8494165354330708
11
0.4946262992125984
21
0.8492384645669291
0
LINE
8
BLACK
6
CONTINUOUS
10
0.5371194881889764
20
0.8493488976377953
11
0.5372487401574803
21
0.8493716929133858
0
LINE
8
BLACK
6
CONTINUOUS
10
0.5372487401574803
20
0.8493716929133858
11
0.5373623228346457
21
0.849306062992126
0
LINE
8
BLACK
6
CONTINUOUS
10
0.5373623228346457
20
0.849306062992126
11
0.537745905511811
21
0.8492384645669291
0
LINE
8
BLACK
6
CONTINUOUS
10
0.537745905511811
20
0.8492384645669291
11
0.5383335826771654
21
0.8487453149606299
0
LINE
8
BLACK
6
CONTINUOUS
10
0.5383335826771654
20
0.8487453149606299
11
0.5389979133858268
21
0.8483617716535433
0
LINE
8
BLACK
6
CONTINUOUS
10
0.5389979133858268
20
0.8483617716535433
11
0.5390890157480315
21
0.8481114173228346
0
LINE
8
BLACK
6
CONTINUOUS
10
0.5390890157480315
20
0.8481114173228346
11
0.5392931496062991
21
0.8479401574803149
0
LINE
8
BLACK
6
CONTINUOUS
10
0.5392931496062991
20
0.8479401574803149
11
0.5394263779527559
21
0.8471845669291338
0
LINE
8
BLACK
6
CONTINUOUS
10
0.5394263779527559
20
0.8471845669291338
11
0.5396887401574803
21
0.846463779527559
0
LINE
8
BLACK
6
CONTINUOUS
10
0.5396887401574803
20
0.846463779527559
11
0.5396887401574803
21
0.8070937007874015
0
LINE
8
BLACK
6
CONTINUOUS
10
0.5396887401574803
20
0.8070937007874015
11
0.5396211023622047
21
0.8067101574803149
0
LINE
8
BLACK
6
CONTINUOUS
10
0.5396211023622047
20
0.8067101574803149
11
0.5396438976377953
21
0.8065809448818897
0
LINE
8
BLACK
6
CONTINUOUS
10
0.5396438976377953
20
0.8065809448818897
11
0.5395782677165354
21
0.8064673228346456
0
LINE
8
BLACK
6
CONTINUOUS
10
0.5395782677165354
20
0.8064673228346456
11
0.5395106692913386
21
0.8060837795275591
0
LINE
8
BLACK
6
CONTINUOUS
10
0.5395106692913386
20
0.8060837795275591
11
0.5390175196850393
21
0.8054960629921259
0
LINE
8
BLACK
6
CONTINUOUS
10
0.5390175196850393
20
0.8054960629921259
11
0.5386339763779527
21
0.8048317716535432
0
LINE
8
BLACK
6
CONTINUOUS
10
0.5386339763779527
20
0.8048317716535432
11
0.5383836220472441
21
0.8047406299212598
0
LINE
8
BLACK
6
CONTINUOUS
10
0.5383836220472441
20
0.8047406299212598
11
0.5382123622047243
21
0.8045365354330708
0
LINE
8
BLACK
6
CONTINUOUS
10
0.5382123622047243
20
0.8045365354330708
11
0.5374567716535433
21
0.8044032677165354
0
LINE
8
BLACK
6
CONTINUOUS
10
0.5374567716535433
20
0.8044032677165354
11
0.5367359842519684
21
0.8041409448818897
0
LINE
8
BLACK
6
CONTINUOUS
10
0.5367359842519684
20
0.8041409448818897
11
0.5273621653543307
21
0.8041409448818897
0
LINE
8
BLACK
6
CONTINUOUS
10
0.5273621653543307
20
0.8041409448818897
11
0.5264927559055118
21
0.8042942125984252
0
LINE
8
BLACK
6
CONTINUOUS
10
0.5264927559055118
20
0.8042942125984252
11
0.5264284251968504
21
0.8042924803149606
0
LINE
8
BLACK
6
CONTINUOUS
10
0.5264284251968504
20
0.8042924803149606
11
0.520804094488189
21
0.8061672834645669
0
LINE
8
BLACK
6
CONTINUOUS
10
0.520804094488189
20
0.8061672834645669
11
0.5199023228346457
21
0.8066555905511811
0
LINE
8
BLACK
6
CONTINUOUS
10
0.5199023228346457
20
0.8066555905511811
11
0.5198098818897637
21
0.8068059842519685
0
LINE
8
BLACK
6
CONTINUOUS
10
0.5198098818897637
20
0.8068059842519685
11
0.5196499606299212
21
0.8068805905511811
0
LINE
8
BLACK
6
CONTINUOUS
10
0.5196499606299212
20
0.8068805905511811
11
0.5159004330708661
21
0.8106301181102362
0
LINE
8
BLACK
6
CONTINUOUS
10
0.5159004330708661
20
0.8106301181102362
11
0.5153941338582677
21
0.811353188976378
0
LINE
8
BLACK
6
CONTINUOUS
10
0.5153941338582677
20
0.811353188976378
11
0.5153473228346457
21
0.8113975196850394
0
LINE
8
BLACK
6
CONTINUOUS
10
0.5153473228346457
20
0.8113975196850394
11
0.5134725590551181
21
0.8151470472440945
0
LINE
8
BLACK
6
CONTINUOUS
10
0.5134725590551181
20
0.8151470472440945
11
0.5133272440944882
21
0.8156354724409448
0
LINE
8
BLACK
6
CONTINUOUS
10
0.5133272440944882
20
0.8156354724409448
11
0.5132489763779527
21
0.8157514173228346
0
LINE
8
BLACK
6
CONTINUOUS
10
0.5132489763779527
20
0.8157514173228346
11
0.5113742125984252
21
0.8232504724409448
0
LINE
8
BLACK
6
CONTINUOUS
10
0.5113742125984252
20
0.8232504724409448
11
0.5113327165354331
21
0.8238383464566928
0
LINE
8
BLACK
6
CONTINUOUS
10
0.5113327165354331
20
0.8238383464566928
11
0.511286062992126
21
0.8239666141732284
0
LINE
8
BLACK
6
CONTINUOUS
10
0.511286062992126
20
0.8239666141732284
11
0.511286062992126
21
0.829590905511811
0
LINE
8
BLACK
6
CONTINUOUS
10
0.511286062992126
20
0.829590905511811
11
0.5113883858267716
21
0.8301712598425197
0
LINE
8
BLACK
6
CONTINUOUS
10
0.5113883858267716
20
0.8301712598425197
11
0.5113742125984252
21
0.8303070472440944
0
LINE
8
BLACK
6
CONTINUOUS
10
0.5113742125984252
20
0.8303070472440944
11
0.5132489763779527
21
0.8378061023622047
0
LINE
8
BLACK
6
CONTINUOUS
10
0.5132489763779527
20
0.8378061023622047
11
0.5134565354330709
21
0.8382715354330709
0
LINE
8
BLACK
6
CONTINUOUS
10
0.5134565354330709
20
0.8382715354330709
11
0.5134725590551181
21
0.8384104724409449
0
LINE
8
BLACK
6
CONTINUOUS
10
0.5134725590551181
20
0.8384104724409449
11
0.5153473228346457
21
0.84216
0
LINE
8
BLACK
6
CONTINUOUS
10
0.5153473228346457
20
0.84216
11
0.5158732283464567
21
0.8428690551181102
0
LINE
8
BLACK
6
CONTINUOUS
10
0.5158732283464567
20
0.8428690551181102
11
0.5159004330708661
21
0.8429274015748032
0
LINE
8
BLACK
6
CONTINUOUS
10
0.5159004330708661
20
0.8429274015748032
11
0.5196499606299212
21
0.8466769291338583
0
LINE
8
BLACK
6
CONTINUOUS
10
0.5196499606299212
20
0.8466769291338583
11
0.52049
21
0.8472651574803149
0
LINE
8
BLACK
6
CONTINUOUS
10
0.52049
20
0.8472651574803149
11
0.520665905511811
21
0.8472805118110236
0
LINE
8
BLACK
6
CONTINUOUS
10
0.520665905511811
20
0.8472805118110236
11
0.5208041338582677
21
0.8473902362204724
0
LINE
8
BLACK
6
CONTINUOUS
10
0.5208041338582677
20
0.8473902362204724
11
0.5264283858267716
21
0.8492649999999999
0
LINE
8
BLACK
6
CONTINUOUS
10
0.5264283858267716
20
0.8492649999999999
11
0.5273016141732283
21
0.8493944881889763
0
LINE
8
BLACK
6
CONTINUOUS
10
0.5273016141732283
20
0.8493944881889763
11
0.5273621653543307
21
0.8494165354330708
0
LINE
8
BLACK
6
CONTINUOUS
10
0.5273621653543307
20
0.8494165354330708
11
0.5367359842519684
21
0.8494165354330708
0
LINE
8
BLACK
6
CONTINUOUS
10
0.5367359842519684
20
0.8494165354330708
11
0.5371194881889764
21
0.8493488976377953
0
LINE
8
BLACK
6
CONTINUOUS
10
0.5233329133858268
20
0.8420082283464567
11
0.5204150787401575
21
0.8390903937007874
0
LINE
8
BLACK
6
CONTINUOUS
10
0.5204150787401575
20
0.8390903937007874
11
0.5188995669291339
21
0.8360594094488188
0
LINE
8
BLACK
6
CONTINUOUS
10
0.5188995669291339
20
0.8360594094488188
11
0.5171915748031496
21
0.8292273622047244
0
LINE
8
BLACK
6
CONTINUOUS
10
0.5171915748031496
20
0.8292273622047244
11
0.5171915748031496
21
0.8243301574803149
0
LINE
8
BLACK
6
CONTINUOUS
10
0.5171915748031496
20
0.8243301574803149
11
0.5188995669291339
21
0.8174981102362204
0
LINE
8
BLACK
6
CONTINUOUS
10
0.5188995669291339
20
0.8174981102362204
11
0.5204150787401575
21
0.814467125984252
0
LINE
8
BLACK
6
CONTINUOUS
10
0.5204150787401575
20
0.814467125984252
11
0.523332874015748
21
0.8115492913385827
0
LINE
8
BLACK
6
CONTINUOUS
10
0.523332874015748
20
0.8115492913385827
11
0.5278413385826771
21
0.8100464566929134
0
LINE
8
BLACK
6
CONTINUOUS
10
0.5278413385826771
20
0.8100464566929134
11
0.5337832283464566
21
0.8100464566929134
0
LINE
8
BLACK
6
CONTINUOUS
10
0.5337832283464566
20
0.8100464566929134
11
0.5337832283464566
21
0.8435110236220472
0
LINE
8
BLACK
6
CONTINUOUS
10
0.5337832283464566
20
0.8435110236220472
11
0.5278412992125984
21
0.8435110236220472
0
LINE
8
BLACK
6
CONTINUOUS
10
0.5278412992125984
20
0.8435110236220472
11
0.5233329133858268
21
0.8420082283464567
0
LINE
8
BLACK
6
CONTINUOUS
10
0.5576771653543307
20
0.9549212598425196
11
0.559069094488189
21
0.9543446850393701
0
LINE
8
BLACK
6
CONTINUOUS
10
0.559069094488189
20
0.9543446850393701
11
0.5819177559055118
21
0.931496062992126
0
LINE
8
BLACK
6
CONTINUOUS
10
0.5819177559055118
20
0.931496062992126
11
0.7033464566929134
21
0.931496062992126
0
LINE
8
BLACK
6
CONTINUOUS
10
0.7033464566929134
20
0.931496062992126
11
0.7047383858267716
21
0.9309194881889764
0
LINE
8
BLACK
6
CONTINUOUS
10
0.7047383858267716
20
0.9309194881889764
11
0.7053149606299213
21
0.9295275590551181
0
LINE
8
BLACK
6
CONTINUOUS
10
0.7053149606299213
20
0.9295275590551181
11
0.7053149606299213
21
0.9
0
LINE
8
BLACK
6
CONTINUOUS
10
0.7053149606299213
20
0.9
11
0.7047383858267716
21
0.8986080708661417
0
LINE
8
BLACK
6
CONTINUOUS
10
0.7047383858267716
20
0.8986080708661417
11
0.7033464566929134
21
0.8980314960629922
0
LINE
8
BLACK
6
CONTINUOUS
10
0.7033464566929134
20
0.8980314960629922
11
0.599015748031496
21
0.8980314960629922
0
LINE
8
BLACK
6
CONTINUOUS
10
0.599015748031496
20
0.8980314960629922
11
0.599015748031496
21
0.7519685039370079
0
LINE
8
BLACK
6
CONTINUOUS
10
0.599015748031496
20
0.7519685039370079
11
0.7033464566929134
21
0.7519685039370079
0
LINE
8
BLACK
6
CONTINUOUS
10
0.7033464566929134
20
0.7519685039370079
11
0.7047383858267716
21
0.7513919291338582
0
LINE
8
BLACK
6
CONTINUOUS
10
0.7047383858267716
20
0.7513919291338582
11
0.7053149606299213
21
0.75
0
LINE
8
BLACK
6
CONTINUOUS
10
0.7053149606299213
20
0.75
11
0.7053149606299213
21
0.7204724409448818
0
LINE
8
BLACK
6
CONTINUOUS
10
0.7053149606299213
20
0.7204724409448818
11
0.7047383858267716
21
0.7190805118110236
0
LINE
8
BLACK
6
CONTINUOUS
10
0.7047383858267716
20
0.7190805118110236
11
0.7033464566929134
21
0.718503937007874
0
LINE
8
BLACK
6
CONTINUOUS
10
0.7033464566929134
20
0.718503937007874
11
0.599015748031496
21
0.718503937007874
0
LINE
8
BLACK
6
CONTINUOUS
10
0.599015748031496
20
0.718503937007874
11
0.599015748031496
21
0.6970472440944881
0
LINE
8
BLACK
6
CONTINUOUS
10
0.599015748031496
20
0.6970472440944881
11
0.5984391732283464
21
0.6956553149606299
0
LINE
8
BLACK
6
CONTINUOUS
10
0.5984391732283464
20
0.6956553149606299
11
0.5970472440944882
21
0.6950787401574803
0
LINE
8
BLACK
6
CONTINUOUS
10
0.5970472440944882
20
0.6950787401574803
11
0.3521653543307087
21
0.6950787401574803
0
LINE
8
BLACK
6
CONTINUOUS
10
0.3521653543307087
20
0.6950787401574803
11
0.3507734251968504
21
0.6956553149606299
0
LINE
8
BLACK
6
CONTINUOUS
10
0.3507734251968504
20
0.6956553149606299
11
0.3501968503937008
21
0.6970472440944881
0
LINE
8
BLACK
6
CONTINUOUS
10
0.3501968503937008
20
0.6970472440944881
11
0.3501968503937008
21
0.716732283464567
0
LINE
8
BLACK
6
CONTINUOUS
10
0.3501968503937008
20
0.716732283464567
11
0.3127952755905511
21
0.716732283464567
0
LINE
8
BLACK
6
CONTINUOUS
10
0.3127952755905511
20
0.716732283464567
11
0.3114033464566929
21
0.7173088582677165
0
LINE
8
BLACK
6
CONTINUOUS
10
0.3114033464566929
20
0.7173088582677165
11
0.3108267716535433
21
0.7187007874015748
0
LINE
8
BLACK
6
CONTINUOUS
10
0.3108267716535433
20
0.7187007874015748
11
0.3108267716535433
21
0.9312992125984252
0
LINE
8
BLACK
6
CONTINUOUS
10
0.3108267716535433
20
0.9312992125984252
11
0.3114033464566929
21
0.9326911417322834
0
LINE
8
BLACK
6
CONTINUOUS
10
0.3114033464566929
20
0.9326911417322834
11
0.3127952755905511
21
0.9332677165354331
0
LINE
8
BLACK
6
CONTINUOUS
10
0.3127952755905511
20
0.9332677165354331
11
0.3501968503937008
21
0.9332677165354331
0
LINE
8
BLACK
6
CONTINUOUS
10
0.3501968503937008
20
0.9332677165354331
11
0.3501968503937008
21
0.9529527559055118
0
LINE
8
BLACK
6
CONTINUOUS
10
0.3501968503937008
20
0.9529527559055118
11
0.3507734251968504
21
0.9543446850393701
0
LINE
8
BLACK
6
CONTINUOUS
10
0.3507734251968504
20
0.9543446850393701
11
0.3521653543307087
21
0.9549212598425196
0
LINE
8
BLACK
6
CONTINUOUS
10
0.3521653543307087
20
0.9549212598425196
11
0.5576771653543307
21
0.9549212598425196
0
LINE
8
BLACK
6
CONTINUOUS
10
0.3541338582677165
20
0.9509842519685039
11
0.3541338582677165
21
0.699015748031496
0
LINE
8
BLACK
6
CONTINUOUS
10
0.3541338582677165
20
0.699015748031496
11
0.5950787401574803
21
0.699015748031496
0
LINE
8
BLACK
6
CONTINUOUS
10
0.5950787401574803
20
0.699015748031496
11
0.5950787401574803
21
0.9127672834645669
0
LINE
8
BLACK
6
CONTINUOUS
10
0.5950787401574803
20
0.9127672834645669
11
0.5568618110236221
21
0.9509842519685039
0
LINE
8
BLACK
6
CONTINUOUS
10
0.5568618110236221
20
0.9509842519685039
11
0.3541338582677165
21
0.9509842519685039
0
LINE
8
BLACK
6
CONTINUOUS
10
0.3147637795275591
20
0.9293307086614173
11
0.3147637795275591
21
0.7206692913385827
0
LINE
8
BLACK
6
CONTINUOUS
10
0.3147637795275591
20
0.7206692913385827
11
0.3501968503937008
21
0.7206692913385827
0
LINE
8
BLACK
6
CONTINUOUS
10
0.3501968503937008
20
0.7206692913385827
11
0.3501968503937008
21
0.9293307086614173
0
LINE
8
BLACK
6
CONTINUOUS
10
0.3501968503937008
20
0.9293307086614173
11
0.3147637795275591
21
0.9293307086614173
0
LINE
8
BLACK
6
CONTINUOUS
10
0.599015748031496
20
0.7480314960629921
11
0.599015748031496
21
0.7224409448818897
0
LINE
8
BLACK
6
CONTINUOUS
10
0.599015748031496
20
0.7224409448818897
11
0.7013779527559055
21
0.7224409448818897
0
LINE
8
BLACK
6
CONTINUOUS
10
0.7013779527559055
20
0.7224409448818897
11
0.7013779527559055
21
0.7480314960629921
0
LINE
8
BLACK
6
CONTINUOUS
10
0.7013779527559055
20
0.7480314960629921
11
0.599015748031496
21
0.7480314960629921
0
LINE
8
BLACK
6
CONTINUOUS
10
0.5858547637795275
20
0.9275590551181102
11
0.5984392125984251
21
0.9149746062992126
0
LINE
8
BLACK
6
CONTINUOUS
10
0.5984392125984251
20
0.9149746062992126
11
0.599015748031496
21
0.9135826771653544
0
LINE
8
BLACK
6
CONTINUOUS
10
0.599015748031496
20
0.9135826771653544
11
0.599015748031496
21
0.9019685039370079
0
LINE
8
BLACK
6
CONTINUOUS
10
0.599015748031496
20
0.9019685039370079
11
0.7013779527559055
21
0.9019685039370079
0
LINE
8
BLACK
6
CONTINUOUS
10
0.7013779527559055
20
0.9019685039370079
11
0.7013779527559055
21
0.9275590551181102
0
LINE
8
BLACK
6
CONTINUOUS
10
0.7013779527559055
20
0.9275590551181102
11
0.5858547637795275
21
0.9275590551181102
0
LINE
8
BLACK
6
CONTINUOUS
10
1.1689161811023623
20
0.7238335039370078
11
1.1704634251968504
21
0.7225351968503937
0
LINE
8
BLACK
6
CONTINUOUS
10
1.1704634251968504
20
0.7225351968503937
11
1.1708141732283464
21
0.720546062992126
0
LINE
8
BLACK
6
CONTINUOUS
10
1.1708141732283464
20
0.720546062992126
11
1.1698042519685039
21
0.7187968897637795
0
LINE
8
BLACK
6
CONTINUOUS
10
1.1698042519685039
20
0.7187968897637795
11
1.1679062598425196
21
0.718106062992126
0
LINE
8
BLACK
6
CONTINUOUS
10
1.1679062598425196
20
0.718106062992126
11
1.1521113385826771
21
0.718106062992126
0
LINE
8
BLACK
6
CONTINUOUS
10
1.1521113385826771
20
0.718106062992126
11
1.1521113385826771
21
0.7132223622047243
0
LINE
8
BLACK
6
CONTINUOUS
10
1.1521113385826771
20
0.7132223622047243
11
1.1695995669291339
21
0.7009806299212599
0
LINE
8
BLACK
6
CONTINUOUS
10
1.1695995669291339
20
0.7009806299212599
11
1.1703248031496063
21
0.7002555905511811
0
LINE
8
BLACK
6
CONTINUOUS
10
1.1703248031496063
20
0.7002555905511811
11
1.1708478346456692
21
0.6983047244094488
0
LINE
8
BLACK
6
CONTINUOUS
10
1.1708478346456692
20
0.6983047244094488
11
1.1699944881889763
21
0.6964740157480315
0
LINE
8
BLACK
6
CONTINUOUS
10
1.1699944881889763
20
0.6964740157480315
11
1.1681640157480315
21
0.6956201968503937
0
LINE
8
BLACK
6
CONTINUOUS
10
1.1681640157480315
20
0.6956201968503937
11
1.1662129921259843
21
0.6961426377952755
0
LINE
8
BLACK
6
CONTINUOUS
10
1.1662129921259843
20
0.6961426377952755
11
1.1521039370078741
21
0.706018937007874
0
LINE
8
BLACK
6
CONTINUOUS
10
1.1521039370078741
20
0.706018937007874
11
1.1519332677165355
21
0.7050507874015748
0
LINE
8
BLACK
6
CONTINUOUS
10
1.1519332677165355
20
0.7050507874015748
11
1.1518197637795276
21
0.7049155118110236
0
LINE
8
BLACK
6
CONTINUOUS
10
1.1518197637795276
20
0.7049155118110236
11
1.1517996062992126
21
0.7047401968503937
0
LINE
8
BLACK
6
CONTINUOUS
10
1.1517996062992126
20
0.7047401968503937
11
1.1499248425196851
21
0.7009906692913386
0
LINE
8
BLACK
6
CONTINUOUS
10
1.1499248425196851
20
0.7009906692913386
11
1.1493989370078741
21
0.7002815748031496
0
LINE
8
BLACK
6
CONTINUOUS
10
1.1493989370078741
20
0.7002815748031496
11
1.1493717322834645
21
0.7002232677165354
0
LINE
8
BLACK
6
CONTINUOUS
10
1.1493717322834645
20
0.7002232677165354
11
1.1474969685039369
21
0.6983485039370079
0
LINE
8
BLACK
6
CONTINUOUS
10
1.1474969685039369
20
0.6983485039370079
11
1.1467738582677165
21
0.6978422047244094
0
LINE
8
BLACK
6
CONTINUOUS
10
1.1467738582677165
20
0.6978422047244094
11
1.1467295669291337
21
0.6977953937007874
0
LINE
8
BLACK
6
CONTINUOUS
10
1.1467295669291337
20
0.6977953937007874
11
1.1429800393700786
21
0.6959206299212598
0
LINE
8
BLACK
6
CONTINUOUS
10
1.1429800393700786
20
0.6959206299212598
11
1.1419970866141731
21
0.6956282677165354
0
LINE
8
BLACK
6
CONTINUOUS
10
1.1419970866141731
20
0.6956282677165354
11
1.1418253937007874
21
0.6956692519685039
0
LINE
8
BLACK
6
CONTINUOUS
10
1.1418253937007874
20
0.6956692519685039
11
1.1416595275590551
21
0.6956088976377952
0
LINE
8
BLACK
6
CONTINUOUS
10
1.1416595275590551
20
0.6956088976377952
11
1.1360352362204724
21
0.6956088976377952
0
LINE
8
BLACK
6
CONTINUOUS
10
1.1360352362204724
20
0.6956088976377952
11
1.13502531496063
21
0.695786968503937
0
LINE
8
BLACK
6
CONTINUOUS
10
1.13502531496063
20
0.695786968503937
11
1.1348900393700787
21
0.6959004330708661
0
LINE
8
BLACK
6
CONTINUOUS
10
1.1348900393700787
20
0.6959004330708661
11
1.1347147244094489
21
0.6959206299212598
0
LINE
8
BLACK
6
CONTINUOUS
10
1.1347147244094489
20
0.6959206299212598
11
1.1309651968503938
21
0.6977953937007874
0
LINE
8
BLACK
6
CONTINUOUS
10
1.1309651968503938
20
0.6977953937007874
11
1.1302561023622046
21
0.6983212598425197
0
LINE
8
BLACK
6
CONTINUOUS
10
1.1302561023622046
20
0.6983212598425197
11
1.1301977952755906
21
0.6983485039370079
0
LINE
8
BLACK
6
CONTINUOUS
10
1.1301977952755906
20
0.6983485039370079
11
1.1283230314960631
21
0.7002232677165354
0
LINE
8
BLACK
6
CONTINUOUS
10
1.1283230314960631
20
0.7002232677165354
11
1.1278167322834645
21
0.7009463385826772
0
LINE
8
BLACK
6
CONTINUOUS
10
1.1278167322834645
20
0.7009463385826772
11
1.1277699212598424
21
0.7009906692913386
0
LINE
8
BLACK
6
CONTINUOUS
10
1.1277699212598424
20
0.7009906692913386
11
1.1258951574803149
21
0.7047401968503937
0
LINE
8
BLACK
6
CONTINUOUS
10
1.1258951574803149
20
0.7047401968503937
11
1.1256027952755905
21
0.7057231496062992
0
LINE
8
BLACK
6
CONTINUOUS
10
1.1256027952755905
20
0.7057231496062992
11
1.1256437795275591
21
0.7058948031496063
0
LINE
8
BLACK
6
CONTINUOUS
10
1.1256437795275591
20
0.7058948031496063
11
1.1255834251968504
21
0.7060607086614173
0
LINE
8
BLACK
6
CONTINUOUS
10
1.1255834251968504
20
0.7060607086614173
11
1.1255834251968504
21
0.7210588188976378
0
LINE
8
BLACK
6
CONTINUOUS
10
1.1255834251968504
20
0.7210588188976378
11
1.1256510236220472
21
0.7214423228346456
0
LINE
8
BLACK
6
CONTINUOUS
10
1.1256510236220472
20
0.7214423228346456
11
1.1256282677165355
21
0.7215715748031496
0
LINE
8
BLACK
6
CONTINUOUS
10
1.1256282677165355
20
0.7215715748031496
11
1.1256938582677165
21
0.7216851574803149
0
LINE
8
BLACK
6
CONTINUOUS
10
1.1256938582677165
20
0.7216851574803149
11
1.125761496062992
21
0.7220687401574803
0
LINE
8
BLACK
6
CONTINUOUS
10
1.125761496062992
20
0.7220687401574803
11
1.1262546062992125
21
0.7226564173228346
0
LINE
8
BLACK
6
CONTINUOUS
10
1.1262546062992125
20
0.7226564173228346
11
1.1266381889763779
21
0.723320748031496
0
LINE
8
BLACK
6
CONTINUOUS
10
1.1266381889763779
20
0.723320748031496
11
1.1268885039370078
21
0.7234118503937008
0
LINE
8
BLACK
6
CONTINUOUS
10
1.1268885039370078
20
0.7234118503937008
11
1.1270598031496062
21
0.7236159842519685
0
LINE
8
BLACK
6
CONTINUOUS
10
1.1270598031496062
20
0.7236159842519685
11
1.1278153543307086
21
0.7237492125984252
0
LINE
8
BLACK
6
CONTINUOUS
10
1.1278153543307086
20
0.7237492125984252
11
1.1285361811023622
21
0.7240115748031496
0
LINE
8
BLACK
6
CONTINUOUS
10
1.1285361811023622
20
0.7240115748031496
11
1.1679062598425196
21
0.7240115748031496
0
LINE
8
BLACK
6
CONTINUOUS
10
1.1679062598425196
20
0.7240115748031496
11
1.1689161811023623
21
0.7238335039370078
0
LINE
8
BLACK
6
CONTINUOUS
10
1.131488937007874
20
0.7067577559055118
11
1.1328376771653543
21
0.7040602755905512
0
LINE
8
BLACK
6
CONTINUOUS
10
1.1328376771653543
20
0.7040602755905512
11
1.1340348031496064
21
0.7028631496062991
0
LINE
8
BLACK
6
CONTINUOUS
10
1.1340348031496064
20
0.7028631496062991
11
1.136732283464567
21
0.7015144094488189
0
LINE
8
BLACK
6
CONTINUOUS
10
1.136732283464567
20
0.7015144094488189
11
1.1409624803149605
21
0.7015144094488189
0
LINE
8
BLACK
6
CONTINUOUS
10
1.1409624803149605
20
0.7015144094488189
11
1.1436599606299211
21
0.7028631496062991
0
LINE
8
BLACK
6
CONTINUOUS
10
1.1436599606299211
20
0.7028631496062991
11
1.1448570866141732
21
0.7040602755905512
0
LINE
8
BLACK
6
CONTINUOUS
10
1.1448570866141732
20
0.7040602755905512
11
1.1462058267716535
21
0.7067577559055118
0
LINE
8
BLACK
6
CONTINUOUS
10
1.1462058267716535
20
0.7067577559055118
11
1.1462058267716535
21
0.718106062992126
0
LINE
8
BLACK
6
CONTINUOUS
10
1.1462058267716535
20
0.718106062992126
11
1.131488937007874
21
0.718106062992126
0
LINE
8
BLACK
6
CONTINUOUS
10
1.131488937007874
20
0.718106062992126
11
1.131488937007874
21
0.7067577559055118
0
LINE
8
BLACK
6
CONTINUOUS
10
0.2626099212598425
20
0.7996746850393701
11
0.2641571653543307
21
0.7983763779527558
0
LINE
8
BLACK
6
CONTINUOUS
10
0.2641571653543307
20
0.7983763779527558
11
0.2645079133858267
21
0.7963872440944881
0
LINE
8
BLACK
6
CONTINUOUS
10
0.2645079133858267
20
0.7963872440944881
11
0.2634979921259842
21
0.7946380708661417
0
LINE
8
BLACK
6
CONTINUOUS
10
0.2634979921259842
20
0.7946380708661417
11
0.2616
21
0.7939472440944881
0
LINE
8
BLACK
6
CONTINUOUS
10
0.2616
20
0.7939472440944881
11
0.0884
21
0.7939472440944881
0
LINE
8
BLACK
6
CONTINUOUS
10
0.0884
20
0.7939472440944881
11
0.0873900787401575
21
0.7941253149606299
0
LINE
8
BLACK
6
CONTINUOUS
10
0.0873900787401575
20
0.7941253149606299
11
0.0858428346456693
21
0.795423622047244
0
LINE
8
BLACK
6
CONTINUOUS
10
0.0858428346456693
20
0.795423622047244
11
0.0854920866141732
21
0.7974127559055117
0
LINE
8
BLACK
6
CONTINUOUS
10
0.0854920866141732
20
0.7974127559055117
11
0.0865020078740157
21
0.7991619291338582
0
LINE
8
BLACK
6
CONTINUOUS
10
0.0865020078740157
20
0.7991619291338582
11
0.0884
21
0.7998527559055117
0
LINE
8
BLACK
6
CONTINUOUS
10
0.0884
20
0.7998527559055117
11
0.2616
21
0.7998527559055117
0
LINE
8
BLACK
6
CONTINUOUS
10
0.2616
20
0.7998527559055117
11
0.2626099212598425
21
0.7996746850393701
0
LINE
8
BLACK
6
CONTINUOUS
10
0.9435099212598425
20
1.0702746850393701
11
0.9450571653543307
21
1.0689763779527559
0
LINE
8
BLACK
6
CONTINUOUS
10
0.9450571653543307
20
1.0689763779527559
11
0.9454079133858267
21
1.0669872440944881
0
LINE
8
BLACK
6
CONTINUOUS
10
0.9454079133858267
20
1.0669872440944881
11
0.9443979921259842
21
1.0652380708661418
0
LINE
8
BLACK
6
CONTINUOUS
10
0.9443979921259842
20
1.0652380708661418
11
0.9425
21
1.0645472440944881
0
LINE
8
BLACK
6
CONTINUOUS
10
0.9425
20
1.0645472440944881
11
0.9054527559055118
21
1.0645472440944881
0
LINE
8
BLACK
6
CONTINUOUS
10
0.9054527559055118
20
1.0645472440944881
11
0.9054527559055118
21
1.0104527559055119
0
LINE
8
BLACK
6
CONTINUOUS
10
0.9054527559055118
20
1.0104527559055119
11
0.9425
21
1.0104527559055119
0
LINE
8
BLACK
6
CONTINUOUS
10
0.9425
20
1.0104527559055119
11
0.9435099212598425
21
1.01027468503937
0
LINE
8
BLACK
6
CONTINUOUS
10
0.9435099212598425
20
1.01027468503937
11
0.9450571653543307
21
1.0089763779527559
0
LINE
8
BLACK
6
CONTINUOUS
10
0.9450571653543307
20
1.0089763779527559
11
0.9454079133858267
21
1.0069872440944883
0
LINE
8
BLACK
6
CONTINUOUS
10
0.9454079133858267
20
1.0069872440944883
11
0.9443979921259842
21
1.0052380708661417
0
LINE
8
BLACK
6
CONTINUOUS
10
0.9443979921259842
20
1.0052380708661417
11
0.9425
21
1.0045472440944883
0
LINE
8
BLACK
6
CONTINUOUS
10
0.9425
20
1.0045472440944883
11
0.9025
21
1.0045472440944883
0
LINE
8
BLACK
6
CONTINUOUS
10
0.9025
20
1.0045472440944883
11
0.9021164566929134
21
1.004614842519685
0
LINE
8
BLACK
6
CONTINUOUS
10
0.9021164566929134
20
1.004614842519685
11
0.9019872440944882
21
1.0045920866141731
0
LINE
8
BLACK
6
CONTINUOUS
10
0.9019872440944882
20
1.0045920866141731
11
0.9018736220472441
21
1.0046576771653544
0
LINE
8
BLACK
6
CONTINUOUS
10
0.9018736220472441
20
1.0046576771653544
11
0.9014900787401574
21
1.0047253149606299
0
LINE
8
BLACK
6
CONTINUOUS
10
0.9014900787401574
20
1.0047253149606299
11
0.9009023622047244
21
1.0052184251968503
0
LINE
8
BLACK
6
CONTINUOUS
10
0.9009023622047244
20
1.0052184251968503
11
0.9002380708661417
21
1.0056020078740158
0
LINE
8
BLACK
6
CONTINUOUS
10
0.9002380708661417
20
1.0056020078740158
11
0.9001469291338583
21
1.0058523228346457
0
LINE
8
BLACK
6
CONTINUOUS
10
0.9001469291338583
20
1.0058523228346457
11
0.8999428346456693
21
1.006023622047244
0
LINE
8
BLACK
6
CONTINUOUS
10
0.8999428346456693
20
1.006023622047244
11
0.8998095669291338
21
1.0067791732283464
0
LINE
8
BLACK
6
CONTINUOUS
10
0.8998095669291338
20
1.0067791732283464
11
0.8995472440944882
21
1.0075000000000001
0
LINE
8
BLACK
6
CONTINUOUS
10
0.8995472440944882
20
1.0075000000000001
11
0.8995472440944882
21
1.0674999999999999
0
LINE
8
BLACK
6
CONTINUOUS
10
0.8995472440944882
20
1.0674999999999999
11
0.899614842519685
21
1.0678835039370078
0
LINE
8
BLACK
6
CONTINUOUS
10
0.899614842519685
20
1.0678835039370078
11
0.8995920866141732
21
1.0680127559055117
0
LINE
8
BLACK
6
CONTINUOUS
10
0.8995920866141732
20
1.0680127559055117
11
0.8996576771653543
21
1.0681263385826771
0
LINE
8
BLACK
6
CONTINUOUS
10
0.8996576771653543
20
1.0681263385826771
11
0.8997253149606299
21
1.0685099212598426
0
LINE
8
BLACK
6
CONTINUOUS
10
0.8997253149606299
20
1.0685099212598426
11
0.9002184251968504
21
1.0690975984251969
0
LINE
8
BLACK
6
CONTINUOUS
10
0.9002184251968504
20
1.0690975984251969
11
0.9006020078740157
21
1.0697619291338583
0
LINE
8
BLACK
6
CONTINUOUS
10
0.9006020078740157
20
1.0697619291338583
11
0.9008523228346457
21
1.069853031496063
0
LINE
8
BLACK
6
CONTINUOUS
10
0.9008523228346457
20
1.069853031496063
11
0.9010236220472441
21
1.0700571653543307
0
LINE
8
BLACK
6
CONTINUOUS
10
0.9010236220472441
20
1.0700571653543307
11
0.9017791732283464
21
1.0701903937007873
0
LINE
8
BLACK
6
CONTINUOUS
10
0.9017791732283464
20
1.0701903937007873
11
0.9025
21
1.0704527559055117
0
LINE
8
BLACK
6
CONTINUOUS
10
0.9025
20
1.0704527559055117
11
0.9425
21
1.0704527559055117
0
LINE
8
BLACK
6
CONTINUOUS
10
0.9425
20
1.0704527559055117
11
0.9435099212598425
21
1.0702746850393701
0
LINE
8
BLACK
6
CONTINUOUS
10
1.0228835039370079
20
1.0703851181102362
11
1.0230127559055118
21
1.0704079133858266
0
LINE
8
BLACK
6
CONTINUOUS
10
1.0230127559055118
20
1.0704079133858266
11
1.0231263385826772
21
1.0703422834645668
0
LINE
8
BLACK
6
CONTINUOUS
10
1.0231263385826772
20
1.0703422834645668
11
1.0235099212598424
21
1.0702746850393701
0
LINE
8
BLACK
6
CONTINUOUS
10
1.0235099212598424
20
1.0702746850393701
11
1.0240975984251968
21
1.0697815354330709
0
LINE
8
BLACK
6
CONTINUOUS
10
1.0240975984251968
20
1.0697815354330709
11
1.0247619291338583
21
1.0693979921259842
0
LINE
8
BLACK
6
CONTINUOUS
10
1.0247619291338583
20
1.0693979921259842
11
1.0248530314960629
21
1.0691476377952756
0
LINE
8
BLACK
6
CONTINUOUS
10
1.0248530314960629
20
1.0691476377952756
11
1.0250571653543308
21
1.0689763779527559
0
LINE
8
BLACK
6
CONTINUOUS
10
1.0250571653543308
20
1.0689763779527559
11
1.0251903937007874
21
1.0682207874015748
0
LINE
8
BLACK
6
CONTINUOUS
10
1.0251903937007874
20
1.0682207874015748
11
1.0254527559055118
21
1.0674999999999999
0
LINE
8
BLACK
6
CONTINUOUS
10
1.0254527559055118
20
1.0674999999999999
11
1.0254527559055118
21
1.0075000000000001
0
LINE
8
BLACK
6
CONTINUOUS
10
1.0254527559055118
20
1.0075000000000001
11
1.0253851181102362
21
1.0071164566929134
0
LINE
8
BLACK
6
CONTINUOUS
10
1.0253851181102362
20
1.0071164566929134
11
1.0254079133858267
21
1.0069872440944883
0
LINE
8
BLACK
6
CONTINUOUS
10
1.0254079133858267
20
1.0069872440944883
11
1.0253422834645669
21
1.0068736220472441
0
LINE
8
BLACK
6
CONTINUOUS
10
1.0253422834645669
20
1.0068736220472441
11
1.0252746850393701
21
1.0064900787401574
0
LINE
8
BLACK
6
CONTINUOUS
10
1.0252746850393701
20
1.0064900787401574
11
1.0247815354330709
21
1.0059023622047243
0
LINE
8
BLACK
6
CONTINUOUS
10
1.0247815354330709
20
1.0059023622047243
11
1.0243979921259843
21
1.0052380708661417
0
LINE
8
BLACK
6
CONTINUOUS
10
1.0243979921259843
20
1.0052380708661417
11
1.0241476377952756
21
1.0051469291338582
0
LINE
8
BLACK
6
CONTINUOUS
10
1.0241476377952756
20
1.0051469291338582
11
1.023976377952756
21
1.0049428346456692
0
LINE
8
BLACK
6
CONTINUOUS
10
1.023976377952756
20
1.0049428346456692
11
1.0232207874015748
21
1.0048095669291339
0
LINE
8
BLACK
6
CONTINUOUS
10
1.0232207874015748
20
1.0048095669291339
11
1.0225
21
1.0045472440944883
0
LINE
8
BLACK
6
CONTINUOUS
10
1.0225
20
1.0045472440944883
11
0.9824999999999999
21
1.0045472440944883
0
LINE
8
BLACK
6
CONTINUOUS
10
0.9824999999999999
20
1.0045472440944883
11
0.9814900787401575
21
1.0047253149606299
0
LINE
8
BLACK
6
CONTINUOUS
10
0.9814900787401575
20
1.0047253149606299
11
0.9799428346456692
21
1.006023622047244
0
LINE
8
BLACK
6
CONTINUOUS
10
0.9799428346456692
20
1.006023622047244
11
0.9795920866141732
21
1.0080127559055119
0
LINE
8
BLACK
6
CONTINUOUS
10
0.9795920866141732
20
1.0080127559055119
11
0.9806020078740157
21
1.0097619291338582
0
LINE
8
BLACK
6
CONTINUOUS
10
0.9806020078740157
20
1.0097619291338582
11
0.9824999999999999
21
1.0104527559055119
0
LINE
8
BLACK
6
CONTINUOUS
10
0.9824999999999999
20
1.0104527559055119
11
1.0195472440944882
21
1.0104527559055119
0
LINE
8
BLACK
6
CONTINUOUS
10
1.0195472440944882
20
1.0104527559055119
11
1.0195472440944882
21
1.0645472440944881
0
LINE
8
BLACK
6
CONTINUOUS
10
1.0195472440944882
20
1.0645472440944881
11
0.9824999999999999
21
1.0645472440944881
0
LINE
8
BLACK
6
CONTINUOUS
10
0.9824999999999999
20
1.0645472440944881
11
0.9814900787401575
21
1.0647253149606299
0
LINE
8
BLACK
6
CONTINUOUS
10
0.9814900787401575
20
1.0647253149606299
11
0.9799428346456692
21
1.0660236220472441
0
LINE
8
BLACK
6
CONTINUOUS
10
0.9799428346456692
20
1.0660236220472441
11
0.9795920866141732
21
1.0680127559055117
0
LINE
8
BLACK
6
CONTINUOUS
10
0.9795920866141732
20
1.0680127559055117
11
0.9806020078740157
21
1.0697619291338583
0
LINE
8
BLACK
6
CONTINUOUS
10
0.9806020078740157
20
1.0697619291338583
11
0.9824999999999999
21
1.0704527559055117
0
LINE
8
BLACK
6
CONTINUOUS
10
0.9824999999999999
20
1.0704527559055117
11
1.0225
21
1.0704527559055117
0
LINE
8
BLACK
6
CONTINUOUS
10
1.0225
20
1.0704527559055117
11
1.0228835039370079
21
1.0703851181102362
0
LINE
8
BLACK
6
CONTINUOUS
10
0.9529226377952755
20
1.0348302755905512
11
0.9535523622047244
21
1.03331
0
LINE
8
BLACK
6
CONTINUOUS
10
0.9535523622047244
20
1.03331
11
0.9535523622047244
21
1.0136099999999999
0
LINE
8
BLACK
6
CONTINUOUS
10
0.9535523622047244
20
1.0136099999999999
11
0.9529226377952755
21
1.0120897244094489
0
LINE
8
BLACK
6
CONTINUOUS
10
0.9529226377952755
20
1.0120897244094489
11
0.9514023622047244
21
1.01146
0
LINE
8
BLACK
6
CONTINUOUS
10
0.9514023622047244
20
1.01146
11
0.9498820866141732
21
1.0120897244094489
0
LINE
8
BLACK
6
CONTINUOUS
10
0.9498820866141732
20
1.0120897244094489
11
0.9492523622047244
21
1.0136099999999999
0
LINE
8
BLACK
6
CONTINUOUS
10
0.9492523622047244
20
1.0136099999999999
11
0.9492523622047244
21
1.0171663385826772
0
LINE
8
BLACK
6
CONTINUOUS
10
0.9492523622047244
20
1.0171663385826772
11
0.9456175984251969
21
1.0123199999999999
0
LINE
8
BLACK
6
CONTINUOUS
10
0.9456175984251969
20
1.0123199999999999
11
0.9442016535433071
21
1.0114816141732283
0
LINE
8
BLACK
6
CONTINUOUS
10
0.9442016535433071
20
1.0114816141732283
11
0.9426075984251968
21
1.01189
0
LINE
8
BLACK
6
CONTINUOUS
10
0.9426075984251968
20
1.01189
11
0.9417692125984252
21
1.0133059448818897
0
LINE
8
BLACK
6
CONTINUOUS
10
0.9417692125984252
20
1.0133059448818897
11
0.9421775984251969
21
1.0148999999999999
0
LINE
8
BLACK
6
CONTINUOUS
10
0.9421775984251969
20
1.0148999999999999
11
0.9466873622047244
21
1.0209129921259843
0
LINE
8
BLACK
6
CONTINUOUS
10
0.9466873622047244
20
1.0209129921259843
11
0.9423773228346457
21
1.0252230708661416
0
LINE
8
BLACK
6
CONTINUOUS
10
0.9423773228346457
20
1.0252230708661416
11
0.9417475984251968
21
1.0267433464566929
0
LINE
8
BLACK
6
CONTINUOUS
10
0.9417475984251968
20
1.0267433464566929
11
0.9423773228346457
21
1.0282636220472441
0
LINE
8
BLACK
6
CONTINUOUS
10
0.9423773228346457
20
1.0282636220472441
11
0.9438975984251968
21
1.0288933464566929
0
LINE
8
BLACK
6
CONTINUOUS
10
0.9438975984251968
20
1.0288933464566929
11
0.9454178740157481
21
1.0282636220472441
0
LINE
8
BLACK
6
CONTINUOUS
10
0.9454178740157481
20
1.0282636220472441
11
0.9492523622047244
21
1.0244291338582676
0
LINE
8
BLACK
6
CONTINUOUS
10
0.9492523622047244
20
1.0244291338582676
11
0.9492523622047244
21
1.03331
0
LINE
8
BLACK
6
CONTINUOUS
10
0.9492523622047244
20
1.03331
11
0.9498820866141732
21
1.0348302755905512
0
LINE
8
BLACK
6
CONTINUOUS
10
0.9498820866141732
20
1.0348302755905512
11
0.9514023622047244
21
1.03546
0
LINE
8
BLACK
6
CONTINUOUS
10
0.9514023622047244
20
1.03546
11
0.9529226377952755
21
1.0348302755905512
0
LINE
8
BLACK
6
CONTINUOUS
10
0.9656783070866142
20
1.0353752755905512
11
0.9658954330708661
21
1.0354182283464566
0
LINE
8
BLACK
6
CONTINUOUS
10
0.9658954330708661
20
1.0354182283464566
11
0.9664155511811023
21
1.0350698818897637
0
LINE
8
BLACK
6
CONTINUOUS
10
0.9664155511811023
20
1.0350698818897637
11
0.9669940551181102
21
1.0348302755905512
0
LINE
8
BLACK
6
CONTINUOUS
10
0.9669940551181102
20
1.0348302755905512
11
0.9670787401574803
21
1.034625748031496
0
LINE
8
BLACK
6
CONTINUOUS
10
0.9670787401574803
20
1.034625748031496
11
0.9672626771653543
21
1.0345025984251968
0
LINE
8
BLACK
6
CONTINUOUS
10
0.9672626771653543
20
1.0345025984251968
11
0.9690208267716536
21
1.0318653937007873
0
LINE
8
BLACK
6
CONTINUOUS
10
0.9690208267716536
20
1.0318653937007873
11
0.9704997244094488
21
1.030386496062992
0
LINE
8
BLACK
6
CONTINUOUS
10
0.9704997244094488
20
1.030386496062992
11
0.9720638976377952
21
1.0296044488188976
0
LINE
8
BLACK
6
CONTINUOUS
10
0.9720638976377952
20
1.0296044488188976
11
0.9731420078740157
21
1.0283612992125983
0
LINE
8
BLACK
6
CONTINUOUS
10
0.9731420078740157
20
1.0283612992125983
11
0.9730253543307087
21
1.0267198818897638
0
LINE
8
BLACK
6
CONTINUOUS
10
0.9730253543307087
20
1.0267198818897638
11
0.9717822440944882
21
1.0256417322834646
0
LINE
8
BLACK
6
CONTINUOUS
10
0.9717822440944882
20
1.0256417322834646
11
0.9701408267716535
21
1.0257584251968503
0
LINE
8
BLACK
6
CONTINUOUS
10
0.9701408267716535
20
1.0257584251968503
11
0.9682646456692913
21
1.0266965354330708
0
LINE
8
BLACK
6
CONTINUOUS
10
0.9682646456692913
20
1.0266965354330708
11
0.9680327952755905
21
1.0269638188976378
0
LINE
8
BLACK
6
CONTINUOUS
10
0.9680327952755905
20
1.0269638188976378
11
0.967705905511811
21
1.0270992519685038
0
LINE
8
BLACK
6
CONTINUOUS
10
0.967705905511811
20
1.0270992519685038
11
0.9676237795275591
21
1.0271813779527559
0
LINE
8
BLACK
6
CONTINUOUS
10
0.9676237795275591
20
1.0271813779527559
11
0.9676237795275591
21
1.01576
0
LINE
8
BLACK
6
CONTINUOUS
10
0.9676237795275591
20
1.01576
11
0.9711023622047243
21
1.01576
0
LINE
8
BLACK
6
CONTINUOUS
10
0.9711023622047243
20
1.01576
11
0.9726226377952756
21
1.0151302755905511
0
LINE
8
BLACK
6
CONTINUOUS
10
0.9726226377952756
20
1.0151302755905511
11
0.9732523622047244
21
1.0136099999999999
0
LINE
8
BLACK
6
CONTINUOUS
10
0.9732523622047244
20
1.0136099999999999
11
0.9726226377952756
21
1.0120897244094489
0
LINE
8
BLACK
6
CONTINUOUS
10
0.9726226377952756
20
1.0120897244094489
11
0.9711023622047243
21
1.01146
0
LINE
8
BLACK
6
CONTINUOUS
10
0.9711023622047243
20
1.01146
11
0.9654737795275591
21
1.01146
0
LINE
8
BLACK
6
CONTINUOUS
10
0.9654737795275591
20
1.01146
11
0.9598452362204725
21
1.01146
0
LINE
8
BLACK
6
CONTINUOUS
10
0.9598452362204725
20
1.01146
11
0.9583249606299212
21
1.0120897244094489
0
LINE
8
BLACK
6
CONTINUOUS
10
0.9583249606299212
20
1.0120897244094489
11
0.9576952362204724
21
1.0136099999999999
0
LINE
8
BLACK
6
CONTINUOUS
10
0.9576952362204724
20
1.0136099999999999
11
0.9583249606299212
21
1.0151302755905511
0
LINE
8
BLACK
6
CONTINUOUS
10
0.9583249606299212
20
1.0151302755905511
11
0.9598452362204725
21
1.01576
0
LINE
8
BLACK
6
CONTINUOUS
10
0.9598452362204725
20
1.01576
11
0.963323779527559
21
1.01576
0
LINE
8
BLACK
6
CONTINUOUS
10
0.963323779527559
20
1.01576
11
0.963323779527559
21
1.03331
0
LINE
8
BLACK
6
CONTINUOUS
10
0.963323779527559
20
1.03331
11
0.9634084645669291
21
1.0335145275590552
0
LINE
8
BLACK
6
CONTINUOUS
10
0.9634084645669291
20
1.0335145275590552
11
0.9633655511811023
21
1.033731653543307
0
LINE
8
BLACK
6
CONTINUOUS
10
0.9633655511811023
20
1.033731653543307
11
0.9637138582677165
21
1.0342517716535433
0
LINE
8
BLACK
6
CONTINUOUS
10
0.9637138582677165
20
1.0342517716535433
11
0.9639535039370078
21
1.0348302755905512
0
LINE
8
BLACK
6
CONTINUOUS
10
0.9639535039370078
20
1.0348302755905512
11
0.9641579921259842
21
1.0349149606299213
0
LINE
8
BLACK
6
CONTINUOUS
10
0.9641579921259842
20
1.0349149606299213
11
0.9642811811023622
21
1.0350988976377953
0
LINE
8
BLACK
6
CONTINUOUS
10
0.9642811811023622
20
1.0350988976377953
11
0.9648952755905511
21
1.0352203543307086
0
LINE
8
BLACK
6
CONTINUOUS
10
0.9648952755905511
20
1.0352203543307086
11
0.9654737795275591
21
1.03546
0
LINE
8
BLACK
6
CONTINUOUS
10
0.9654737795275591
20
1.03546
11
0.9656783070866142
21
1.0353752755905512
0
LINE
8
BLACK
6
CONTINUOUS
10
0.9531122834645669
20
1.0627684645669291
11
0.9536114566929134
21
1.062733031496063
0
LINE
8
BLACK
6
CONTINUOUS
10
0.9536114566929134
20
1.062733031496063
11
0.9554876771653543
21
1.0617949212598425
0
LINE
8
BLACK
6
CONTINUOUS
10
0.9554876771653543
20
1.0617949212598425
11
0.9557195275590551
21
1.0615275590551181
0
LINE
8
BLACK
6
CONTINUOUS
10
0.9557195275590551
20
1.0615275590551181
11
0.9560464566929133
21
1.0613921653543308
0
LINE
8
BLACK
6
CONTINUOUS
10
0.9560464566929133
20
1.0613921653543308
11
0.9569845275590551
21
1.0604540944881891
0
LINE
8
BLACK
6
CONTINUOUS
10
0.9569845275590551
20
1.0604540944881891
11
0.9570692125984251
21
1.0602495669291339
0
LINE
8
BLACK
6
CONTINUOUS
10
0.9570692125984251
20
1.0602495669291339
11
0.9572531496062991
21
1.0601264173228346
0
LINE
8
BLACK
6
CONTINUOUS
10
0.9572531496062991
20
1.0601264173228346
11
0.9591293700787401
21
1.0573121259842519
0
LINE
8
BLACK
6
CONTINUOUS
10
0.9591293700787401
20
1.0573121259842519
11
0.9592023622047244
21
1.0569430708661418
0
LINE
8
BLACK
6
CONTINUOUS
10
0.9592023622047244
20
1.0569430708661418
11
0.959426220472441
21
1.0566409842519684
0
LINE
8
BLACK
6
CONTINUOUS
10
0.959426220472441
20
1.0566409842519684
11
0.9603643307086613
21
1.0528885826771652
0
LINE
8
BLACK
6
CONTINUOUS
10
0.9603643307086613
20
1.0528885826771652
11
0.9603242125984252
21
1.0526189763779528
0
LINE
8
BLACK
6
CONTINUOUS
10
0.9603242125984252
20
1.0526189763779528
11
0.9604285433070866
21
1.052367125984252
0
LINE
8
BLACK
6
CONTINUOUS
10
0.9604285433070866
20
1.052367125984252
11
0.9604285433070866
21
1.0448623622047244
0
LINE
8
BLACK
6
CONTINUOUS
10
0.9604285433070866
20
1.0448623622047244
11
0.9602370078740158
21
1.0443999606299212
0
LINE
8
BLACK
6
CONTINUOUS
10
0.9602370078740158
20
1.0443999606299212
11
0.9602015354330709
21
1.0439008267716534
0
LINE
8
BLACK
6
CONTINUOUS
10
0.9602015354330709
20
1.0439008267716534
11
0.9592634251968504
21
1.0420246456692912
0
LINE
8
BLACK
6
CONTINUOUS
10
0.9592634251968504
20
1.0420246456692912
11
0.9589961023622047
21
1.0417927952755905
0
LINE
8
BLACK
6
CONTINUOUS
10
0.9589961023622047
20
1.0417927952755905
11
0.9588607086614173
21
1.041465905511811
0
LINE
8
BLACK
6
CONTINUOUS
10
0.9588607086614173
20
1.041465905511811
11
0.9579226377952755
21
1.0405278346456692
0
LINE
8
BLACK
6
CONTINUOUS
10
0.9579226377952755
20
1.0405278346456692
11
0.9575957480314961
21
1.0403924015748032
0
LINE
8
BLACK
6
CONTINUOUS
10
0.9575957480314961
20
1.0403924015748032
11
0.9573638976377953
21
1.0401250787401575
0
LINE
8
BLACK
6
CONTINUOUS
10
0.9573638976377953
20
1.0401250787401575
11
0.9554877165354331
21
1.0391870078740157
0
LINE
8
BLACK
6
CONTINUOUS
10
0.9554877165354331
20
1.0391870078740157
11
0.9549885433070866
21
1.0391514960629922
0
LINE
8
BLACK
6
CONTINUOUS
10
0.9549885433070866
20
1.0391514960629922
11
0.9545261811023622
21
1.0389599999999999
0
LINE
8
BLACK
6
CONTINUOUS
10
0.9545261811023622
20
1.0389599999999999
11
0.950773779527559
21
1.0389599999999999
0
LINE
8
BLACK
6
CONTINUOUS
10
0.950773779527559
20
1.0389599999999999
11
0.9503113779527559
21
1.0391514960629922
0
LINE
8
BLACK
6
CONTINUOUS
10
0.9503113779527559
20
1.0391514960629922
11
0.9498122440944882
21
1.0391870078740157
0
LINE
8
BLACK
6
CONTINUOUS
10
0.9498122440944882
20
1.0391870078740157
11
0.947936062992126
21
1.0401251181102362
0
LINE
8
BLACK
6
CONTINUOUS
10
0.947936062992126
20
1.0401251181102362
11
0.9477042125984252
21
1.0403924015748032
0
LINE
8
BLACK
6
CONTINUOUS
10
0.9477042125984252
20
1.0403924015748032
11
0.9473773622047243
21
1.0405277952755905
0
LINE
8
BLACK
6
CONTINUOUS
10
0.9473773622047243
20
1.0405277952755905
11
0.9464392519685039
21
1.0414658661417322
0
LINE
8
BLACK
6
CONTINUOUS
10
0.9464392519685039
20
1.0414658661417322
11
0.9463038188976378
21
1.0417927952755905
0
LINE
8
BLACK
6
CONTINUOUS
10
0.9463038188976378
20
1.0417927952755905
11
0.9460364566929134
21
1.04202468503937
0
LINE
8
BLACK
6
CONTINUOUS
10
0.9460364566929134
20
1.04202468503937
11
0.9450983858267716
21
1.0439008661417322
0
LINE
8
BLACK
6
CONTINUOUS
10
0.9450983858267716
20
1.0439008661417322
11
0.9450629133858267
21
1.0444
0
LINE
8
BLACK
6
CONTINUOUS
10
0.9450629133858267
20
1.0444
11
0.9448714173228346
21
1.0448623622047244
0
LINE
8
BLACK
6
CONTINUOUS
10
0.9448714173228346
20
1.0448623622047244
11
0.9448714173228346
21
1.0495528346456693
0
LINE
8
BLACK
6
CONTINUOUS
10
0.9448714173228346
20
1.0495528346456693
11
0.9450629133858267
21
1.0500151574803149
0
LINE
8
BLACK
6
CONTINUOUS
10
0.9450629133858267
20
1.0500151574803149
11
0.9450983858267716
21
1.0505143307086613
0
LINE
8
BLACK
6
CONTINUOUS
10
0.9450983858267716
20
1.0505143307086613
11
0.9460364566929134
21
1.0523905511811023
0
LINE
8
BLACK
6
CONTINUOUS
10
0.9460364566929134
20
1.0523905511811023
11
0.9463038188976378
21
1.0526224409448819
0
LINE
8
BLACK
6
CONTINUOUS
10
0.9463038188976378
20
1.0526224409448819
11
0.9464392519685039
21
1.0529493700787402
0
LINE
8
BLACK
6
CONTINUOUS
10
0.9464392519685039
20
1.0529493700787402
11
0.9473773622047243
21
1.053887440944882
0
LINE
8
BLACK
6
CONTINUOUS
10
0.9473773622047243
20
1.053887440944882
11
0.9477042125984252
21
1.0540227952755905
0
LINE
8
BLACK
6
CONTINUOUS
10
0.9477042125984252
20
1.0540227952755905
11
0.947936062992126
21
1.0542901181102362
0
LINE
8
BLACK
6
CONTINUOUS
10
0.947936062992126
20
1.0542901181102362
11
0.9498122440944882
21
1.0552282283464567
0
LINE
8
BLACK
6
CONTINUOUS
10
0.9498122440944882
20
1.0552282283464567
11
0.9503113779527559
21
1.0552637007874015
0
LINE
8
BLACK
6
CONTINUOUS
10
0.9503113779527559
20
1.0552637007874015
11
0.950773779527559
21
1.0554552362204723
0
LINE
8
BLACK
6
CONTINUOUS
10
0.950773779527559
20
1.0554552362204723
11
0.9545261811023622
21
1.0554552362204723
0
LINE
8
BLACK
6
CONTINUOUS
10
0.9545261811023622
20
1.0554552362204723
11
0.9549885433070866
21
1.0552637007874015
0
LINE
8
BLACK
6
CONTINUOUS
10
0.9549885433070866
20
1.0552637007874015
11
0.9553438188976378
21
1.0552384251968503
0
LINE
8
BLACK
6
CONTINUOUS
10
0.9553438188976378
20
1.0552384251968503
11
0.9537934251968504
21
1.0575640551181102
0
LINE
8
BLACK
6
CONTINUOUS
10
0.9537934251968504
20
1.0575640551181102
11
0.9532526377952756
21
1.0581048818897638
0
LINE
8
BLACK
6
CONTINUOUS
10
0.9532526377952756
20
1.0581048818897638
11
0.9521424015748031
21
1.0586599999999999
0
LINE
8
BLACK
6
CONTINUOUS
10
0.9521424015748031
20
1.0586599999999999
11
0.9488975984251968
21
1.0586599999999999
0
LINE
8
BLACK
6
CONTINUOUS
10
0.9488975984251968
20
1.0586599999999999
11
0.9473773228346456
21
1.0592897244094488
0
LINE
8
BLACK
6
CONTINUOUS
10
0.9473773228346456
20
1.0592897244094488
11
0.9467475984251968
21
1.06081
0
LINE
8
BLACK
6
CONTINUOUS
10
0.9467475984251968
20
1.06081
11
0.9473773228346456
21
1.0623302755905513
0
LINE
8
BLACK
6
CONTINUOUS
10
0.9473773228346456
20
1.0623302755905513
11
0.9488975984251968
21
1.0629599999999999
0
LINE
8
BLACK
6
CONTINUOUS
10
0.9488975984251968
20
1.0629599999999999
11
0.9526499606299212
21
1.0629599999999999
0
LINE
8
BLACK
6
CONTINUOUS
10
0.9526499606299212
20
1.0629599999999999
11
0.9531122834645669
21
1.0627684645669291
0
LINE
8
BLACK
6
CONTINUOUS
10
0.9501711417322835
20
1.0506001181102362
11
0.9497264566929133
21
1.0501554330708662
0
LINE
8
BLACK
6
CONTINUOUS
10
0.9497264566929133
20
1.0501554330708662
11
0.9491714173228346
21
1.0490452755905511
0
LINE
8
BLACK
6
CONTINUOUS
10
0.9491714173228346
20
1.0490452755905511
11
0.9491714173228346
21
1.0453698818897637
0
LINE
8
BLACK
6
CONTINUOUS
10
0.9491714173228346
20
1.0453698818897637
11
0.9497264566929133
21
1.0442597244094487
0
LINE
8
BLACK
6
CONTINUOUS
10
0.9497264566929133
20
1.0442597244094487
11
0.9501711417322835
21
1.0438150787401574
0
LINE
8
BLACK
6
CONTINUOUS
10
0.9501711417322835
20
1.0438150787401574
11
0.9512813779527559
21
1.0432600000000001
0
LINE
8
BLACK
6
CONTINUOUS
10
0.9512813779527559
20
1.0432600000000001
11
0.9540186614173228
21
1.0432600000000001
0
LINE
8
BLACK
6
CONTINUOUS
10
0.9540186614173228
20
1.0432600000000001
11
0.9551287401574803
21
1.0438150393700787
0
LINE
8
BLACK
6
CONTINUOUS
10
0.9551287401574803
20
1.0438150393700787
11
0.9555734251968504
21
1.0442597244094487
0
LINE
8
BLACK
6
CONTINUOUS
10
0.9555734251968504
20
1.0442597244094487
11
0.9561285433070866
21
1.0453699212598424
0
LINE
8
BLACK
6
CONTINUOUS
10
0.9561285433070866
20
1.0453699212598424
11
0.9561285433070866
21
1.0490452755905511
0
LINE
8
BLACK
6
CONTINUOUS
10
0.9561285433070866
20
1.0490452755905511
11
0.9555734251968504
21
1.0501555118110235
0
LINE
8
BLACK
6
CONTINUOUS
10
0.9555734251968504
20
1.0501555118110235
11
0.9551287401574803
21
1.050600157480315
0
LINE
8
BLACK
6
CONTINUOUS
10
0.9551287401574803
20
1.050600157480315
11
0.9540186614173228
21
1.0511552362204724
0
LINE
8
BLACK
6
CONTINUOUS
10
0.9540186614173228
20
1.0511552362204724
11
0.9512813779527559
21
1.0511552362204724
0
LINE
8
BLACK
6
CONTINUOUS
10
0.9512813779527559
20
1.0511552362204724
11
0.9501711417322835
21
1.0506001181102362
0
LINE
8
BLACK
6
CONTINUOUS
10
0.9785607086614173
20
1.0623302755905513
11
0.9791904330708662
21
1.06081
0
LINE
8
BLACK
6
CONTINUOUS
10
0.9791904330708662
20
1.06081
11
0.9791904330708662
21
1.04111
0
LINE
8
BLACK
6
CONTINUOUS
10
0.9791904330708662
20
1.04111
11
0.9785607086614173
21
1.0395897244094487
0
LINE
8
BLACK
6
CONTINUOUS
10
0.9785607086614173
20
1.0395897244094487
11
0.9770404330708661
21
1.0389599999999999
0
LINE
8
BLACK
6
CONTINUOUS
10
0.9770404330708661
20
1.0389599999999999
11
0.975520157480315
21
1.0395897244094487
0
LINE
8
BLACK
6
CONTINUOUS
10
0.975520157480315
20
1.0395897244094487
11
0.9748904330708661
21
1.04111
0
LINE
8
BLACK
6
CONTINUOUS
10
0.9748904330708661
20
1.04111
11
0.9748904330708661
21
1.0483409448818897
0
LINE
8
BLACK
6
CONTINUOUS
10
0.9748904330708661
20
1.0483409448818897
11
0.9734693700787401
21
1.0483409448818897
0
LINE
8
BLACK
6
CONTINUOUS
10
0.9734693700787401
20
1.0483409448818897
11
0.9675446456692913
21
1.0398770472440944
0
LINE
8
BLACK
6
CONTINUOUS
10
0.9675446456692913
20
1.0398770472440944
11
0.9661569291338582
21
1.0389927165354331
0
LINE
8
BLACK
6
CONTINUOUS
10
0.9661569291338582
20
1.0389927165354331
11
0.9645503543307087
21
1.0393486614173228
0
LINE
8
BLACK
6
CONTINUOUS
10
0.9645503543307087
20
1.0393486614173228
11
0.9636660236220472
21
1.0407363779527559
0
LINE
8
BLACK
6
CONTINUOUS
10
0.9636660236220472
20
1.0407363779527559
11
0.964021968503937
21
1.0423429527559054
0
LINE
8
BLACK
6
CONTINUOUS
10
0.964021968503937
20
1.0423429527559054
11
0.9684299212598425
21
1.0486400393700788
0
LINE
8
BLACK
6
CONTINUOUS
10
0.9684299212598425
20
1.0486400393700788
11
0.9666979527559055
21
1.049506062992126
0
LINE
8
BLACK
6
CONTINUOUS
10
0.9666979527559055
20
1.049506062992126
11
0.9664661023622046
21
1.049773346456693
0
LINE
8
BLACK
6
CONTINUOUS
10
0.9664661023622046
20
1.049773346456693
11
0.9661392125984252
21
1.049908779527559
0
LINE
8
BLACK
6
CONTINUOUS
10
0.9661392125984252
20
1.049908779527559
11
0.9652011417322834
21
1.0508468503937007
0
LINE
8
BLACK
6
CONTINUOUS
10
0.9652011417322834
20
1.0508468503937007
11
0.9650657086614173
21
1.0511737401574803
0
LINE
8
BLACK
6
CONTINUOUS
10
0.9650657086614173
20
1.0511737401574803
11
0.9647983858267716
21
1.0514056299212597
0
LINE
8
BLACK
6
CONTINUOUS
10
0.9647983858267716
20
1.0514056299212597
11
0.9638602755905512
21
1.0532818503937007
0
LINE
8
BLACK
6
CONTINUOUS
10
0.9638602755905512
20
1.0532818503937007
11
0.9638248031496063
21
1.0537809842519685
0
LINE
8
BLACK
6
CONTINUOUS
10
0.9638248031496063
20
1.0537809842519685
11
0.9636333070866141
21
1.0542433464566929
0
LINE
8
BLACK
6
CONTINUOUS
10
0.9636333070866141
20
1.0542433464566929
11
0.9636333070866141
21
1.0570575984251969
0
LINE
8
BLACK
6
CONTINUOUS
10
0.9636333070866141
20
1.0570575984251969
11
0.9638248031496063
21
1.0575199212598425
0
LINE
8
BLACK
6
CONTINUOUS
10
0.9638248031496063
20
1.0575199212598425
11
0.9638602755905512
21
1.0580190944881889
0
LINE
8
BLACK
6
CONTINUOUS
10
0.9638602755905512
20
1.0580190944881889
11
0.9647983858267716
21
1.0598953149606298
0
LINE
8
BLACK
6
CONTINUOUS
10
0.9647983858267716
20
1.0598953149606298
11
0.9650657086614173
21
1.0601271653543307
0
LINE
8
BLACK
6
CONTINUOUS
10
0.9650657086614173
20
1.0601271653543307
11
0.9652011417322834
21
1.0604540944881891
0
LINE
8
BLACK
6
CONTINUOUS
10
0.9652011417322834
20
1.0604540944881891
11
0.9661392125984252
21
1.0613921653543308
0
LINE
8
BLACK
6
CONTINUOUS
10
0.9661392125984252
20
1.0613921653543308
11
0.9664661023622046
21
1.0615275590551181
0
LINE
8
BLACK
6
CONTINUOUS
10
0.9664661023622046
20
1.0615275590551181
11
0.9666979527559055
21
1.0617948818897638
0
LINE
8
BLACK
6
CONTINUOUS
10
0.9666979527559055
20
1.0617948818897638
11
0.9685741338582677
21
1.0627329921259843
0
LINE
8
BLACK
6
CONTINUOUS
10
0.9685741338582677
20
1.0627329921259843
11
0.9690732677165355
21
1.0627684645669291
0
LINE
8
BLACK
6
CONTINUOUS
10
0.9690732677165355
20
1.0627684645669291
11
0.9695356692913386
21
1.0629599999999999
0
LINE
8
BLACK
6
CONTINUOUS
10
0.9695356692913386
20
1.0629599999999999
11
0.9770404330708661
21
1.0629599999999999
0
LINE
8
BLACK
6
CONTINUOUS
10
0.9770404330708661
20
1.0629599999999999
11
0.9785607086614173
21
1.0623302755905513
0
LINE
8
BLACK
6
CONTINUOUS
10
0.968933031496063
20
1.0581048818897638
11
0.9684884251968504
21
1.0576602755905511
0
LINE
8
BLACK
6
CONTINUOUS
10
0.9684884251968504
20
1.0576602755905511
11
0.9679333070866142
21
1.0565500393700786
0
LINE
8
BLACK
6
CONTINUOUS
10
0.9679333070866142
20
1.0565500393700786
11
0.9679333070866142
21
1.0547509055118109
0
LINE
8
BLACK
6
CONTINUOUS
10
0.9679333070866142
20
1.0547509055118109
11
0.9684884251968504
21
1.0536406692913385
0
LINE
8
BLACK
6
CONTINUOUS
10
0.9684884251968504
20
1.0536406692913385
11
0.968933031496063
21
1.0531960236220472
0
LINE
8
BLACK
6
CONTINUOUS
10
0.968933031496063
20
1.0531960236220472
11
0.9700432677165354
21
1.0526409448818896
0
LINE
8
BLACK
6
CONTINUOUS
10
0.9700432677165354
20
1.0526409448818896
11
0.9748904330708661
21
1.0526409448818896
0
LINE
8
BLACK
6
CONTINUOUS
10
0.9748904330708661
20
1.0526409448818896
11
0.9748904330708661
21
1.0586599999999999
0
LINE
8
BLACK
6
CONTINUOUS
10
0.9748904330708661
20
1.0586599999999999
11
0.9700432677165354
21
1.0586599999999999
0
LINE
8
BLACK
6
CONTINUOUS
10
0.9700432677165354
20
1.0586599999999999
11
0.968933031496063
21
1.0581048818897638
0
LINE
8
BLACK
6
CONTINUOUS
10
1.1072619291338583
20
1.1318979921259842
11
1.1079527559055118
21
1.1299999999999999
0
LINE
8
BLACK
6
CONTINUOUS
10
1.1079527559055118
20
1.1299999999999999
11
1.1079527559055118
21
1.0900000000000001
0
LINE
8
BLACK
6
CONTINUOUS
10
1.1079527559055118
20
1.0900000000000001
11
1.1078851181102363
21
1.0896164566929134
0
LINE
8
BLACK
6
CONTINUOUS
10
1.1078851181102363
20
1.0896164566929134
11
1.1079079133858267
21
1.0894872440944883
0
LINE
8
BLACK
6
CONTINUOUS
10
1.1079079133858267
20
1.0894872440944883
11
1.1078422834645669
21
1.0893736220472441
0
LINE
8
BLACK
6
CONTINUOUS
10
1.1078422834645669
20
1.0893736220472441
11
1.1077746850393702
21
1.0889900787401574
0
LINE
8
BLACK
6
CONTINUOUS
10
1.1077746850393702
20
1.0889900787401574
11
1.107281535433071
21
1.0884023622047243
0
LINE
8
BLACK
6
CONTINUOUS
10
1.107281535433071
20
1.0884023622047243
11
1.1068979921259843
21
1.0877380708661417
0
LINE
8
BLACK
6
CONTINUOUS
10
1.1068979921259843
20
1.0877380708661417
11
1.1066476377952756
21
1.0876469291338582
0
LINE
8
BLACK
6
CONTINUOUS
10
1.1066476377952756
20
1.0876469291338582
11
1.1064763779527558
21
1.0874428346456693
0
LINE
8
BLACK
6
CONTINUOUS
10
1.1064763779527558
20
1.0874428346456693
11
1.1057207874015749
21
1.0873095669291339
0
LINE
8
BLACK
6
CONTINUOUS
10
1.1057207874015749
20
1.0873095669291339
11
1.105
21
1.0870472440944883
0
LINE
8
BLACK
6
CONTINUOUS
10
1.105
20
1.0870472440944883
11
1.0449999999999999
21
1.0870472440944883
0
LINE
8
BLACK
6
CONTINUOUS
10
1.0449999999999999
20
1.0870472440944883
11
1.0446164566929133
21
1.087114842519685
0
LINE
8
BLACK
6
CONTINUOUS
10
1.0446164566929133
20
1.087114842519685
11
1.0444872440944881
21
1.0870920866141731
0
LINE
8
BLACK
6
CONTINUOUS
10
1.0444872440944881
20
1.0870920866141731
11
1.0443736220472442
21
1.0871576771653544
0
LINE
8
BLACK
6
CONTINUOUS
10
1.0443736220472442
20
1.0871576771653544
11
1.0439900787401575
21
1.0872253149606299
0
LINE
8
BLACK
6
CONTINUOUS
10
1.0439900787401575
20
1.0872253149606299
11
1.0434023622047244
21
1.0877184251968504
0
LINE
8
BLACK
6
CONTINUOUS
10
1.0434023622047244
20
1.0877184251968504
11
1.0427380708661418
21
1.0881020078740158
0
LINE
8
BLACK
6
CONTINUOUS
10
1.0427380708661418
20
1.0881020078740158
11
1.0426469291338583
21
1.0883523228346457
0
LINE
8
BLACK
6
CONTINUOUS
10
1.0426469291338583
20
1.0883523228346457
11
1.0424428346456693
21
1.0885236220472441
0
LINE
8
BLACK
6
CONTINUOUS
10
1.0424428346456693
20
1.0885236220472441
11
1.0423095669291338
21
1.0892791732283464
0
LINE
8
BLACK
6
CONTINUOUS
10
1.0423095669291338
20
1.0892791732283464
11
1.0420472440944881
21
1.0900000000000001
0
LINE
8
BLACK
6
CONTINUOUS
10
1.0420472440944881
20
1.0900000000000001
11
1.0420472440944881
21
1.1299999999999999
0
LINE
8
BLACK
6
CONTINUOUS
10
1.0420472440944881
20
1.1299999999999999
11
1.04222531496063
21
1.1310099212598426
0
LINE
8
BLACK
6
CONTINUOUS
10
1.04222531496063
20
1.1310099212598426
11
1.0435236220472441
21
1.1325571653543307
0
LINE
8
BLACK
6
CONTINUOUS
10
1.0435236220472441
20
1.1325571653543307
11
1.0455127559055117
21
1.1329079133858266
0
LINE
8
BLACK
6
CONTINUOUS
10
1.0455127559055117
20
1.1329079133858266
11
1.0472619291338583
21
1.1318979921259842
0
LINE
8
BLACK
6
CONTINUOUS
10
1.0472619291338583
20
1.1318979921259842
11
1.0479527559055117
21
1.1299999999999999
0
LINE
8
BLACK
6
CONTINUOUS
10
1.0479527559055117
20
1.1299999999999999
11
1.0479527559055117
21
1.0929527559055119
0
LINE
8
BLACK
6
CONTINUOUS
10
1.0479527559055117
20
1.0929527559055119
11
1.1020472440944882
21
1.0929527559055119
0
LINE
8
BLACK
6
CONTINUOUS
10
1.1020472440944882
20
1.0929527559055119
11
1.1020472440944882
21
1.1273714173228346
0
LINE
8
BLACK
6
CONTINUOUS
10
1.1020472440944882
20
1.1273714173228346
11
1.1010399606299213
21
1.1273714173228346
0
LINE
8
BLACK
6
CONTINUOUS
10
1.1010399606299213
20
1.1273714173228346
11
1.1010399606299213
21
1.1238928740157481
0
LINE
8
BLACK
6
CONTINUOUS
10
1.1010399606299213
20
1.1238928740157481
11
1.1008484251968504
21
1.1234305118110235
0
LINE
8
BLACK
6
CONTINUOUS
10
1.1008484251968504
20
1.1234305118110235
11
1.1008129921259842
21
1.1229314173228346
0
LINE
8
BLACK
6
CONTINUOUS
10
1.1008129921259842
20
1.1229314173228346
11
1.0998749212598424
21
1.1210551574803149
0
LINE
8
BLACK
6
CONTINUOUS
10
1.0998749212598424
20
1.1210551574803149
11
1.0996075196850394
21
1.1208232677165355
0
LINE
8
BLACK
6
CONTINUOUS
10
1.0996075196850394
20
1.1208232677165355
11
1.0994721259842519
21
1.1204963385826772
0
LINE
8
BLACK
6
CONTINUOUS
10
1.0994721259842519
20
1.1204963385826772
11
1.0985340157480314
21
1.1195582677165354
0
LINE
8
BLACK
6
CONTINUOUS
10
1.0985340157480314
20
1.1195582677165354
11
1.0982071259842519
21
1.1194228740157479
0
LINE
8
BLACK
6
CONTINUOUS
10
1.0982071259842519
20
1.1194228740157479
11
1.0979753149606299
21
1.1191555511811024
0
LINE
8
BLACK
6
CONTINUOUS
10
1.0979753149606299
20
1.1191555511811024
11
1.0960991338582677
21
1.1182174803149607
0
LINE
8
BLACK
6
CONTINUOUS
10
1.0960991338582677
20
1.1182174803149607
11
1.0955999606299212
21
1.1181819685039369
0
LINE
8
BLACK
6
CONTINUOUS
10
1.0955999606299212
20
1.1181819685039369
11
1.0951375984251968
21
1.1179904724409448
0
LINE
8
BLACK
6
CONTINUOUS
10
1.0951375984251968
20
1.1179904724409448
11
1.0895090157480314
21
1.1179904724409448
0
LINE
8
BLACK
6
CONTINUOUS
10
1.0895090157480314
20
1.1179904724409448
11
1.0890466141732282
21
1.1181819685039369
0
LINE
8
BLACK
6
CONTINUOUS
10
1.0890466141732282
20
1.1181819685039369
11
1.0885474803149606
21
1.1182174803149607
0
LINE
8
BLACK
6
CONTINUOUS
10
1.0885474803149606
20
1.1182174803149607
11
1.0866712992125984
21
1.119155590551181
0
LINE
8
BLACK
6
CONTINUOUS
10
1.0866712992125984
20
1.119155590551181
11
1.0864394488188975
21
1.1194228740157479
0
LINE
8
BLACK
6
CONTINUOUS
10
1.0864394488188975
20
1.1194228740157479
11
1.0861125984251969
21
1.1195582677165354
0
LINE
8
BLACK
6
CONTINUOUS
10
1.0861125984251969
20
1.1195582677165354
11
1.0851744881889764
21
1.1204963385826772
0
LINE
8
BLACK
6
CONTINUOUS
10
1.0851744881889764
20
1.1204963385826772
11
1.0850390157480314
21
1.1208232677165355
0
LINE
8
BLACK
6
CONTINUOUS
10
1.0850390157480314
20
1.1208232677165355
11
1.0847716929133857
21
1.1210551574803149
0
LINE
8
BLACK
6
CONTINUOUS
10
1.0847716929133857
20
1.1210551574803149
11
1.0838335826771652
21
1.1229313779527559
0
LINE
8
BLACK
6
CONTINUOUS
10
1.0838335826771652
20
1.1229313779527559
11
1.0837981102362204
21
1.1234305118110235
0
LINE
8
BLACK
6
CONTINUOUS
10
1.0837981102362204
20
1.1234305118110235
11
1.0836066141732283
21
1.1238928740157481
0
LINE
8
BLACK
6
CONTINUOUS
10
1.0836066141732283
20
1.1238928740157481
11
1.0836066141732283
21
1.1276452362204725
0
LINE
8
BLACK
6
CONTINUOUS
10
1.0836066141732283
20
1.1276452362204725
11
1.0837981102362204
21
1.1281075984251969
0
LINE
8
BLACK
6
CONTINUOUS
10
1.0837981102362204
20
1.1281075984251969
11
1.083833622047244
21
1.1286067716535433
0
LINE
8
BLACK
6
CONTINUOUS
10
1.083833622047244
20
1.1286067716535433
11
1.0839166535433071
21
1.1287728740157481
0
LINE
8
BLACK
6
CONTINUOUS
10
1.0839166535433071
20
1.1287728740157481
11
1.0836066141732283
21
1.1295214173228347
0
LINE
8
BLACK
6
CONTINUOUS
10
1.0836066141732283
20
1.1295214173228347
11
1.0842363385826772
21
1.1310416929133857
0
LINE
8
BLACK
6
CONTINUOUS
10
1.0842363385826772
20
1.1310416929133857
11
1.0857566141732282
21
1.1316714173228346
0
LINE
8
BLACK
6
CONTINUOUS
10
1.0857566141732282
20
1.1316714173228346
11
1.1027803937007874
21
1.1316714173228346
0
LINE
8
BLACK
6
CONTINUOUS
10
1.1027803937007874
20
1.1316714173228346
11
1.103523622047244
21
1.1325571653543307
0
LINE
8
BLACK
6
CONTINUOUS
10
1.103523622047244
20
1.1325571653543307
11
1.1055127559055118
21
1.1329079133858266
0
LINE
8
BLACK
6
CONTINUOUS
10
1.1055127559055118
20
1.1329079133858266
11
1.1072619291338583
21
1.1318979921259842
0
LINE
8
BLACK
6
CONTINUOUS
10
1.0879066141732283
20
1.1271376771653543
11
1.0879066141732283
21
1.1244004330708661
0
LINE
8
BLACK
6
CONTINUOUS
10
1.0879066141732283
20
1.1244004330708661
11
1.0884616929133859
21
1.1232901968503937
0
LINE
8
BLACK
6
CONTINUOUS
10
1.0884616929133859
20
1.1232901968503937
11
1.0889063779527559
21
1.1228455511811024
0
LINE
8
BLACK
6
CONTINUOUS
10
1.0889063779527559
20
1.1228455511811024
11
1.0900166141732284
21
1.1222904724409448
0
LINE
8
BLACK
6
CONTINUOUS
10
1.0900166141732284
20
1.1222904724409448
11
1.0946300787401575
21
1.1222904724409448
0
LINE
8
BLACK
6
CONTINUOUS
10
1.0946300787401575
20
1.1222904724409448
11
1.0957401968503937
21
1.1228455511811024
0
LINE
8
BLACK
6
CONTINUOUS
10
1.0957401968503937
20
1.1228455511811024
11
1.096184842519685
21
1.1232901968503937
0
LINE
8
BLACK
6
CONTINUOUS
10
1.096184842519685
20
1.1232901968503937
11
1.0967399606299213
21
1.1244003937007874
0
LINE
8
BLACK
6
CONTINUOUS
10
1.0967399606299213
20
1.1244003937007874
11
1.0967399606299213
21
1.1271376771653543
0
LINE
8
BLACK
6
CONTINUOUS
10
1.0967399606299213
20
1.1271376771653543
11
1.0966231102362205
21
1.1273714173228346
0
LINE
8
BLACK
6
CONTINUOUS
10
1.0966231102362205
20
1.1273714173228346
11
1.0880234645669291
21
1.1273714173228346
0
LINE
8
BLACK
6
CONTINUOUS
10
1.0880234645669291
20
1.1273714173228346
11
1.0879066141732283
21
1.1271376771653543
0
LINE
8
BLACK
6
CONTINUOUS
10
1.1004102362204724
20
1.1132178740157479
11
1.1010399606299213
21
1.1116975984251969
0
LINE
8
BLACK
6
CONTINUOUS
10
1.1010399606299213
20
1.1116975984251969
11
1.1004102362204724
21
1.1101773228346457
0
LINE
8
BLACK
6
CONTINUOUS
10
1.1004102362204724
20
1.1101773228346457
11
1.0988899606299212
21
1.1095475984251968
0
LINE
8
BLACK
6
CONTINUOUS
10
1.0988899606299212
20
1.1095475984251968
11
1.090720905511811
21
1.1095475984251968
0
LINE
8
BLACK
6
CONTINUOUS
10
1.090720905511811
20
1.1095475984251968
11
1.090720905511811
21
1.1051309448818898
0
LINE
8
BLACK
6
CONTINUOUS
10
1.090720905511811
20
1.1051309448818898
11
1.0900911811023621
21
1.1036106692913386
0
LINE
8
BLACK
6
CONTINUOUS
10
1.0900911811023621
20
1.1036106692913386
11
1.0885709055118109
21
1.1029809448818897
0
LINE
8
BLACK
6
CONTINUOUS
10
1.0885709055118109
20
1.1029809448818897
11
1.0870506299212599
21
1.1036106692913386
0
LINE
8
BLACK
6
CONTINUOUS
10
1.0870506299212599
20
1.1036106692913386
11
1.086420905511811
21
1.1051309448818898
0
LINE
8
BLACK
6
CONTINUOUS
10
1.086420905511811
20
1.1051309448818898
11
1.086420905511811
21
1.1095475984251968
0
LINE
8
BLACK
6
CONTINUOUS
10
1.086420905511811
20
1.1095475984251968
11
1.0813399606299212
21
1.1095475984251968
0
LINE
8
BLACK
6
CONTINUOUS
10
1.0813399606299212
20
1.1095475984251968
11
1.0813399606299212
21
1.1023166535433071
0
LINE
8
BLACK
6
CONTINUOUS
10
1.0813399606299212
20
1.1023166535433071
11
1.0807102362204724
21
1.1007963779527559
0
LINE
8
BLACK
6
CONTINUOUS
10
1.0807102362204724
20
1.1007963779527559
11
1.0791899606299213
21
1.100166653543307
0
LINE
8
BLACK
6
CONTINUOUS
10
1.0791899606299213
20
1.100166653543307
11
1.0776696850393701
21
1.1007963779527559
0
LINE
8
BLACK
6
CONTINUOUS
10
1.0776696850393701
20
1.1007963779527559
11
1.0770399606299212
21
1.1023166535433071
0
LINE
8
BLACK
6
CONTINUOUS
10
1.0770399606299212
20
1.1023166535433071
11
1.0770399606299212
21
1.1116975984251969
0
LINE
8
BLACK
6
CONTINUOUS
10
1.0770399606299212
20
1.1116975984251969
11
1.0776696850393701
21
1.1132178740157479
0
LINE
8
BLACK
6
CONTINUOUS
10
1.0776696850393701
20
1.1132178740157479
11
1.0791899606299213
21
1.1138475984251968
0
LINE
8
BLACK
6
CONTINUOUS
10
1.0791899606299213
20
1.1138475984251968
11
1.0988899606299212
21
1.1138475984251968
0
LINE
8
BLACK
6
CONTINUOUS
10
1.0988899606299212
20
1.1138475984251968
11
1.1004102362204724
21
1.1132178740157479
0
LINE
8
BLACK
6
CONTINUOUS
10
1.0532102362204725
20
1.1482369291338583
11
1.0538399606299211
21
1.1467166535433071
0
LINE
8
BLACK
6
CONTINUOUS
10
1.0538399606299211
20
1.1467166535433071
11
1.0538399606299211
21
1.1368438188976377
0
LINE
8
BLACK
6
CONTINUOUS
10
1.0538399606299211
20
1.1368438188976377
11
1.0705430314960629
21
1.1440023228346456
0
LINE
8
BLACK
6
CONTINUOUS
10
1.0705430314960629
20
1.1440023228346456
11
1.0721884251968503
21
1.1440224015748031
0
LINE
8
BLACK
6
CONTINUOUS
10
1.0721884251968503
20
1.1440224015748031
11
1.0733661023622048
21
1.1428731102362204
0
LINE
8
BLACK
6
CONTINUOUS
10
1.0733661023622048
20
1.1428731102362204
11
1.0733861811023622
21
1.1412276771653542
0
LINE
8
BLACK
6
CONTINUOUS
10
1.0733861811023622
20
1.1412276771653542
11
1.0722368897637795
21
1.14005
0
LINE
8
BLACK
6
CONTINUOUS
10
1.0722368897637795
20
1.14005
11
1.0525368897637795
21
1.1316071653543307
0
LINE
8
BLACK
6
CONTINUOUS
10
1.0525368897637795
20
1.1316071653543307
11
1.0520966929133857
21
1.1316017716535434
0
LINE
8
BLACK
6
CONTINUOUS
10
1.0520966929133857
20
1.1316017716535434
11
1.0516899606299213
21
1.131433307086614
0
LINE
8
BLACK
6
CONTINUOUS
10
1.0516899606299213
20
1.131433307086614
11
1.0513064566929133
21
1.1315921259842519
0
LINE
8
BLACK
6
CONTINUOUS
10
1.0513064566929133
20
1.1315921259842519
11
1.0508914566929133
21
1.1315870866141733
0
LINE
8
BLACK
6
CONTINUOUS
10
1.0508914566929133
20
1.1315870866141733
11
1.0505763779527559
21
1.1318945275590551
0
LINE
8
BLACK
6
CONTINUOUS
10
1.0505763779527559
20
1.1318945275590551
11
1.05016968503937
21
1.1320630314960629
0
LINE
8
BLACK
6
CONTINUOUS
10
1.05016968503937
20
1.1320630314960629
11
1.0500108267716535
21
1.1324464960629921
0
LINE
8
BLACK
6
CONTINUOUS
10
1.0500108267716535
20
1.1324464960629921
11
1.0497138188976378
21
1.1327363779527559
0
LINE
8
BLACK
6
CONTINUOUS
10
1.0497138188976378
20
1.1327363779527559
11
1.0497084251968503
21
1.1331765354330707
0
LINE
8
BLACK
6
CONTINUOUS
10
1.0497084251968503
20
1.1331765354330707
11
1.0495399606299212
21
1.1335833070866141
0
LINE
8
BLACK
6
CONTINUOUS
10
1.0495399606299212
20
1.1335833070866141
11
1.0495399606299212
21
1.1467166535433071
0
LINE
8
BLACK
6
CONTINUOUS
10
1.0495399606299212
20
1.1467166535433071
11
1.05016968503937
21
1.1482369291338583
0
LINE
8
BLACK
6
CONTINUOUS
10
1.05016968503937
20
1.1482369291338583
11
1.0516899606299213
21
1.148866653543307
0
LINE
8
BLACK
6
CONTINUOUS
10
1.0516899606299213
20
1.148866653543307
11
1.0532102362204725
21
1.1482369291338583
0
LINE
8
BLACK
6
CONTINUOUS
10
1.0916370472440944
20
1.1512670866141732
11
1.0919066535433071
21
1.1513072047244095
0
LINE
8
BLACK
6
CONTINUOUS
10
1.0919066535433071
20
1.1513072047244095
11
1.0956590551181102
21
1.1503691338582678
0
LINE
8
BLACK
6
CONTINUOUS
10
1.0956590551181102
20
1.1503691338582678
11
1.0958553937007873
21
1.1502236220472442
0
LINE
8
BLACK
6
CONTINUOUS
10
1.0958553937007873
20
1.1502236220472442
11
1.096099094488189
21
1.1502063385826771
0
LINE
8
BLACK
6
CONTINUOUS
10
1.096099094488189
20
1.1502063385826771
11
1.0979752755905512
21
1.1492682677165353
0
LINE
8
BLACK
6
CONTINUOUS
10
1.0979752755905512
20
1.1492682677165353
11
1.0982071259842519
21
1.1490009055118109
0
LINE
8
BLACK
6
CONTINUOUS
10
1.0982071259842519
20
1.1490009055118109
11
1.0985340551181102
21
1.1488655118110236
0
LINE
8
BLACK
6
CONTINUOUS
10
1.0985340551181102
20
1.1488655118110236
11
1.0994721653543307
21
1.1479274015748031
0
LINE
8
BLACK
6
CONTINUOUS
10
1.0994721653543307
20
1.1479274015748031
11
1.099607559055118
21
1.1476004724409448
0
LINE
8
BLACK
6
CONTINUOUS
10
1.099607559055118
20
1.1476004724409448
11
1.0998749212598424
21
1.1473686220472441
0
LINE
8
BLACK
6
CONTINUOUS
10
1.0998749212598424
20
1.1473686220472441
11
1.1008129921259842
21
1.1454924409448819
0
LINE
8
BLACK
6
CONTINUOUS
10
1.1008129921259842
20
1.1454924409448819
11
1.1008484251968504
21
1.1449932677165353
0
LINE
8
BLACK
6
CONTINUOUS
10
1.1008484251968504
20
1.1449932677165353
11
1.1010399606299213
21
1.1445309448818897
0
LINE
8
BLACK
6
CONTINUOUS
10
1.1010399606299213
20
1.1445309448818897
11
1.1010399606299213
21
1.1426547637795275
0
LINE
8
BLACK
6
CONTINUOUS
10
1.1010399606299213
20
1.1426547637795275
11
1.1008484251968504
21
1.1421924015748031
0
LINE
8
BLACK
6
CONTINUOUS
10
1.1008484251968504
20
1.1421924015748031
11
1.1008129921259842
21
1.1416933070866142
0
LINE
8
BLACK
6
CONTINUOUS
10
1.1008129921259842
20
1.1416933070866142
11
1.0998749212598424
21
1.1398170472440945
0
LINE
8
BLACK
6
CONTINUOUS
10
1.0998749212598424
20
1.1398170472440945
11
1.0996075196850394
21
1.1395851574803149
0
LINE
8
BLACK
6
CONTINUOUS
10
1.0996075196850394
20
1.1395851574803149
11
1.0994721259842519
21
1.1392582283464567
0
LINE
8
BLACK
6
CONTINUOUS
10
1.0994721259842519
20
1.1392582283464567
11
1.0985340157480314
21
1.138320157480315
0
LINE
8
BLACK
6
CONTINUOUS
10
1.0985340157480314
20
1.138320157480315
11
1.0982071259842519
21
1.1381847637795275
0
LINE
8
BLACK
6
CONTINUOUS
10
1.0982071259842519
20
1.1381847637795275
11
1.0979753149606299
21
1.1379174409448818
0
LINE
8
BLACK
6
CONTINUOUS
10
1.0979753149606299
20
1.1379174409448818
11
1.0960991338582677
21
1.1369793700787401
0
LINE
8
BLACK
6
CONTINUOUS
10
1.0960991338582677
20
1.1369793700787401
11
1.0958553937007873
21
1.1369620078740157
0
LINE
8
BLACK
6
CONTINUOUS
10
1.0958553937007873
20
1.1369620078740157
11
1.0956590157480315
21
1.1368165354330708
0
LINE
8
BLACK
6
CONTINUOUS
10
1.0956590157480315
20
1.1368165354330708
11
1.0919066141732283
21
1.1358784645669291
0
LINE
8
BLACK
6
CONTINUOUS
10
1.0919066141732283
20
1.1358784645669291
11
1.0916369685039369
21
1.1359185826771654
0
LINE
8
BLACK
6
CONTINUOUS
10
1.0916369685039369
20
1.1359185826771654
11
1.0913851968503936
21
1.1358142913385827
0
LINE
8
BLACK
6
CONTINUOUS
10
1.0913851968503936
20
1.1358142913385827
11
1.0866947244094487
21
1.1358142913385827
0
LINE
8
BLACK
6
CONTINUOUS
10
1.0866947244094487
20
1.1358142913385827
11
1.0864428740157479
21
1.1359185826771654
0
LINE
8
BLACK
6
CONTINUOUS
10
1.0864428740157479
20
1.1359185826771654
11
1.0861732677165354
21
1.1358784645669291
0
LINE
8
BLACK
6
CONTINUOUS
10
1.0861732677165354
20
1.1358784645669291
11
1.082420905511811
21
1.1368165354330708
0
LINE
8
BLACK
6
CONTINUOUS
10
1.082420905511811
20
1.1368165354330708
11
1.0822245275590552
21
1.1369620078740157
0
LINE
8
BLACK
6
CONTINUOUS
10
1.0822245275590552
20
1.1369620078740157
11
1.0819808661417323
21
1.1369793307086613
0
LINE
8
BLACK
6
CONTINUOUS
10
1.0819808661417323
20
1.1369793307086613
11
1.0801046456692913
21
1.1379174409448818
0
LINE
8
BLACK
6
CONTINUOUS
10
1.0801046456692913
20
1.1379174409448818
11
1.0798727559055117
21
1.1381847637795275
0
LINE
8
BLACK
6
CONTINUOUS
10
1.0798727559055117
20
1.1381847637795275
11
1.0795458661417323
21
1.1383201968503938
0
LINE
8
BLACK
6
CONTINUOUS
10
1.0795458661417323
20
1.1383201968503938
11
1.0786077952755906
21
1.1392582677165355
0
LINE
8
BLACK
6
CONTINUOUS
10
1.0786077952755906
20
1.1392582677165355
11
1.0784723622047243
21
1.1395851574803149
0
LINE
8
BLACK
6
CONTINUOUS
10
1.0784723622047243
20
1.1395851574803149
11
1.0782050393700786
21
1.1398170472440945
0
LINE
8
BLACK
6
CONTINUOUS
10
1.0782050393700786
20
1.1398170472440945
11
1.0772669291338584
21
1.1416932677165355
0
LINE
8
BLACK
6
CONTINUOUS
10
1.0772669291338584
20
1.1416932677165355
11
1.0772314566929133
21
1.1421924015748031
0
LINE
8
BLACK
6
CONTINUOUS
10
1.0772314566929133
20
1.1421924015748031
11
1.0770399606299212
21
1.1426547637795275
0
LINE
8
BLACK
6
CONTINUOUS
10
1.0770399606299212
20
1.1426547637795275
11
1.0770399606299212
21
1.1445309448818897
0
LINE
8
BLACK
6
CONTINUOUS
10
1.0770399606299212
20
1.1445309448818897
11
1.0772314566929133
21
1.1449933070866141
0
LINE
8
BLACK
6
CONTINUOUS
10
1.0772314566929133
20
1.1449933070866141
11
1.0772669685039369
21
1.1454924803149606
0
LINE
8
BLACK
6
CONTINUOUS
10
1.0772669685039369
20
1.1454924803149606
11
1.0782050393700786
21
1.1473686614173229
0
LINE
8
BLACK
6
CONTINUOUS
10
1.0782050393700786
20
1.1473686614173229
11
1.0784723622047243
21
1.1476004724409448
0
LINE
8
BLACK
6
CONTINUOUS
10
1.0784723622047243
20
1.1476004724409448
11
1.0786077559055118
21
1.1479273622047244
0
LINE
8
BLACK
6
CONTINUOUS
10
1.0786077559055118
20
1.1479273622047244
11
1.0795458267716536
21
1.1488654724409448
0
LINE
8
BLACK
6
CONTINUOUS
10
1.0795458267716536
20
1.1488654724409448
11
1.0798727559055117
21
1.1490008661417324
0
LINE
8
BLACK
6
CONTINUOUS
10
1.0798727559055117
20
1.1490008661417324
11
1.0801046456692913
21
1.1492682677165353
0
LINE
8
BLACK
6
CONTINUOUS
10
1.0801046456692913
20
1.1492682677165353
11
1.081980905511811
21
1.1502063385826771
0
LINE
8
BLACK
6
CONTINUOUS
10
1.081980905511811
20
1.1502063385826771
11
1.0822246062992125
21
1.1502236220472442
0
LINE
8
BLACK
6
CONTINUOUS
10
1.0822246062992125
20
1.1502236220472442
11
1.082420905511811
21
1.150369094488189
0
LINE
8
BLACK
6
CONTINUOUS
10
1.082420905511811
20
1.150369094488189
11
1.0861732283464567
21
1.1513072047244095
0
LINE
8
BLACK
6
CONTINUOUS
10
1.0861732283464567
20
1.1513072047244095
11
1.0864428346456694
21
1.1512670866141732
0
LINE
8
BLACK
6
CONTINUOUS
10
1.0864428346456694
20
1.1512670866141732
11
1.0866947244094487
21
1.1513714173228347
0
LINE
8
BLACK
6
CONTINUOUS
10
1.0866947244094487
20
1.1513714173228347
11
1.0913851968503936
21
1.1513714173228347
0
LINE
8
BLACK
6
CONTINUOUS
10
1.0913851968503936
20
1.1513714173228347
11
1.0916370472440944
21
1.1512670866141732
0
LINE
8
BLACK
6
CONTINUOUS
10
1.0836928346456693
20
1.1462547637795275
11
1.0823396850393701
21
1.1455781889763779
0
LINE
8
BLACK
6
CONTINUOUS
10
1.0823396850393701
20
1.1455781889763779
11
1.0818950393700788
21
1.1451335433070866
0
LINE
8
BLACK
6
CONTINUOUS
10
1.0818950393700788
20
1.1451335433070866
11
1.0813399606299212
21
1.1440233858267717
0
LINE
8
BLACK
6
CONTINUOUS
10
1.0813399606299212
20
1.1440233858267717
11
1.0813399606299212
21
1.1431623228346457
0
LINE
8
BLACK
6
CONTINUOUS
10
1.0813399606299212
20
1.1431623228346457
11
1.0818950787401576
21
1.1420520866141732
0
LINE
8
BLACK
6
CONTINUOUS
10
1.0818950787401576
20
1.1420520866141732
11
1.0823396850393701
21
1.1416074803149605
0
LINE
8
BLACK
6
CONTINUOUS
10
1.0823396850393701
20
1.1416074803149605
11
1.0836926771653543
21
1.1409309448818898
0
LINE
8
BLACK
6
CONTINUOUS
10
1.0836926771653543
20
1.1409309448818898
11
1.0869594488188976
21
1.1401142913385827
0
LINE
8
BLACK
6
CONTINUOUS
10
1.0869594488188976
20
1.1401142913385827
11
1.0911204724409449
21
1.1401142913385827
0
LINE
8
BLACK
6
CONTINUOUS
10
1.0911204724409449
20
1.1401142913385827
11
1.0943872834645669
21
1.1409309842519684
0
LINE
8
BLACK
6
CONTINUOUS
10
1.0943872834645669
20
1.1409309842519684
11
1.0957401968503937
21
1.1416074409448818
0
LINE
8
BLACK
6
CONTINUOUS
10
1.0957401968503937
20
1.1416074409448818
11
1.096184842519685
21
1.1420520866141732
0
LINE
8
BLACK
6
CONTINUOUS
10
1.096184842519685
20
1.1420520866141732
11
1.0967399606299213
21
1.1431622834645669
0
LINE
8
BLACK
6
CONTINUOUS
10
1.0967399606299213
20
1.1431622834645669
11
1.0967399606299213
21
1.1440233858267717
0
LINE
8
BLACK
6
CONTINUOUS
10
1.0967399606299213
20
1.1440233858267717
11
1.096184842519685
21
1.1451335826771654
0
LINE
8
BLACK
6
CONTINUOUS
10
1.096184842519685
20
1.1451335826771654
11
1.0957402362204725
21
1.1455781889763779
0
LINE
8
BLACK
6
CONTINUOUS
10
1.0957402362204725
20
1.1455781889763779
11
1.0943870866141732
21
1.1462547637795275
0
LINE
8
BLACK
6
CONTINUOUS
10
1.0943870866141732
20
1.1462547637795275
11
1.0911205905511812
21
1.1470714173228347
0
LINE
8
BLACK
6
CONTINUOUS
10
1.0911205905511812
20
1.1470714173228347
11
1.0869594881889764
21
1.1470714173228347
0
LINE
8
BLACK
6
CONTINUOUS
10
1.0869594881889764
20
1.1470714173228347
11
1.0836928346456693
21
1.1462547637795275
0
LINE
8
BLACK
6
CONTINUOUS
10
1.0631989763779528
20
1.1675242125984251
11
1.0634685826771653
21
1.1675643307086614
0
LINE
8
BLACK
6
CONTINUOUS
10
1.0634685826771653
20
1.1675643307086614
11
1.0672209448818897
21
1.1666262598425197
0
LINE
8
BLACK
6
CONTINUOUS
10
1.0672209448818897
20
1.1666262598425197
11
1.0674172440944882
21
1.166480748031496
0
LINE
8
BLACK
6
CONTINUOUS
10
1.0674172440944882
20
1.166480748031496
11
1.0676609842519684
21
1.1664634645669292
0
LINE
8
BLACK
6
CONTINUOUS
10
1.0676609842519684
20
1.1664634645669292
11
1.0695371653543306
21
1.1655253937007874
0
LINE
8
BLACK
6
CONTINUOUS
10
1.0695371653543306
20
1.1655253937007874
11
1.0697689763779528
21
1.1652580708661417
0
LINE
8
BLACK
6
CONTINUOUS
10
1.0697689763779528
20
1.1652580708661417
11
1.0700959448818896
21
1.1651226771653542
0
LINE
8
BLACK
6
CONTINUOUS
10
1.0700959448818896
20
1.1651226771653542
11
1.0719721653543306
21
1.163246496062992
0
LINE
8
BLACK
6
CONTINUOUS
10
1.0719721653543306
20
1.163246496062992
11
1.0721636614173229
21
1.1627840944881889
0
LINE
8
BLACK
6
CONTINUOUS
10
1.0721636614173229
20
1.1627840944881889
11
1.0724915748031496
21
1.162406062992126
0
LINE
8
BLACK
6
CONTINUOUS
10
1.0724915748031496
20
1.162406062992126
11
1.0734296456692913
21
1.1595917716535433
0
LINE
8
BLACK
6
CONTINUOUS
10
1.0734296456692913
20
1.1595917716535433
11
1.0734045275590551
21
1.1592387795275589
0
LINE
8
BLACK
6
CONTINUOUS
10
1.0734045275590551
20
1.1592387795275589
11
1.0735399606299212
21
1.1589118897637796
0
LINE
8
BLACK
6
CONTINUOUS
10
1.0735399606299212
20
1.1589118897637796
11
1.0735399606299212
21
1.1570356692913386
0
LINE
8
BLACK
6
CONTINUOUS
10
1.0735399606299212
20
1.1570356692913386
11
1.0734045275590551
21
1.156708779527559
0
LINE
8
BLACK
6
CONTINUOUS
10
1.0734045275590551
20
1.156708779527559
11
1.0734296456692913
21
1.1563557874015749
0
LINE
8
BLACK
6
CONTINUOUS
10
1.0734296456692913
20
1.1563557874015749
11
1.0724915748031496
21
1.1535415354330709
0
LINE
8
BLACK
6
CONTINUOUS
10
1.0724915748031496
20
1.1535415354330709
11
1.0721636614173229
21
1.1531634645669291
0
LINE
8
BLACK
6
CONTINUOUS
10
1.0721636614173229
20
1.1531634645669291
11
1.0719721653543306
21
1.1527011417322834
0
LINE
8
BLACK
6
CONTINUOUS
10
1.0719721653543306
20
1.1527011417322834
11
1.0710340551181101
21
1.151763031496063
0
LINE
8
BLACK
6
CONTINUOUS
10
1.0710340551181101
20
1.151763031496063
11
1.0695137795275591
21
1.1511333070866141
0
LINE
8
BLACK
6
CONTINUOUS
10
1.0695137795275591
20
1.1511333070866141
11
1.0679935039370079
21
1.151763031496063
0
LINE
8
BLACK
6
CONTINUOUS
10
1.0679935039370079
20
1.151763031496063
11
1.067363779527559
21
1.1532833070866142
0
LINE
8
BLACK
6
CONTINUOUS
10
1.067363779527559
20
1.1532833070866142
11
1.0679935039370079
21
1.1548035826771654
0
LINE
8
BLACK
6
CONTINUOUS
10
1.0679935039370079
20
1.1548035826771654
11
1.0685726771653543
21
1.1553827559055119
0
LINE
8
BLACK
6
CONTINUOUS
10
1.0685726771653543
20
1.1553827559055119
11
1.0692399606299212
21
1.1573845669291338
0
LINE
8
BLACK
6
CONTINUOUS
10
1.0692399606299212
20
1.1573845669291338
11
1.0692399606299212
21
1.1585629921259841
0
LINE
8
BLACK
6
CONTINUOUS
10
1.0692399606299212
20
1.1585629921259841
11
1.0685726771653543
21
1.1605648031496063
0
LINE
8
BLACK
6
CONTINUOUS
10
1.0685726771653543
20
1.1605648031496063
11
1.0673020472440944
21
1.1618353543307087
0
LINE
8
BLACK
6
CONTINUOUS
10
1.0673020472440944
20
1.1618353543307087
11
1.0659490157480316
21
1.1625118897637794
0
LINE
8
BLACK
6
CONTINUOUS
10
1.0659490157480316
20
1.1625118897637794
11
1.0626825196850394
21
1.1633285433070866
0
LINE
8
BLACK
6
CONTINUOUS
10
1.0626825196850394
20
1.1633285433070866
11
1.0603975984251968
21
1.1633285433070866
0
LINE
8
BLACK
6
CONTINUOUS
10
1.0603975984251968
20
1.1633285433070866
11
1.057130905511811
21
1.1625118897637794
0
LINE
8
BLACK
6
CONTINUOUS
10
1.057130905511811
20
1.1625118897637794
11
1.0557777559055117
21
1.16183531496063
0
LINE
8
BLACK
6
CONTINUOUS
10
1.0557777559055117
20
1.16183531496063
11
1.0545072440944883
21
1.1605648031496063
0
LINE
8
BLACK
6
CONTINUOUS
10
1.0545072440944883
20
1.1605648031496063
11
1.0538399606299211
21
1.1585629133858268
0
LINE
8
BLACK
6
CONTINUOUS
10
1.0538399606299211
20
1.1585629133858268
11
1.0538399606299211
21
1.1573845275590551
0
LINE
8
BLACK
6
CONTINUOUS
10
1.0538399606299211
20
1.1573845275590551
11
1.0545072047244095
21
1.1553827952755906
0
LINE
8
BLACK
6
CONTINUOUS
10
1.0545072047244095
20
1.1553827952755906
11
1.0550864566929135
21
1.1548035433070867
0
LINE
8
BLACK
6
CONTINUOUS
10
1.0550864566929135
20
1.1548035433070867
11
1.0557161417322833
21
1.1532832677165354
0
LINE
8
BLACK
6
CONTINUOUS
10
1.0557161417322833
20
1.1532832677165354
11
1.0550863779527559
21
1.1517629921259842
0
LINE
8
BLACK
6
CONTINUOUS
10
1.0550863779527559
20
1.1517629921259842
11
1.0535661023622047
21
1.1511333070866141
0
LINE
8
BLACK
6
CONTINUOUS
10
1.0535661023622047
20
1.1511333070866141
11
1.0520458267716535
21
1.1517630708661417
0
LINE
8
BLACK
6
CONTINUOUS
10
1.0520458267716535
20
1.1517630708661417
11
1.0511077559055118
21
1.1527011811023622
0
LINE
8
BLACK
6
CONTINUOUS
10
1.0511077559055118
20
1.1527011811023622
11
1.0509162598425197
21
1.1531634645669291
0
LINE
8
BLACK
6
CONTINUOUS
10
1.0509162598425197
20
1.1531634645669291
11
1.0505884251968505
21
1.1535414960629922
0
LINE
8
BLACK
6
CONTINUOUS
10
1.0505884251968505
20
1.1535414960629922
11
1.04965031496063
21
1.1563557480314961
0
LINE
8
BLACK
6
CONTINUOUS
10
1.04965031496063
20
1.1563557480314961
11
1.0496753543307087
21
1.1567087007874015
0
LINE
8
BLACK
6
CONTINUOUS
10
1.0496753543307087
20
1.1567087007874015
11
1.0495399606299212
21
1.1570356692913386
0
LINE
8
BLACK
6
CONTINUOUS
10
1.0495399606299212
20
1.1570356692913386
11
1.0495399606299212
21
1.1589118897637796
0
LINE
8
BLACK
6
CONTINUOUS
10
1.0495399606299212
20
1.1589118897637796
11
1.0496753543307087
21
1.1592387401574802
0
LINE
8
BLACK
6
CONTINUOUS
10
1.0496753543307087
20
1.1592387401574802
11
1.0496502755905512
21
1.1595917716535433
0
LINE
8
BLACK
6
CONTINUOUS
10
1.0496502755905512
20
1.1595917716535433
11
1.0505884251968505
21
1.1624061023622048
0
LINE
8
BLACK
6
CONTINUOUS
10
1.0505884251968505
20
1.1624061023622048
11
1.0509162598425197
21
1.1627841338582676
0
LINE
8
BLACK
6
CONTINUOUS
10
1.0509162598425197
20
1.1627841338582676
11
1.0511077952755905
21
1.1632464566929133
0
LINE
8
BLACK
6
CONTINUOUS
10
1.0511077952755905
20
1.1632464566929133
11
1.0529839763779527
21
1.1651226377952755
0
LINE
8
BLACK
6
CONTINUOUS
10
1.0529839763779527
20
1.1651226377952755
11
1.0533108661417323
21
1.165258031496063
0
LINE
8
BLACK
6
CONTINUOUS
10
1.0533108661417323
20
1.165258031496063
11
1.0535427559055117
21
1.1655253937007874
0
LINE
8
BLACK
6
CONTINUOUS
10
1.0535427559055117
20
1.1655253937007874
11
1.0554189370078739
21
1.1664634645669292
0
LINE
8
BLACK
6
CONTINUOUS
10
1.0554189370078739
20
1.1664634645669292
11
1.0556626771653543
21
1.166480748031496
0
LINE
8
BLACK
6
CONTINUOUS
10
1.0556626771653543
20
1.166480748031496
11
1.0558589763779527
21
1.1666262204724409
0
LINE
8
BLACK
6
CONTINUOUS
10
1.0558589763779527
20
1.1666262204724409
11
1.0596113779527558
21
1.1675643307086614
0
LINE
8
BLACK
6
CONTINUOUS
10
1.0596113779527558
20
1.1675643307086614
11
1.0598809448818898
21
1.1675242125984251
0
LINE
8
BLACK
6
CONTINUOUS
10
1.0598809448818898
20
1.1675242125984251
11
1.0601328346456693
21
1.1676285433070865
0
LINE
8
BLACK
6
CONTINUOUS
10
1.0601328346456693
20
1.1676285433070865
11
1.062947125984252
21
1.1676285433070865
0
LINE
8
BLACK
6
CONTINUOUS
10
1.062947125984252
20
1.1676285433070865
11
1.0631989763779528
21
1.1675242125984251
0
LINE
8
BLACK
6
CONTINUOUS
10
1.0916370472440944
20
1.1700289763779528
11
1.0919066535433071
21
1.1700690944881889
0
LINE
8
BLACK
6
CONTINUOUS
10
1.0919066535433071
20
1.1700690944881889
11
1.0956590551181102
21
1.1691310236220471
0
LINE
8
BLACK
6
CONTINUOUS
10
1.0956590551181102
20
1.1691310236220471
11
1.0958553937007873
21
1.1689855118110235
0
LINE
8
BLACK
6
CONTINUOUS
10
1.0958553937007873
20
1.1689855118110235
11
1.096099094488189
21
1.1689682283464566
0
LINE
8
BLACK
6
CONTINUOUS
10
1.096099094488189
20
1.1689682283464566
11
1.0979752755905512
21
1.1680301574803149
0
LINE
8
BLACK
6
CONTINUOUS
10
1.0979752755905512
20
1.1680301574803149
11
1.0982071259842519
21
1.1677627952755905
0
LINE
8
BLACK
6
CONTINUOUS
10
1.0982071259842519
20
1.1677627952755905
11
1.0985340551181102
21
1.1676274015748032
0
LINE
8
BLACK
6
CONTINUOUS
10
1.0985340551181102
20
1.1676274015748032
11
1.0994721653543307
21
1.1666892913385827
0
LINE
8
BLACK
6
CONTINUOUS
10
1.0994721653543307
20
1.1666892913385827
11
1.099607559055118
21
1.1663623622047243
0
LINE
8
BLACK
6
CONTINUOUS
10
1.099607559055118
20
1.1663623622047243
11
1.0998749212598424
21
1.1661305118110237
0
LINE
8
BLACK
6
CONTINUOUS
10
1.0998749212598424
20
1.1661305118110237
11
1.1008129921259842
21
1.1642543307086615
0
LINE
8
BLACK
6
CONTINUOUS
10
1.1008129921259842
20
1.1642543307086615
11
1.1008484251968504
21
1.1637551574803149
0
LINE
8
BLACK
6
CONTINUOUS
10
1.1008484251968504
20
1.1637551574803149
11
1.1010399606299213
21
1.1632928346456692
0
LINE
8
BLACK
6
CONTINUOUS
10
1.1010399606299213
20
1.1632928346456692
11
1.1010399606299213
21
1.161416653543307
0
LINE
8
BLACK
6
CONTINUOUS
10
1.1010399606299213
20
1.161416653543307
11
1.1008484251968504
21
1.1609542913385826
0
LINE
8
BLACK
6
CONTINUOUS
10
1.1008484251968504
20
1.1609542913385826
11
1.1008129921259842
21
1.1604551968503938
0
LINE
8
BLACK
6
CONTINUOUS
10
1.1008129921259842
20
1.1604551968503938
11
1.0998749212598424
21
1.1585789370078741
0
LINE
8
BLACK
6
CONTINUOUS
10
1.0998749212598424
20
1.1585789370078741
11
1.0996075196850394
21
1.1583470472440944
0
LINE
8
BLACK
6
CONTINUOUS
10
1.0996075196850394
20
1.1583470472440944
11
1.0994721259842519
21
1.1580201181102361
0
LINE
8
BLACK
6
CONTINUOUS
10
1.0994721259842519
20
1.1580201181102361
11
1.0985340157480314
21
1.1570820472440944
0
LINE
8
BLACK
6
CONTINUOUS
10
1.0985340157480314
20
1.1570820472440944
11
1.0982071259842519
21
1.1569466535433071
0
LINE
8
BLACK
6
CONTINUOUS
10
1.0982071259842519
20
1.1569466535433071
11
1.0979753149606299
21
1.1566793307086614
0
LINE
8
BLACK
6
CONTINUOUS
10
1.0979753149606299
20
1.1566793307086614
11
1.0960991338582677
21
1.1557412598425196
0
LINE
8
BLACK
6
CONTINUOUS
10
1.0960991338582677
20
1.1557412598425196
11
1.0958553937007873
21
1.1557238976377953
0
LINE
8
BLACK
6
CONTINUOUS
10
1.0958553937007873
20
1.1557238976377953
11
1.0956590157480315
21
1.1555784251968504
0
LINE
8
BLACK
6
CONTINUOUS
10
1.0956590157480315
20
1.1555784251968504
11
1.0919066141732283
21
1.1546403543307087
0
LINE
8
BLACK
6
CONTINUOUS
10
1.0919066141732283
20
1.1546403543307087
11
1.0916369685039369
21
1.154680472440945
0
LINE
8
BLACK
6
CONTINUOUS
10
1.0916369685039369
20
1.154680472440945
11
1.0913851968503936
21
1.1545761811023623
0
LINE
8
BLACK
6
CONTINUOUS
10
1.0913851968503936
20
1.1545761811023623
11
1.0866947244094487
21
1.1545761811023623
0
LINE
8
BLACK
6
CONTINUOUS
10
1.0866947244094487
20
1.1545761811023623
11
1.0864428740157479
21
1.154680472440945
0
LINE
8
BLACK
6
CONTINUOUS
10
1.0864428740157479
20
1.154680472440945
11
1.0861732677165354
21
1.1546403543307087
0
LINE
8
BLACK
6
CONTINUOUS
10
1.0861732677165354
20
1.1546403543307087
11
1.082420905511811
21
1.1555784251968504
0
LINE
8
BLACK
6
CONTINUOUS
10
1.082420905511811
20
1.1555784251968504
11
1.0822245275590552
21
1.1557238976377953
0
LINE
8
BLACK
6
CONTINUOUS
10
1.0822245275590552
20
1.1557238976377953
11
1.0819808661417323
21
1.1557412204724409
0
LINE
8
BLACK
6
CONTINUOUS
10
1.0819808661417323
20
1.1557412204724409
11
1.0801046456692913
21
1.1566793307086614
0
LINE
8
BLACK
6
CONTINUOUS
10
1.0801046456692913
20
1.1566793307086614
11
1.0798727559055117
21
1.1569466535433071
0
LINE
8
BLACK
6
CONTINUOUS
10
1.0798727559055117
20
1.1569466535433071
11
1.0795458661417323
21
1.1570820866141731
0
LINE
8
BLACK
6
CONTINUOUS
10
1.0795458661417323
20
1.1570820866141731
11
1.0786077952755906
21
1.1580201574803148
0
LINE
8
BLACK
6
CONTINUOUS
10
1.0786077952755906
20
1.1580201574803148
11
1.0784723622047243
21
1.1583470472440944
0
LINE
8
BLACK
6
CONTINUOUS
10
1.0784723622047243
20
1.1583470472440944
11
1.0782050393700786
21
1.1585789370078741
0
LINE
8
BLACK
6
CONTINUOUS
10
1.0782050393700786
20
1.1585789370078741
11
1.0772669291338584
21
1.160455157480315
0
LINE
8
BLACK
6
CONTINUOUS
10
1.0772669291338584
20
1.160455157480315
11
1.0772314566929133
21
1.1609542913385826
0
LINE
8
BLACK
6
CONTINUOUS
10
1.0772314566929133
20
1.1609542913385826
11
1.0770399606299212
21
1.161416653543307
0
LINE
8
BLACK
6
CONTINUOUS
10
1.0770399606299212
20
1.161416653543307
11
1.0770399606299212
21
1.1632928346456692
0
LINE
8
BLACK
6
CONTINUOUS
10
1.0770399606299212
20
1.1632928346456692
11
1.0772314566929133
21
1.1637551968503936
0
LINE
8
BLACK
6
CONTINUOUS
10
1.0772314566929133
20
1.1637551968503936
11
1.0772669685039369
21
1.1642543700787402
0
LINE
8
BLACK
6
CONTINUOUS
10
1.0772669685039369
20
1.1642543700787402
11
1.0782050393700786
21
1.1661305511811024
0
LINE
8
BLACK
6
CONTINUOUS
10
1.0782050393700786
20
1.1661305511811024
11
1.0784723622047243
21
1.1663623622047243
0
LINE
8
BLACK
6
CONTINUOUS
10
1.0784723622047243
20
1.1663623622047243
11
1.0786077559055118
21
1.1666892519685039
0
LINE
8
BLACK
6
CONTINUOUS
10
1.0786077559055118
20
1.1666892519685039
11
1.0795458267716536
21
1.1676273622047244
0
LINE
8
BLACK
6
CONTINUOUS
10
1.0795458267716536
20
1.1676273622047244
11
1.0798727559055117
21
1.1677627559055117
0
LINE
8
BLACK
6
CONTINUOUS
10
1.0798727559055117
20
1.1677627559055117
11
1.0801046456692913
21
1.1680301574803149
0
LINE
8
BLACK
6
CONTINUOUS
10
1.0801046456692913
20
1.1680301574803149
11
1.081980905511811
21
1.1689682283464566
0
LINE
8
BLACK
6
CONTINUOUS
10
1.081980905511811
20
1.1689682283464566
11
1.0822246062992125
21
1.1689855118110235
0
LINE
8
BLACK
6
CONTINUOUS
10
1.0822246062992125
20
1.1689855118110235
11
1.082420905511811
21
1.1691309842519684
0
LINE
8
BLACK
6
CONTINUOUS
10
1.082420905511811
20
1.1691309842519684
11
1.0861732283464567
21
1.1700690944881889
0
LINE
8
BLACK
6
CONTINUOUS
10
1.0861732283464567
20
1.1700690944881889
11
1.0864428346456694
21
1.1700289763779528
0
LINE
8
BLACK
6
CONTINUOUS
10
1.0864428346456694
20
1.1700289763779528
11
1.0866947244094487
21
1.1701333070866142
0
LINE
8
BLACK
6
CONTINUOUS
10
1.0866947244094487
20
1.1701333070866142
11
1.0913851968503936
21
1.1701333070866142
0
LINE
8
BLACK
6
CONTINUOUS
10
1.0913851968503936
20
1.1701333070866142
11
1.0916370472440944
21
1.1700289763779528
0
LINE
8
BLACK
6
CONTINUOUS
10
1.0836928346456693
20
1.1650166535433071
11
1.0823396850393701
21
1.1643400787401574
0
LINE
8
BLACK
6
CONTINUOUS
10
1.0823396850393701
20
1.1643400787401574
11
1.0818950393700788
21
1.1638954330708662
0
LINE
8
BLACK
6
CONTINUOUS
10
1.0818950393700788
20
1.1638954330708662
11
1.0813399606299212
21
1.1627852755905512
0
LINE
8
BLACK
6
CONTINUOUS
10
1.0813399606299212
20
1.1627852755905512
11
1.0813399606299212
21
1.1619242125984253
0
LINE
8
BLACK
6
CONTINUOUS
10
1.0813399606299212
20
1.1619242125984253
11
1.0818950787401576
21
1.1608139763779528
0
LINE
8
BLACK
6
CONTINUOUS
10
1.0818950787401576
20
1.1608139763779528
11
1.0823396850393701
21
1.1603693700787401
0
LINE
8
BLACK
6
CONTINUOUS
10
1.0823396850393701
20
1.1603693700787401
11
1.0836926771653543
21
1.1596928346456692
0
LINE
8
BLACK
6
CONTINUOUS
10
1.0836926771653543
20
1.1596928346456692
11
1.0869594488188976
21
1.1588761811023622
0
LINE
8
BLACK
6
CONTINUOUS
10
1.0869594488188976
20
1.1588761811023622
11
1.0911204724409449
21
1.1588761811023622
0
LINE
8
BLACK
6
CONTINUOUS
10
1.0911204724409449
20
1.1588761811023622
11
1.0943872834645669
21
1.1596928740157479
0
LINE
8
BLACK
6
CONTINUOUS
10
1.0943872834645669
20
1.1596928740157479
11
1.0957401968503937
21
1.1603693307086613
0
LINE
8
BLACK
6
CONTINUOUS
10
1.0957401968503937
20
1.1603693307086613
11
1.096184842519685
21
1.1608139763779528
0
LINE
8
BLACK
6
CONTINUOUS
10
1.096184842519685
20
1.1608139763779528
11
1.0967399606299213
21
1.1619241732283465
0
LINE
8
BLACK
6
CONTINUOUS
10
1.0967399606299213
20
1.1619241732283465
11
1.0967399606299213
21
1.1627852755905512
0
LINE
8
BLACK
6
CONTINUOUS
10
1.0967399606299213
20
1.1627852755905512
11
1.096184842519685
21
1.1638954724409449
0
LINE
8
BLACK
6
CONTINUOUS
10
1.096184842519685
20
1.1638954724409449
11
1.0957402362204725
21
1.1643400787401574
0
LINE
8
BLACK
6
CONTINUOUS
10
1.0957402362204725
20
1.1643400787401574
11
1.0943870866141732
21
1.1650166535433071
0
LINE
8
BLACK
6
CONTINUOUS
10
1.0943870866141732
20
1.1650166535433071
11
1.0911205905511812
21
1.1658333070866143
0
LINE
8
BLACK
6
CONTINUOUS
10
1.0911205905511812
20
1.1658333070866143
11
1.0869594881889764
21
1.1658333070866143
0
LINE
8
BLACK
6
CONTINUOUS
10
1.0869594881889764
20
1.1658333070866143
11
1.0836928346456693
21
1.1650166535433071
0
LINE
8
BLACK
6
CONTINUOUS
10
0.8685254330708662
20
1.2448725590551182
11
0.8696383070866142
21
1.2431870078740157
0
LINE
8
BLACK
6
CONTINUOUS
10
0.8696383070866142
20
1.2431870078740157
11
0.8694074015748031
21
1.241180433070866
0
LINE
8
BLACK
6
CONTINUOUS
10
0.8694074015748031
20
1.241180433070866
11
0.8679075984251968
21
1.2381807874015747
0
LINE
8
BLACK
6
CONTINUOUS
10
0.8679075984251968
20
1.2381807874015747
11
0.8673816929133858
21
1.2374717322834645
0
LINE
8
BLACK
6
CONTINUOUS
10
0.8673816929133858
20
1.2374717322834645
11
0.8673544881889763
21
1.2374133858267715
0
LINE
8
BLACK
6
CONTINUOUS
10
0.8673544881889763
20
1.2374133858267715
11
0.866395905511811
21
1.2364548031496063
0
LINE
8
BLACK
6
CONTINUOUS
10
0.866395905511811
20
1.2364548031496063
11
0.8863108267716535
21
1.2364548031496063
0
LINE
8
BLACK
6
CONTINUOUS
10
0.8863108267716535
20
1.2364548031496063
11
0.8863108267716535
21
1.2425009448818898
0
LINE
8
BLACK
6
CONTINUOUS
10
0.8863108267716535
20
1.2425009448818898
11
0.8864888976377953
21
1.2435108661417322
0
LINE
8
BLACK
6
CONTINUOUS
10
0.8864888976377953
20
1.2435108661417322
11
0.8877872047244094
21
1.2450581102362204
0
LINE
8
BLACK
6
CONTINUOUS
10
0.8877872047244094
20
1.2450581102362204
11
0.8897763385826771
21
1.2454088582677165
0
LINE
8
BLACK
6
CONTINUOUS
10
0.8897763385826771
20
1.2454088582677165
11
0.8915255118110236
21
1.2443989370078741
0
LINE
8
BLACK
6
CONTINUOUS
10
0.8915255118110236
20
1.2443989370078741
11
0.8922163385826771
21
1.2425009448818898
0
LINE
8
BLACK
6
CONTINUOUS
10
0.8922163385826771
20
1.2425009448818898
11
0.8922163385826771
21
1.224503188976378
0
LINE
8
BLACK
6
CONTINUOUS
10
0.8922163385826771
20
1.224503188976378
11
0.8920382677165354
21
1.2234932677165353
0
LINE
8
BLACK
6
CONTINUOUS
10
0.8920382677165354
20
1.2234932677165353
11
0.8907399606299212
21
1.2219460236220472
0
LINE
8
BLACK
6
CONTINUOUS
10
0.8907399606299212
20
1.2219460236220472
11
0.8887508267716535
21
1.2215952755905513
0
LINE
8
BLACK
6
CONTINUOUS
10
0.8887508267716535
20
1.2215952755905513
11
0.8870016535433071
21
1.2226051968503937
0
LINE
8
BLACK
6
CONTINUOUS
10
0.8870016535433071
20
1.2226051968503937
11
0.8863108267716535
21
1.224503188976378
0
LINE
8
BLACK
6
CONTINUOUS
10
0.8863108267716535
20
1.224503188976378
11
0.8863108267716535
21
1.2305492913385827
0
LINE
8
BLACK
6
CONTINUOUS
10
0.8863108267716535
20
1.2305492913385827
11
0.8577675196850394
21
1.2305492913385827
0
LINE
8
BLACK
6
CONTINUOUS
10
0.8577675196850394
20
1.2305492913385827
11
0.8567575984251968
21
1.2307273622047243
0
LINE
8
BLACK
6
CONTINUOUS
10
0.8567575984251968
20
1.2307273622047243
11
0.8566275196850394
21
1.2308364960629921
0
LINE
8
BLACK
6
CONTINUOUS
10
0.8566275196850394
20
1.2308364960629921
11
0.856458779527559
21
1.230855157480315
0
LINE
8
BLACK
6
CONTINUOUS
10
0.856458779527559
20
1.230855157480315
11
0.8558667322834645
21
1.2314748425196851
0
LINE
8
BLACK
6
CONTINUOUS
10
0.8558667322834645
20
1.2314748425196851
11
0.8552103543307087
21
1.2320256692913385
0
LINE
8
BLACK
6
CONTINUOUS
10
0.8552103543307087
20
1.2320256692913385
11
0.8551808661417323
21
1.2321928346456692
0
LINE
8
BLACK
6
CONTINUOUS
10
0.8551808661417323
20
1.2321928346456692
11
0.8550635826771653
21
1.2323156299212599
0
LINE
8
BLACK
6
CONTINUOUS
10
0.8550635826771653
20
1.2323156299212599
11
0.8550084251968504
21
1.2331708267716535
0
LINE
8
BLACK
6
CONTINUOUS
10
0.8550084251968504
20
1.2331708267716535
11
0.8548596062992125
21
1.2340148031496063
0
LINE
8
BLACK
6
CONTINUOUS
10
0.8548596062992125
20
1.2340148031496063
11
0.8549444881889764
21
1.2341618503937009
0
LINE
8
BLACK
6
CONTINUOUS
10
0.8549444881889764
20
1.2341618503937009
11
0.8549335826771653
21
1.2343312598425196
0
LINE
8
BLACK
6
CONTINUOUS
10
0.8549335826771653
20
1.2343312598425196
11
0.8554410236220472
21
1.2350218503937007
0
LINE
8
BLACK
6
CONTINUOUS
10
0.8554410236220472
20
1.2350218503937007
11
0.8558695275590551
21
1.2357639763779527
0
LINE
8
BLACK
6
CONTINUOUS
10
0.8558695275590551
20
1.2357639763779527
11
0.8560290157480315
21
1.2358220078740156
0
LINE
8
BLACK
6
CONTINUOUS
10
0.8560290157480315
20
1.2358220078740156
11
0.8561296062992125
21
1.2359588976377953
0
LINE
8
BLACK
6
CONTINUOUS
10
0.8561296062992125
20
1.2359588976377953
11
0.8603858267716535
21
1.2387963779527558
0
LINE
8
BLACK
6
CONTINUOUS
10
0.8603858267716535
20
1.2387963779527558
11
0.8628398031496063
21
1.2412503937007873
0
LINE
8
BLACK
6
CONTINUOUS
10
0.8628398031496063
20
1.2412503937007873
11
0.8641253543307087
21
1.2438214566929133
0
LINE
8
BLACK
6
CONTINUOUS
10
0.8641253543307087
20
1.2438214566929133
11
0.8647362598425197
21
1.2446451181102363
0
LINE
8
BLACK
6
CONTINUOUS
10
0.8647362598425197
20
1.2446451181102363
11
0.8665894488188977
21
1.2454483858267715
0
LINE
8
BLACK
6
CONTINUOUS
10
0.8665894488188977
20
1.2454483858267715
11
0.8685254330708662
21
1.2448725590551182
0
LINE
8
BLACK
6
CONTINUOUS
10
0.884274251968504
20
1.2767716535433071
11
0.8844094881889764
21
1.2766581496062992
0
LINE
8
BLACK
6
CONTINUOUS
10
0.8844094881889764
20
1.2766581496062992
11
0.8845848425196851
21
1.2766379921259843
0
LINE
8
BLACK
6
CONTINUOUS
10
0.8845848425196851
20
1.2766379921259843
11
0.8875844488188976
21
1.275138188976378
0
LINE
8
BLACK
6
CONTINUOUS
10
0.8875844488188976
20
1.275138188976378
11
0.8882934251968504
21
1.2746123228346455
0
LINE
8
BLACK
6
CONTINUOUS
10
0.8882934251968504
20
1.2746123228346455
11
0.888351811023622
21
1.2745851181102361
0
LINE
8
BLACK
6
CONTINUOUS
10
0.888351811023622
20
1.2745851181102361
11
0.8898516535433071
21
1.2730853149606298
0
LINE
8
BLACK
6
CONTINUOUS
10
0.8898516535433071
20
1.2730853149606298
11
0.890358031496063
21
1.2723621259842519
0
LINE
8
BLACK
6
CONTINUOUS
10
0.890358031496063
20
1.2723621259842519
11
0.8904048031496062
21
1.2723178740157479
0
LINE
8
BLACK
6
CONTINUOUS
10
0.8904048031496062
20
1.2723178740157479
11
0.8919046062992125
21
1.2693182283464566
0
LINE
8
BLACK
6
CONTINUOUS
10
0.8919046062992125
20
1.2693182283464566
11
0.8921970078740157
21
1.2683352755905513
0
LINE
8
BLACK
6
CONTINUOUS
10
0.8921970078740157
20
1.2683352755905513
11
0.8921559448818898
21
1.2681635433070866
0
LINE
8
BLACK
6
CONTINUOUS
10
0.8921559448818898
20
1.2681635433070866
11
0.8922163385826771
21
1.267997716535433
0
LINE
8
BLACK
6
CONTINUOUS
10
0.8922163385826771
20
1.267997716535433
11
0.8922163385826771
21
1.2619984645669291
0
LINE
8
BLACK
6
CONTINUOUS
10
0.8922163385826771
20
1.2619984645669291
11
0.8920382677165354
21
1.2609885433070867
0
LINE
8
BLACK
6
CONTINUOUS
10
0.8920382677165354
20
1.2609885433070867
11
0.8919247637795276
21
1.2608532677165354
0
LINE
8
BLACK
6
CONTINUOUS
10
0.8919247637795276
20
1.2608532677165354
11
0.8919046062992125
21
1.2606779527559056
0
LINE
8
BLACK
6
CONTINUOUS
10
0.8919046062992125
20
1.2606779527559056
11
0.8904048031496062
21
1.257678346456693
0
LINE
8
BLACK
6
CONTINUOUS
10
0.8904048031496062
20
1.257678346456693
11
0.8898788188976378
21
1.2569692125984251
0
LINE
8
BLACK
6
CONTINUOUS
10
0.8898788188976378
20
1.2569692125984251
11
0.8898516535433071
21
1.2569109055118111
0
LINE
8
BLACK
6
CONTINUOUS
10
0.8898516535433071
20
1.2569109055118111
11
0.888351811023622
21
1.2554111023622048
0
LINE
8
BLACK
6
CONTINUOUS
10
0.888351811023622
20
1.2554111023622048
11
0.8876287401574803
21
1.2549048031496062
0
LINE
8
BLACK
6
CONTINUOUS
10
0.8876287401574803
20
1.2549048031496062
11
0.8875844488188976
21
1.2548580314960629
0
LINE
8
BLACK
6
CONTINUOUS
10
0.8875844488188976
20
1.2548580314960629
11
0.8845848818897638
21
1.2533581889763779
0
LINE
8
BLACK
6
CONTINUOUS
10
0.8845848818897638
20
1.2533581889763779
11
0.8836019291338583
21
1.2530658267716535
0
LINE
8
BLACK
6
CONTINUOUS
10
0.8836019291338583
20
1.2530658267716535
11
0.8834301968503937
21
1.2531068110236221
0
LINE
8
BLACK
6
CONTINUOUS
10
0.8834301968503937
20
1.2531068110236221
11
0.8832643307086614
21
1.2530464566929134
0
LINE
8
BLACK
6
CONTINUOUS
10
0.8832643307086614
20
1.2530464566929134
11
0.8577675196850394
21
1.2530464566929134
0
LINE
8
BLACK
6
CONTINUOUS
10
0.8577675196850394
20
1.2530464566929134
11
0.8567575984251968
21
1.253224527559055
0
LINE
8
BLACK
6
CONTINUOUS
10
0.8567575984251968
20
1.253224527559055
11
0.8552103543307087
21
1.2545228346456692
0
LINE
8
BLACK
6
CONTINUOUS
10
0.8552103543307087
20
1.2545228346456692
11
0.8548596062992125
21
1.256511968503937
0
LINE
8
BLACK
6
CONTINUOUS
10
0.8548596062992125
20
1.256511968503937
11
0.8558695275590551
21
1.2582611417322835
0
LINE
8
BLACK
6
CONTINUOUS
10
0.8558695275590551
20
1.2582611417322835
11
0.8577675196850394
21
1.258951968503937
0
LINE
8
BLACK
6
CONTINUOUS
10
0.8577675196850394
20
1.258951968503937
11
0.8825672440944882
21
1.258951968503937
0
LINE
8
BLACK
6
CONTINUOUS
10
0.8825672440944882
20
1.258951968503937
11
0.8845148031496063
21
1.259925748031496
0
LINE
8
BLACK
6
CONTINUOUS
10
0.8845148031496063
20
1.259925748031496
11
0.8853370472440945
21
1.2607479527559056
0
LINE
8
BLACK
6
CONTINUOUS
10
0.8853370472440945
20
1.2607479527559056
11
0.8863108267716535
21
1.2626955118110237
0
LINE
8
BLACK
6
CONTINUOUS
10
0.8863108267716535
20
1.2626955118110237
11
0.8863108267716535
21
1.2673006692913384
0
LINE
8
BLACK
6
CONTINUOUS
10
0.8863108267716535
20
1.2673006692913384
11
0.8853370472440945
21
1.2692482283464566
0
LINE
8
BLACK
6
CONTINUOUS
10
0.8853370472440945
20
1.2692482283464566
11
0.884514842519685
21
1.2700703937007873
0
LINE
8
BLACK
6
CONTINUOUS
10
0.884514842519685
20
1.2700703937007873
11
0.8825672834645669
21
1.2710442125984251
0
LINE
8
BLACK
6
CONTINUOUS
10
0.8825672834645669
20
1.2710442125984251
11
0.8577675196850394
21
1.2710442125984251
0
LINE
8
BLACK
6
CONTINUOUS
10
0.8577675196850394
20
1.2710442125984251
11
0.8567575984251968
21
1.271222283464567
0
LINE
8
BLACK
6
CONTINUOUS
10
0.8567575984251968
20
1.271222283464567
11
0.8552103543307087
21
1.2725205905511812
0
LINE
8
BLACK
6
CONTINUOUS
10
0.8552103543307087
20
1.2725205905511812
11
0.8548596062992125
21
1.2745097244094488
0
LINE
8
BLACK
6
CONTINUOUS
10
0.8548596062992125
20
1.2745097244094488
11
0.8558695275590551
21
1.2762588976377953
0
LINE
8
BLACK
6
CONTINUOUS
10
0.8558695275590551
20
1.2762588976377953
11
0.8577675196850394
21
1.2769497244094488
0
LINE
8
BLACK
6
CONTINUOUS
10
0.8577675196850394
20
1.2769497244094488
11
0.8832643307086614
21
1.2769497244094488
0
LINE
8
BLACK
6
CONTINUOUS
10
0.8832643307086614
20
1.2769497244094488
11
0.884274251968504
21
1.2767716535433071
0
LINE
8
BLACK
6
CONTINUOUS
10
0.9738087007874016
20
1.3394992913385826
11
0.9739379527559054
21
1.3395220866141733
0
LINE
8
BLACK
6
CONTINUOUS
10
0.9739379527559054
20
1.3395220866141733
11
0.9740515354330709
21
1.3394564566929135
0
LINE
8
BLACK
6
CONTINUOUS
10
0.9740515354330709
20
1.3394564566929135
11
0.9744351181102362
21
1.3393888582677165
0
LINE
8
BLACK
6
CONTINUOUS
10
0.9744351181102362
20
1.3393888582677165
11
0.9750227952755905
21
1.3388957086614173
0
LINE
8
BLACK
6
CONTINUOUS
10
0.9750227952755905
20
1.3388957086614173
11
0.975687125984252
21
1.3385121653543306
0
LINE
8
BLACK
6
CONTINUOUS
10
0.975687125984252
20
1.3385121653543306
11
0.9757782283464567
21
1.338261811023622
0
LINE
8
BLACK
6
CONTINUOUS
10
0.9757782283464567
20
1.338261811023622
11
0.9759823622047243
21
1.3380905511811023
0
LINE
8
BLACK
6
CONTINUOUS
10
0.9759823622047243
20
1.3380905511811023
11
0.9761155905511811
21
1.3373349606299212
0
LINE
8
BLACK
6
CONTINUOUS
10
0.9761155905511811
20
1.3373349606299212
11
0.9763779527559054
21
1.3366141732283465
0
LINE
8
BLACK
6
CONTINUOUS
10
0.9763779527559054
20
1.3366141732283465
11
0.9763779527559054
21
1.1633858267716535
0
LINE
8
BLACK
6
CONTINUOUS
10
0.9763779527559054
20
1.1633858267716535
11
0.9763103149606299
21
1.1630022834645668
0
LINE
8
BLACK
6
CONTINUOUS
10
0.9763103149606299
20
1.1630022834645668
11
0.9763331102362205
21
1.1628730708661417
0
LINE
8
BLACK
6
CONTINUOUS
10
0.9763331102362205
20
1.1628730708661417
11
0.9762674803149606
21
1.1627594488188977
0
LINE
8
BLACK
6
CONTINUOUS
10
0.9762674803149606
20
1.1627594488188977
11
0.9761998818897638
21
1.162375905511811
0
LINE
8
BLACK
6
CONTINUOUS
10
0.9761998818897638
20
1.162375905511811
11
0.9757067322834645
21
1.1617881889763779
0
LINE
8
BLACK
6
CONTINUOUS
10
0.9757067322834645
20
1.1617881889763779
11
0.9753231889763779
21
1.1611238976377953
0
LINE
8
BLACK
6
CONTINUOUS
10
0.9753231889763779
20
1.1611238976377953
11
0.9750728346456693
21
1.1610327559055118
0
LINE
8
BLACK
6
CONTINUOUS
10
0.9750728346456693
20
1.1610327559055118
11
0.9749015748031495
21
1.1608286614173229
0
LINE
8
BLACK
6
CONTINUOUS
10
0.9749015748031495
20
1.1608286614173229
11
0.9741459842519685
21
1.1606953937007873
0
LINE
8
BLACK
6
CONTINUOUS
10
0.9741459842519685
20
1.1606953937007873
11
0.9734251968503936
21
1.1604330708661417
0
LINE
8
BLACK
6
CONTINUOUS
10
0.9734251968503936
20
1.1604330708661417
11
0.7765748031496063
21
1.1604330708661417
0
LINE
8
BLACK
6
CONTINUOUS
10
0.7765748031496063
20
1.1604330708661417
11
0.7761912598425197
21
1.1605006692913387
0
LINE
8
BLACK
6
CONTINUOUS
10
0.7761912598425197
20
1.1605006692913387
11
0.7760620472440944
21
1.1604779133858267
0
LINE
8
BLACK
6
CONTINUOUS
10
0.7760620472440944
20
1.1604779133858267
11
0.7759484251968504
21
1.1605435039370078
0
LINE
8
BLACK
6
CONTINUOUS
10
0.7759484251968504
20
1.1605435039370078
11
0.7755648818897638
21
1.1606111417322835
0
LINE
8
BLACK
6
CONTINUOUS
10
0.7755648818897638
20
1.1606111417322835
11
0.7749771653543307
21
1.161104251968504
0
LINE
8
BLACK
6
CONTINUOUS
10
0.7749771653543307
20
1.161104251968504
11
0.774312874015748
21
1.1614878346456692
0
LINE
8
BLACK
6
CONTINUOUS
10
0.774312874015748
20
1.1614878346456692
11
0.7742217322834646
21
1.1617381496062993
0
LINE
8
BLACK
6
CONTINUOUS
10
0.7742217322834646
20
1.1617381496062993
11
0.7740176377952755
21
1.1619094488188977
0
LINE
8
BLACK
6
CONTINUOUS
10
0.7740176377952755
20
1.1619094488188977
11
0.7738843700787401
21
1.1626650000000001
0
LINE
8
BLACK
6
CONTINUOUS
10
0.7738843700787401
20
1.1626650000000001
11
0.7736220472440944
21
1.1633858267716535
0
LINE
8
BLACK
6
CONTINUOUS
10
0.7736220472440944
20
1.1633858267716535
11
0.7736220472440944
21
1.2972440944881889
0
LINE
8
BLACK
6
CONTINUOUS
10
0.7736220472440944
20
1.2972440944881889
11
0.7736538582677165
21
1.2974246062992125
0
LINE
8
BLACK
6
CONTINUOUS
10
0.7736538582677165
20
1.2974246062992125
11
0.7736333070866142
21
1.2975014173228345
0
LINE
8
BLACK
6
CONTINUOUS
10
0.7736333070866142
20
1.2975014173228345
11
0.7736881496062992
21
1.2976190551181102
0
LINE
8
BLACK
6
CONTINUOUS
10
0.7736881496062992
20
1.2976190551181102
11
0.7738001181102362
21
1.2982540157480316
0
LINE
8
BLACK
6
CONTINUOUS
10
0.7738001181102362
20
1.2982540157480316
11
0.7742144881889763
21
1.2987478346456693
0
LINE
8
BLACK
6
CONTINUOUS
10
0.7742144881889763
20
1.2987478346456693
11
0.7744868897637796
21
1.2993320078740158
0
LINE
8
BLACK
6
CONTINUOUS
10
0.7744868897637796
20
1.2993320078740158
11
0.813856968503937
21
1.3387020866141732
0
LINE
8
BLACK
6
CONTINUOUS
10
0.813856968503937
20
1.3387020866141732
11
0.814007125984252
21
1.3388072047244095
0
LINE
8
BLACK
6
CONTINUOUS
10
0.814007125984252
20
1.3388072047244095
11
0.8140468897637795
21
1.3388761023622047
0
LINE
8
BLACK
6
CONTINUOUS
10
0.8140468897637795
20
1.3388761023622047
11
0.8141688582677166
21
1.3389204724409449
0
LINE
8
BLACK
6
CONTINUOUS
10
0.8141688582677166
20
1.3389204724409449
11
0.8146970078740158
21
1.3392903149606299
0
LINE
8
BLACK
6
CONTINUOUS
10
0.8146970078740158
20
1.3392903149606299
11
0.8153392519685039
21
1.3393464960629922
0
LINE
8
BLACK
6
CONTINUOUS
10
0.8153392519685039
20
1.3393464960629922
11
0.8159448818897638
21
1.3395669291338583
0
LINE
8
BLACK
6
CONTINUOUS
10
0.8159448818897638
20
1.3395669291338583
11
0.9734251968503936
21
1.3395669291338583
0
LINE
8
BLACK
6
CONTINUOUS
10
0.9734251968503936
20
1.3395669291338583
11
0.9738087007874016
21
1.3394992913385826
0
LINE
8
BLACK
6
CONTINUOUS
10
0.8171679527559055
20
1.3336614173228347
11
0.7795275590551181
21
1.2960210236220473
0
LINE
8
BLACK
6
CONTINUOUS
10
0.7795275590551181
20
1.2960210236220473
11
0.7795275590551181
21
1.1663385826771653
0
LINE
8
BLACK
6
CONTINUOUS
10
0.7795275590551181
20
1.1663385826771653
11
0.9704724409448818
21
1.1663385826771653
0
LINE
8
BLACK
6
CONTINUOUS
10
0.9704724409448818
20
1.1663385826771653
11
0.9704724409448818
21
1.3336614173228347
0
LINE
8
BLACK
6
CONTINUOUS
10
0.9704724409448818
20
1.3336614173228347
11
0.8171679527559055
21
1.3336614173228347
0
LINE
8
BLACK
6
CONTINUOUS
10
1.1053835039370079
20
1.2128851181102362
11
1.1055127559055118
21
1.2129079133858267
0
LINE
8
BLACK
6
CONTINUOUS
10
1.1055127559055118
20
1.2129079133858267
11
1.1056263385826772
21
1.2128422834645669
0
LINE
8
BLACK
6
CONTINUOUS
10
1.1056263385826772
20
1.2128422834645669
11
1.1060099212598424
21
1.2127746850393701
0
LINE
8
BLACK
6
CONTINUOUS
10
1.1060099212598424
20
1.2127746850393701
11
1.1065975984251968
21
1.2122815354330709
0
LINE
8
BLACK
6
CONTINUOUS
10
1.1065975984251968
20
1.2122815354330709
11
1.1072619291338583
21
1.2118979921259843
0
LINE
8
BLACK
6
CONTINUOUS
10
1.1072619291338583
20
1.2118979921259843
11
1.1073530314960629
21
1.2116476377952756
0
LINE
8
BLACK
6
CONTINUOUS
10
1.1073530314960629
20
1.2116476377952756
11
1.1075571653543306
21
1.211476377952756
0
LINE
8
BLACK
6
CONTINUOUS
10
1.1075571653543306
20
1.211476377952756
11
1.1076903937007874
21
1.2107207874015748
0
LINE
8
BLACK
6
CONTINUOUS
10
1.1076903937007874
20
1.2107207874015748
11
1.1079527559055118
21
1.21
0
LINE
8
BLACK
6
CONTINUOUS
10
1.1079527559055118
20
1.21
11
1.1079527559055118
21
1.1699999999999999
0
LINE
8
BLACK
6
CONTINUOUS
10
1.1079527559055118
20
1.1699999999999999
11
1.1077746850393702
21
1.1689900787401575
0
LINE
8
BLACK
6
CONTINUOUS
10
1.1077746850393702
20
1.1689900787401575
11
1.1064763779527558
21
1.1674428346456693
0
LINE
8
BLACK
6
CONTINUOUS
10
1.1064763779527558
20
1.1674428346456693
11
1.1044872440944882
21
1.1670920866141732
0
LINE
8
BLACK
6
CONTINUOUS
10
1.1044872440944882
20
1.1670920866141732
11
1.1027380708661416
21
1.1681020078740156
0
LINE
8
BLACK
6
CONTINUOUS
10
1.1027380708661416
20
1.1681020078740156
11
1.1020472440944882
21
1.1699999999999999
0
LINE
8
BLACK
6
CONTINUOUS
10
1.1020472440944882
20
1.1699999999999999
11
1.1020472440944882
21
1.2070472440944882
0
LINE
8
BLACK
6
CONTINUOUS
10
1.1020472440944882
20
1.2070472440944882
11
1.0479527559055117
21
1.2070472440944882
0
LINE
8
BLACK
6
CONTINUOUS
10
1.0479527559055117
20
1.2070472440944882
11
1.0479527559055117
21
1.1699999999999999
0
LINE
8
BLACK
6
CONTINUOUS
10
1.0479527559055117
20
1.1699999999999999
11
1.0477746850393701
21
1.1689900787401575
0
LINE
8
BLACK
6
CONTINUOUS
10
1.0477746850393701
20
1.1689900787401575
11
1.0464763779527559
21
1.1674428346456693
0
LINE
8
BLACK
6
CONTINUOUS
10
1.0464763779527559
20
1.1674428346456693
11
1.0444872440944881
21
1.1670920866141732
0
LINE
8
BLACK
6
CONTINUOUS
10
1.0444872440944881
20
1.1670920866141732
11
1.0427380708661418
21
1.1681020078740156
0
LINE
8
BLACK
6
CONTINUOUS
10
1.0427380708661418
20
1.1681020078740156
11
1.0420472440944881
21
1.1699999999999999
0
LINE
8
BLACK
6
CONTINUOUS
10
1.0420472440944881
20
1.1699999999999999
11
1.0420472440944881
21
1.21
0
LINE
8
BLACK
6
CONTINUOUS
10
1.0420472440944881
20
1.21
11
1.0421148425196851
21
1.2103835039370079
0
LINE
8
BLACK
6
CONTINUOUS
10
1.0421148425196851
20
1.2103835039370079
11
1.0420920866141732
21
1.2105127559055118
0
LINE
8
BLACK
6
CONTINUOUS
10
1.0420920866141732
20
1.2105127559055118
11
1.0421576771653542
21
1.2106263385826772
0
LINE
8
BLACK
6
CONTINUOUS
10
1.0421576771653542
20
1.2106263385826772
11
1.04222531496063
21
1.2110099212598424
0
LINE
8
BLACK
6
CONTINUOUS
10
1.04222531496063
20
1.2110099212598424
11
1.0427184251968504
21
1.2115975984251968
0
LINE
8
BLACK
6
CONTINUOUS
10
1.0427184251968504
20
1.2115975984251968
11
1.0431020078740156
21
1.2122619291338583
0
LINE
8
BLACK
6
CONTINUOUS
10
1.0431020078740156
20
1.2122619291338583
11
1.0433523228346457
21
1.2123530314960629
0
LINE
8
BLACK
6
CONTINUOUS
10
1.0433523228346457
20
1.2123530314960629
11
1.0435236220472441
21
1.2125571653543308
0
LINE
8
BLACK
6
CONTINUOUS
10
1.0435236220472441
20
1.2125571653543308
11
1.0442791732283465
21
1.2126903937007874
0
LINE
8
BLACK
6
CONTINUOUS
10
1.0442791732283465
20
1.2126903937007874
11
1.0449999999999999
21
1.2129527559055118
0
LINE
8
BLACK
6
CONTINUOUS
10
1.0449999999999999
20
1.2129527559055118
11
1.105
21
1.2129527559055118
0
LINE
8
BLACK
6
CONTINUOUS
10
1.105
20
1.2129527559055118
11
1.1053835039370079
21
1.2128851181102362
0
LINE
8
BLACK
6
CONTINUOUS
10
1.1004102362204724
20
1.1882654724409449
11
1.1010399606299213
21
1.1867451968503937
0
LINE
8
BLACK
6
CONTINUOUS
10
1.1010399606299213
20
1.1867451968503937
11
1.1010399606299213
21
1.1754880708661417
0
LINE
8
BLACK
6
CONTINUOUS
10
1.1010399606299213
20
1.1754880708661417
11
1.1004102362204724
21
1.1739677952755905
0
LINE
8
BLACK
6
CONTINUOUS
10
1.1004102362204724
20
1.1739677952755905
11
1.0988899606299212
21
1.1733380708661416
0
LINE
8
BLACK
6
CONTINUOUS
10
1.0988899606299212
20
1.1733380708661416
11
1.0973696850393702
21
1.1739677952755905
0
LINE
8
BLACK
6
CONTINUOUS
10
1.0973696850393702
20
1.1739677952755905
11
1.0967399606299213
21
1.1754880708661417
0
LINE
8
BLACK
6
CONTINUOUS
10
1.0967399606299213
20
1.1754880708661417
11
1.0967399606299213
21
1.1789666141732282
0
LINE
8
BLACK
6
CONTINUOUS
10
1.0967399606299213
20
1.1789666141732282
11
1.0791899606299213
21
1.1789666141732282
0
LINE
8
BLACK
6
CONTINUOUS
10
1.0791899606299213
20
1.1789666141732282
11
1.0789853937007874
21
1.1790512992125983
0
LINE
8
BLACK
6
CONTINUOUS
10
1.0789853937007874
20
1.1790512992125983
11
1.0787683070866141
21
1.1790083858267717
0
LINE
8
BLACK
6
CONTINUOUS
10
1.0787683070866141
20
1.1790083858267717
11
1.0782481496062992
21
1.1793566929133859
0
LINE
8
BLACK
6
CONTINUOUS
10
1.0782481496062992
20
1.1793566929133859
11
1.0776696850393701
21
1.1795963385826771
0
LINE
8
BLACK
6
CONTINUOUS
10
1.0776696850393701
20
1.1795963385826771
11
1.0775849606299213
21
1.1798008267716535
0
LINE
8
BLACK
6
CONTINUOUS
10
1.0775849606299213
20
1.1798008267716535
11
1.077401062992126
21
1.1799240157480315
0
LINE
8
BLACK
6
CONTINUOUS
10
1.077401062992126
20
1.1799240157480315
11
1.0772795669291337
21
1.1805381102362205
0
LINE
8
BLACK
6
CONTINUOUS
10
1.0772795669291337
20
1.1805381102362205
11
1.0770399606299212
21
1.1811166141732283
0
LINE
8
BLACK
6
CONTINUOUS
10
1.0770399606299212
20
1.1811166141732283
11
1.0771246456692913
21
1.1813211417322835
0
LINE
8
BLACK
6
CONTINUOUS
10
1.0771246456692913
20
1.1813211417322835
11
1.0770817322834645
21
1.1815382677165354
0
LINE
8
BLACK
6
CONTINUOUS
10
1.0770817322834645
20
1.1815382677165354
11
1.0774300393700786
21
1.1820583858267717
0
LINE
8
BLACK
6
CONTINUOUS
10
1.0774300393700786
20
1.1820583858267717
11
1.0776696850393701
21
1.1826368897637796
0
LINE
8
BLACK
6
CONTINUOUS
10
1.0776696850393701
20
1.1826368897637796
11
1.0778741732283463
21
1.1827215748031497
0
LINE
8
BLACK
6
CONTINUOUS
10
1.0778741732283463
20
1.1827215748031497
11
1.0779973622047243
21
1.1829055118110237
0
LINE
8
BLACK
6
CONTINUOUS
10
1.0779973622047243
20
1.1829055118110237
11
1.0806345275590552
21
1.1846636614173227
0
LINE
8
BLACK
6
CONTINUOUS
10
1.0806345275590552
20
1.1846636614173227
11
1.0821134251968503
21
1.186142559055118
0
LINE
8
BLACK
6
CONTINUOUS
10
1.0821134251968503
20
1.186142559055118
11
1.0828955118110235
21
1.1877067322834645
0
LINE
8
BLACK
6
CONTINUOUS
10
1.0828955118110235
20
1.1877067322834645
11
1.0841386614173227
21
1.188784842519685
0
LINE
8
BLACK
6
CONTINUOUS
10
1.0841386614173227
20
1.188784842519685
11
1.0857800787401575
21
1.1886681889763779
0
LINE
8
BLACK
6
CONTINUOUS
10
1.0857800787401575
20
1.1886681889763779
11
1.0868582283464567
21
1.1874250787401575
0
LINE
8
BLACK
6
CONTINUOUS
10
1.0868582283464567
20
1.1874250787401575
11
1.0867415354330709
21
1.1857836614173227
0
LINE
8
BLACK
6
CONTINUOUS
10
1.0867415354330709
20
1.1857836614173227
11
1.0858034251968505
21
1.1839074803149605
0
LINE
8
BLACK
6
CONTINUOUS
10
1.0858034251968505
20
1.1839074803149605
11
1.0855361023622048
21
1.1836756299212599
0
LINE
8
BLACK
6
CONTINUOUS
10
1.0855361023622048
20
1.1836756299212599
11
1.0854007086614172
21
1.1833487401574803
0
LINE
8
BLACK
6
CONTINUOUS
10
1.0854007086614172
20
1.1833487401574803
11
1.0853185826771654
21
1.1832666141732284
0
LINE
8
BLACK
6
CONTINUOUS
10
1.0853185826771654
20
1.1832666141732284
11
1.0967399606299213
21
1.1832666141732284
0
LINE
8
BLACK
6
CONTINUOUS
10
1.0967399606299213
20
1.1832666141732284
11
1.0967399606299213
21
1.1867451968503937
0
LINE
8
BLACK
6
CONTINUOUS
10
1.0967399606299213
20
1.1867451968503937
11
1.0973696850393702
21
1.1882654724409449
0
LINE
8
BLACK
6
CONTINUOUS
10
1.0973696850393702
20
1.1882654724409449
11
1.0988899606299212
21
1.1888951968503936
0
LINE
8
BLACK
6
CONTINUOUS
10
1.0988899606299212
20
1.1888951968503936
11
1.1004102362204724
21
1.1882654724409449
0
LINE
8
BLACK
6
CONTINUOUS
10
1.1072619291338583
20
1.3068979921259842
11
1.1079527559055118
21
1.3049999999999999
0
LINE
8
BLACK
6
CONTINUOUS
10
1.1079527559055118
20
1.3049999999999999
11
1.1079527559055118
21
1.2649999999999999
0
LINE
8
BLACK
6
CONTINUOUS
10
1.1079527559055118
20
1.2649999999999999
11
1.1078851181102363
21
1.2646164566929134
0
LINE
8
BLACK
6
CONTINUOUS
10
1.1078851181102363
20
1.2646164566929134
11
1.1079079133858267
21
1.2644872440944881
0
LINE
8
BLACK
6
CONTINUOUS
10
1.1079079133858267
20
1.2644872440944881
11
1.1078422834645669
21
1.2643736220472441
0
LINE
8
BLACK
6
CONTINUOUS
10
1.1078422834645669
20
1.2643736220472441
11
1.1077746850393702
21
1.2639900787401575
0
LINE
8
BLACK
6
CONTINUOUS
10
1.1077746850393702
20
1.2639900787401575
11
1.107281535433071
21
1.2634023622047243
0
LINE
8
BLACK
6
CONTINUOUS
10
1.107281535433071
20
1.2634023622047243
11
1.1068979921259843
21
1.2627380708661418
0
LINE
8
BLACK
6
CONTINUOUS
10
1.1068979921259843
20
1.2627380708661418
11
1.1066476377952756
21
1.2626469291338582
0
LINE
8
BLACK
6
CONTINUOUS
10
1.1066476377952756
20
1.2626469291338582
11
1.1064763779527558
21
1.2624428346456693
0
LINE
8
BLACK
6
CONTINUOUS
10
1.1064763779527558
20
1.2624428346456693
11
1.1057207874015749
21
1.2623095669291338
0
LINE
8
BLACK
6
CONTINUOUS
10
1.1057207874015749
20
1.2623095669291338
11
1.105
21
1.2620472440944881
0
LINE
8
BLACK
6
CONTINUOUS
10
1.105
20
1.2620472440944881
11
1.0992807086614174
21
1.2620472440944881
0
LINE
8
BLACK
6
CONTINUOUS
10
1.0992807086614174
20
1.2620472440944881
11
1.0798698425196851
21
1.2555769685039371
0
LINE
8
BLACK
6
CONTINUOUS
10
1.0798698425196851
20
1.2555769685039371
11
1.0782284645669291
21
1.2556936220472441
0
LINE
8
BLACK
6
CONTINUOUS
10
1.0782284645669291
20
1.2556936220472441
11
1.0771502755905511
21
1.2569367716535433
0
LINE
8
BLACK
6
CONTINUOUS
10
1.0771502755905511
20
1.2569367716535433
11
1.0772669291338584
21
1.2585781496062991
0
LINE
8
BLACK
6
CONTINUOUS
10
1.0772669291338584
20
1.2585781496062991
11
1.0785100787401574
21
1.2596563385826771
0
LINE
8
BLACK
6
CONTINUOUS
10
1.0785100787401574
20
1.2596563385826771
11
1.0856827952755905
21
1.2620472440944881
0
LINE
8
BLACK
6
CONTINUOUS
10
1.0856827952755905
20
1.2620472440944881
11
1.0449999999999999
21
1.2620472440944881
0
LINE
8
BLACK
6
CONTINUOUS
10
1.0449999999999999
20
1.2620472440944881
11
1.0446164566929133
21
1.2621148425196851
0
LINE
8
BLACK
6
CONTINUOUS
10
1.0446164566929133
20
1.2621148425196851
11
1.0444872440944881
21
1.2620920866141732
0
LINE
8
BLACK
6
CONTINUOUS
10
1.0444872440944881
20
1.2620920866141732
11
1.0443736220472442
21
1.2621576771653542
0
LINE
8
BLACK
6
CONTINUOUS
10
1.0443736220472442
20
1.2621576771653542
11
1.0439900787401575
21
1.26222531496063
0
LINE
8
BLACK
6
CONTINUOUS
10
1.0439900787401575
20
1.26222531496063
11
1.0434023622047244
21
1.2627184251968504
0
LINE
8
BLACK
6
CONTINUOUS
10
1.0434023622047244
20
1.2627184251968504
11
1.0427380708661418
21
1.2631020078740156
0
LINE
8
BLACK
6
CONTINUOUS
10
1.0427380708661418
20
1.2631020078740156
11
1.0426469291338583
21
1.2633523228346457
0
LINE
8
BLACK
6
CONTINUOUS
10
1.0426469291338583
20
1.2633523228346457
11
1.0424428346456693
21
1.2635236220472441
0
LINE
8
BLACK
6
CONTINUOUS
10
1.0424428346456693
20
1.2635236220472441
11
1.0423095669291338
21
1.2642791732283465
0
LINE
8
BLACK
6
CONTINUOUS
10
1.0423095669291338
20
1.2642791732283465
11
1.0420472440944881
21
1.2649999999999999
0
LINE
8
BLACK
6
CONTINUOUS
10
1.0420472440944881
20
1.2649999999999999
11
1.0420472440944881
21
1.3049999999999999
0
LINE
8
BLACK
6
CONTINUOUS
10
1.0420472440944881
20
1.3049999999999999
11
1.04222531496063
21
1.3060099212598424
0
LINE
8
BLACK
6
CONTINUOUS
10
1.04222531496063
20
1.3060099212598424
11
1.0435236220472441
21
1.3075571653543308
0
LINE
8
BLACK
6
CONTINUOUS
10
1.0435236220472441
20
1.3075571653543308
11
1.0455127559055117
21
1.3079079133858267
0
LINE
8
BLACK
6
CONTINUOUS
10
1.0455127559055117
20
1.3079079133858267
11
1.0472619291338583
21
1.3068979921259842
0
LINE
8
BLACK
6
CONTINUOUS
10
1.0472619291338583
20
1.3068979921259842
11
1.0479527559055117
21
1.3049999999999999
0
LINE
8
BLACK
6
CONTINUOUS
10
1.0479527559055117
20
1.3049999999999999
11
1.0479527559055117
21
1.2679527559055117
0
LINE
8
BLACK
6
CONTINUOUS
10
1.0479527559055117
20
1.2679527559055117
11
1.0807826377952756
21
1.2679527559055117
0
LINE
8
BLACK
6
CONTINUOUS
10
1.0807826377952756
20
1.2679527559055117
11
1.0785100787401574
21
1.2687102755905511
0
LINE
8
BLACK
6
CONTINUOUS
10
1.0785100787401574
20
1.2687102755905511
11
1.0772669291338584
21
1.2697884645669291
0
LINE
8
BLACK
6
CONTINUOUS
10
1.0772669291338584
20
1.2697884645669291
11
1.0771502755905511
21
1.271429842519685
0
LINE
8
BLACK
6
CONTINUOUS
10
1.0771502755905511
20
1.271429842519685
11
1.0782284645669291
21
1.2726729921259843
0
LINE
8
BLACK
6
CONTINUOUS
10
1.0782284645669291
20
1.2726729921259843
11
1.0798698425196851
21
1.2727896456692913
0
LINE
8
BLACK
6
CONTINUOUS
10
1.0798698425196851
20
1.2727896456692913
11
1.0943805511811024
21
1.2679527559055117
0
LINE
8
BLACK
6
CONTINUOUS
10
1.0943805511811024
20
1.2679527559055117
11
1.1020472440944882
21
1.2679527559055117
0
LINE
8
BLACK
6
CONTINUOUS
10
1.1020472440944882
20
1.2679527559055117
11
1.1020472440944882
21
1.3049999999999999
0
LINE
8
BLACK
6
CONTINUOUS
10
1.1020472440944882
20
1.3049999999999999
11
1.1022253149606298
21
1.3060099212598424
0
LINE
8
BLACK
6
CONTINUOUS
10
1.1022253149606298
20
1.3060099212598424
11
1.103523622047244
21
1.3075571653543308
0
LINE
8
BLACK
6
CONTINUOUS
10
1.103523622047244
20
1.3075571653543308
11
1.1055127559055118
21
1.3079079133858267
0
LINE
8
BLACK
6
CONTINUOUS
10
1.1055127559055118
20
1.3079079133858267
11
1.1072619291338583
21
1.3068979921259842
0
LINE
8
BLACK
6
CONTINUOUS
10
1.0916370472440944
20
1.2896813385826771
11
1.0919066535433071
21
1.2897214566929134
0
LINE
8
BLACK
6
CONTINUOUS
10
1.0919066535433071
20
1.2897214566929134
11
1.0956590551181102
21
1.2887833858267717
0
LINE
8
BLACK
6
CONTINUOUS
10
1.0956590551181102
20
1.2887833858267717
11
1.0958553937007873
21
1.288637874015748
0
LINE
8
BLACK
6
CONTINUOUS
10
1.0958553937007873
20
1.288637874015748
11
1.096099094488189
21
1.2886205905511812
0
LINE
8
BLACK
6
CONTINUOUS
10
1.096099094488189
20
1.2886205905511812
11
1.0979752755905512
21
1.2876825196850394
0
LINE
8
BLACK
6
CONTINUOUS
10
1.0979752755905512
20
1.2876825196850394
11
1.0982071259842519
21
1.287415157480315
0
LINE
8
BLACK
6
CONTINUOUS
10
1.0982071259842519
20
1.287415157480315
11
1.0985340551181102
21
1.2872797637795275
0
LINE
8
BLACK
6
CONTINUOUS
10
1.0985340551181102
20
1.2872797637795275
11
1.0994721653543307
21
1.286341653543307
0
LINE
8
BLACK
6
CONTINUOUS
10
1.0994721653543307
20
1.286341653543307
11
1.099607559055118
21
1.2860147244094489
0
LINE
8
BLACK
6
CONTINUOUS
10
1.099607559055118
20
1.2860147244094489
11
1.0998749212598424
21
1.285782874015748
0
LINE
8
BLACK
6
CONTINUOUS
10
1.0998749212598424
20
1.285782874015748
11
1.1008129921259842
21
1.2839066929133858
0
LINE
8
BLACK
6
CONTINUOUS
10
1.1008129921259842
20
1.2839066929133858
11
1.1008484251968504
21
1.2834075196850394
0
LINE
8
BLACK
6
CONTINUOUS
10
1.1008484251968504
20
1.2834075196850394
11
1.1010399606299213
21
1.2829451968503938
0
LINE
8
BLACK
6
CONTINUOUS
10
1.1010399606299213
20
1.2829451968503938
11
1.1010399606299213
21
1.2810690157480316
0
LINE
8
BLACK
6
CONTINUOUS
10
1.1010399606299213
20
1.2810690157480316
11
1.1008484251968504
21
1.2806066535433072
0
LINE
8
BLACK
6
CONTINUOUS
10
1.1008484251968504
20
1.2806066535433072
11
1.1008129921259842
21
1.2801075590551181
0
LINE
8
BLACK
6
CONTINUOUS
10
1.1008129921259842
20
1.2801075590551181
11
1.0998749212598424
21
1.2782312992125984
0
LINE
8
BLACK
6
CONTINUOUS
10
1.0998749212598424
20
1.2782312992125984
11
1.0996075196850394
21
1.277999409448819
0
LINE
8
BLACK
6
CONTINUOUS
10
1.0996075196850394
20
1.277999409448819
11
1.0994721259842519
21
1.2776724803149606
0
LINE
8
BLACK
6
CONTINUOUS
10
1.0994721259842519
20
1.2776724803149606
11
1.0985340157480314
21
1.2767344094488189
0
LINE
8
BLACK
6
CONTINUOUS
10
1.0985340157480314
20
1.2767344094488189
11
1.0982071259842519
21
1.2765990157480314
0
LINE
8
BLACK
6
CONTINUOUS
10
1.0982071259842519
20
1.2765990157480314
11
1.0979753149606299
21
1.2763316929133859
0
LINE
8
BLACK
6
CONTINUOUS
10
1.0979753149606299
20
1.2763316929133859
11
1.0960991338582677
21
1.2753936220472442
0
LINE
8
BLACK
6
CONTINUOUS
10
1.0960991338582677
20
1.2753936220472442
11
1.0958553937007873
21
1.2753762598425196
0
LINE
8
BLACK
6
CONTINUOUS
10
1.0958553937007873
20
1.2753762598425196
11
1.0956590157480315
21
1.2752307874015747
0
LINE
8
BLACK
6
CONTINUOUS
10
1.0956590157480315
20
1.2752307874015747
11
1.0919066141732283
21
1.274292716535433
0
LINE
8
BLACK
6
CONTINUOUS
10
1.0919066141732283
20
1.274292716535433
11
1.0916369685039369
21
1.2743328346456693
0
LINE
8
BLACK
6
CONTINUOUS
10
1.0916369685039369
20
1.2743328346456693
11
1.0913851968503936
21
1.2742285433070866
0
LINE
8
BLACK
6
CONTINUOUS
10
1.0913851968503936
20
1.2742285433070866
11
1.0866947244094487
21
1.2742285433070866
0
LINE
8
BLACK
6
CONTINUOUS
10
1.0866947244094487
20
1.2742285433070866
11
1.0864428740157479
21
1.2743328346456693
0
LINE
8
BLACK
6
CONTINUOUS
10
1.0864428740157479
20
1.2743328346456693
11
1.0861732677165354
21
1.274292716535433
0
LINE
8
BLACK
6
CONTINUOUS
10
1.0861732677165354
20
1.274292716535433
11
1.082420905511811
21
1.2752307874015747
0
LINE
8
BLACK
6
CONTINUOUS
10
1.082420905511811
20
1.2752307874015747
11
1.0822245275590552
21
1.2753762598425196
0
LINE
8
BLACK
6
CONTINUOUS
10
1.0822245275590552
20
1.2753762598425196
11
1.0819808661417323
21
1.2753935826771654
0
LINE
8
BLACK
6
CONTINUOUS
10
1.0819808661417323
20
1.2753935826771654
11
1.0801046456692913
21
1.2763316929133859
0
LINE
8
BLACK
6
CONTINUOUS
10
1.0801046456692913
20
1.2763316929133859
11
1.0798727559055117
21
1.2765990157480314
0
LINE
8
BLACK
6
CONTINUOUS
10
1.0798727559055117
20
1.2765990157480314
11
1.0795458661417323
21
1.2767344488188976
0
LINE
8
BLACK
6
CONTINUOUS
10
1.0795458661417323
20
1.2767344488188976
11
1.0786077952755906
21
1.2776725196850394
0
LINE
8
BLACK
6
CONTINUOUS
10
1.0786077952755906
20
1.2776725196850394
11
1.0784723622047243
21
1.277999409448819
0
LINE
8
BLACK
6
CONTINUOUS
10
1.0784723622047243
20
1.277999409448819
11
1.0782050393700786
21
1.2782312992125984
0
LINE
8
BLACK
6
CONTINUOUS
10
1.0782050393700786
20
1.2782312992125984
11
1.0772669291338584
21
1.2801075196850393
0
LINE
8
BLACK
6
CONTINUOUS
10
1.0772669291338584
20
1.2801075196850393
11
1.0772314566929133
21
1.2806066535433072
0
LINE
8
BLACK
6
CONTINUOUS
10
1.0772314566929133
20
1.2806066535433072
11
1.0770399606299212
21
1.2810690157480316
0
LINE
8
BLACK
6
CONTINUOUS
10
1.0770399606299212
20
1.2810690157480316
11
1.0770399606299212
21
1.2829451968503938
0
LINE
8
BLACK
6
CONTINUOUS
10
1.0770399606299212
20
1.2829451968503938
11
1.0772314566929133
21
1.2834075590551182
0
LINE
8
BLACK
6
CONTINUOUS
10
1.0772314566929133
20
1.2834075590551182
11
1.0772669685039369
21
1.2839067322834645
0
LINE
8
BLACK
6
CONTINUOUS
10
1.0772669685039369
20
1.2839067322834645
11
1.0782050393700786
21
1.2857829133858267
0
LINE
8
BLACK
6
CONTINUOUS
10
1.0782050393700786
20
1.2857829133858267
11
1.0784723622047243
21
1.2860147244094489
0
LINE
8
BLACK
6
CONTINUOUS
10
1.0784723622047243
20
1.2860147244094489
11
1.0786077559055118
21
1.2863416141732282
0
LINE
8
BLACK
6
CONTINUOUS
10
1.0786077559055118
20
1.2863416141732282
11
1.0795458267716536
21
1.2872797244094487
0
LINE
8
BLACK
6
CONTINUOUS
10
1.0795458267716536
20
1.2872797244094487
11
1.0798727559055117
21
1.2874151181102362
0
LINE
8
BLACK
6
CONTINUOUS
10
1.0798727559055117
20
1.2874151181102362
11
1.0801046456692913
21
1.2876825196850394
0
LINE
8
BLACK
6
CONTINUOUS
10
1.0801046456692913
20
1.2876825196850394
11
1.081980905511811
21
1.2886205905511812
0
LINE
8
BLACK
6
CONTINUOUS
10
1.081980905511811
20
1.2886205905511812
11
1.0822246062992125
21
1.288637874015748
0
LINE
8
BLACK
6
CONTINUOUS
10
1.0822246062992125
20
1.288637874015748
11
1.082420905511811
21
1.2887833464566929
0
LINE
8
BLACK
6
CONTINUOUS
10
1.082420905511811
20
1.2887833464566929
11
1.0861732283464567
21
1.2897214566929134
0
LINE
8
BLACK
6
CONTINUOUS
10
1.0861732283464567
20
1.2897214566929134
11
1.0864428346456694
21
1.2896813385826771
0
LINE
8
BLACK
6
CONTINUOUS
10
1.0864428346456694
20
1.2896813385826771
11
1.0866947244094487
21
1.2897856692913385
0
LINE
8
BLACK
6
CONTINUOUS
10
1.0866947244094487
20
1.2897856692913385
11
1.0913851968503936
21
1.2897856692913385
0
LINE
8
BLACK
6
CONTINUOUS
10
1.0913851968503936
20
1.2897856692913385
11
1.0916370472440944
21
1.2896813385826771
0
LINE
8
BLACK
6
CONTINUOUS
10
1.0836928346456693
20
1.2846690157480314
11
1.0823396850393701
21
1.283992440944882
0
LINE
8
BLACK
6
CONTINUOUS
10
1.0823396850393701
20
1.283992440944882
11
1.0818950393700788
21
1.2835477952755905
0
LINE
8
BLACK
6
CONTINUOUS
10
1.0818950393700788
20
1.2835477952755905
11
1.0813399606299212
21
1.2824376377952755
0
LINE
8
BLACK
6
CONTINUOUS
10
1.0813399606299212
20
1.2824376377952755
11
1.0813399606299212
21
1.2815765748031496
0
LINE
8
BLACK
6
CONTINUOUS
10
1.0813399606299212
20
1.2815765748031496
11
1.0818950787401576
21
1.2804663385826771
0
LINE
8
BLACK
6
CONTINUOUS
10
1.0818950787401576
20
1.2804663385826771
11
1.0823396850393701
21
1.2800217322834646
0
LINE
8
BLACK
6
CONTINUOUS
10
1.0823396850393701
20
1.2800217322834646
11
1.0836926771653543
21
1.2793451968503937
0
LINE
8
BLACK
6
CONTINUOUS
10
1.0836926771653543
20
1.2793451968503937
11
1.0869594488188976
21
1.2785285433070865
0
LINE
8
BLACK
6
CONTINUOUS
10
1.0869594488188976
20
1.2785285433070865
11
1.0911204724409449
21
1.2785285433070865
0
LINE
8
BLACK
6
CONTINUOUS
10
1.0911204724409449
20
1.2785285433070865
11
1.0943872834645669
21
1.2793452362204725
0
LINE
8
BLACK
6
CONTINUOUS
10
1.0943872834645669
20
1.2793452362204725
11
1.0957401968503937
21
1.2800216929133859
0
LINE
8
BLACK
6
CONTINUOUS
10
1.0957401968503937
20
1.2800216929133859
11
1.096184842519685
21
1.2804663385826771
0
LINE
8
BLACK
6
CONTINUOUS
10
1.096184842519685
20
1.2804663385826771
11
1.0967399606299213
21
1.2815765354330708
0
LINE
8
BLACK
6
CONTINUOUS
10
1.0967399606299213
20
1.2815765354330708
11
1.0967399606299213
21
1.2824376377952755
0
LINE
8
BLACK
6
CONTINUOUS
10
1.0967399606299213
20
1.2824376377952755
11
1.096184842519685
21
1.2835478346456692
0
LINE
8
BLACK
6
CONTINUOUS
10
1.096184842519685
20
1.2835478346456692
11
1.0957402362204725
21
1.283992440944882
0
LINE
8
BLACK
6
CONTINUOUS
10
1.0957402362204725
20
1.283992440944882
11
1.0943870866141732
21
1.2846690157480314
0
LINE
8
BLACK
6
CONTINUOUS
10
1.0943870866141732
20
1.2846690157480314
11
1.0911205905511812
21
1.2854856692913386
0
LINE
8
BLACK
6
CONTINUOUS
10
1.0911205905511812
20
1.2854856692913386
11
1.0869594881889764
21
1.2854856692913386
0
LINE
8
BLACK
6
CONTINUOUS
10
1.0869594881889764
20
1.2854856692913386
11
1.0836928346456693
21
1.2846690157480314
0
LINE
8
BLACK
6
CONTINUOUS
10
1.0985340551181102
20
1.3079178346456692
11
1.0994721653543307
21
1.3069797244094488
0
LINE
8
BLACK
6
CONTINUOUS
10
1.0994721653543307
20
1.3069797244094488
11
1.099607559055118
21
1.3066527952755904
0
LINE
8
BLACK
6
CONTINUOUS
10
1.099607559055118
20
1.3066527952755904
11
1.0998749212598424
21
1.3064209448818898
0
LINE
8
BLACK
6
CONTINUOUS
10
1.0998749212598424
20
1.3064209448818898
11
1.1008129921259842
21
1.3045447637795275
0
LINE
8
BLACK
6
CONTINUOUS
10
1.1008129921259842
20
1.3045447637795275
11
1.1008484251968504
21
1.304045590551181
0
LINE
8
BLACK
6
CONTINUOUS
10
1.1008484251968504
20
1.304045590551181
11
1.1010399606299213
21
1.3035832677165353
0
LINE
8
BLACK
6
CONTINUOUS
10
1.1010399606299213
20
1.3035832677165353
11
1.1010399606299213
21
1.2988927952755904
0
LINE
8
BLACK
6
CONTINUOUS
10
1.1010399606299213
20
1.2988927952755904
11
1.1008484251968504
21
1.298430433070866
0
LINE
8
BLACK
6
CONTINUOUS
10
1.1008484251968504
20
1.298430433070866
11
1.1008129921259842
21
1.2979312992125984
0
LINE
8
BLACK
6
CONTINUOUS
10
1.1008129921259842
20
1.2979312992125984
11
1.0998749212598424
21
1.2960551181102362
0
LINE
8
BLACK
6
CONTINUOUS
10
1.0998749212598424
20
1.2960551181102362
11
1.099607559055118
21
1.2958232283464566
0
LINE
8
BLACK
6
CONTINUOUS
10
1.099607559055118
20
1.2958232283464566
11
1.0994721653543307
21
1.2954963385826772
0
LINE
8
BLACK
6
CONTINUOUS
10
1.0994721653543307
20
1.2954963385826772
11
1.0985340551181102
21
1.2945582283464567
0
LINE
8
BLACK
6
CONTINUOUS
10
1.0985340551181102
20
1.2945582283464567
11
1.0982071259842519
21
1.2944227952755905
0
LINE
8
BLACK
6
CONTINUOUS
10
1.0982071259842519
20
1.2944227952755905
11
1.0979752755905512
21
1.2941554724409448
0
LINE
8
BLACK
6
CONTINUOUS
10
1.0979752755905512
20
1.2941554724409448
11
1.096099094488189
21
1.293217401574803
0
LINE
8
BLACK
6
CONTINUOUS
10
1.096099094488189
20
1.293217401574803
11
1.0955999212598424
21
1.2931819291338582
0
LINE
8
BLACK
6
CONTINUOUS
10
1.0955999212598424
20
1.2931819291338582
11
1.0951375984251968
21
1.2929904330708661
0
LINE
8
BLACK
6
CONTINUOUS
10
1.0951375984251968
20
1.2929904330708661
11
1.0904471259842519
21
1.2929904330708661
0
LINE
8
BLACK
6
CONTINUOUS
10
1.0904471259842519
20
1.2929904330708661
11
1.0899847637795275
21
1.2931819291338582
0
LINE
8
BLACK
6
CONTINUOUS
10
1.0899847637795275
20
1.2931819291338582
11
1.0894856692913386
21
1.293217401574803
0
LINE
8
BLACK
6
CONTINUOUS
10
1.0894856692913386
20
1.293217401574803
11
1.0876094094488189
21
1.2941554724409448
0
LINE
8
BLACK
6
CONTINUOUS
10
1.0876094094488189
20
1.2941554724409448
11
1.0873775196850393
21
1.2944228346456692
0
LINE
8
BLACK
6
CONTINUOUS
10
1.0873775196850393
20
1.2944228346456692
11
1.0870505905511811
21
1.2945582677165355
0
LINE
8
BLACK
6
CONTINUOUS
10
1.0870505905511811
20
1.2945582677165355
11
1.0861125196850394
21
1.295496377952756
0
LINE
8
BLACK
6
CONTINUOUS
10
1.0861125196850394
20
1.295496377952756
11
1.0859771259842519
21
1.2958232283464566
0
LINE
8
BLACK
6
CONTINUOUS
10
1.0859771259842519
20
1.2958232283464566
11
1.0857098031496062
21
1.2960550787401575
0
LINE
8
BLACK
6
CONTINUOUS
10
1.0857098031496062
20
1.2960550787401575
11
1.0847717322834645
21
1.2979312598425197
0
LINE
8
BLACK
6
CONTINUOUS
10
1.0847717322834645
20
1.2979312598425197
11
1.0847362204724409
21
1.2984303937007873
0
LINE
8
BLACK
6
CONTINUOUS
10
1.0847362204724409
20
1.2984303937007873
11
1.0845447244094488
21
1.2988927952755904
0
LINE
8
BLACK
6
CONTINUOUS
10
1.0845447244094488
20
1.2988927952755904
11
1.0845447244094488
21
1.3035832677165353
0
LINE
8
BLACK
6
CONTINUOUS
10
1.0845447244094488
20
1.3035832677165353
11
1.0846531496062992
21
1.3038450393700787
0
LINE
8
BLACK
6
CONTINUOUS
10
1.0846531496062992
20
1.3038450393700787
11
1.0813399606299212
21
1.3035137007874016
0
LINE
8
BLACK
6
CONTINUOUS
10
1.0813399606299212
20
1.3035137007874016
11
1.0813399606299212
21
1.2960785039370077
0
LINE
8
BLACK
6
CONTINUOUS
10
1.0813399606299212
20
1.2960785039370077
11
1.0807102362204724
21
1.2945582283464567
0
LINE
8
BLACK
6
CONTINUOUS
10
1.0807102362204724
20
1.2945582283464567
11
1.0791899606299213
21
1.2939285039370079
0
LINE
8
BLACK
6
CONTINUOUS
10
1.0791899606299213
20
1.2939285039370079
11
1.0776696850393701
21
1.2945582283464567
0
LINE
8
BLACK
6
CONTINUOUS
10
1.0776696850393701
20
1.2945582283464567
11
1.0770399606299212
21
1.2960785039370077
0
LINE
8
BLACK
6
CONTINUOUS
10
1.0770399606299212
20
1.2960785039370077
11
1.0770399606299212
21
1.3054594488188975
0
LINE
8
BLACK
6
CONTINUOUS
10
1.0770399606299212
20
1.3054594488188975
11
1.0773168503937007
21
1.3061279921259843
0
LINE
8
BLACK
6
CONTINUOUS
10
1.0773168503937007
20
1.3061279921259843
11
1.0775259448818897
21
1.306820905511811
0
LINE
8
BLACK
6
CONTINUOUS
10
1.0775259448818897
20
1.306820905511811
11
1.0776261417322834
21
1.3068746456692912
0
LINE
8
BLACK
6
CONTINUOUS
10
1.0776261417322834
20
1.3068746456692912
11
1.0776696850393701
21
1.3069797244094488
0
LINE
8
BLACK
6
CONTINUOUS
10
1.0776696850393701
20
1.3069797244094488
11
1.0783382283464567
21
1.307256653543307
0
LINE
8
BLACK
6
CONTINUOUS
10
1.0783382283464567
20
1.307256653543307
11
1.0789760236220471
21
1.307598779527559
0
LINE
8
BLACK
6
CONTINUOUS
10
1.0789760236220471
20
1.307598779527559
11
1.0883569685039369
21
1.3085368897637795
0
LINE
8
BLACK
6
CONTINUOUS
10
1.0883569685039369
20
1.3085368897637795
11
1.0884657874015748
21
1.3085040157480314
0
LINE
8
BLACK
6
CONTINUOUS
10
1.0884657874015748
20
1.3085040157480314
11
1.0885708661417322
21
1.3085475590551181
0
LINE
8
BLACK
6
CONTINUOUS
10
1.0885708661417322
20
1.3085475590551181
11
1.0892394488188977
21
1.3082705905511811
0
LINE
8
BLACK
6
CONTINUOUS
10
1.0892394488188977
20
1.3082705905511811
11
1.0899323622047243
21
1.3080615748031497
0
LINE
8
BLACK
6
CONTINUOUS
10
1.0899323622047243
20
1.3080615748031497
11
1.0899861023622046
21
1.3079613385826772
0
LINE
8
BLACK
6
CONTINUOUS
10
1.0899861023622046
20
1.3079613385826772
11
1.0900911417322834
21
1.307917874015748
0
LINE
8
BLACK
6
CONTINUOUS
10
1.0900911417322834
20
1.307917874015748
11
1.0903680708661416
21
1.3072492913385827
0
LINE
8
BLACK
6
CONTINUOUS
10
1.0903680708661416
20
1.3072492913385827
11
1.0907102362204724
21
1.3066114960629922
0
LINE
8
BLACK
6
CONTINUOUS
10
1.0907102362204724
20
1.3066114960629922
11
1.0906773622047243
21
1.3065026377952755
0
LINE
8
BLACK
6
CONTINUOUS
10
1.0906773622047243
20
1.3065026377952755
11
1.090720905511811
21
1.3063975984251968
0
LINE
8
BLACK
6
CONTINUOUS
10
1.090720905511811
20
1.3063975984251968
11
1.0904438582677165
21
1.3057287795275589
0
LINE
8
BLACK
6
CONTINUOUS
10
1.0904438582677165
20
1.3057287795275589
11
1.0902348818897638
21
1.3050361023622048
0
LINE
8
BLACK
6
CONTINUOUS
10
1.0902348818897638
20
1.3050361023622048
11
1.0901347244094488
21
1.3049823622047243
0
LINE
8
BLACK
6
CONTINUOUS
10
1.0901347244094488
20
1.3049823622047243
11
1.0900912204724409
21
1.3048773228346457
0
LINE
8
BLACK
6
CONTINUOUS
10
1.0900912204724409
20
1.3048773228346457
11
1.0893998031496064
21
1.3041858661417323
0
LINE
8
BLACK
6
CONTINUOUS
10
1.0893998031496064
20
1.3041858661417323
11
1.0888447244094488
21
1.3030757086614173
0
LINE
8
BLACK
6
CONTINUOUS
10
1.0888447244094488
20
1.3030757086614173
11
1.0888447244094488
21
1.2994003149606299
0
LINE
8
BLACK
6
CONTINUOUS
10
1.0888447244094488
20
1.2994003149606299
11
1.0893998031496064
21
1.298290157480315
0
LINE
8
BLACK
6
CONTINUOUS
10
1.0893998031496064
20
1.298290157480315
11
1.0898444488188976
21
1.2978455118110237
0
LINE
8
BLACK
6
CONTINUOUS
10
1.0898444488188976
20
1.2978455118110237
11
1.0909546850393701
21
1.2972904330708661
0
LINE
8
BLACK
6
CONTINUOUS
10
1.0909546850393701
20
1.2972904330708661
11
1.0946300393700787
21
1.2972904330708661
0
LINE
8
BLACK
6
CONTINUOUS
10
1.0946300393700787
20
1.2972904330708661
11
1.0957402362204725
21
1.2978455118110237
0
LINE
8
BLACK
6
CONTINUOUS
10
1.0957402362204725
20
1.2978455118110237
11
1.096184842519685
21
1.2982901181102362
0
LINE
8
BLACK
6
CONTINUOUS
10
1.096184842519685
20
1.2982901181102362
11
1.0967399606299213
21
1.2994003149606299
0
LINE
8
BLACK
6
CONTINUOUS
10
1.0967399606299213
20
1.2994003149606299
11
1.0967399606299213
21
1.3030757086614173
0
LINE
8
BLACK
6
CONTINUOUS
10
1.0967399606299213
20
1.3030757086614173
11
1.096184842519685
21
1.304185905511811
0
LINE
8
BLACK
6
CONTINUOUS
10
1.096184842519685
20
1.304185905511811
11
1.095493503937008
21
1.304877283464567
0
LINE
8
BLACK
6
CONTINUOUS
10
1.095493503937008
20
1.304877283464567
11
1.0948637795275591
21
1.306397559055118
0
LINE
8
BLACK
6
CONTINUOUS
10
1.0948637795275591
20
1.306397559055118
11
1.095493503937008
21
1.3079178346456692
0
LINE
8
BLACK
6
CONTINUOUS
10
1.095493503937008
20
1.3079178346456692
11
1.097013779527559
21
1.3085475590551181
0
LINE
8
BLACK
6
CONTINUOUS
10
1.097013779527559
20
1.3085475590551181
11
1.0985340551181102
21
1.3079178346456692
0
LINE
8
BLACK
6
CONTINUOUS
10
1.0729102362204723
20
1.3222988188976377
11
1.0735399606299212
21
1.3207785433070867
0
LINE
8
BLACK
6
CONTINUOUS
10
1.0735399606299212
20
1.3207785433070867
11
1.0735399606299212
21
1.3095214173228347
0
LINE
8
BLACK
6
CONTINUOUS
10
1.0735399606299212
20
1.3095214173228347
11
1.0729102362204723
21
1.3080011417322834
0
LINE
8
BLACK
6
CONTINUOUS
10
1.0729102362204723
20
1.3080011417322834
11
1.0713899606299213
21
1.3073714173228346
0
LINE
8
BLACK
6
CONTINUOUS
10
1.0713899606299213
20
1.3073714173228346
11
1.0698696850393701
21
1.3080011417322834
0
LINE
8
BLACK
6
CONTINUOUS
10
1.0698696850393701
20
1.3080011417322834
11
1.0692399606299212
21
1.3095214173228347
0
LINE
8
BLACK
6
CONTINUOUS
10
1.0692399606299212
20
1.3095214173228347
11
1.0692399606299212
21
1.3129999606299212
0
LINE
8
BLACK
6
CONTINUOUS
10
1.0692399606299212
20
1.3129999606299212
11
1.0516899606299213
21
1.3129999606299212
0
LINE
8
BLACK
6
CONTINUOUS
10
1.0516899606299213
20
1.3129999606299212
11
1.0514853937007873
21
1.3130846456692913
0
LINE
8
BLACK
6
CONTINUOUS
10
1.0514853937007873
20
1.3130846456692913
11
1.0512683070866142
21
1.3130417322834644
0
LINE
8
BLACK
6
CONTINUOUS
10
1.0512683070866142
20
1.3130417322834644
11
1.0507481496062991
21
1.3133900393700788
0
LINE
8
BLACK
6
CONTINUOUS
10
1.0507481496062991
20
1.3133900393700788
11
1.05016968503937
21
1.3136296850393701
0
LINE
8
BLACK
6
CONTINUOUS
10
1.05016968503937
20
1.3136296850393701
11
1.0500849606299212
21
1.3138341732283465
0
LINE
8
BLACK
6
CONTINUOUS
10
1.0500849606299212
20
1.3138341732283465
11
1.0499010629921259
21
1.3139573622047245
0
LINE
8
BLACK
6
CONTINUOUS
10
1.0499010629921259
20
1.3139573622047245
11
1.0497795669291339
21
1.3145714566929134
0
LINE
8
BLACK
6
CONTINUOUS
10
1.0497795669291339
20
1.3145714566929134
11
1.0495399606299212
21
1.3151499606299213
0
LINE
8
BLACK
6
CONTINUOUS
10
1.0495399606299212
20
1.3151499606299213
11
1.0496246456692913
21
1.3153544881889763
0
LINE
8
BLACK
6
CONTINUOUS
10
1.0496246456692913
20
1.3153544881889763
11
1.0495817322834646
21
1.3155716141732283
0
LINE
8
BLACK
6
CONTINUOUS
10
1.0495817322834646
20
1.3155716141732283
11
1.0499300393700788
21
1.3160917322834644
0
LINE
8
BLACK
6
CONTINUOUS
10
1.0499300393700788
20
1.3160917322834644
11
1.05016968503937
21
1.3166702362204723
0
LINE
8
BLACK
6
CONTINUOUS
10
1.05016968503937
20
1.3166702362204723
11
1.0503741732283465
21
1.3167549212598424
0
LINE
8
BLACK
6
CONTINUOUS
10
1.0503741732283465
20
1.3167549212598424
11
1.0504973622047244
21
1.3169388582677164
0
LINE
8
BLACK
6
CONTINUOUS
10
1.0504973622047244
20
1.3169388582677164
11
1.0531345275590551
21
1.3186970078740157
0
LINE
8
BLACK
6
CONTINUOUS
10
1.0531345275590551
20
1.3186970078740157
11
1.0546134251968504
21
1.320175905511811
0
LINE
8
BLACK
6
CONTINUOUS
10
1.0546134251968504
20
1.320175905511811
11
1.0553955118110236
21
1.3217400787401574
0
LINE
8
BLACK
6
CONTINUOUS
10
1.0553955118110236
20
1.3217400787401574
11
1.0566386614173229
21
1.3228181889763779
0
LINE
8
BLACK
6
CONTINUOUS
10
1.0566386614173229
20
1.3228181889763779
11
1.0582800787401574
21
1.3227015354330709
0
LINE
8
BLACK
6
CONTINUOUS
10
1.0582800787401574
20
1.3227015354330709
11
1.0593582283464567
21
1.3214584251968504
0
LINE
8
BLACK
6
CONTINUOUS
10
1.0593582283464567
20
1.3214584251968504
11
1.0592415354330709
21
1.3198170078740157
0
LINE
8
BLACK
6
CONTINUOUS
10
1.0592415354330709
20
1.3198170078740157
11
1.0583034251968504
21
1.3179408267716535
0
LINE
8
BLACK
6
CONTINUOUS
10
1.0583034251968504
20
1.3179408267716535
11
1.0580361023622047
21
1.3177089763779528
0
LINE
8
BLACK
6
CONTINUOUS
10
1.0580361023622047
20
1.3177089763779528
11
1.0579007086614174
21
1.3173820866141732
0
LINE
8
BLACK
6
CONTINUOUS
10
1.0579007086614174
20
1.3173820866141732
11
1.0578185826771653
21
1.3172999606299212
0
LINE
8
BLACK
6
CONTINUOUS
10
1.0578185826771653
20
1.3172999606299212
11
1.0692399606299212
21
1.3172999606299212
0
LINE
8
BLACK
6
CONTINUOUS
10
1.0692399606299212
20
1.3172999606299212
11
1.0692399606299212
21
1.3207785433070867
0
LINE
8
BLACK
6
CONTINUOUS
10
1.0692399606299212
20
1.3207785433070867
11
1.0698696850393701
21
1.3222988188976377
0
LINE
8
BLACK
6
CONTINUOUS
10
1.0698696850393701
20
1.3222988188976377
11
1.0713899606299213
21
1.3229285433070865
0
LINE
8
BLACK
6
CONTINUOUS
10
1.0713899606299213
20
1.3229285433070865
11
1.0729102362204723
21
1.3222988188976377
0
LINE
8
BLACK
6
CONTINUOUS
10
1.1053693700787401
20
1.3301044488188976
11
1.1056887007874014
21
1.3284901968503937
0
LINE
8
BLACK
6
CONTINUOUS
10
1.1056887007874014
20
1.3284901968503937
11
1.1047730314960629
21
1.3271229527559054
0
LINE
8
BLACK
6
CONTINUOUS
10
1.1047730314960629
20
1.3271229527559054
11
1.0794444881889764
21
1.3102372440944881
0
LINE
8
BLACK
6
CONTINUOUS
10
1.0794444881889764
20
1.3102372440944881
11
1.0778302362204724
21
1.3099179133858267
0
LINE
8
BLACK
6
CONTINUOUS
10
1.0778302362204724
20
1.3099179133858267
11
1.0764629921259843
21
1.3108335433070866
0
LINE
8
BLACK
6
CONTINUOUS
10
1.0764629921259843
20
1.3108335433070866
11
1.0761436614173228
21
1.3124477952755904
0
LINE
8
BLACK
6
CONTINUOUS
10
1.0761436614173228
20
1.3124477952755904
11
1.0770592913385826
21
1.3138150393700787
0
LINE
8
BLACK
6
CONTINUOUS
10
1.0770592913385826
20
1.3138150393700787
11
1.1023878346456693
21
1.3307007480314961
0
LINE
8
BLACK
6
CONTINUOUS
10
1.1023878346456693
20
1.3307007480314961
11
1.1040020866141731
21
1.3310201181102361
0
LINE
8
BLACK
6
CONTINUOUS
10
1.1040020866141731
20
1.3310201181102361
11
1.1053693700787401
21
1.3301044488188976
0
LINE
8
BLACK
6
CONTINUOUS
10
1.0631989763779528
20
1.3425242125984251
11
1.0634685826771653
21
1.3425643307086614
0
LINE
8
BLACK
6
CONTINUOUS
10
1.0634685826771653
20
1.3425643307086614
11
1.0672209448818897
21
1.3416262598425197
0
LINE
8
BLACK
6
CONTINUOUS
10
1.0672209448818897
20
1.3416262598425197
11
1.0674172440944882
21
1.3414807480314961
0
LINE
8
BLACK
6
CONTINUOUS
10
1.0674172440944882
20
1.3414807480314961
11
1.0676609842519684
21
1.341463464566929
0
LINE
8
BLACK
6
CONTINUOUS
10
1.0676609842519684
20
1.341463464566929
11
1.0695371653543306
21
1.3405253937007873
0
LINE
8
BLACK
6
CONTINUOUS
10
1.0695371653543306
20
1.3405253937007873
11
1.0697689763779528
21
1.3402580708661418
0
LINE
8
BLACK
6
CONTINUOUS
10
1.0697689763779528
20
1.3402580708661418
11
1.0700959448818896
21
1.3401226771653543
0
LINE
8
BLACK
6
CONTINUOUS
10
1.0700959448818896
20
1.3401226771653543
11
1.0719721653543306
21
1.3382464960629921
0
LINE
8
BLACK
6
CONTINUOUS
10
1.0719721653543306
20
1.3382464960629921
11
1.0721636614173229
21
1.3377840944881889
0
LINE
8
BLACK
6
CONTINUOUS
10
1.0721636614173229
20
1.3377840944881889
11
1.0724915748031496
21
1.3374060629921261
0
LINE
8
BLACK
6
CONTINUOUS
10
1.0724915748031496
20
1.3374060629921261
11
1.0734296456692913
21
1.3345917716535434
0
LINE
8
BLACK
6
CONTINUOUS
10
1.0734296456692913
20
1.3345917716535434
11
1.0734045275590551
21
1.334238779527559
0
LINE
8
BLACK
6
CONTINUOUS
10
1.0734045275590551
20
1.334238779527559
11
1.0735399606299212
21
1.3339118897637794
0
LINE
8
BLACK
6
CONTINUOUS
10
1.0735399606299212
20
1.3339118897637794
11
1.0735399606299212
21
1.3320356692913387
0
LINE
8
BLACK
6
CONTINUOUS
10
1.0735399606299212
20
1.3320356692913387
11
1.0734045275590551
21
1.3317087795275591
0
LINE
8
BLACK
6
CONTINUOUS
10
1.0734045275590551
20
1.3317087795275591
11
1.0734296456692913
21
1.3313557874015747
0
LINE
8
BLACK
6
CONTINUOUS
10
1.0734296456692913
20
1.3313557874015747
11
1.0724915748031496
21
1.3285415354330707
0
LINE
8
BLACK
6
CONTINUOUS
10
1.0724915748031496
20
1.3285415354330707
11
1.0721636614173229
21
1.3281634645669291
0
LINE
8
BLACK
6
CONTINUOUS
10
1.0721636614173229
20
1.3281634645669291
11
1.0719721653543306
21
1.3277011417322835
0
LINE
8
BLACK
6
CONTINUOUS
10
1.0719721653543306
20
1.3277011417322835
11
1.0710340551181101
21
1.326763031496063
0
LINE
8
BLACK
6
CONTINUOUS
10
1.0710340551181101
20
1.326763031496063
11
1.0695137795275591
21
1.3261333070866141
0
LINE
8
BLACK
6
CONTINUOUS
10
1.0695137795275591
20
1.3261333070866141
11
1.0679935039370079
21
1.326763031496063
0
LINE
8
BLACK
6
CONTINUOUS
10
1.0679935039370079
20
1.326763031496063
11
1.067363779527559
21
1.3282833070866142
0
LINE
8
BLACK
6
CONTINUOUS
10
1.067363779527559
20
1.3282833070866142
11
1.0679935039370079
21
1.3298035826771653
0
LINE
8
BLACK
6
CONTINUOUS
10
1.0679935039370079
20
1.3298035826771653
11
1.0685726771653543
21
1.3303827559055117
0
LINE
8
BLACK
6
CONTINUOUS
10
1.0685726771653543
20
1.3303827559055117
11
1.0692399606299212
21
1.3323845669291339
0
LINE
8
BLACK
6
CONTINUOUS
10
1.0692399606299212
20
1.3323845669291339
11
1.0692399606299212
21
1.3335629921259842
0
LINE
8
BLACK
6
CONTINUOUS
10
1.0692399606299212
20
1.3335629921259842
11
1.0685726771653543
21
1.3355648031496063
0
LINE
8
BLACK
6
CONTINUOUS
10
1.0685726771653543
20
1.3355648031496063
11
1.0673020472440944
21
1.3368353543307085
0
LINE
8
BLACK
6
CONTINUOUS
10
1.0673020472440944
20
1.3368353543307085
11
1.0659490157480316
21
1.3375118897637794
0
LINE
8
BLACK
6
CONTINUOUS
10
1.0659490157480316
20
1.3375118897637794
11
1.0626825196850394
21
1.3383285433070866
0
LINE
8
BLACK
6
CONTINUOUS
10
1.0626825196850394
20
1.3383285433070866
11
1.0603975984251968
21
1.3383285433070866
0
LINE
8
BLACK
6
CONTINUOUS
10
1.0603975984251968
20
1.3383285433070866
11
1.057130905511811
21
1.3375118897637794
0
LINE
8
BLACK
6
CONTINUOUS
10
1.057130905511811
20
1.3375118897637794
11
1.0557777559055117
21
1.3368353149606298
0
LINE
8
BLACK
6
CONTINUOUS
10
1.0557777559055117
20
1.3368353149606298
11
1.0545072440944883
21
1.3355648031496063
0
LINE
8
BLACK
6
CONTINUOUS
10
1.0545072440944883
20
1.3355648031496063
11
1.0538399606299211
21
1.3335629133858267
0
LINE
8
BLACK
6
CONTINUOUS
10
1.0538399606299211
20
1.3335629133858267
11
1.0538399606299211
21
1.3323845275590551
0
LINE
8
BLACK
6
CONTINUOUS
10
1.0538399606299211
20
1.3323845275590551
11
1.0545072047244095
21
1.3303827952755904
0
LINE
8
BLACK
6
CONTINUOUS
10
1.0545072047244095
20
1.3303827952755904
11
1.0550864566929135
21
1.3298035433070865
0
LINE
8
BLACK
6
CONTINUOUS
10
1.0550864566929135
20
1.3298035433070865
11
1.0557161417322833
21
1.3282832677165355
0
LINE
8
BLACK
6
CONTINUOUS
10
1.0557161417322833
20
1.3282832677165355
11
1.0550863779527559
21
1.3267629921259843
0
LINE
8
BLACK
6
CONTINUOUS
10
1.0550863779527559
20
1.3267629921259843
11
1.0535661023622047
21
1.3261333070866141
0
LINE
8
BLACK
6
CONTINUOUS
10
1.0535661023622047
20
1.3261333070866141
11
1.0520458267716535
21
1.3267630708661418
0
LINE
8
BLACK
6
CONTINUOUS
10
1.0520458267716535
20
1.3267630708661418
11
1.0511077559055118
21
1.3277011811023622
0
LINE
8
BLACK
6
CONTINUOUS
10
1.0511077559055118
20
1.3277011811023622
11
1.0509162598425197
21
1.3281634645669291
0
LINE
8
BLACK
6
CONTINUOUS
10
1.0509162598425197
20
1.3281634645669291
11
1.0505884251968505
21
1.328541496062992
0
LINE
8
BLACK
6
CONTINUOUS
10
1.0505884251968505
20
1.328541496062992
11
1.04965031496063
21
1.3313557480314959
0
LINE
8
BLACK
6
CONTINUOUS
10
1.04965031496063
20
1.3313557480314959
11
1.0496753543307087
21
1.3317087007874016
0
LINE
8
BLACK
6
CONTINUOUS
10
1.0496753543307087
20
1.3317087007874016
11
1.0495399606299212
21
1.3320356692913387
0
LINE
8
BLACK
6
CONTINUOUS
10
1.0495399606299212
20
1.3320356692913387
11
1.0495399606299212
21
1.3339118897637794
0
LINE
8
BLACK
6
CONTINUOUS
10
1.0495399606299212
20
1.3339118897637794
11
1.0496753543307087
21
1.3342387401574802
0
LINE
8
BLACK
6
CONTINUOUS
10
1.0496753543307087
20
1.3342387401574802
11
1.0496502755905512
21
1.3345917716535434
0
LINE
8
BLACK
6
CONTINUOUS
10
1.0496502755905512
20
1.3345917716535434
11
1.0505884251968505
21
1.3374061023622046
0
LINE
8
BLACK
6
CONTINUOUS
10
1.0505884251968505
20
1.3374061023622046
11
1.0509162598425197
21
1.3377841338582677
0
LINE
8
BLACK
6
CONTINUOUS
10
1.0509162598425197
20
1.3377841338582677
11
1.0511077952755905
21
1.3382464566929133
0
LINE
8
BLACK
6
CONTINUOUS
10
1.0511077952755905
20
1.3382464566929133
11
1.0529839763779527
21
1.3401226377952755
0
LINE
8
BLACK
6
CONTINUOUS
10
1.0529839763779527
20
1.3401226377952755
11
1.0533108661417323
21
1.340258031496063
0
LINE
8
BLACK
6
CONTINUOUS
10
1.0533108661417323
20
1.340258031496063
11
1.0535427559055117
21
1.3405253937007873
0
LINE
8
BLACK
6
CONTINUOUS
10
1.0535427559055117
20
1.3405253937007873
11
1.0554189370078739
21
1.341463464566929
0
LINE
8
BLACK
6
CONTINUOUS
10
1.0554189370078739
20
1.341463464566929
11
1.0556626771653543
21
1.3414807480314961
0
LINE
8
BLACK
6
CONTINUOUS
10
1.0556626771653543
20
1.3414807480314961
11
1.0558589763779527
21
1.341626220472441
0
LINE
8
BLACK
6
CONTINUOUS
10
1.0558589763779527
20
1.341626220472441
11
1.0596113779527558
21
1.3425643307086614
0
LINE
8
BLACK
6
CONTINUOUS
10
1.0596113779527558
20
1.3425643307086614
11
1.0598809448818898
21
1.3425242125984251
0
LINE
8
BLACK
6
CONTINUOUS
10
1.0598809448818898
20
1.3425242125984251
11
1.0601328346456693
21
1.3426285433070866
0
LINE
8
BLACK
6
CONTINUOUS
10
1.0601328346456693
20
1.3426285433070866
11
1.062947125984252
21
1.3426285433070866
0
LINE
8
BLACK
6
CONTINUOUS
10
1.062947125984252
20
1.3426285433070866
11
1.0631989763779528
21
1.3425242125984251
0
LINE
8
BLACK
6
CONTINUOUS
10
1.1004102362204724
20
1.3445035433070867
11
1.1010399606299213
21
1.3429832677165354
0
LINE
8
BLACK
6
CONTINUOUS
10
1.1010399606299213
20
1.3429832677165354
11
1.1004102362204724
21
1.3414629921259842
0
LINE
8
BLACK
6
CONTINUOUS
10
1.1004102362204724
20
1.3414629921259842
11
1.0988899606299212
21
1.3408332677165353
0
LINE
8
BLACK
6
CONTINUOUS
10
1.0988899606299212
20
1.3408332677165353
11
1.090720905511811
21
1.3408332677165353
0
LINE
8
BLACK
6
CONTINUOUS
10
1.090720905511811
20
1.3408332677165353
11
1.090720905511811
21
1.3364166141732283
0
LINE
8
BLACK
6
CONTINUOUS
10
1.090720905511811
20
1.3364166141732283
11
1.0900911811023621
21
1.3348963385826771
0
LINE
8
BLACK
6
CONTINUOUS
10
1.0900911811023621
20
1.3348963385826771
11
1.0885709055118109
21
1.3342666141732282
0
LINE
8
BLACK
6
CONTINUOUS
10
1.0885709055118109
20
1.3342666141732282
11
1.0870506299212599
21
1.3348963385826771
0
LINE
8
BLACK
6
CONTINUOUS
10
1.0870506299212599
20
1.3348963385826771
11
1.086420905511811
21
1.3364166141732283
0
LINE
8
BLACK
6
CONTINUOUS
10
1.086420905511811
20
1.3364166141732283
11
1.086420905511811
21
1.3408332677165353
0
LINE
8
BLACK
6
CONTINUOUS
10
1.086420905511811
20
1.3408332677165353
11
1.0813399606299212
21
1.3408332677165353
0
LINE
8
BLACK
6
CONTINUOUS
10
1.0813399606299212
20
1.3408332677165353
11
1.0813399606299212
21
1.3336023228346456
0
LINE
8
BLACK
6
CONTINUOUS
10
1.0813399606299212
20
1.3336023228346456
11
1.0807102362204724
21
1.3320820472440944
0
LINE
8
BLACK
6
CONTINUOUS
10
1.0807102362204724
20
1.3320820472440944
11
1.0791899606299213
21
1.3314523228346455
0
LINE
8
BLACK
6
CONTINUOUS
10
1.0791899606299213
20
1.3314523228346455
11
1.0776696850393701
21
1.3320820472440944
0
LINE
8
BLACK
6
CONTINUOUS
10
1.0776696850393701
20
1.3320820472440944
11
1.0770399606299212
21
1.3336023228346456
0
LINE
8
BLACK
6
CONTINUOUS
10
1.0770399606299212
20
1.3336023228346456
11
1.0770399606299212
21
1.3429832677165354
0
LINE
8
BLACK
6
CONTINUOUS
10
1.0770399606299212
20
1.3429832677165354
11
1.0776696850393701
21
1.3445035433070867
0
LINE
8
BLACK
6
CONTINUOUS
10
1.0776696850393701
20
1.3445035433070867
11
1.0791899606299213
21
1.3451332677165353
0
LINE
8
BLACK
6
CONTINUOUS
10
1.0791899606299213
20
1.3451332677165353
11
1.0988899606299212
21
1.3451332677165353
0
LINE
8
BLACK
6
CONTINUOUS
10
1.0988899606299212
20
1.3451332677165353
11
1.1004102362204724
21
1.3445035433070867
0
LINE
8
BLACK
6
CONTINUOUS
10
1.1053835039370079
20
1.3878851181102363
11
1.1055127559055118
21
1.3879079133858268
0
LINE
8
BLACK
6
CONTINUOUS
10
1.1055127559055118
20
1.3879079133858268
11
1.1056263385826772
21
1.387842283464567
0
LINE
8
BLACK
6
CONTINUOUS
10
1.1056263385826772
20
1.387842283464567
11
1.1060099212598424
21
1.38777468503937
0
LINE
8
BLACK
6
CONTINUOUS
10
1.1060099212598424
20
1.38777468503937
11
1.1065975984251968
21
1.3872815354330708
0
LINE
8
BLACK
6
CONTINUOUS
10
1.1065975984251968
20
1.3872815354330708
11
1.1072619291338583
21
1.3868979921259843
0
LINE
8
BLACK
6
CONTINUOUS
10
1.1072619291338583
20
1.3868979921259843
11
1.1073530314960629
21
1.3866476377952757
0
LINE
8
BLACK
6
CONTINUOUS
10
1.1073530314960629
20
1.3866476377952757
11
1.1075571653543306
21
1.3864763779527558
0
LINE
8
BLACK
6
CONTINUOUS
10
1.1075571653543306
20
1.3864763779527558
11
1.1076903937007874
21
1.3857207874015747
0
LINE
8
BLACK
6
CONTINUOUS
10
1.1076903937007874
20
1.3857207874015747
11
1.1079527559055118
21
1.385
0
LINE
8
BLACK
6
CONTINUOUS
10
1.1079527559055118
20
1.385
11
1.1079527559055118
21
1.345
0
LINE
8
BLACK
6
CONTINUOUS
10
1.1079527559055118
20
1.345
11
1.1077746850393702
21
1.3439900787401575
0
LINE
8
BLACK
6
CONTINUOUS
10
1.1077746850393702
20
1.3439900787401575
11
1.1064763779527558
21
1.3424428346456692
0
LINE
8
BLACK
6
CONTINUOUS
10
1.1064763779527558
20
1.3424428346456692
11
1.1044872440944882
21
1.3420920866141732
0
LINE
8
BLACK
6
CONTINUOUS
10
1.1044872440944882
20
1.3420920866141732
11
1.1027380708661416
21
1.3431020078740157
0
LINE
8
BLACK
6
CONTINUOUS
10
1.1027380708661416
20
1.3431020078740157
11
1.1020472440944882
21
1.345
0
LINE
8
BLACK
6
CONTINUOUS
10
1.1020472440944882
20
1.345
11
1.1020472440944882
21
1.3820472440944882
0
LINE
8
BLACK
6
CONTINUOUS
10
1.1020472440944882
20
1.3820472440944882
11
1.1003622440944882
21
1.3820472440944882
0
LINE
8
BLACK
6
CONTINUOUS
10
1.1003622440944882
20
1.3820472440944882
11
1.1004102362204724
21
1.3820273622047243
0
LINE
8
BLACK
6
CONTINUOUS
10
1.1004102362204724
20
1.3820273622047243
11
1.1010399606299213
21
1.3805070866141731
0
LINE
8
BLACK
6
CONTINUOUS
10
1.1010399606299213
20
1.3805070866141731
11
1.1010399606299213
21
1.3692499606299213
0
LINE
8
BLACK
6
CONTINUOUS
10
1.1010399606299213
20
1.3692499606299213
11
1.1004102362204724
21
1.3677296850393701
0
LINE
8
BLACK
6
CONTINUOUS
10
1.1004102362204724
20
1.3677296850393701
11
1.0988899606299212
21
1.3670999606299212
0
LINE
8
BLACK
6
CONTINUOUS
10
1.0988899606299212
20
1.3670999606299212
11
1.0973696850393702
21
1.3677296850393701
0
LINE
8
BLACK
6
CONTINUOUS
10
1.0973696850393702
20
1.3677296850393701
11
1.0967399606299213
21
1.3692499606299213
0
LINE
8
BLACK
6
CONTINUOUS
10
1.0967399606299213
20
1.3692499606299213
11
1.0967399606299213
21
1.3727285039370078
0
LINE
8
BLACK
6
CONTINUOUS
10
1.0967399606299213
20
1.3727285039370078
11
1.0791899606299213
21
1.3727285039370078
0
LINE
8
BLACK
6
CONTINUOUS
10
1.0791899606299213
20
1.3727285039370078
11
1.0789853937007874
21
1.3728131889763779
0
LINE
8
BLACK
6
CONTINUOUS
10
1.0789853937007874
20
1.3728131889763779
11
1.0787683070866141
21
1.3727702755905511
0
LINE
8
BLACK
6
CONTINUOUS
10
1.0787683070866141
20
1.3727702755905511
11
1.0782481496062992
21
1.3731185826771652
0
LINE
8
BLACK
6
CONTINUOUS
10
1.0782481496062992
20
1.3731185826771652
11
1.0776696850393701
21
1.3733582283464567
0
LINE
8
BLACK
6
CONTINUOUS
10
1.0776696850393701
20
1.3733582283464567
11
1.0775849606299213
21
1.3735627165354329
0
LINE
8
BLACK
6
CONTINUOUS
10
1.0775849606299213
20
1.3735627165354329
11
1.077401062992126
21
1.3736859055118109
0
LINE
8
BLACK
6
CONTINUOUS
10
1.077401062992126
20
1.3736859055118109
11
1.0772795669291337
21
1.3743000000000001
0
LINE
8
BLACK
6
CONTINUOUS
10
1.0772795669291337
20
1.3743000000000001
11
1.0770399606299212
21
1.3748785039370079
0
LINE
8
BLACK
6
CONTINUOUS
10
1.0770399606299212
20
1.3748785039370079
11
1.0771246456692913
21
1.3750830314960629
0
LINE
8
BLACK
6
CONTINUOUS
10
1.0771246456692913
20
1.3750830314960629
11
1.0770817322834645
21
1.375300157480315
0
LINE
8
BLACK
6
CONTINUOUS
10
1.0770817322834645
20
1.375300157480315
11
1.0774300393700786
21
1.3758202755905511
0
LINE
8
BLACK
6
CONTINUOUS
10
1.0774300393700786
20
1.3758202755905511
11
1.0776696850393701
21
1.376398779527559
0
LINE
8
BLACK
6
CONTINUOUS
10
1.0776696850393701
20
1.376398779527559
11
1.0778741732283463
21
1.376483464566929
0
LINE
8
BLACK
6
CONTINUOUS
10
1.0778741732283463
20
1.376483464566929
11
1.0779973622047243
21
1.3766674015748031
0
LINE
8
BLACK
6
CONTINUOUS
10
1.0779973622047243
20
1.3766674015748031
11
1.0806345275590552
21
1.3784255511811023
0
LINE
8
BLACK
6
CONTINUOUS
10
1.0806345275590552
20
1.3784255511811023
11
1.0821134251968503
21
1.3799044488188976
0
LINE
8
BLACK
6
CONTINUOUS
10
1.0821134251968503
20
1.3799044488188976
11
1.0828955118110235
21
1.3814686220472441
0
LINE
8
BLACK
6
CONTINUOUS
10
1.0828955118110235
20
1.3814686220472441
11
1.0835627165354331
21
1.3820472440944882
0
LINE
8
BLACK
6
CONTINUOUS
10
1.0835627165354331
20
1.3820472440944882
11
1.0479527559055117
21
1.3820472440944882
0
LINE
8
BLACK
6
CONTINUOUS
10
1.0479527559055117
20
1.3820472440944882
11
1.0479527559055117
21
1.345
0
LINE
8
BLACK
6
CONTINUOUS
10
1.0479527559055117
20
1.345
11
1.0477746850393701
21
1.3439900787401575
0
LINE
8
BLACK
6
CONTINUOUS
10
1.0477746850393701
20
1.3439900787401575
11
1.0464763779527559
21
1.3424428346456692
0
LINE
8
BLACK
6
CONTINUOUS
10
1.0464763779527559
20
1.3424428346456692
11
1.0444872440944881
21
1.3420920866141732
0
LINE
8
BLACK
6
CONTINUOUS
10
1.0444872440944881
20
1.3420920866141732
11
1.0427380708661418
21
1.3431020078740157
0
LINE
8
BLACK
6
CONTINUOUS
10
1.0427380708661418
20
1.3431020078740157
11
1.0420472440944881
21
1.345
0
LINE
8
BLACK
6
CONTINUOUS
10
1.0420472440944881
20
1.345
11
1.0420472440944881
21
1.385
0
LINE
8
BLACK
6
CONTINUOUS
10
1.0420472440944881
20
1.385
11
1.0421148425196851
21
1.3853835039370079
0
LINE
8
BLACK
6
CONTINUOUS
10
1.0421148425196851
20
1.3853835039370079
11
1.0420920866141732
21
1.3855127559055118
0
LINE
8
BLACK
6
CONTINUOUS
10
1.0420920866141732
20
1.3855127559055118
11
1.0421576771653542
21
1.385626338582677
0
LINE
8
BLACK
6
CONTINUOUS
10
1.0421576771653542
20
1.385626338582677
11
1.04222531496063
21
1.3860099212598425
0
LINE
8
BLACK
6
CONTINUOUS
10
1.04222531496063
20
1.3860099212598425
11
1.0427184251968504
21
1.3865975984251968
0
LINE
8
BLACK
6
CONTINUOUS
10
1.0427184251968504
20
1.3865975984251968
11
1.0431020078740156
21
1.3872619291338582
0
LINE
8
BLACK
6
CONTINUOUS
10
1.0431020078740156
20
1.3872619291338582
11
1.0433523228346457
21
1.3873530314960629
0
LINE
8
BLACK
6
CONTINUOUS
10
1.0433523228346457
20
1.3873530314960629
11
1.0435236220472441
21
1.3875571653543306
0
LINE
8
BLACK
6
CONTINUOUS
10
1.0435236220472441
20
1.3875571653543306
11
1.0442791732283465
21
1.3876903937007874
0
LINE
8
BLACK
6
CONTINUOUS
10
1.0442791732283465
20
1.3876903937007874
11
1.0449999999999999
21
1.3879527559055118
0
LINE
8
BLACK
6
CONTINUOUS
10
1.0449999999999999
20
1.3879527559055118
11
1.105
21
1.3879527559055118
0
LINE
8
BLACK
6
CONTINUOUS
10
1.105
20
1.3879527559055118
11
1.1053835039370079
21
1.3878851181102363
0
LINE
8
BLACK
6
CONTINUOUS
10
1.0861121259842519
20
1.3820472440944882
11
1.0868582283464567
21
1.3811869685039371
0
LINE
8
BLACK
6
CONTINUOUS
10
1.0868582283464567
20
1.3811869685039371
11
1.0867415354330709
21
1.3795455511811023
0
LINE
8
BLACK
6
CONTINUOUS
10
1.0867415354330709
20
1.3795455511811023
11
1.0858034251968505
21
1.3776693700787401
0
LINE
8
BLACK
6
CONTINUOUS
10
1.0858034251968505
20
1.3776693700787401
11
1.0855361023622048
21
1.3774375196850392
0
LINE
8
BLACK
6
CONTINUOUS
10
1.0855361023622048
20
1.3774375196850392
11
1.0854007086614172
21
1.3771106299212599
0
LINE
8
BLACK
6
CONTINUOUS
10
1.0854007086614172
20
1.3771106299212599
11
1.0853185826771654
21
1.3770285039370078
0
LINE
8
BLACK
6
CONTINUOUS
10
1.0853185826771654
20
1.3770285039370078
11
1.0967399606299213
21
1.3770285039370078
0
LINE
8
BLACK
6
CONTINUOUS
10
1.0967399606299213
20
1.3770285039370078
11
1.0967399606299213
21
1.3805070866141731
0
LINE
8
BLACK
6
CONTINUOUS
10
1.0967399606299213
20
1.3805070866141731
11
1.0973696850393702
21
1.3820273622047243
0
LINE
8
BLACK
6
CONTINUOUS
10
1.0973696850393702
20
1.3820273622047243
11
1.0974176771653543
21
1.3820472440944882
0
LINE
8
BLACK
6
CONTINUOUS
10
1.0974176771653543
20
1.3820472440944882
11
1.0861121259842519
21
1.3820472440944882
0
LINE
8
BLACK
6
CONTINUOUS
10
1.0965379921259841
20
1.3627655511811023
11
1.0970371653543307
21
1.3627301181102363
0
LINE
8
BLACK
6
CONTINUOUS
10
1.0970371653543307
20
1.3627301181102363
11
1.0989133858267717
21
1.3617920472440945
0
LINE
8
BLACK
6
CONTINUOUS
10
1.0989133858267717
20
1.3617920472440945
11
1.0993600393700786
21
1.3612770472440945
0
LINE
8
BLACK
6
CONTINUOUS
10
1.0993600393700786
20
1.3612770472440945
11
1.0998749212598424
21
1.3608305118110235
0
LINE
8
BLACK
6
CONTINUOUS
10
1.0998749212598424
20
1.3608305118110235
11
1.1008129921259842
21
1.3589543307086613
0
LINE
8
BLACK
6
CONTINUOUS
10
1.1008129921259842
20
1.3589543307086613
11
1.1008484251968504
21
1.358455157480315
0
LINE
8
BLACK
6
CONTINUOUS
10
1.1008484251968504
20
1.358455157480315
11
1.1010399606299213
21
1.3579928346456693
0
LINE
8
BLACK
6
CONTINUOUS
10
1.1010399606299213
20
1.3579928346456693
11
1.1010399606299213
21
1.3551785433070866
0
LINE
8
BLACK
6
CONTINUOUS
10
1.1010399606299213
20
1.3551785433070866
11
1.1008484251968504
21
1.3547161811023622
0
LINE
8
BLACK
6
CONTINUOUS
10
1.1008484251968504
20
1.3547161811023622
11
1.1008129921259842
21
1.3542170866141732
0
LINE
8
BLACK
6
CONTINUOUS
10
1.1008129921259842
20
1.3542170866141732
11
1.1005173622047244
21
1.3536258267716534
0
LINE
8
BLACK
6
CONTINUOUS
10
1.1005173622047244
20
1.3536258267716534
11
1.1010399606299213
21
1.352364251968504
0
LINE
8
BLACK
6
CONTINUOUS
10
1.1010399606299213
20
1.352364251968504
11
1.1004102362204724
21
1.3508439763779527
0
LINE
8
BLACK
6
CONTINUOUS
10
1.1004102362204724
20
1.3508439763779527
11
1.0988899606299212
21
1.3502142519685039
0
LINE
8
BLACK
6
CONTINUOUS
10
1.0988899606299212
20
1.3502142519685039
11
1.0970137401574802
21
1.3502142519685039
0
LINE
8
BLACK
6
CONTINUOUS
10
1.0970137401574802
20
1.3502142519685039
11
1.0857566141732282
21
1.3502142519685039
0
LINE
8
BLACK
6
CONTINUOUS
10
1.0857566141732282
20
1.3502142519685039
11
1.0842363385826772
21
1.3508439763779527
0
LINE
8
BLACK
6
CONTINUOUS
10
1.0842363385826772
20
1.3508439763779527
11
1.0836066141732283
21
1.352364251968504
0
LINE
8
BLACK
6
CONTINUOUS
10
1.0836066141732283
20
1.352364251968504
11
1.0842363385826772
21
1.3538845275590552
0
LINE
8
BLACK
6
CONTINUOUS
10
1.0842363385826772
20
1.3538845275590552
11
1.0857566141732282
21
1.3545142519685038
0
LINE
8
BLACK
6
CONTINUOUS
10
1.0857566141732282
20
1.3545142519685038
11
1.0961232677165353
21
1.3545142519685038
0
LINE
8
BLACK
6
CONTINUOUS
10
1.0961232677165353
20
1.3545142519685038
11
1.096184842519685
21
1.3545758661417322
0
LINE
8
BLACK
6
CONTINUOUS
10
1.096184842519685
20
1.3545758661417322
11
1.0967399606299213
21
1.3556860629921259
0
LINE
8
BLACK
6
CONTINUOUS
10
1.0967399606299213
20
1.3556860629921259
11
1.0967399606299213
21
1.3574852755905511
0
LINE
8
BLACK
6
CONTINUOUS
10
1.0967399606299213
20
1.3574852755905511
11
1.0963493307086614
21
1.358266496062992
0
LINE
8
BLACK
6
CONTINUOUS
10
1.0963493307086614
20
1.358266496062992
11
1.0955681496062992
21
1.3586570866141732
0
LINE
8
BLACK
6
CONTINUOUS
10
1.0955681496062992
20
1.3586570866141732
11
1.0857566141732282
21
1.3586570866141732
0
LINE
8
BLACK
6
CONTINUOUS
10
1.0857566141732282
20
1.3586570866141732
11
1.0842363385826772
21
1.359286811023622
0
LINE
8
BLACK
6
CONTINUOUS
10
1.0842363385826772
20
1.359286811023622
11
1.0836066141732283
21
1.3608070866141733
0
LINE
8
BLACK
6
CONTINUOUS
10
1.0836066141732283
20
1.3608070866141733
11
1.0842363385826772
21
1.3623273622047243
0
LINE
8
BLACK
6
CONTINUOUS
10
1.0842363385826772
20
1.3623273622047243
11
1.0857566141732282
21
1.3629570866141731
0
LINE
8
BLACK
6
CONTINUOUS
10
1.0857566141732282
20
1.3629570866141731
11
1.0960756692913385
21
1.3629570866141731
0
LINE
8
BLACK
6
CONTINUOUS
10
1.0960756692913385
20
1.3629570866141731
11
1.0965379921259841
21
1.3627655511811023
0
LINE
8
BLACK
6
CONTINUOUS
10
1.1072619291338583
20
1.4568979921259841
11
1.1079527559055118
21
1.4550000000000001
0
LINE
8
BLACK
6
CONTINUOUS
10
1.1079527559055118
20
1.4550000000000001
11
1.1079527559055118
21
1.415
0
LINE
8
BLACK
6
CONTINUOUS
10
1.1079527559055118
20
1.415
11
1.1078851181102363
21
1.4146164566929134
0
LINE
8
BLACK
6
CONTINUOUS
10
1.1078851181102363
20
1.4146164566929134
11
1.1079079133858267
21
1.4144872440944882
0
LINE
8
BLACK
6
CONTINUOUS
10
1.1079079133858267
20
1.4144872440944882
11
1.1078422834645669
21
1.414373622047244
0
LINE
8
BLACK
6
CONTINUOUS
10
1.1078422834645669
20
1.414373622047244
11
1.1077746850393702
21
1.4139900787401574
0
LINE
8
BLACK
6
CONTINUOUS
10
1.1077746850393702
20
1.4139900787401574
11
1.107281535433071
21
1.4134023622047245
0
LINE
8
BLACK
6
CONTINUOUS
10
1.107281535433071
20
1.4134023622047245
11
1.1068979921259843
21
1.4127380708661417
0
LINE
8
BLACK
6
CONTINUOUS
10
1.1068979921259843
20
1.4127380708661417
11
1.1066476377952756
21
1.4126469291338581
0
LINE
8
BLACK
6
CONTINUOUS
10
1.1066476377952756
20
1.4126469291338581
11
1.1064763779527558
21
1.4124428346456692
0
LINE
8
BLACK
6
CONTINUOUS
10
1.1064763779527558
20
1.4124428346456692
11
1.1057207874015749
21
1.4123095669291339
0
LINE
8
BLACK
6
CONTINUOUS
10
1.1057207874015749
20
1.4123095669291339
11
1.105
21
1.4120472440944882
0
LINE
8
BLACK
6
CONTINUOUS
10
1.105
20
1.4120472440944882
11
1.0449999999999999
21
1.4120472440944882
0
LINE
8
BLACK
6
CONTINUOUS
10
1.0449999999999999
20
1.4120472440944882
11
1.0446164566929133
21
1.412114842519685
0
LINE
8
BLACK
6
CONTINUOUS
10
1.0446164566929133
20
1.412114842519685
11
1.0444872440944881
21
1.4120920866141733
0
LINE
8
BLACK
6
CONTINUOUS
10
1.0444872440944881
20
1.4120920866141733
11
1.0443736220472442
21
1.4121576771653543
0
LINE
8
BLACK
6
CONTINUOUS
10
1.0443736220472442
20
1.4121576771653543
11
1.0439900787401575
21
1.4122253149606299
0
LINE
8
BLACK
6
CONTINUOUS
10
1.0439900787401575
20
1.4122253149606299
11
1.0434023622047244
21
1.4127184251968503
0
LINE
8
BLACK
6
CONTINUOUS
10
1.0434023622047244
20
1.4127184251968503
11
1.0427380708661418
21
1.4131020078740157
0
LINE
8
BLACK
6
CONTINUOUS
10
1.0427380708661418
20
1.4131020078740157
11
1.0426469291338583
21
1.4133523228346456
0
LINE
8
BLACK
6
CONTINUOUS
10
1.0426469291338583
20
1.4133523228346456
11
1.0424428346456693
21
1.413523622047244
0
LINE
8
BLACK
6
CONTINUOUS
10
1.0424428346456693
20
1.413523622047244
11
1.0423095669291338
21
1.4142791732283464
0
LINE
8
BLACK
6
CONTINUOUS
10
1.0423095669291338
20
1.4142791732283464
11
1.0420472440944881
21
1.415
0
LINE
8
BLACK
6
CONTINUOUS
10
1.0420472440944881
20
1.415
11
1.0420472440944881
21
1.4550000000000001
0
LINE
8
BLACK
6
CONTINUOUS
10
1.0420472440944881
20
1.4550000000000001
11
1.04222531496063
21
1.4560099212598425
0
LINE
8
BLACK
6
CONTINUOUS
10
1.04222531496063
20
1.4560099212598425
11
1.0435236220472441
21
1.4575571653543307
0
LINE
8
BLACK
6
CONTINUOUS
10
1.0435236220472441
20
1.4575571653543307
11
1.0455127559055117
21
1.4579079133858268
0
LINE
8
BLACK
6
CONTINUOUS
10
1.0455127559055117
20
1.4579079133858268
11
1.0472619291338583
21
1.4568979921259841
0
LINE
8
BLACK
6
CONTINUOUS
10
1.0472619291338583
20
1.4568979921259841
11
1.0479527559055117
21
1.4550000000000001
0
LINE
8
BLACK
6
CONTINUOUS
10
1.0479527559055117
20
1.4550000000000001
11
1.0479527559055117
21
1.4179527559055118
0
LINE
8
BLACK
6
CONTINUOUS
10
1.0479527559055117
20
1.4179527559055118
11
1.1020472440944882
21
1.4179527559055118
0
LINE
8
BLACK
6
CONTINUOUS
10
1.1020472440944882
20
1.4179527559055118
11
1.1020472440944882
21
1.4550000000000001
0
LINE
8
BLACK
6
CONTINUOUS
10
1.1020472440944882
20
1.4550000000000001
11
1.1022253149606298
21
1.4560099212598425
0
LINE
8
BLACK
6
CONTINUOUS
10
1.1022253149606298
20
1.4560099212598425
11
1.103523622047244
21
1.4575571653543307
0
LINE
8
BLACK
6
CONTINUOUS
10
1.103523622047244
20
1.4575571653543307
11
1.1055127559055118
21
1.4579079133858268
0
LINE
8
BLACK
6
CONTINUOUS
10
1.1055127559055118
20
1.4579079133858268
11
1.1072619291338583
21
1.4568979921259841
0
LINE
8
BLACK
6
CONTINUOUS
10
0.7204102362204724
20
1.4919797637795276
11
0.7210399606299213
21
1.4904594881889763
0
LINE
8
BLACK
6
CONTINUOUS
10
0.7210399606299213
20
1.4904594881889763
11
0.7204102362204724
21
1.4889392125984251
0
LINE
8
BLACK
6
CONTINUOUS
10
0.7204102362204724
20
1.4889392125984251
11
0.7188899606299213
21
1.4883094881889762
0
LINE
8
BLACK
6
CONTINUOUS
10
0.7188899606299213
20
1.4883094881889762
11
0.710720905511811
21
1.4883094881889762
0
LINE
8
BLACK
6
CONTINUOUS
10
0.710720905511811
20
1.4883094881889762
11
0.710720905511811
21
1.4838928346456692
0
LINE
8
BLACK
6
CONTINUOUS
10
0.710720905511811
20
1.4838928346456692
11
0.7100911811023621
21
1.482372559055118
0
LINE
8
BLACK
6
CONTINUOUS
10
0.7100911811023621
20
1.482372559055118
11
0.708570905511811
21
1.4817428346456694
0
LINE
8
BLACK
6
CONTINUOUS
10
0.708570905511811
20
1.4817428346456694
11
0.7070506299212598
21
1.482372559055118
0
LINE
8
BLACK
6
CONTINUOUS
10
0.7070506299212598
20
1.482372559055118
11
0.706420905511811
21
1.4838928346456692
0
LINE
8
BLACK
6
CONTINUOUS
10
0.706420905511811
20
1.4838928346456692
11
0.706420905511811
21
1.4883094881889762
0
LINE
8
BLACK
6
CONTINUOUS
10
0.706420905511811
20
1.4883094881889762
11
0.7013399606299212
21
1.4883094881889762
0
LINE
8
BLACK
6
CONTINUOUS
10
0.7013399606299212
20
1.4883094881889762
11
0.7013399606299212
21
1.4810785433070865
0
LINE
8
BLACK
6
CONTINUOUS
10
0.7013399606299212
20
1.4810785433070865
11
0.7007102362204725
21
1.4795582677165353
0
LINE
8
BLACK
6
CONTINUOUS
10
0.7007102362204725
20
1.4795582677165353
11
0.6991899606299212
21
1.4789285433070867
0
LINE
8
BLACK
6
CONTINUOUS
10
0.6991899606299212
20
1.4789285433070867
11
0.6979527559055118
21
1.4794409842519685
0
LINE
8
BLACK
6
CONTINUOUS
10
0.6979527559055118
20
1.4794409842519685
11
0.6979527559055118
21
1.4429527559055118
0
LINE
8
BLACK
6
CONTINUOUS
10
0.6979527559055118
20
1.4429527559055118
11
0.7520472440944882
21
1.4429527559055118
0
LINE
8
BLACK
6
CONTINUOUS
10
0.7520472440944882
20
1.4429527559055118
11
0.7520472440944882
21
1.48
0
LINE
8
BLACK
6
CONTINUOUS
10
0.7520472440944882
20
1.48
11
0.7522253149606299
21
1.4810099212598424
0
LINE
8
BLACK
6
CONTINUOUS
10
0.7522253149606299
20
1.4810099212598424
11
0.7535236220472441
21
1.4825571653543306
0
LINE
8
BLACK
6
CONTINUOUS
10
0.7535236220472441
20
1.4825571653543306
11
0.7555127559055118
21
1.4829079133858267
0
LINE
8
BLACK
6
CONTINUOUS
10
0.7555127559055118
20
1.4829079133858267
11
0.7572619291338583
21
1.4818979921259843
0
LINE
8
BLACK
6
CONTINUOUS
10
0.7572619291338583
20
1.4818979921259843
11
0.7579527559055118
21
1.48
0
LINE
8
BLACK
6
CONTINUOUS
10
0.7579527559055118
20
1.48
11
0.7579527559055118
21
1.4399999999999999
0
LINE
8
BLACK
6
CONTINUOUS
10
0.7579527559055118
20
1.4399999999999999
11
0.7578851181102362
21
1.4396164566929133
0
LINE
8
BLACK
6
CONTINUOUS
10
0.7578851181102362
20
1.4396164566929133
11
0.7579079133858267
21
1.4394872440944881
0
LINE
8
BLACK
6
CONTINUOUS
10
0.7579079133858267
20
1.4394872440944881
11
0.7578422834645669
21
1.4393736220472442
0
LINE
8
BLACK
6
CONTINUOUS
10
0.7578422834645669
20
1.4393736220472442
11
0.7577746850393701
21
1.4389900787401575
0
LINE
8
BLACK
6
CONTINUOUS
10
0.7577746850393701
20
1.4389900787401575
11
0.7572815354330709
21
1.4384023622047244
0
LINE
8
BLACK
6
CONTINUOUS
10
0.7572815354330709
20
1.4384023622047244
11
0.7568979921259842
21
1.4377380708661418
0
LINE
8
BLACK
6
CONTINUOUS
10
0.7568979921259842
20
1.4377380708661418
11
0.7566476377952756
21
1.4376469291338583
0
LINE
8
BLACK
6
CONTINUOUS
10
0.7566476377952756
20
1.4376469291338583
11
0.7564763779527559
21
1.4374428346456694
0
LINE
8
BLACK
6
CONTINUOUS
10
0.7564763779527559
20
1.4374428346456694
11
0.7557207874015748
21
1.4373095669291338
0
LINE
8
BLACK
6
CONTINUOUS
10
0.7557207874015748
20
1.4373095669291338
11
0.755
21
1.4370472440944881
0
LINE
8
BLACK
6
CONTINUOUS
10
0.755
20
1.4370472440944881
11
0.695
21
1.4370472440944881
0
LINE
8
BLACK
6
CONTINUOUS
10
0.695
20
1.4370472440944881
11
0.6946164566929134
21
1.4371148425196849
0
LINE
8
BLACK
6
CONTINUOUS
10
0.6946164566929134
20
1.4371148425196849
11
0.6944872440944881
21
1.4370920866141732
0
LINE
8
BLACK
6
CONTINUOUS
10
0.6944872440944881
20
1.4370920866141732
11
0.6943736220472441
21
1.4371576771653543
0
LINE
8
BLACK
6
CONTINUOUS
10
0.6943736220472441
20
1.4371576771653543
11
0.6939900787401575
21
1.43722531496063
0
LINE
8
BLACK
6
CONTINUOUS
10
0.6939900787401575
20
1.43722531496063
11
0.6934023622047244
21
1.4377184251968504
0
LINE
8
BLACK
6
CONTINUOUS
10
0.6934023622047244
20
1.4377184251968504
11
0.6927380708661417
21
1.4381020078740157
0
LINE
8
BLACK
6
CONTINUOUS
10
0.6927380708661417
20
1.4381020078740157
11
0.6926469291338583
21
1.4383523228346455
0
LINE
8
BLACK
6
CONTINUOUS
10
0.6926469291338583
20
1.4383523228346455
11
0.6924428346456692
21
1.4385236220472442
0
LINE
8
BLACK
6
CONTINUOUS
10
0.6924428346456692
20
1.4385236220472442
11
0.6923095669291338
21
1.4392791732283465
0
LINE
8
BLACK
6
CONTINUOUS
10
0.6923095669291338
20
1.4392791732283465
11
0.6920472440944881
21
1.4399999999999999
0
LINE
8
BLACK
6
CONTINUOUS
10
0.6920472440944881
20
1.4399999999999999
11
0.6920472440944881
21
1.48
0
LINE
8
BLACK
6
CONTINUOUS
10
0.6920472440944881
20
1.48
11
0.6922253149606299
21
1.4810099212598424
0
LINE
8
BLACK
6
CONTINUOUS
10
0.6922253149606299
20
1.4810099212598424
11
0.693523622047244
21
1.4825571653543306
0
LINE
8
BLACK
6
CONTINUOUS
10
0.693523622047244
20
1.4825571653543306
11
0.6955127559055118
21
1.4829079133858267
0
LINE
8
BLACK
6
CONTINUOUS
10
0.6955127559055118
20
1.4829079133858267
11
0.6970399606299212
21
1.4820261417322835
0
LINE
8
BLACK
6
CONTINUOUS
10
0.6970399606299212
20
1.4820261417322835
11
0.6970399606299212
21
1.4904594881889763
0
LINE
8
BLACK
6
CONTINUOUS
10
0.6970399606299212
20
1.4904594881889763
11
0.6976696850393701
21
1.4919797637795276
0
LINE
8
BLACK
6
CONTINUOUS
10
0.6976696850393701
20
1.4919797637795276
11
0.6991899606299212
21
1.4926094881889764
0
LINE
8
BLACK
6
CONTINUOUS
10
0.6991899606299212
20
1.4926094881889764
11
0.7188899606299213
21
1.4926094881889764
0
LINE
8
BLACK
6
CONTINUOUS
10
0.7188899606299213
20
1.4926094881889764
11
0.7204102362204724
21
1.4919797637795276
0
LINE
8
BLACK
6
CONTINUOUS
10
0.8322619291338582
20
1.4818979921259843
11
0.8329527559055118
21
1.48
0
LINE
8
BLACK
6
CONTINUOUS
10
0.8329527559055118
20
1.48
11
0.8329527559055118
21
1.4399999999999999
0
LINE
8
BLACK
6
CONTINUOUS
10
0.8329527559055118
20
1.4399999999999999
11
0.8328851181102362
21
1.4396164566929133
0
LINE
8
BLACK
6
CONTINUOUS
10
0.8328851181102362
20
1.4396164566929133
11
0.8329079133858267
21
1.4394872440944881
0
LINE
8
BLACK
6
CONTINUOUS
10
0.8329079133858267
20
1.4394872440944881
11
0.8328422834645669
21
1.4393736220472442
0
LINE
8
BLACK
6
CONTINUOUS
10
0.8328422834645669
20
1.4393736220472442
11
0.83277468503937
21
1.4389900787401575
0
LINE
8
BLACK
6
CONTINUOUS
10
0.83277468503937
20
1.4389900787401575
11
0.8322815354330708
21
1.4384023622047244
0
LINE
8
BLACK
6
CONTINUOUS
10
0.8322815354330708
20
1.4384023622047244
11
0.8318979921259843
21
1.4377380708661418
0
LINE
8
BLACK
6
CONTINUOUS
10
0.8318979921259843
20
1.4377380708661418
11
0.8316476377952756
21
1.4376469291338583
0
LINE
8
BLACK
6
CONTINUOUS
10
0.8316476377952756
20
1.4376469291338583
11
0.8314763779527559
21
1.4374428346456694
0
LINE
8
BLACK
6
CONTINUOUS
10
0.8314763779527559
20
1.4374428346456694
11
0.8307207874015747
21
1.4373095669291338
0
LINE
8
BLACK
6
CONTINUOUS
10
0.8307207874015747
20
1.4373095669291338
11
0.83
21
1.4370472440944881
0
LINE
8
BLACK
6
CONTINUOUS
10
0.83
20
1.4370472440944881
11
0.77
21
1.4370472440944881
0
LINE
8
BLACK
6
CONTINUOUS
10
0.77
20
1.4370472440944881
11
0.7696164566929133
21
1.4371148425196849
0
LINE
8
BLACK
6
CONTINUOUS
10
0.7696164566929133
20
1.4371148425196849
11
0.7694872440944882
21
1.4370920866141732
0
LINE
8
BLACK
6
CONTINUOUS
10
0.7694872440944882
20
1.4370920866141732
11
0.7693736220472441
21
1.4371576771653543
0
LINE
8
BLACK
6
CONTINUOUS
10
0.7693736220472441
20
1.4371576771653543
11
0.7689900787401575
21
1.43722531496063
0
LINE
8
BLACK
6
CONTINUOUS
10
0.7689900787401575
20
1.43722531496063
11
0.7684023622047244
21
1.4377184251968504
0
LINE
8
BLACK
6
CONTINUOUS
10
0.7684023622047244
20
1.4377184251968504
11
0.7677380708661418
21
1.4381020078740157
0
LINE
8
BLACK
6
CONTINUOUS
10
0.7677380708661418
20
1.4381020078740157
11
0.7676469291338582
21
1.4383523228346455
0
LINE
8
BLACK
6
CONTINUOUS
10
0.7676469291338582
20
1.4383523228346455
11
0.7674428346456693
21
1.4385236220472442
0
LINE
8
BLACK
6
CONTINUOUS
10
0.7674428346456693
20
1.4385236220472442
11
0.7673095669291339
21
1.4392791732283465
0
LINE
8
BLACK
6
CONTINUOUS
10
0.7673095669291339
20
1.4392791732283465
11
0.7670472440944882
21
1.4399999999999999
0
LINE
8
BLACK
6
CONTINUOUS
10
0.7670472440944882
20
1.4399999999999999
11
0.7670472440944882
21
1.48
0
LINE
8
BLACK
6
CONTINUOUS
10
0.7670472440944882
20
1.48
11
0.76722531496063
21
1.4810099212598424
0
LINE
8
BLACK
6
CONTINUOUS
10
0.76722531496063
20
1.4810099212598424
11
0.7685236220472441
21
1.4825571653543306
0
LINE
8
BLACK
6
CONTINUOUS
10
0.7685236220472441
20
1.4825571653543306
11
0.7705127559055118
21
1.4829079133858267
0
LINE
8
BLACK
6
CONTINUOUS
10
0.7705127559055118
20
1.4829079133858267
11
0.7722619291338583
21
1.4818979921259843
0
LINE
8
BLACK
6
CONTINUOUS
10
0.7722619291338583
20
1.4818979921259843
11
0.7729527559055118
21
1.48
0
LINE
8
BLACK
6
CONTINUOUS
10
0.7729527559055118
20
1.48
11
0.7729527559055118
21
1.4429527559055118
0
LINE
8
BLACK
6
CONTINUOUS
10
0.7729527559055118
20
1.4429527559055118
11
0.8270472440944882
21
1.4429527559055118
0
LINE
8
BLACK
6
CONTINUOUS
10
0.8270472440944882
20
1.4429527559055118
11
0.8270472440944882
21
1.48
0
LINE
8
BLACK
6
CONTINUOUS
10
0.8270472440944882
20
1.48
11
0.8272253149606299
21
1.4810099212598424
0
LINE
8
BLACK
6
CONTINUOUS
10
0.8272253149606299
20
1.4810099212598424
11
0.8285236220472441
21
1.4825571653543306
0
LINE
8
BLACK
6
CONTINUOUS
10
0.8285236220472441
20
1.4825571653543306
11
0.8305127559055118
21
1.4829079133858267
0
LINE
8
BLACK
6
CONTINUOUS
10
0.8305127559055118
20
1.4829079133858267
11
0.8322619291338582
21
1.4818979921259843
0
LINE
8
BLACK
6
CONTINUOUS
10
0.9072619291338583
20
1.4818979921259843
11
0.9079527559055118
21
1.48
0
LINE
8
BLACK
6
CONTINUOUS
10
0.9079527559055118
20
1.48
11
0.9079527559055118
21
1.4399999999999999
0
LINE
8
BLACK
6
CONTINUOUS
10
0.9079527559055118
20
1.4399999999999999
11
0.9078851181102362
21
1.4396164566929133
0
LINE
8
BLACK
6
CONTINUOUS
10
0.9078851181102362
20
1.4396164566929133
11
0.9079079133858268
21
1.4394872440944881
0
LINE
8
BLACK
6
CONTINUOUS
10
0.9079079133858268
20
1.4394872440944881
11
0.9078422834645669
21
1.4393736220472442
0
LINE
8
BLACK
6
CONTINUOUS
10
0.9078422834645669
20
1.4393736220472442
11
0.9077746850393701
21
1.4389900787401575
0
LINE
8
BLACK
6
CONTINUOUS
10
0.9077746850393701
20
1.4389900787401575
11
0.9072815354330709
21
1.4384023622047244
0
LINE
8
BLACK
6
CONTINUOUS
10
0.9072815354330709
20
1.4384023622047244
11
0.9068979921259842
21
1.4377380708661418
0
LINE
8
BLACK
6
CONTINUOUS
10
0.9068979921259842
20
1.4377380708661418
11
0.9066476377952756
21
1.4376469291338583
0
LINE
8
BLACK
6
CONTINUOUS
10
0.9066476377952756
20
1.4376469291338583
11
0.9064763779527559
21
1.4374428346456694
0
LINE
8
BLACK
6
CONTINUOUS
10
0.9064763779527559
20
1.4374428346456694
11
0.9057207874015748
21
1.4373095669291338
0
LINE
8
BLACK
6
CONTINUOUS
10
0.9057207874015748
20
1.4373095669291338
11
0.905
21
1.4370472440944881
0
LINE
8
BLACK
6
CONTINUOUS
10
0.905
20
1.4370472440944881
11
0.845
21
1.4370472440944881
0
LINE
8
BLACK
6
CONTINUOUS
10
0.845
20
1.4370472440944881
11
0.8446164566929134
21
1.4371148425196849
0
LINE
8
BLACK
6
CONTINUOUS
10
0.8446164566929134
20
1.4371148425196849
11
0.8444872440944882
21
1.4370920866141732
0
LINE
8
BLACK
6
CONTINUOUS
10
0.8444872440944882
20
1.4370920866141732
11
0.8443736220472441
21
1.4371576771653543
0
LINE
8
BLACK
6
CONTINUOUS
10
0.8443736220472441
20
1.4371576771653543
11
0.8439900787401574
21
1.43722531496063
0
LINE
8
BLACK
6
CONTINUOUS
10
0.8439900787401574
20
1.43722531496063
11
0.8434023622047244
21
1.4377184251968504
0
LINE
8
BLACK
6
CONTINUOUS
10
0.8434023622047244
20
1.4377184251968504
11
0.8427380708661417
21
1.4381020078740157
0
LINE
8
BLACK
6
CONTINUOUS
10
0.8427380708661417
20
1.4381020078740157
11
0.8426469291338583
21
1.4383523228346455
0
LINE
8
BLACK
6
CONTINUOUS
10
0.8426469291338583
20
1.4383523228346455
11
0.8424428346456693
21
1.4385236220472442
0
LINE
8
BLACK
6
CONTINUOUS
10
0.8424428346456693
20
1.4385236220472442
11
0.8423095669291338
21
1.4392791732283465
0
LINE
8
BLACK
6
CONTINUOUS
10
0.8423095669291338
20
1.4392791732283465
11
0.8420472440944882
21
1.4399999999999999
0
LINE
8
BLACK
6
CONTINUOUS
10
0.8420472440944882
20
1.4399999999999999
11
0.8420472440944882
21
1.48
0
LINE
8
BLACK
6
CONTINUOUS
10
0.8420472440944882
20
1.48
11
0.8422253149606299
21
1.4810099212598424
0
LINE
8
BLACK
6
CONTINUOUS
10
0.8422253149606299
20
1.4810099212598424
11
0.8435236220472441
21
1.4825571653543306
0
LINE
8
BLACK
6
CONTINUOUS
10
0.8435236220472441
20
1.4825571653543306
11
0.8455127559055118
21
1.4829079133858267
0
LINE
8
BLACK
6
CONTINUOUS
10
0.8455127559055118
20
1.4829079133858267
11
0.8472619291338582
21
1.4818979921259843
0
LINE
8
BLACK
6
CONTINUOUS
10
0.8472619291338582
20
1.4818979921259843
11
0.8474985826771654
21
1.481247716535433
0
LINE
8
BLACK
6
CONTINUOUS
10
0.8474985826771654
20
1.481247716535433
11
0.84766968503937
21
1.4816607480314961
0
LINE
8
BLACK
6
CONTINUOUS
10
0.84766968503937
20
1.4816607480314961
11
0.8491899606299212
21
1.4822904724409449
0
LINE
8
BLACK
6
CONTINUOUS
10
0.8491899606299212
20
1.4822904724409449
11
0.8688899606299212
21
1.4822904724409449
0
LINE
8
BLACK
6
CONTINUOUS
10
0.8688899606299212
20
1.4822904724409449
11
0.8704102362204724
21
1.4816607480314961
0
LINE
8
BLACK
6
CONTINUOUS
10
0.8704102362204724
20
1.4816607480314961
11
0.8710399606299213
21
1.4801404724409448
0
LINE
8
BLACK
6
CONTINUOUS
10
0.8710399606299213
20
1.4801404724409448
11
0.8704102362204724
21
1.4786201968503936
0
LINE
8
BLACK
6
CONTINUOUS
10
0.8704102362204724
20
1.4786201968503936
11
0.8688899606299212
21
1.4779904724409449
0
LINE
8
BLACK
6
CONTINUOUS
10
0.8688899606299212
20
1.4779904724409449
11
0.8653336220472441
21
1.4779904724409449
0
LINE
8
BLACK
6
CONTINUOUS
10
0.8653336220472441
20
1.4779904724409449
11
0.8701799606299212
21
1.4743557086614172
0
LINE
8
BLACK
6
CONTINUOUS
10
0.8701799606299212
20
1.4743557086614172
11
0.8710183464566928
21
1.4729397637795276
0
LINE
8
BLACK
6
CONTINUOUS
10
0.8710183464566928
20
1.4729397637795276
11
0.8706099606299212
21
1.4713457086614172
0
LINE
8
BLACK
6
CONTINUOUS
10
0.8706099606299212
20
1.4713457086614172
11
0.8691940157480315
21
1.4705073228346457
0
LINE
8
BLACK
6
CONTINUOUS
10
0.8691940157480315
20
1.4705073228346457
11
0.8675999606299213
21
1.4709157086614173
0
LINE
8
BLACK
6
CONTINUOUS
10
0.8675999606299213
20
1.4709157086614173
11
0.8615869291338583
21
1.4754254724409448
0
LINE
8
BLACK
6
CONTINUOUS
10
0.8615869291338583
20
1.4754254724409448
11
0.8572768897637795
21
1.471115433070866
0
LINE
8
BLACK
6
CONTINUOUS
10
0.8572768897637795
20
1.471115433070866
11
0.8557566141732283
21
1.4704857086614174
0
LINE
8
BLACK
6
CONTINUOUS
10
0.8557566141732283
20
1.4704857086614174
11
0.8542363385826771
21
1.471115433070866
0
LINE
8
BLACK
6
CONTINUOUS
10
0.8542363385826771
20
1.471115433070866
11
0.8536066141732284
21
1.4726357086614172
0
LINE
8
BLACK
6
CONTINUOUS
10
0.8536066141732284
20
1.4726357086614172
11
0.8542363385826771
21
1.4741559842519685
0
LINE
8
BLACK
6
CONTINUOUS
10
0.8542363385826771
20
1.4741559842519685
11
0.8580708267716535
21
1.4779904724409449
0
LINE
8
BLACK
6
CONTINUOUS
10
0.8580708267716535
20
1.4779904724409449
11
0.8491899606299212
21
1.4779904724409449
0
LINE
8
BLACK
6
CONTINUOUS
10
0.8491899606299212
20
1.4779904724409449
11
0.8479527559055118
21
1.4785029133858267
0
LINE
8
BLACK
6
CONTINUOUS
10
0.8479527559055118
20
1.4785029133858267
11
0.8479527559055118
21
1.4429527559055118
0
LINE
8
BLACK
6
CONTINUOUS
10
0.8479527559055118
20
1.4429527559055118
11
0.9020472440944882
21
1.4429527559055118
0
LINE
8
BLACK
6
CONTINUOUS
10
0.9020472440944882
20
1.4429527559055118
11
0.9020472440944882
21
1.48
0
LINE
8
BLACK
6
CONTINUOUS
10
0.9020472440944882
20
1.48
11
0.9022253149606299
21
1.4810099212598424
0
LINE
8
BLACK
6
CONTINUOUS
10
0.9022253149606299
20
1.4810099212598424
11
0.9035236220472441
21
1.4825571653543306
0
LINE
8
BLACK
6
CONTINUOUS
10
0.9035236220472441
20
1.4825571653543306
11
0.9055127559055118
21
1.4829079133858267
0
LINE
8
BLACK
6
CONTINUOUS
10
0.9055127559055118
20
1.4829079133858267
11
0.9072619291338583
21
1.4818979921259843
0
LINE
8
BLACK
6
CONTINUOUS
10
0.9822619291338582
20
1.4818979921259843
11
0.9829527559055118
21
1.48
0
LINE
8
BLACK
6
CONTINUOUS
10
0.9829527559055118
20
1.48
11
0.9829527559055118
21
1.4399999999999999
0
LINE
8
BLACK
6
CONTINUOUS
10
0.9829527559055118
20
1.4399999999999999
11
0.9828851181102362
21
1.4396164566929133
0
LINE
8
BLACK
6
CONTINUOUS
10
0.9828851181102362
20
1.4396164566929133
11
0.9829079133858267
21
1.4394872440944881
0
LINE
8
BLACK
6
CONTINUOUS
10
0.9829079133858267
20
1.4394872440944881
11
0.9828422834645669
21
1.4393736220472442
0
LINE
8
BLACK
6
CONTINUOUS
10
0.9828422834645669
20
1.4393736220472442
11
0.98277468503937
21
1.4389900787401575
0
LINE
8
BLACK
6
CONTINUOUS
10
0.98277468503937
20
1.4389900787401575
11
0.9822815354330708
21
1.4384023622047244
0
LINE
8
BLACK
6
CONTINUOUS
10
0.9822815354330708
20
1.4384023622047244
11
0.9818979921259843
21
1.4377380708661418
0
LINE
8
BLACK
6
CONTINUOUS
10
0.9818979921259843
20
1.4377380708661418
11
0.9816476377952755
21
1.4376469291338583
0
LINE
8
BLACK
6
CONTINUOUS
10
0.9816476377952755
20
1.4376469291338583
11
0.9814763779527559
21
1.4374428346456694
0
LINE
8
BLACK
6
CONTINUOUS
10
0.9814763779527559
20
1.4374428346456694
11
0.9807207874015748
21
1.4373095669291338
0
LINE
8
BLACK
6
CONTINUOUS
10
0.9807207874015748
20
1.4373095669291338
11
0.98
21
1.4370472440944881
0
LINE
8
BLACK
6
CONTINUOUS
10
0.98
20
1.4370472440944881
11
0.9199999999999999
21
1.4370472440944881
0
LINE
8
BLACK
6
CONTINUOUS
10
0.9199999999999999
20
1.4370472440944881
11
0.9196164566929134
21
1.4371148425196849
0
LINE
8
BLACK
6
CONTINUOUS
10
0.9196164566929134
20
1.4371148425196849
11
0.9194872440944881
21
1.4370920866141732
0
LINE
8
BLACK
6
CONTINUOUS
10
0.9194872440944881
20
1.4370920866141732
11
0.919373622047244
21
1.4371576771653543
0
LINE
8
BLACK
6
CONTINUOUS
10
0.919373622047244
20
1.4371576771653543
11
0.9189900787401575
21
1.43722531496063
0
LINE
8
BLACK
6
CONTINUOUS
10
0.9189900787401575
20
1.43722531496063
11
0.9184023622047244
21
1.4377184251968504
0
LINE
8
BLACK
6
CONTINUOUS
10
0.9184023622047244
20
1.4377184251968504
11
0.9177380708661417
21
1.4381020078740157
0
LINE
8
BLACK
6
CONTINUOUS
10
0.9177380708661417
20
1.4381020078740157
11
0.9176469291338583
21
1.4383523228346455
0
LINE
8
BLACK
6
CONTINUOUS
10
0.9176469291338583
20
1.4383523228346455
11
0.9174428346456692
21
1.4385236220472442
0
LINE
8
BLACK
6
CONTINUOUS
10
0.9174428346456692
20
1.4385236220472442
11
0.9173095669291338
21
1.4392791732283465
0
LINE
8
BLACK
6
CONTINUOUS
10
0.9173095669291338
20
1.4392791732283465
11
0.9170472440944881
21
1.4399999999999999
0
LINE
8
BLACK
6
CONTINUOUS
10
0.9170472440944881
20
1.4399999999999999
11
0.9170472440944881
21
1.48
0
LINE
8
BLACK
6
CONTINUOUS
10
0.9170472440944881
20
1.48
11
0.9172253149606299
21
1.4810099212598424
0
LINE
8
BLACK
6
CONTINUOUS
10
0.9172253149606299
20
1.4810099212598424
11
0.918523622047244
21
1.4825571653543306
0
LINE
8
BLACK
6
CONTINUOUS
10
0.918523622047244
20
1.4825571653543306
11
0.9205127559055117
21
1.4829079133858267
0
LINE
8
BLACK
6
CONTINUOUS
10
0.9205127559055117
20
1.4829079133858267
11
0.9222619291338583
21
1.4818979921259843
0
LINE
8
BLACK
6
CONTINUOUS
10
0.9222619291338583
20
1.4818979921259843
11
0.9224985826771653
21
1.481247716535433
0
LINE
8
BLACK
6
CONTINUOUS
10
0.9224985826771653
20
1.481247716535433
11
0.9226696850393701
21
1.4816607480314961
0
LINE
8
BLACK
6
CONTINUOUS
10
0.9226696850393701
20
1.4816607480314961
11
0.9241899606299212
21
1.4822904724409449
0
LINE
8
BLACK
6
CONTINUOUS
10
0.9241899606299212
20
1.4822904724409449
11
0.9438899606299213
21
1.4822904724409449
0
LINE
8
BLACK
6
CONTINUOUS
10
0.9438899606299213
20
1.4822904724409449
11
0.9454102362204724
21
1.4816607480314961
0
LINE
8
BLACK
6
CONTINUOUS
10
0.9454102362204724
20
1.4816607480314961
11
0.9460399606299212
21
1.4801404724409448
0
LINE
8
BLACK
6
CONTINUOUS
10
0.9460399606299212
20
1.4801404724409448
11
0.9454102362204724
21
1.4786201968503936
0
LINE
8
BLACK
6
CONTINUOUS
10
0.9454102362204724
20
1.4786201968503936
11
0.9438899606299213
21
1.4779904724409449
0
LINE
8
BLACK
6
CONTINUOUS
10
0.9438899606299213
20
1.4779904724409449
11
0.940333622047244
21
1.4779904724409449
0
LINE
8
BLACK
6
CONTINUOUS
10
0.940333622047244
20
1.4779904724409449
11
0.9451799606299213
21
1.4743557086614172
0
LINE
8
BLACK
6
CONTINUOUS
10
0.9451799606299213
20
1.4743557086614172
11
0.9460183464566929
21
1.4729397637795276
0
LINE
8
BLACK
6
CONTINUOUS
10
0.9460183464566929
20
1.4729397637795276
11
0.9456099606299212
21
1.4713457086614172
0
LINE
8
BLACK
6
CONTINUOUS
10
0.9456099606299212
20
1.4713457086614172
11
0.9441940157480315
21
1.4705073228346457
0
LINE
8
BLACK
6
CONTINUOUS
10
0.9441940157480315
20
1.4705073228346457
11
0.9425999606299212
21
1.4709157086614173
0
LINE
8
BLACK
6
CONTINUOUS
10
0.9425999606299212
20
1.4709157086614173
11
0.9365869291338582
21
1.4754254724409448
0
LINE
8
BLACK
6
CONTINUOUS
10
0.9365869291338582
20
1.4754254724409448
11
0.9322768897637795
21
1.471115433070866
0
LINE
8
BLACK
6
CONTINUOUS
10
0.9322768897637795
20
1.471115433070866
11
0.9307566141732283
21
1.4704857086614174
0
LINE
8
BLACK
6
CONTINUOUS
10
0.9307566141732283
20
1.4704857086614174
11
0.9292363385826772
21
1.471115433070866
0
LINE
8
BLACK
6
CONTINUOUS
10
0.9292363385826772
20
1.471115433070866
11
0.9286066141732283
21
1.4726357086614172
0
LINE
8
BLACK
6
CONTINUOUS
10
0.9286066141732283
20
1.4726357086614172
11
0.9292363385826772
21
1.4741559842519685
0
LINE
8
BLACK
6
CONTINUOUS
10
0.9292363385826772
20
1.4741559842519685
11
0.9330708267716535
21
1.4779904724409449
0
LINE
8
BLACK
6
CONTINUOUS
10
0.9330708267716535
20
1.4779904724409449
11
0.9241899606299212
21
1.4779904724409449
0
LINE
8
BLACK
6
CONTINUOUS
10
0.9241899606299212
20
1.4779904724409449
11
0.9229527559055117
21
1.4785029133858267
0
LINE
8
BLACK
6
CONTINUOUS
10
0.9229527559055117
20
1.4785029133858267
11
0.9229527559055117
21
1.4429527559055118
0
LINE
8
BLACK
6
CONTINUOUS
10
0.9229527559055117
20
1.4429527559055118
11
0.9770472440944882
21
1.4429527559055118
0
LINE
8
BLACK
6
CONTINUOUS
10
0.9770472440944882
20
1.4429527559055118
11
0.9770472440944882
21
1.48
0
LINE
8
BLACK
6
CONTINUOUS
10
0.9770472440944882
20
1.48
11
0.9772253149606299
21
1.4810099212598424
0
LINE
8
BLACK
6
CONTINUOUS
10
0.9772253149606299
20
1.4810099212598424
11
0.9785236220472441
21
1.4825571653543306
0
LINE
8
BLACK
6
CONTINUOUS
10
0.9785236220472441
20
1.4825571653543306
11
0.9805127559055118
21
1.4829079133858267
0
LINE
8
BLACK
6
CONTINUOUS
10
0.9805127559055118
20
1.4829079133858267
11
0.9822619291338582
21
1.4818979921259843
0
LINE
8
BLACK
6
CONTINUOUS
10
1.0985340551181102
20
1.4597940551181101
11
1.0994721653543307
21
1.4588559448818896
0
LINE
8
BLACK
6
CONTINUOUS
10
1.0994721653543307
20
1.4588559448818896
11
1.099607559055118
21
1.4585290157480315
0
LINE
8
BLACK
6
CONTINUOUS
10
1.099607559055118
20
1.4585290157480315
11
1.0998749212598424
21
1.4582971653543306
0
LINE
8
BLACK
6
CONTINUOUS
10
1.0998749212598424
20
1.4582971653543306
11
1.1008129921259842
21
1.4564209842519684
0
LINE
8
BLACK
6
CONTINUOUS
10
1.1008129921259842
20
1.4564209842519684
11
1.1008484251968504
21
1.4559218110236221
0
LINE
8
BLACK
6
CONTINUOUS
10
1.1008484251968504
20
1.4559218110236221
11
1.1010399606299213
21
1.4554594881889764
0
LINE
8
BLACK
6
CONTINUOUS
10
1.1010399606299213
20
1.4554594881889764
11
1.1010399606299213
21
1.4507690157480315
0
LINE
8
BLACK
6
CONTINUOUS
10
1.1010399606299213
20
1.4507690157480315
11
1.1008484251968504
21
1.4503066535433071
0
LINE
8
BLACK
6
CONTINUOUS
10
1.1008484251968504
20
1.4503066535433071
11
1.1008129921259842
21
1.4498075196850393
0
LINE
8
BLACK
6
CONTINUOUS
10
1.1008129921259842
20
1.4498075196850393
11
1.0998749212598424
21
1.4479313385826771
0
LINE
8
BLACK
6
CONTINUOUS
10
1.0998749212598424
20
1.4479313385826771
11
1.099607559055118
21
1.4476994488188977
0
LINE
8
BLACK
6
CONTINUOUS
10
1.099607559055118
20
1.4476994488188977
11
1.0994721653543307
21
1.4473725590551181
0
LINE
8
BLACK
6
CONTINUOUS
10
1.0994721653543307
20
1.4473725590551181
11
1.0985340551181102
21
1.4464344488188976
0
LINE
8
BLACK
6
CONTINUOUS
10
1.0985340551181102
20
1.4464344488188976
11
1.0982071259842519
21
1.4462990157480315
0
LINE
8
BLACK
6
CONTINUOUS
10
1.0982071259842519
20
1.4462990157480315
11
1.0979752755905512
21
1.4460316929133858
0
LINE
8
BLACK
6
CONTINUOUS
10
1.0979752755905512
20
1.4460316929133858
11
1.096099094488189
21
1.4450936220472441
0
LINE
8
BLACK
6
CONTINUOUS
10
1.096099094488189
20
1.4450936220472441
11
1.0955999212598424
21
1.4450581496062991
0
LINE
8
BLACK
6
CONTINUOUS
10
1.0955999212598424
20
1.4450581496062991
11
1.0951375984251968
21
1.444866653543307
0
LINE
8
BLACK
6
CONTINUOUS
10
1.0951375984251968
20
1.444866653543307
11
1.0904471259842519
21
1.444866653543307
0
LINE
8
BLACK
6
CONTINUOUS
10
1.0904471259842519
20
1.444866653543307
11
1.0899847637795275
21
1.4450581496062991
0
LINE
8
BLACK
6
CONTINUOUS
10
1.0899847637795275
20
1.4450581496062991
11
1.0894856692913386
21
1.4450936220472441
0
LINE
8
BLACK
6
CONTINUOUS
10
1.0894856692913386
20
1.4450936220472441
11
1.0876094094488189
21
1.4460316929133858
0
LINE
8
BLACK
6
CONTINUOUS
10
1.0876094094488189
20
1.4460316929133858
11
1.0873775196850393
21
1.4462990551181103
0
LINE
8
BLACK
6
CONTINUOUS
10
1.0873775196850393
20
1.4462990551181103
11
1.0870505905511811
21
1.4464344881889764
0
LINE
8
BLACK
6
CONTINUOUS
10
1.0870505905511811
20
1.4464344881889764
11
1.0861125196850394
21
1.4473725984251968
0
LINE
8
BLACK
6
CONTINUOUS
10
1.0861125196850394
20
1.4473725984251968
11
1.0859771259842519
21
1.4476994488188977
0
LINE
8
BLACK
6
CONTINUOUS
10
1.0859771259842519
20
1.4476994488188977
11
1.0857098031496062
21
1.4479312992125983
0
LINE
8
BLACK
6
CONTINUOUS
10
1.0857098031496062
20
1.4479312992125983
11
1.0847717322834645
21
1.4498074803149605
0
LINE
8
BLACK
6
CONTINUOUS
10
1.0847717322834645
20
1.4498074803149605
11
1.0847362204724409
21
1.4503066141732284
0
LINE
8
BLACK
6
CONTINUOUS
10
1.0847362204724409
20
1.4503066141732284
11
1.0845447244094488
21
1.4507690157480315
0
LINE
8
BLACK
6
CONTINUOUS
10
1.0845447244094488
20
1.4507690157480315
11
1.0845447244094488
21
1.4554594881889764
0
LINE
8
BLACK
6
CONTINUOUS
10
1.0845447244094488
20
1.4554594881889764
11
1.0846531496062992
21
1.4557212598425195
0
LINE
8
BLACK
6
CONTINUOUS
10
1.0846531496062992
20
1.4557212598425195
11
1.0813399606299212
21
1.4553899212598425
0
LINE
8
BLACK
6
CONTINUOUS
10
1.0813399606299212
20
1.4553899212598425
11
1.0813399606299212
21
1.4479547244094488
0
LINE
8
BLACK
6
CONTINUOUS
10
1.0813399606299212
20
1.4479547244094488
11
1.0807102362204724
21
1.4464344488188976
0
LINE
8
BLACK
6
CONTINUOUS
10
1.0807102362204724
20
1.4464344488188976
11
1.0791899606299213
21
1.4458047244094487
0
LINE
8
BLACK
6
CONTINUOUS
10
1.0791899606299213
20
1.4458047244094487
11
1.0776696850393701
21
1.4464344488188976
0
LINE
8
BLACK
6
CONTINUOUS
10
1.0776696850393701
20
1.4464344488188976
11
1.0770399606299212
21
1.4479547244094488
0
LINE
8
BLACK
6
CONTINUOUS
10
1.0770399606299212
20
1.4479547244094488
11
1.0770399606299212
21
1.4573356692913386
0
LINE
8
BLACK
6
CONTINUOUS
10
1.0770399606299212
20
1.4573356692913386
11
1.0773168503937007
21
1.4580042125984252
0
LINE
8
BLACK
6
CONTINUOUS
10
1.0773168503937007
20
1.4580042125984252
11
1.0775259448818897
21
1.4586971259842518
0
LINE
8
BLACK
6
CONTINUOUS
10
1.0775259448818897
20
1.4586971259842518
11
1.0776261417322834
21
1.4587508661417323
0
LINE
8
BLACK
6
CONTINUOUS
10
1.0776261417322834
20
1.4587508661417323
11
1.0776696850393701
21
1.4588559448818896
0
LINE
8
BLACK
6
CONTINUOUS
10
1.0776696850393701
20
1.4588559448818896
11
1.0783382283464567
21
1.4591328740157481
0
LINE
8
BLACK
6
CONTINUOUS
10
1.0783382283464567
20
1.4591328740157481
11
1.0789760236220471
21
1.4594750000000001
0
LINE
8
BLACK
6
CONTINUOUS
10
1.0789760236220471
20
1.4594750000000001
11
1.0883569685039369
21
1.4604131102362203
0
LINE
8
BLACK
6
CONTINUOUS
10
1.0883569685039369
20
1.4604131102362203
11
1.0884657874015748
21
1.4603802362204723
0
LINE
8
BLACK
6
CONTINUOUS
10
1.0884657874015748
20
1.4603802362204723
11
1.0885708661417322
21
1.460423779527559
0
LINE
8
BLACK
6
CONTINUOUS
10
1.0885708661417322
20
1.460423779527559
11
1.0892394488188977
21
1.460146811023622
0
LINE
8
BLACK
6
CONTINUOUS
10
1.0892394488188977
20
1.460146811023622
11
1.0899323622047243
21
1.4599377952755905
0
LINE
8
BLACK
6
CONTINUOUS
10
1.0899323622047243
20
1.4599377952755905
11
1.0899861023622046
21
1.459837559055118
0
LINE
8
BLACK
6
CONTINUOUS
10
1.0899861023622046
20
1.459837559055118
11
1.0900911417322834
21
1.4597940944881889
0
LINE
8
BLACK
6
CONTINUOUS
10
1.0900911417322834
20
1.4597940944881889
11
1.0903680708661416
21
1.4591255118110236
0
LINE
8
BLACK
6
CONTINUOUS
10
1.0903680708661416
20
1.4591255118110236
11
1.0907102362204724
21
1.4584877165354331
0
LINE
8
BLACK
6
CONTINUOUS
10
1.0907102362204724
20
1.4584877165354331
11
1.0906773622047243
21
1.4583788582677164
0
LINE
8
BLACK
6
CONTINUOUS
10
1.0906773622047243
20
1.4583788582677164
11
1.090720905511811
21
1.4582738188976379
0
LINE
8
BLACK
6
CONTINUOUS
10
1.090720905511811
20
1.4582738188976379
11
1.0904438582677165
21
1.457605
0
LINE
8
BLACK
6
CONTINUOUS
10
1.0904438582677165
20
1.457605
11
1.0902348818897638
21
1.4569123228346457
0
LINE
8
BLACK
6
CONTINUOUS
10
1.0902348818897638
20
1.4569123228346457
11
1.0901347244094488
21
1.4568585826771654
0
LINE
8
BLACK
6
CONTINUOUS
10
1.0901347244094488
20
1.4568585826771654
11
1.0900912204724409
21
1.4567535433070866
0
LINE
8
BLACK
6
CONTINUOUS
10
1.0900912204724409
20
1.4567535433070866
11
1.0893998031496064
21
1.4560620866141731
0
LINE
8
BLACK
6
CONTINUOUS
10
1.0893998031496064
20
1.4560620866141731
11
1.0888447244094488
21
1.4549519291338582
0
LINE
8
BLACK
6
CONTINUOUS
10
1.0888447244094488
20
1.4549519291338582
11
1.0888447244094488
21
1.4512765354330708
0
LINE
8
BLACK
6
CONTINUOUS
10
1.0888447244094488
20
1.4512765354330708
11
1.0893998031496064
21
1.4501663779527558
0
LINE
8
BLACK
6
CONTINUOUS
10
1.0893998031496064
20
1.4501663779527558
11
1.0898444488188976
21
1.4497217322834646
0
LINE
8
BLACK
6
CONTINUOUS
10
1.0898444488188976
20
1.4497217322834646
11
1.0909546850393701
21
1.449166653543307
0
LINE
8
BLACK
6
CONTINUOUS
10
1.0909546850393701
20
1.449166653543307
11
1.0946300393700787
21
1.449166653543307
0
LINE
8
BLACK
6
CONTINUOUS
10
1.0946300393700787
20
1.449166653543307
11
1.0957402362204725
21
1.4497217322834646
0
LINE
8
BLACK
6
CONTINUOUS
10
1.0957402362204725
20
1.4497217322834646
11
1.096184842519685
21
1.4501663385826771
0
LINE
8
BLACK
6
CONTINUOUS
10
1.096184842519685
20
1.4501663385826771
11
1.0967399606299213
21
1.4512765354330708
0
LINE
8
BLACK
6
CONTINUOUS
10
1.0967399606299213
20
1.4512765354330708
11
1.0967399606299213
21
1.4549519291338582
0
LINE
8
BLACK
6
CONTINUOUS
10
1.0967399606299213
20
1.4549519291338582
11
1.096184842519685
21
1.4560621259842519
0
LINE
8
BLACK
6
CONTINUOUS
10
1.096184842519685
20
1.4560621259842519
11
1.095493503937008
21
1.4567535039370079
0
LINE
8
BLACK
6
CONTINUOUS
10
1.095493503937008
20
1.4567535039370079
11
1.0948637795275591
21
1.4582737795275591
0
LINE
8
BLACK
6
CONTINUOUS
10
1.0948637795275591
20
1.4582737795275591
11
1.095493503937008
21
1.4597940551181101
0
LINE
8
BLACK
6
CONTINUOUS
10
1.095493503937008
20
1.4597940551181101
11
1.097013779527559
21
1.460423779527559
0
LINE
8
BLACK
6
CONTINUOUS
10
1.097013779527559
20
1.460423779527559
11
1.0985340551181102
21
1.4597940551181101
0
LINE
8
BLACK
6
CONTINUOUS
10
1.0729102362204723
20
1.4722988188976378
11
1.0735399606299212
21
1.4707785433070866
0
LINE
8
BLACK
6
CONTINUOUS
10
1.0735399606299212
20
1.4707785433070866
11
1.0735399606299212
21
1.4595214173228346
0
LINE
8
BLACK
6
CONTINUOUS
10
1.0735399606299212
20
1.4595214173228346
11
1.0729102362204723
21
1.4580011417322833
0
LINE
8
BLACK
6
CONTINUOUS
10
1.0729102362204723
20
1.4580011417322833
11
1.0713899606299213
21
1.4573714173228347
0
LINE
8
BLACK
6
CONTINUOUS
10
1.0713899606299213
20
1.4573714173228347
11
1.0698696850393701
21
1.4580011417322833
0
LINE
8
BLACK
6
CONTINUOUS
10
1.0698696850393701
20
1.4580011417322833
11
1.0692399606299212
21
1.4595214173228346
0
LINE
8
BLACK
6
CONTINUOUS
10
1.0692399606299212
20
1.4595214173228346
11
1.0692399606299212
21
1.4629999606299213
0
LINE
8
BLACK
6
CONTINUOUS
10
1.0692399606299212
20
1.4629999606299213
11
1.0516899606299213
21
1.4629999606299213
0
LINE
8
BLACK
6
CONTINUOUS
10
1.0516899606299213
20
1.4629999606299213
11
1.0514853937007873
21
1.4630846456692912
0
LINE
8
BLACK
6
CONTINUOUS
10
1.0514853937007873
20
1.4630846456692912
11
1.0512683070866142
21
1.4630417322834646
0
LINE
8
BLACK
6
CONTINUOUS
10
1.0512683070866142
20
1.4630417322834646
11
1.0507481496062991
21
1.4633900393700787
0
LINE
8
BLACK
6
CONTINUOUS
10
1.0507481496062991
20
1.4633900393700787
11
1.05016968503937
21
1.46362968503937
0
LINE
8
BLACK
6
CONTINUOUS
10
1.05016968503937
20
1.46362968503937
11
1.0500849606299212
21
1.4638341732283464
0
LINE
8
BLACK
6
CONTINUOUS
10
1.0500849606299212
20
1.4638341732283464
11
1.0499010629921259
21
1.4639573622047244
0
LINE
8
BLACK
6
CONTINUOUS
10
1.0499010629921259
20
1.4639573622047244
11
1.0497795669291339
21
1.4645714566929133
0
LINE
8
BLACK
6
CONTINUOUS
10
1.0497795669291339
20
1.4645714566929133
11
1.0495399606299212
21
1.4651499606299212
0
LINE
8
BLACK
6
CONTINUOUS
10
1.0495399606299212
20
1.4651499606299212
11
1.0496246456692913
21
1.4653544881889764
0
LINE
8
BLACK
6
CONTINUOUS
10
1.0496246456692913
20
1.4653544881889764
11
1.0495817322834646
21
1.4655716141732282
0
LINE
8
BLACK
6
CONTINUOUS
10
1.0495817322834646
20
1.4655716141732282
11
1.0499300393700788
21
1.4660917322834646
0
LINE
8
BLACK
6
CONTINUOUS
10
1.0499300393700788
20
1.4660917322834646
11
1.05016968503937
21
1.4666702362204724
0
LINE
8
BLACK
6
CONTINUOUS
10
1.05016968503937
20
1.4666702362204724
11
1.0503741732283465
21
1.4667549212598425
0
LINE
8
BLACK
6
CONTINUOUS
10
1.0503741732283465
20
1.4667549212598425
11
1.0504973622047244
21
1.4669388582677165
0
LINE
8
BLACK
6
CONTINUOUS
10
1.0504973622047244
20
1.4669388582677165
11
1.0531345275590551
21
1.4686970078740158
0
LINE
8
BLACK
6
CONTINUOUS
10
1.0531345275590551
20
1.4686970078740158
11
1.0546134251968504
21
1.4701759055118111
0
LINE
8
BLACK
6
CONTINUOUS
10
1.0546134251968504
20
1.4701759055118111
11
1.0553955118110236
21
1.4717400787401576
0
LINE
8
BLACK
6
CONTINUOUS
10
1.0553955118110236
20
1.4717400787401576
11
1.0566386614173229
21
1.4728181889763778
0
LINE
8
BLACK
6
CONTINUOUS
10
1.0566386614173229
20
1.4728181889763778
11
1.0582800787401574
21
1.4727015354330708
0
LINE
8
BLACK
6
CONTINUOUS
10
1.0582800787401574
20
1.4727015354330708
11
1.0593582283464567
21
1.4714584251968503
0
LINE
8
BLACK
6
CONTINUOUS
10
1.0593582283464567
20
1.4714584251968503
11
1.0592415354330709
21
1.4698170078740158
0
LINE
8
BLACK
6
CONTINUOUS
10
1.0592415354330709
20
1.4698170078740158
11
1.0583034251968504
21
1.4679408267716536
0
LINE
8
BLACK
6
CONTINUOUS
10
1.0583034251968504
20
1.4679408267716536
11
1.0580361023622047
21
1.4677089763779527
0
LINE
8
BLACK
6
CONTINUOUS
10
1.0580361023622047
20
1.4677089763779527
11
1.0579007086614174
21
1.4673820866141731
0
LINE
8
BLACK
6
CONTINUOUS
10
1.0579007086614174
20
1.4673820866141731
11
1.0578185826771653
21
1.4672999606299213
0
LINE
8
BLACK
6
CONTINUOUS
10
1.0578185826771653
20
1.4672999606299213
11
1.0692399606299212
21
1.4672999606299213
0
LINE
8
BLACK
6
CONTINUOUS
10
1.0692399606299212
20
1.4672999606299213
11
1.0692399606299212
21
1.4707785433070866
0
LINE
8
BLACK
6
CONTINUOUS
10
1.0692399606299212
20
1.4707785433070866
11
1.0698696850393701
21
1.4722988188976378
0
LINE
8
BLACK
6
CONTINUOUS
10
1.0698696850393701
20
1.4722988188976378
11
1.0713899606299213
21
1.4729285433070867
0
LINE
8
BLACK
6
CONTINUOUS
10
1.0713899606299213
20
1.4729285433070867
11
1.0729102362204723
21
1.4722988188976378
0
LINE
8
BLACK
6
CONTINUOUS
10
1.1004102362204724
20
1.4748035826771653
11
1.1010399606299213
21
1.473283307086614
0
LINE
8
BLACK
6
CONTINUOUS
10
1.1010399606299213
20
1.473283307086614
11
1.1004102362204724
21
1.471763031496063
0
LINE
8
BLACK
6
CONTINUOUS
10
1.1004102362204724
20
1.471763031496063
11
1.0988899606299212
21
1.4711333070866142
0
LINE
8
BLACK
6
CONTINUOUS
10
1.0988899606299212
20
1.4711333070866142
11
1.095333622047244
21
1.4711333070866142
0
LINE
8
BLACK
6
CONTINUOUS
10
1.095333622047244
20
1.4711333070866142
11
1.1001799606299212
21
1.4674985433070866
0
LINE
8
BLACK
6
CONTINUOUS
10
1.1001799606299212
20
1.4674985433070866
11
1.1010183464566929
21
1.4660825984251968
0
LINE
8
BLACK
6
CONTINUOUS
10
1.1010183464566929
20
1.4660825984251968
11
1.1006099606299213
21
1.4644885433070867
0
LINE
8
BLACK
6
CONTINUOUS
10
1.1006099606299213
20
1.4644885433070867
11
1.0991940157480315
21
1.4636501574803149
0
LINE
8
BLACK
6
CONTINUOUS
10
1.0991940157480315
20
1.4636501574803149
11
1.0975999606299212
21
1.4640585433070865
0
LINE
8
BLACK
6
CONTINUOUS
10
1.0975999606299212
20
1.4640585433070865
11
1.0915869291338582
21
1.4685683070866142
0
LINE
8
BLACK
6
CONTINUOUS
10
1.0915869291338582
20
1.4685683070866142
11
1.0872768897637795
21
1.4642582677165354
0
LINE
8
BLACK
6
CONTINUOUS
10
1.0872768897637795
20
1.4642582677165354
11
1.0857566141732282
21
1.4636285433070866
0
LINE
8
BLACK
6
CONTINUOUS
10
1.0857566141732282
20
1.4636285433070866
11
1.0842363385826772
21
1.4642582677165354
0
LINE
8
BLACK
6
CONTINUOUS
10
1.0842363385826772
20
1.4642582677165354
11
1.0836066141732283
21
1.4657785433070867
0
LINE
8
BLACK
6
CONTINUOUS
10
1.0836066141732283
20
1.4657785433070867
11
1.0842363385826772
21
1.4672988188976377
0
LINE
8
BLACK
6
CONTINUOUS
10
1.0842363385826772
20
1.4672988188976377
11
1.0880708267716535
21
1.4711333070866142
0
LINE
8
BLACK
6
CONTINUOUS
10
1.0880708267716535
20
1.4711333070866142
11
1.0791899606299213
21
1.4711333070866142
0
LINE
8
BLACK
6
CONTINUOUS
10
1.0791899606299213
20
1.4711333070866142
11
1.0776696850393701
21
1.471763031496063
0
LINE
8
BLACK
6
CONTINUOUS
10
1.0776696850393701
20
1.471763031496063
11
1.0770399606299212
21
1.473283307086614
0
LINE
8
BLACK
6
CONTINUOUS
10
1.0770399606299212
20
1.473283307086614
11
1.0776696850393701
21
1.4748035826771653
0
LINE
8
BLACK
6
CONTINUOUS
10
1.0776696850393701
20
1.4748035826771653
11
1.0791899606299213
21
1.4754333070866141
0
LINE
8
BLACK
6
CONTINUOUS
10
1.0791899606299213
20
1.4754333070866141
11
1.0988899606299212
21
1.4754333070866141
0
LINE
8
BLACK
6
CONTINUOUS
10
1.0988899606299212
20
1.4754333070866141
11
1.1004102362204724
21
1.4748035826771653
0
LINE
8
BLACK
6
CONTINUOUS
10
1.0729102362204723
20
1.4910607086614174
11
1.0735399606299212
21
1.4895404330708661
0
LINE
8
BLACK
6
CONTINUOUS
10
1.0735399606299212
20
1.4895404330708661
11
1.0729102362204723
21
1.4880201574803149
0
LINE
8
BLACK
6
CONTINUOUS
10
1.0729102362204723
20
1.4880201574803149
11
1.0713899606299213
21
1.487390433070866
0
LINE
8
BLACK
6
CONTINUOUS
10
1.0713899606299213
20
1.487390433070866
11
1.0641590157480314
21
1.487390433070866
0
LINE
8
BLACK
6
CONTINUOUS
10
1.0641590157480314
20
1.487390433070866
11
1.0641590157480314
21
1.4859693307086614
0
LINE
8
BLACK
6
CONTINUOUS
10
1.0641590157480314
20
1.4859693307086614
11
1.0726229133858267
21
1.4800446456692913
0
LINE
8
BLACK
6
CONTINUOUS
10
1.0726229133858267
20
1.4800446456692913
11
1.0735072440944882
21
1.4786569291338583
0
LINE
8
BLACK
6
CONTINUOUS
10
1.0735072440944882
20
1.4786569291338583
11
1.0731512992125984
21
1.4770503543307085
0
LINE
8
BLACK
6
CONTINUOUS
10
1.0731512992125984
20
1.4770503543307085
11
1.0717636220472442
21
1.4761660236220473
0
LINE
8
BLACK
6
CONTINUOUS
10
1.0717636220472442
20
1.4761660236220473
11
1.0701570078740157
21
1.476521968503937
0
LINE
8
BLACK
6
CONTINUOUS
10
1.0701570078740157
20
1.476521968503937
11
1.0638598818897638
21
1.4809299212598426
0
LINE
8
BLACK
6
CONTINUOUS
10
1.0638598818897638
20
1.4809299212598426
11
1.0629938976377953
21
1.4791979527559054
0
LINE
8
BLACK
6
CONTINUOUS
10
1.0629938976377953
20
1.4791979527559054
11
1.0627265748031496
21
1.4789661023622047
0
LINE
8
BLACK
6
CONTINUOUS
10
1.0627265748031496
20
1.4789661023622047
11
1.0625911811023623
21
1.4786392125984251
0
LINE
8
BLACK
6
CONTINUOUS
10
1.0625911811023623
20
1.4786392125984251
11
1.0616531102362206
21
1.4777011417322834
0
LINE
8
BLACK
6
CONTINUOUS
10
1.0616531102362206
20
1.4777011417322834
11
1.0613261811023622
21
1.4775657086614173
0
LINE
8
BLACK
6
CONTINUOUS
10
1.0613261811023622
20
1.4775657086614173
11
1.0610943307086613
21
1.4772983858267716
0
LINE
8
BLACK
6
CONTINUOUS
10
1.0610943307086613
20
1.4772983858267716
11
1.0592181102362204
21
1.4763602755905512
0
LINE
8
BLACK
6
CONTINUOUS
10
1.0592181102362204
20
1.4763602755905512
11
1.058718937007874
21
1.4763248031496063
0
LINE
8
BLACK
6
CONTINUOUS
10
1.058718937007874
20
1.4763248031496063
11
1.0582566141732284
21
1.4761333070866141
0
LINE
8
BLACK
6
CONTINUOUS
10
1.0582566141732284
20
1.4761333070866141
11
1.0554423622047244
21
1.4761333070866141
0
LINE
8
BLACK
6
CONTINUOUS
10
1.0554423622047244
20
1.4761333070866141
11
1.05498
21
1.4763248031496063
0
LINE
8
BLACK
6
CONTINUOUS
10
1.05498
20
1.4763248031496063
11
1.0544808661417322
21
1.4763602755905512
0
LINE
8
BLACK
6
CONTINUOUS
10
1.0544808661417322
20
1.4763602755905512
11
1.0526046456692912
21
1.4772983858267716
0
LINE
8
BLACK
6
CONTINUOUS
10
1.0526046456692912
20
1.4772983858267716
11
1.0523727559055118
21
1.4775657086614173
0
LINE
8
BLACK
6
CONTINUOUS
10
1.0523727559055118
20
1.4775657086614173
11
1.0520458661417322
21
1.4777011417322834
0
LINE
8
BLACK
6
CONTINUOUS
10
1.0520458661417322
20
1.4777011417322834
11
1.0511077952755905
21
1.4786392125984251
0
LINE
8
BLACK
6
CONTINUOUS
10
1.0511077952755905
20
1.4786392125984251
11
1.0509723622047245
21
1.478966062992126
0
LINE
8
BLACK
6
CONTINUOUS
10
1.0509723622047245
20
1.478966062992126
11
1.0507050393700788
21
1.4791979527559054
0
LINE
8
BLACK
6
CONTINUOUS
10
1.0507050393700788
20
1.4791979527559054
11
1.049766968503937
21
1.4810741338582676
0
LINE
8
BLACK
6
CONTINUOUS
10
1.049766968503937
20
1.4810741338582676
11
1.0497314566929135
21
1.4815732677165354
0
LINE
8
BLACK
6
CONTINUOUS
10
1.0497314566929135
20
1.4815732677165354
11
1.0495399606299212
21
1.4820356692913386
0
LINE
8
BLACK
6
CONTINUOUS
10
1.0495399606299212
20
1.4820356692913386
11
1.0495399606299212
21
1.4895404330708661
0
LINE
8
BLACK
6
CONTINUOUS
10
1.0495399606299212
20
1.4895404330708661
11
1.05016968503937
21
1.4910607086614174
0
LINE
8
BLACK
6
CONTINUOUS
10
1.05016968503937
20
1.4910607086614174
11
1.0516899606299213
21
1.491690433070866
0
LINE
8
BLACK
6
CONTINUOUS
10
1.0516899606299213
20
1.491690433070866
11
1.0713899606299213
21
1.491690433070866
0
LINE
8
BLACK
6
CONTINUOUS
10
1.0713899606299213
20
1.491690433070866
11
1.0729102362204723
21
1.4910607086614174
0
LINE
8
BLACK
6
CONTINUOUS
10
1.0538399606299211
20
1.4825431889763778
11
1.054395
21
1.4814330708661416
0
LINE
8
BLACK
6
CONTINUOUS
10
1.054395
20
1.4814330708661416
11
1.05483968503937
21
1.4809884251968504
0
LINE
8
BLACK
6
CONTINUOUS
10
1.05483968503937
20
1.4809884251968504
11
1.0559499212598424
21
1.4804333070866142
0
LINE
8
BLACK
6
CONTINUOUS
10
1.0559499212598424
20
1.4804333070866142
11
1.0577490551181101
21
1.4804333070866142
0
LINE
8
BLACK
6
CONTINUOUS
10
1.0577490551181101
20
1.4804333070866142
11
1.0588592913385826
21
1.4809884251968504
0
LINE
8
BLACK
6
CONTINUOUS
10
1.0588592913385826
20
1.4809884251968504
11
1.0593038976377953
21
1.4814330314960629
0
LINE
8
BLACK
6
CONTINUOUS
10
1.0593038976377953
20
1.4814330314960629
11
1.0598590157480314
21
1.4825432283464566
0
LINE
8
BLACK
6
CONTINUOUS
10
1.0598590157480314
20
1.4825432283464566
11
1.0598590157480314
21
1.487390433070866
0
LINE
8
BLACK
6
CONTINUOUS
10
1.0598590157480314
20
1.487390433070866
11
1.0538399606299211
21
1.487390433070866
0
LINE
8
BLACK
6
CONTINUOUS
10
1.0538399606299211
20
1.487390433070866
11
1.0538399606299211
21
1.4825431889763778
0
LINE
8
BLACK
6
CONTINUOUS
10
1.1004102362204724
20
1.4945035826771653
11
1.1010399606299213
21
1.4929833070866141
0
LINE
8
BLACK
6
CONTINUOUS
10
1.1010399606299213
20
1.4929833070866141
11
1.1010399606299213
21
1.4817261811023621
0
LINE
8
BLACK
6
CONTINUOUS
10
1.1010399606299213
20
1.4817261811023621
11
1.1004102362204724
21
1.4802059055118111
0
LINE
8
BLACK
6
CONTINUOUS
10
1.1004102362204724
20
1.4802059055118111
11
1.0988899606299212
21
1.4795761811023622
0
LINE
8
BLACK
6
CONTINUOUS
10
1.0988899606299212
20
1.4795761811023622
11
1.0973696850393702
21
1.4802059055118111
0
LINE
8
BLACK
6
CONTINUOUS
10
1.0973696850393702
20
1.4802059055118111
11
1.0967399606299213
21
1.4817261811023621
0
LINE
8
BLACK
6
CONTINUOUS
10
1.0967399606299213
20
1.4817261811023621
11
1.0967399606299213
21
1.4852047244094488
0
LINE
8
BLACK
6
CONTINUOUS
10
1.0967399606299213
20
1.4852047244094488
11
1.0791899606299213
21
1.4852047244094488
0
LINE
8
BLACK
6
CONTINUOUS
10
1.0791899606299213
20
1.4852047244094488
11
1.0789853937007874
21
1.4852894094488189
0
LINE
8
BLACK
6
CONTINUOUS
10
1.0789853937007874
20
1.4852894094488189
11
1.0787683070866141
21
1.4852464960629921
0
LINE
8
BLACK
6
CONTINUOUS
10
1.0787683070866141
20
1.4852464960629921
11
1.0782481496062992
21
1.4855948031496062
0
LINE
8
BLACK
6
CONTINUOUS
10
1.0782481496062992
20
1.4855948031496062
11
1.0776696850393701
21
1.4858344488188977
0
LINE
8
BLACK
6
CONTINUOUS
10
1.0776696850393701
20
1.4858344488188977
11
1.0775849606299213
21
1.4860389370078739
0
LINE
8
BLACK
6
CONTINUOUS
10
1.0775849606299213
20
1.4860389370078739
11
1.077401062992126
21
1.4861621259842519
0
LINE
8
BLACK
6
CONTINUOUS
10
1.077401062992126
20
1.4861621259842519
11
1.0772795669291337
21
1.4867762204724408
0
LINE
8
BLACK
6
CONTINUOUS
10
1.0772795669291337
20
1.4867762204724408
11
1.0770399606299212
21
1.4873547244094487
0
LINE
8
BLACK
6
CONTINUOUS
10
1.0770399606299212
20
1.4873547244094487
11
1.0771246456692913
21
1.4875592519685039
0
LINE
8
BLACK
6
CONTINUOUS
10
1.0771246456692913
20
1.4875592519685039
11
1.0770817322834645
21
1.487776377952756
0
LINE
8
BLACK
6
CONTINUOUS
10
1.0770817322834645
20
1.487776377952756
11
1.0774300393700786
21
1.4882964960629921
0
LINE
8
BLACK
6
CONTINUOUS
10
1.0774300393700786
20
1.4882964960629921
11
1.0776696850393701
21
1.4888749999999999
0
LINE
8
BLACK
6
CONTINUOUS
10
1.0776696850393701
20
1.4888749999999999
11
1.0778741732283463
21
1.48895968503937
0
LINE
8
BLACK
6
CONTINUOUS
10
1.0778741732283463
20
1.48895968503937
11
1.0779973622047243
21
1.489143622047244
0
LINE
8
BLACK
6
CONTINUOUS
10
1.0779973622047243
20
1.489143622047244
11
1.0806345275590552
21
1.4909017716535433
0
LINE
8
BLACK
6
CONTINUOUS
10
1.0806345275590552
20
1.4909017716535433
11
1.0821134251968503
21
1.4923806692913386
0
LINE
8
BLACK
6
CONTINUOUS
10
1.0821134251968503
20
1.4923806692913386
11
1.0828955118110235
21
1.4939448425196851
0
LINE
8
BLACK
6
CONTINUOUS
10
1.0828955118110235
20
1.4939448425196851
11
1.0841386614173227
21
1.4950229527559056
0
LINE
8
BLACK
6
CONTINUOUS
10
1.0841386614173227
20
1.4950229527559056
11
1.0857800787401575
21
1.4949062992125983
0
LINE
8
BLACK
6
CONTINUOUS
10
1.0857800787401575
20
1.4949062992125983
11
1.0868582283464567
21
1.4936631889763778
0
LINE
8
BLACK
6
CONTINUOUS
10
1.0868582283464567
20
1.4936631889763778
11
1.0867415354330709
21
1.4920217716535433
0
LINE
8
BLACK
6
CONTINUOUS
10
1.0867415354330709
20
1.4920217716535433
11
1.0858034251968505
21
1.4901455905511811
0
LINE
8
BLACK
6
CONTINUOUS
10
1.0858034251968505
20
1.4901455905511811
11
1.0855361023622048
21
1.4899137401574802
0
LINE
8
BLACK
6
CONTINUOUS
10
1.0855361023622048
20
1.4899137401574802
11
1.0854007086614172
21
1.4895868503937006
0
LINE
8
BLACK
6
CONTINUOUS
10
1.0854007086614172
20
1.4895868503937006
11
1.0853185826771654
21
1.4895047244094488
0
LINE
8
BLACK
6
CONTINUOUS
10
1.0853185826771654
20
1.4895047244094488
11
1.0967399606299213
21
1.4895047244094488
0
LINE
8
BLACK
6
CONTINUOUS
10
1.0967399606299213
20
1.4895047244094488
11
1.0967399606299213
21
1.4929833070866141
0
LINE
8
BLACK
6
CONTINUOUS
10
1.0967399606299213
20
1.4929833070866141
11
1.0973696850393702
21
1.4945035826771653
0
LINE
8
BLACK
6
CONTINUOUS
10
1.0973696850393702
20
1.4945035826771653
11
1.0988899606299212
21
1.4951333070866142
0
LINE
8
BLACK
6
CONTINUOUS
10
1.0988899606299212
20
1.4951333070866142
11
1.1004102362204724
21
1.4945035826771653
0
LINE
8
BLACK
6
CONTINUOUS
10
0.9652857086614173
20
1.497736968503937
11
0.9657848031496062
21
1.4977015354330709
0
LINE
8
BLACK
6
CONTINUOUS
10
0.9657848031496062
20
1.4977015354330709
11
0.9660166141732284
21
1.497434251968504
0
LINE
8
BLACK
6
CONTINUOUS
10
0.9660166141732284
20
1.497434251968504
11
0.9663435826771654
21
1.4972988188976377
0
LINE
8
BLACK
6
CONTINUOUS
10
0.9663435826771654
20
1.4972988188976377
11
0.9665350787401574
21
1.4968364173228346
0
LINE
8
BLACK
6
CONTINUOUS
10
0.9665350787401574
20
1.4968364173228346
11
0.9668629527559055
21
1.4964584251968505
0
LINE
8
BLACK
6
CONTINUOUS
10
0.9668629527559055
20
1.4964584251968505
11
0.9668378346456693
21
1.4961055118110236
0
LINE
8
BLACK
6
CONTINUOUS
10
0.9668378346456693
20
1.4961055118110236
11
0.9669733070866141
21
1.4957785433070865
0
LINE
8
BLACK
6
CONTINUOUS
10
0.9669733070866141
20
1.4957785433070865
11
0.9669733070866141
21
1.4885475984251968
0
LINE
8
BLACK
6
CONTINUOUS
10
0.9669733070866141
20
1.4885475984251968
11
0.9713899606299212
21
1.4885475984251968
0
LINE
8
BLACK
6
CONTINUOUS
10
0.9713899606299212
20
1.4885475984251968
11
0.9729102362204725
21
1.4879178740157479
0
LINE
8
BLACK
6
CONTINUOUS
10
0.9729102362204725
20
1.4879178740157479
11
0.9735399606299212
21
1.4863975984251969
0
LINE
8
BLACK
6
CONTINUOUS
10
0.9735399606299212
20
1.4863975984251969
11
0.9729102362204725
21
1.4848773228346457
0
LINE
8
BLACK
6
CONTINUOUS
10
0.9729102362204725
20
1.4848773228346457
11
0.9713899606299212
21
1.4842475984251968
0
LINE
8
BLACK
6
CONTINUOUS
10
0.9713899606299212
20
1.4842475984251968
11
0.9669733070866141
21
1.4842475984251968
0
LINE
8
BLACK
6
CONTINUOUS
10
0.9669733070866141
20
1.4842475984251968
11
0.9669733070866141
21
1.4835833070866142
0
LINE
8
BLACK
6
CONTINUOUS
10
0.9669733070866141
20
1.4835833070866142
11
0.9663435826771654
21
1.482063031496063
0
LINE
8
BLACK
6
CONTINUOUS
10
0.9663435826771654
20
1.482063031496063
11
0.9648233070866141
21
1.4814333070866141
0
LINE
8
BLACK
6
CONTINUOUS
10
0.9648233070866141
20
1.4814333070866141
11
0.963303031496063
21
1.482063031496063
0
LINE
8
BLACK
6
CONTINUOUS
10
0.963303031496063
20
1.482063031496063
11
0.9626733070866141
21
1.4835833070866142
0
LINE
8
BLACK
6
CONTINUOUS
10
0.9626733070866141
20
1.4835833070866142
11
0.9626733070866141
21
1.4842475984251968
0
LINE
8
BLACK
6
CONTINUOUS
10
0.9626733070866141
20
1.4842475984251968
11
0.9582566141732283
21
1.4842475984251968
0
LINE
8
BLACK
6
CONTINUOUS
10
0.9582566141732283
20
1.4842475984251968
11
0.9567363385826771
21
1.4848773228346457
0
LINE
8
BLACK
6
CONTINUOUS
10
0.9567363385826771
20
1.4848773228346457
11
0.9561066141732283
21
1.4863975984251969
0
LINE
8
BLACK
6
CONTINUOUS
10
0.9561066141732283
20
1.4863975984251969
11
0.9567363385826771
21
1.4879178740157479
0
LINE
8
BLACK
6
CONTINUOUS
10
0.9567363385826771
20
1.4879178740157479
11
0.9582566141732283
21
1.4885475984251968
0
LINE
8
BLACK
6
CONTINUOUS
10
0.9582566141732283
20
1.4885475984251968
11
0.9626733070866141
21
1.4885475984251968
0
LINE
8
BLACK
6
CONTINUOUS
10
0.9626733070866141
20
1.4885475984251968
11
0.9626733070866141
21
1.4927955511811024
0
LINE
8
BLACK
6
CONTINUOUS
10
0.9626733070866141
20
1.4927955511811024
11
0.9514317716535433
21
1.4890483858267716
0
LINE
8
BLACK
6
CONTINUOUS
10
0.9514317716535433
20
1.4890483858267716
11
0.9497903937007873
21
1.4891650393700786
0
LINE
8
BLACK
6
CONTINUOUS
10
0.9497903937007873
20
1.4891650393700786
11
0.9487122047244094
21
1.4904081889763778
0
LINE
8
BLACK
6
CONTINUOUS
10
0.9487122047244094
20
1.4904081889763778
11
0.9488288582677166
21
1.4920495669291338
0
LINE
8
BLACK
6
CONTINUOUS
10
0.9488288582677166
20
1.4920495669291338
11
0.9500720078740157
21
1.4931277559055118
0
LINE
8
BLACK
6
CONTINUOUS
10
0.9500720078740157
20
1.4931277559055118
11
0.9641433858267716
21
1.497818188976378
0
LINE
8
BLACK
6
CONTINUOUS
10
0.9641433858267716
20
1.497818188976378
11
0.9644962992125984
21
1.4977930708661418
0
LINE
8
BLACK
6
CONTINUOUS
10
0.9644962992125984
20
1.4977930708661418
11
0.9648233070866141
21
1.4979285433070866
0
LINE
8
BLACK
6
CONTINUOUS
10
0.9648233070866141
20
1.4979285433070866
11
0.9652857086614173
21
1.497736968503937
0
LINE
8
BLACK
6
CONTINUOUS
10
0.7430999606299212
20
1.4977370078740158
11
0.7435991338582677
21
1.4977015354330709
0
LINE
8
BLACK
6
CONTINUOUS
10
0.7435991338582677
20
1.4977015354330709
11
0.7454753149606299
21
1.496763464566929
0
LINE
8
BLACK
6
CONTINUOUS
10
0.7454753149606299
20
1.496763464566929
11
0.7457071259842519
21
1.4964961023622048
0
LINE
8
BLACK
6
CONTINUOUS
10
0.7457071259842519
20
1.4964961023622048
11
0.7460340157480315
21
1.496360748031496
0
LINE
8
BLACK
6
CONTINUOUS
10
0.7460340157480315
20
1.496360748031496
11
0.746972125984252
21
1.4954226771653543
0
LINE
8
BLACK
6
CONTINUOUS
10
0.746972125984252
20
1.4954226771653543
11
0.7471075196850393
21
1.4950957086614174
0
LINE
8
BLACK
6
CONTINUOUS
10
0.7471075196850393
20
1.4950957086614174
11
0.7473749212598425
21
1.4948638582677165
0
LINE
8
BLACK
6
CONTINUOUS
10
0.7473749212598425
20
1.4948638582677165
11
0.7483129921259842
21
1.4929876771653543
0
LINE
8
BLACK
6
CONTINUOUS
10
0.7483129921259842
20
1.4929876771653543
11
0.7483484251968504
21
1.4924885039370079
0
LINE
8
BLACK
6
CONTINUOUS
10
0.7483484251968504
20
1.4924885039370079
11
0.7485399606299212
21
1.4920261811023621
0
LINE
8
BLACK
6
CONTINUOUS
10
0.7485399606299212
20
1.4920261811023621
11
0.7485399606299212
21
1.4882737795275591
0
LINE
8
BLACK
6
CONTINUOUS
10
0.7485399606299212
20
1.4882737795275591
11
0.7483484251968504
21
1.4878114173228345
0
LINE
8
BLACK
6
CONTINUOUS
10
0.7483484251968504
20
1.4878114173228345
11
0.7483129921259842
21
1.4873122834645669
0
LINE
8
BLACK
6
CONTINUOUS
10
0.7483129921259842
20
1.4873122834645669
11
0.7473749212598425
21
1.4854361023622047
0
LINE
8
BLACK
6
CONTINUOUS
10
0.7473749212598425
20
1.4854361023622047
11
0.7471075590551181
21
1.4852042125984251
0
LINE
8
BLACK
6
CONTINUOUS
10
0.7471075590551181
20
1.4852042125984251
11
0.7469721653543306
21
1.4848773228346457
0
LINE
8
BLACK
6
CONTINUOUS
10
0.7469721653543306
20
1.4848773228346457
11
0.7460340551181103
21
1.4839392125984252
0
LINE
8
BLACK
6
CONTINUOUS
10
0.7460340551181103
20
1.4839392125984252
11
0.7457071259842519
21
1.4838037795275589
0
LINE
8
BLACK
6
CONTINUOUS
10
0.7457071259842519
20
1.4838037795275589
11
0.7454752755905512
21
1.4835364566929135
0
LINE
8
BLACK
6
CONTINUOUS
10
0.7454752755905512
20
1.4835364566929135
11
0.7435990944881889
21
1.4825983858267717
0
LINE
8
BLACK
6
CONTINUOUS
10
0.7435990944881889
20
1.4825983858267717
11
0.7430999212598425
21
1.4825629133858267
0
LINE
8
BLACK
6
CONTINUOUS
10
0.7430999212598425
20
1.4825629133858267
11
0.7426375984251968
21
1.4823714173228346
0
LINE
8
BLACK
6
CONTINUOUS
10
0.7426375984251968
20
1.4823714173228346
11
0.7379471259842519
21
1.4823714173228346
0
LINE
8
BLACK
6
CONTINUOUS
10
0.7379471259842519
20
1.4823714173228346
11
0.7374847637795275
21
1.4825629133858267
0
LINE
8
BLACK
6
CONTINUOUS
10
0.7374847637795275
20
1.4825629133858267
11
0.7369856692913386
21
1.4825983858267717
0
LINE
8
BLACK
6
CONTINUOUS
10
0.7369856692913386
20
1.4825983858267717
11
0.7351094094488189
21
1.4835364566929135
0
LINE
8
BLACK
6
CONTINUOUS
10
0.7351094094488189
20
1.4835364566929135
11
0.7348775196850393
21
1.4838038188976377
0
LINE
8
BLACK
6
CONTINUOUS
10
0.7348775196850393
20
1.4838038188976377
11
0.7345505905511811
21
1.483939251968504
0
LINE
8
BLACK
6
CONTINUOUS
10
0.7345505905511811
20
1.483939251968504
11
0.7336125196850394
21
1.4848773622047244
0
LINE
8
BLACK
6
CONTINUOUS
10
0.7336125196850394
20
1.4848773622047244
11
0.733477125984252
21
1.4852042125984251
0
LINE
8
BLACK
6
CONTINUOUS
10
0.733477125984252
20
1.4852042125984251
11
0.7332098031496063
21
1.4854360629921259
0
LINE
8
BLACK
6
CONTINUOUS
10
0.7332098031496063
20
1.4854360629921259
11
0.7322717322834645
21
1.4873122440944881
0
LINE
8
BLACK
6
CONTINUOUS
10
0.7322717322834645
20
1.4873122440944881
11
0.732236220472441
21
1.487811377952756
0
LINE
8
BLACK
6
CONTINUOUS
10
0.732236220472441
20
1.487811377952756
11
0.7320447244094488
21
1.4882737795275591
0
LINE
8
BLACK
6
CONTINUOUS
10
0.7320447244094488
20
1.4882737795275591
11
0.7320447244094488
21
1.4920261811023621
0
LINE
8
BLACK
6
CONTINUOUS
10
0.7320447244094488
20
1.4920261811023621
11
0.732236220472441
21
1.4924885433070867
0
LINE
8
BLACK
6
CONTINUOUS
10
0.732236220472441
20
1.4924885433070867
11
0.7322614960629921
21
1.4928438188976378
0
LINE
8
BLACK
6
CONTINUOUS
10
0.7322614960629921
20
1.4928438188976378
11
0.7299358661417322
21
1.4912934251968504
0
LINE
8
BLACK
6
CONTINUOUS
10
0.7299358661417322
20
1.4912934251968504
11
0.7293950787401574
21
1.4907526377952756
0
LINE
8
BLACK
6
CONTINUOUS
10
0.7293950787401574
20
1.4907526377952756
11
0.7288399606299213
21
1.4896424015748031
0
LINE
8
BLACK
6
CONTINUOUS
10
0.7288399606299213
20
1.4896424015748031
11
0.7288399606299213
21
1.4863975984251969
0
LINE
8
BLACK
6
CONTINUOUS
10
0.7288399606299213
20
1.4863975984251969
11
0.7282102362204724
21
1.4848773228346457
0
LINE
8
BLACK
6
CONTINUOUS
10
0.7282102362204724
20
1.4848773228346457
11
0.7266899606299212
21
1.4842475984251968
0
LINE
8
BLACK
6
CONTINUOUS
10
0.7266899606299212
20
1.4842475984251968
11
0.7251696850393701
21
1.4848773228346457
0
LINE
8
BLACK
6
CONTINUOUS
10
0.7251696850393701
20
1.4848773228346457
11
0.7245399606299212
21
1.4863975984251969
0
LINE
8
BLACK
6
CONTINUOUS
10
0.7245399606299212
20
1.4863975984251969
11
0.7245399606299212
21
1.4901499606299213
0
LINE
8
BLACK
6
CONTINUOUS
10
0.7245399606299212
20
1.4901499606299213
11
0.7247314566929134
21
1.490612283464567
0
LINE
8
BLACK
6
CONTINUOUS
10
0.7247314566929134
20
1.490612283464567
11
0.7247669291338582
21
1.4911114566929133
0
LINE
8
BLACK
6
CONTINUOUS
10
0.7247669291338582
20
1.4911114566929133
11
0.7257050393700787
21
1.4929876771653543
0
LINE
8
BLACK
6
CONTINUOUS
10
0.7257050393700787
20
1.4929876771653543
11
0.7259723622047244
21
1.4932195275590552
0
LINE
8
BLACK
6
CONTINUOUS
10
0.7259723622047244
20
1.4932195275590552
11
0.7261077952755906
21
1.4935464566929133
0
LINE
8
BLACK
6
CONTINUOUS
10
0.7261077952755906
20
1.4935464566929133
11
0.7270458661417323
21
1.494484527559055
0
LINE
8
BLACK
6
CONTINUOUS
10
0.7270458661417323
20
1.494484527559055
11
0.7272503543307086
21
1.4945692125984251
0
LINE
8
BLACK
6
CONTINUOUS
10
0.7272503543307086
20
1.4945692125984251
11
0.7273735433070866
21
1.4947531496062991
0
LINE
8
BLACK
6
CONTINUOUS
10
0.7273735433070866
20
1.4947531496062991
11
0.7301878346456693
21
1.4966293700787401
0
LINE
8
BLACK
6
CONTINUOUS
10
0.7301878346456693
20
1.4966293700787401
11
0.7305568503937008
21
1.4967023622047244
0
LINE
8
BLACK
6
CONTINUOUS
10
0.7305568503937008
20
1.4967023622047244
11
0.7308589763779527
21
1.4969262204724409
0
LINE
8
BLACK
6
CONTINUOUS
10
0.7308589763779527
20
1.4969262204724409
11
0.7346113779527559
21
1.4978643307086614
0
LINE
8
BLACK
6
CONTINUOUS
10
0.7346113779527559
20
1.4978643307086614
11
0.7348809448818897
21
1.4978242125984251
0
LINE
8
BLACK
6
CONTINUOUS
10
0.7348809448818897
20
1.4978242125984251
11
0.7351328346456693
21
1.4979285433070866
0
LINE
8
BLACK
6
CONTINUOUS
10
0.7351328346456693
20
1.4979285433070866
11
0.7426375984251968
21
1.4979285433070866
0
LINE
8
BLACK
6
CONTINUOUS
10
0.7426375984251968
20
1.4979285433070866
11
0.7430999606299212
21
1.4977370078740158
0
LINE
8
BLACK
6
CONTINUOUS
10
0.7373444488188976
20
1.4930734251968503
11
0.7368997637795276
21
1.4926287401574803
0
LINE
8
BLACK
6
CONTINUOUS
10
0.7368997637795276
20
1.4926287401574803
11
0.7363447244094488
21
1.4915186220472441
0
LINE
8
BLACK
6
CONTINUOUS
10
0.7363447244094488
20
1.4915186220472441
11
0.7363447244094488
21
1.4887812992125984
0
LINE
8
BLACK
6
CONTINUOUS
10
0.7363447244094488
20
1.4887812992125984
11
0.7368998031496062
21
1.4876711417322834
0
LINE
8
BLACK
6
CONTINUOUS
10
0.7368998031496062
20
1.4876711417322834
11
0.7373444488188976
21
1.4872264960629922
0
LINE
8
BLACK
6
CONTINUOUS
10
0.7373444488188976
20
1.4872264960629922
11
0.7384546850393701
21
1.4866714173228346
0
LINE
8
BLACK
6
CONTINUOUS
10
0.7384546850393701
20
1.4866714173228346
11
0.7421300393700787
21
1.4866714173228346
0
LINE
8
BLACK
6
CONTINUOUS
10
0.7421300393700787
20
1.4866714173228346
11
0.7432402362204724
21
1.4872264960629922
0
LINE
8
BLACK
6
CONTINUOUS
10
0.7432402362204724
20
1.4872264960629922
11
0.743684842519685
21
1.4876711023622047
0
LINE
8
BLACK
6
CONTINUOUS
10
0.743684842519685
20
1.4876711023622047
11
0.7442399606299213
21
1.4887812992125984
0
LINE
8
BLACK
6
CONTINUOUS
10
0.7442399606299213
20
1.4887812992125984
11
0.7442399606299213
21
1.4915186220472441
0
LINE
8
BLACK
6
CONTINUOUS
10
0.7442399606299213
20
1.4915186220472441
11
0.7436848818897638
21
1.492628779527559
0
LINE
8
BLACK
6
CONTINUOUS
10
0.7436848818897638
20
1.492628779527559
11
0.7432401968503937
21
1.4930734251968503
0
LINE
8
BLACK
6
CONTINUOUS
10
0.7432401968503937
20
1.4930734251968503
11
0.7421300787401575
21
1.4936285433070866
0
LINE
8
BLACK
6
CONTINUOUS
10
0.7421300787401575
20
1.4936285433070866
11
0.7384546850393701
21
1.4936285433070866
0
LINE
8
BLACK
6
CONTINUOUS
10
0.7384546850393701
20
1.4936285433070866
11
0.7373444488188976
21
1.4930734251968503
0
LINE
8
BLACK
6
CONTINUOUS
10
0.8229102362204724
20
1.4982369291338582
11
0.8235399606299212
21
1.496716653543307
0
LINE
8
BLACK
6
CONTINUOUS
10
0.8235399606299212
20
1.496716653543307
11
0.8235399606299212
21
1.4845214173228347
0
LINE
8
BLACK
6
CONTINUOUS
10
0.8235399606299212
20
1.4845214173228347
11
0.8229102362204724
21
1.4830011417322835
0
LINE
8
BLACK
6
CONTINUOUS
10
0.8229102362204724
20
1.4830011417322835
11
0.8213899606299212
21
1.4823714173228346
0
LINE
8
BLACK
6
CONTINUOUS
10
0.8213899606299212
20
1.4823714173228346
11
0.8198696850393701
21
1.4830011417322835
0
LINE
8
BLACK
6
CONTINUOUS
10
0.8198696850393701
20
1.4830011417322835
11
0.8192399606299212
21
1.4845214173228347
0
LINE
8
BLACK
6
CONTINUOUS
10
0.8192399606299212
20
1.4845214173228347
11
0.8192399606299212
21
1.4915260629921259
0
LINE
8
BLACK
6
CONTINUOUS
10
0.8192399606299212
20
1.4915260629921259
11
0.8116531102362204
21
1.4839392125984252
0
LINE
8
BLACK
6
CONTINUOUS
10
0.8116531102362204
20
1.4839392125984252
11
0.811190748031496
21
1.4837476771653544
0
LINE
8
BLACK
6
CONTINUOUS
10
0.811190748031496
20
1.4837476771653544
11
0.8108126771653543
21
1.4834198031496062
0
LINE
8
BLACK
6
CONTINUOUS
10
0.8108126771653543
20
1.4834198031496062
11
0.8079984251968504
21
1.4824817322834645
0
LINE
8
BLACK
6
CONTINUOUS
10
0.8079984251968504
20
1.4824817322834645
11
0.8076454330708661
21
1.4825068110236219
0
LINE
8
BLACK
6
CONTINUOUS
10
0.8076454330708661
20
1.4825068110236219
11
0.8073185433070866
21
1.4823714173228346
0
LINE
8
BLACK
6
CONTINUOUS
10
0.8073185433070866
20
1.4823714173228346
11
0.8054423622047244
21
1.4823714173228346
0
LINE
8
BLACK
6
CONTINUOUS
10
0.8054423622047244
20
1.4823714173228346
11
0.80498
21
1.4825629133858267
0
LINE
8
BLACK
6
CONTINUOUS
10
0.80498
20
1.4825629133858267
11
0.804480905511811
21
1.4825983858267717
0
LINE
8
BLACK
6
CONTINUOUS
10
0.804480905511811
20
1.4825983858267717
11
0.8026046456692913
21
1.4835364566929135
0
LINE
8
BLACK
6
CONTINUOUS
10
0.8026046456692913
20
1.4835364566929135
11
0.8023727559055118
21
1.4838038188976377
0
LINE
8
BLACK
6
CONTINUOUS
10
0.8023727559055118
20
1.4838038188976377
11
0.8020458267716535
21
1.483939251968504
0
LINE
8
BLACK
6
CONTINUOUS
10
0.8020458267716535
20
1.483939251968504
11
0.8011077559055118
21
1.4848773622047244
0
LINE
8
BLACK
6
CONTINUOUS
10
0.8011077559055118
20
1.4848773622047244
11
0.8009723622047243
21
1.4852042125984251
0
LINE
8
BLACK
6
CONTINUOUS
10
0.8009723622047243
20
1.4852042125984251
11
0.8007050393700788
21
1.4854360629921259
0
LINE
8
BLACK
6
CONTINUOUS
10
0.8007050393700788
20
1.4854360629921259
11
0.799766968503937
21
1.4873122440944881
0
LINE
8
BLACK
6
CONTINUOUS
10
0.799766968503937
20
1.4873122440944881
11
0.7997314566929133
21
1.487811377952756
0
LINE
8
BLACK
6
CONTINUOUS
10
0.7997314566929133
20
1.487811377952756
11
0.7995399606299213
21
1.4882737795275591
0
LINE
8
BLACK
6
CONTINUOUS
10
0.7995399606299213
20
1.4882737795275591
11
0.7995399606299213
21
1.4929642519685038
0
LINE
8
BLACK
6
CONTINUOUS
10
0.7995399606299213
20
1.4929642519685038
11
0.7997314566929133
21
1.4934266141732284
0
LINE
8
BLACK
6
CONTINUOUS
10
0.7997314566929133
20
1.4934266141732284
11
0.799766968503937
21
1.4939257874015748
0
LINE
8
BLACK
6
CONTINUOUS
10
0.799766968503937
20
1.4939257874015748
11
0.8007050393700788
21
1.495801968503937
0
LINE
8
BLACK
6
CONTINUOUS
10
0.8007050393700788
20
1.495801968503937
11
0.8009723622047243
21
1.4960337795275591
0
LINE
8
BLACK
6
CONTINUOUS
10
0.8009723622047243
20
1.4960337795275591
11
0.8011077559055118
21
1.4963606692913385
0
LINE
8
BLACK
6
CONTINUOUS
10
0.8011077559055118
20
1.4963606692913385
11
0.8020458267716535
21
1.497298779527559
0
LINE
8
BLACK
6
CONTINUOUS
10
0.8020458267716535
20
1.497298779527559
11
0.8035661023622047
21
1.4979285433070866
0
LINE
8
BLACK
6
CONTINUOUS
10
0.8035661023622047
20
1.4979285433070866
11
0.8050863779527558
21
1.4972988582677165
0
LINE
8
BLACK
6
CONTINUOUS
10
0.8050863779527558
20
1.4972988582677165
11
0.8057161417322835
21
1.4957785826771652
0
LINE
8
BLACK
6
CONTINUOUS
10
0.8057161417322835
20
1.4957785826771652
11
0.8050864566929133
21
1.4942583070866142
0
LINE
8
BLACK
6
CONTINUOUS
10
0.8050864566929133
20
1.4942583070866142
11
0.8043950393700787
21
1.4935668503937007
0
LINE
8
BLACK
6
CONTINUOUS
10
0.8043950393700787
20
1.4935668503937007
11
0.8038399606299212
21
1.4924566929133858
0
LINE
8
BLACK
6
CONTINUOUS
10
0.8038399606299212
20
1.4924566929133858
11
0.8038399606299212
21
1.4887812992125984
0
LINE
8
BLACK
6
CONTINUOUS
10
0.8038399606299212
20
1.4887812992125984
11
0.8043950393700787
21
1.4876711417322834
0
LINE
8
BLACK
6
CONTINUOUS
10
0.8043950393700787
20
1.4876711417322834
11
0.8048396850393701
21
1.4872264960629922
0
LINE
8
BLACK
6
CONTINUOUS
10
0.8048396850393701
20
1.4872264960629922
11
0.8059499212598425
21
1.4866714173228346
0
LINE
8
BLACK
6
CONTINUOUS
10
0.8059499212598425
20
1.4866714173228346
11
0.8069696062992125
21
1.4866714173228346
0
LINE
8
BLACK
6
CONTINUOUS
10
0.8069696062992125
20
1.4866714173228346
11
0.8089714566929134
21
1.4873386614173227
0
LINE
8
BLACK
6
CONTINUOUS
10
0.8089714566929134
20
1.4873386614173227
11
0.8198696850393701
21
1.4982369291338582
0
LINE
8
BLACK
6
CONTINUOUS
10
0.8198696850393701
20
1.4982369291338582
11
0.8213899606299212
21
1.4988666535433071
0
LINE
8
BLACK
6
CONTINUOUS
10
0.8213899606299212
20
1.4988666535433071
11
0.8229102362204724
21
1.4982369291338582
0
LINE
8
BLACK
6
CONTINUOUS
10
0.8960340551181102
20
1.4982369291338582
11
0.8969721653543307
21
1.4972988188976377
0
LINE
8
BLACK
6
CONTINUOUS
10
0.8969721653543307
20
1.4972988188976377
11
0.8971075590551181
21
1.4969718897637796
0
LINE
8
BLACK
6
CONTINUOUS
10
0.8971075590551181
20
1.4969718897637796
11
0.8973749212598425
21
1.4967400393700787
0
LINE
8
BLACK
6
CONTINUOUS
10
0.8973749212598425
20
1.4967400393700787
11
0.8983129921259843
21
1.4948638582677165
0
LINE
8
BLACK
6
CONTINUOUS
10
0.8983129921259843
20
1.4948638582677165
11
0.8983484251968503
21
1.4943646850393701
0
LINE
8
BLACK
6
CONTINUOUS
10
0.8983484251968503
20
1.4943646850393701
11
0.8985399606299213
21
1.4939023622047243
0
LINE
8
BLACK
6
CONTINUOUS
10
0.8985399606299213
20
1.4939023622047243
11
0.8985399606299213
21
1.4882737795275591
0
LINE
8
BLACK
6
CONTINUOUS
10
0.8985399606299213
20
1.4882737795275591
11
0.8983484251968503
21
1.4878114173228345
0
LINE
8
BLACK
6
CONTINUOUS
10
0.8983484251968503
20
1.4878114173228345
11
0.8983129921259843
21
1.4873122834645669
0
LINE
8
BLACK
6
CONTINUOUS
10
0.8983129921259843
20
1.4873122834645669
11
0.8973749212598425
21
1.4854361023622047
0
LINE
8
BLACK
6
CONTINUOUS
10
0.8973749212598425
20
1.4854361023622047
11
0.8971075590551181
21
1.4852042125984251
0
LINE
8
BLACK
6
CONTINUOUS
10
0.8971075590551181
20
1.4852042125984251
11
0.8969721653543307
21
1.4848773228346457
0
LINE
8
BLACK
6
CONTINUOUS
10
0.8969721653543307
20
1.4848773228346457
11
0.8960340551181102
21
1.4839392125984252
0
LINE
8
BLACK
6
CONTINUOUS
10
0.8960340551181102
20
1.4839392125984252
11
0.895707125984252
21
1.4838037795275589
0
LINE
8
BLACK
6
CONTINUOUS
10
0.895707125984252
20
1.4838037795275589
11
0.8954752755905512
21
1.4835364566929135
0
LINE
8
BLACK
6
CONTINUOUS
10
0.8954752755905512
20
1.4835364566929135
11
0.893599094488189
21
1.4825983858267717
0
LINE
8
BLACK
6
CONTINUOUS
10
0.893599094488189
20
1.4825983858267717
11
0.8930999212598425
21
1.4825629133858267
0
LINE
8
BLACK
6
CONTINUOUS
10
0.8930999212598425
20
1.4825629133858267
11
0.8926375984251969
21
1.4823714173228346
0
LINE
8
BLACK
6
CONTINUOUS
10
0.8926375984251969
20
1.4823714173228346
11
0.887947125984252
21
1.4823714173228346
0
LINE
8
BLACK
6
CONTINUOUS
10
0.887947125984252
20
1.4823714173228346
11
0.8874847637795276
21
1.4825629133858267
0
LINE
8
BLACK
6
CONTINUOUS
10
0.8874847637795276
20
1.4825629133858267
11
0.8869856692913386
21
1.4825983858267717
0
LINE
8
BLACK
6
CONTINUOUS
10
0.8869856692913386
20
1.4825983858267717
11
0.8851094094488189
21
1.4835364566929135
0
LINE
8
BLACK
6
CONTINUOUS
10
0.8851094094488189
20
1.4835364566929135
11
0.8848775196850394
21
1.4838038188976377
0
LINE
8
BLACK
6
CONTINUOUS
10
0.8848775196850394
20
1.4838038188976377
11
0.8845505905511811
21
1.483939251968504
0
LINE
8
BLACK
6
CONTINUOUS
10
0.8845505905511811
20
1.483939251968504
11
0.8836125196850394
21
1.4848773622047244
0
LINE
8
BLACK
6
CONTINUOUS
10
0.8836125196850394
20
1.4848773622047244
11
0.883477125984252
21
1.4852042125984251
0
LINE
8
BLACK
6
CONTINUOUS
10
0.883477125984252
20
1.4852042125984251
11
0.8832098031496063
21
1.4854360629921259
0
LINE
8
BLACK
6
CONTINUOUS
10
0.8832098031496063
20
1.4854360629921259
11
0.8825373228346457
21
1.4867809842519684
0
LINE
8
BLACK
6
CONTINUOUS
10
0.8825373228346457
20
1.4867809842519684
11
0.878105748031496
21
1.4829033858267717
0
LINE
8
BLACK
6
CONTINUOUS
10
0.878105748031496
20
1.4829033858267717
11
0.8773890551181102
21
1.4826609842519685
0
LINE
8
BLACK
6
CONTINUOUS
10
0.8773890551181102
20
1.4826609842519685
11
0.8766899606299212
21
1.4823714173228346
0
LINE
8
BLACK
6
CONTINUOUS
10
0.8766899606299212
20
1.4823714173228346
11
0.8766193307086614
21
1.4824006692913385
0
LINE
8
BLACK
6
CONTINUOUS
10
0.8766193307086614
20
1.4824006692913385
11
0.8765469291338582
21
1.4823761811023621
0
LINE
8
BLACK
6
CONTINUOUS
10
0.8765469291338582
20
1.4823761811023621
11
0.875868622047244
21
1.4827116141732284
0
LINE
8
BLACK
6
CONTINUOUS
10
0.875868622047244
20
1.4827116141732284
11
0.8751696850393701
21
1.4830011417322835
0
LINE
8
BLACK
6
CONTINUOUS
10
0.8751696850393701
20
1.4830011417322835
11
0.8751404330708661
21
1.4830717322834646
0
LINE
8
BLACK
6
CONTINUOUS
10
0.8751404330708661
20
1.4830717322834646
11
0.8750719291338582
21
1.4831056299212597
0
LINE
8
BLACK
6
CONTINUOUS
10
0.8750719291338582
20
1.4831056299212597
11
0.8748295275590551
21
1.4838222834645669
0
LINE
8
BLACK
6
CONTINUOUS
10
0.8748295275590551
20
1.4838222834645669
11
0.8745399606299212
21
1.4845214173228347
0
LINE
8
BLACK
6
CONTINUOUS
10
0.8745399606299212
20
1.4845214173228347
11
0.8745399606299212
21
1.496716653543307
0
LINE
8
BLACK
6
CONTINUOUS
10
0.8745399606299212
20
1.496716653543307
11
0.8751696850393701
21
1.4982369291338582
0
LINE
8
BLACK
6
CONTINUOUS
10
0.8751696850393701
20
1.4982369291338582
11
0.8766899606299212
21
1.4988666535433071
0
LINE
8
BLACK
6
CONTINUOUS
10
0.8766899606299212
20
1.4988666535433071
11
0.8782102362204725
21
1.4982369291338582
0
LINE
8
BLACK
6
CONTINUOUS
10
0.8782102362204725
20
1.4982369291338582
11
0.8788399606299212
21
1.496716653543307
0
LINE
8
BLACK
6
CONTINUOUS
10
0.8788399606299212
20
1.496716653543307
11
0.8788399606299212
21
1.4892594881889762
0
LINE
8
BLACK
6
CONTINUOUS
10
0.8788399606299212
20
1.4892594881889762
11
0.882778937007874
21
1.4927061023622048
0
LINE
8
BLACK
6
CONTINUOUS
10
0.882778937007874
20
1.4927061023622048
11
0.8834955905511811
21
1.4929484645669291
0
LINE
8
BLACK
6
CONTINUOUS
10
0.8834955905511811
20
1.4929484645669291
11
0.8841947244094488
21
1.4932380708661417
0
LINE
8
BLACK
6
CONTINUOUS
10
0.8841947244094488
20
1.4932380708661417
11
0.8842653149606299
21
1.493208779527559
0
LINE
8
BLACK
6
CONTINUOUS
10
0.8842653149606299
20
1.493208779527559
11
0.8843377559055118
21
1.4932333070866142
0
LINE
8
BLACK
6
CONTINUOUS
10
0.8843377559055118
20
1.4932333070866142
11
0.8850160236220472
21
1.4928978346456692
0
LINE
8
BLACK
6
CONTINUOUS
10
0.8850160236220472
20
1.4928978346456692
11
0.885715
21
1.4926083464566928
0
LINE
8
BLACK
6
CONTINUOUS
10
0.885715
20
1.4926083464566928
11
0.8857442125984252
21
1.492537716535433
0
LINE
8
BLACK
6
CONTINUOUS
10
0.8857442125984252
20
1.492537716535433
11
0.8858127559055118
21
1.4925038582677166
0
LINE
8
BLACK
6
CONTINUOUS
10
0.8858127559055118
20
1.4925038582677166
11
0.8860551181102362
21
1.4917871653543306
0
LINE
8
BLACK
6
CONTINUOUS
10
0.8860551181102362
20
1.4917871653543306
11
0.8863447244094488
21
1.4910880708661416
0
LINE
8
BLACK
6
CONTINUOUS
10
0.8863447244094488
20
1.4910880708661416
11
0.8863447244094488
21
1.4887812992125984
0
LINE
8
BLACK
6
CONTINUOUS
10
0.8863447244094488
20
1.4887812992125984
11
0.8868998031496063
21
1.4876711417322834
0
LINE
8
BLACK
6
CONTINUOUS
10
0.8868998031496063
20
1.4876711417322834
11
0.8873444488188976
21
1.4872264960629922
0
LINE
8
BLACK
6
CONTINUOUS
10
0.8873444488188976
20
1.4872264960629922
11
0.8884546850393701
21
1.4866714173228346
0
LINE
8
BLACK
6
CONTINUOUS
10
0.8884546850393701
20
1.4866714173228346
11
0.8921300393700787
21
1.4866714173228346
0
LINE
8
BLACK
6
CONTINUOUS
10
0.8921300393700787
20
1.4866714173228346
11
0.8932402362204724
21
1.4872264960629922
0
LINE
8
BLACK
6
CONTINUOUS
10
0.8932402362204724
20
1.4872264960629922
11
0.8936848425196851
21
1.4876711023622047
0
LINE
8
BLACK
6
CONTINUOUS
10
0.8936848425196851
20
1.4876711023622047
11
0.8942399606299213
21
1.4887812992125984
0
LINE
8
BLACK
6
CONTINUOUS
10
0.8942399606299213
20
1.4887812992125984
11
0.8942399606299213
21
1.4933948031496063
0
LINE
8
BLACK
6
CONTINUOUS
10
0.8942399606299213
20
1.4933948031496063
11
0.8936848425196851
21
1.494505
0
LINE
8
BLACK
6
CONTINUOUS
10
0.8936848425196851
20
1.494505
11
0.8929935039370078
21
1.495196377952756
0
LINE
8
BLACK
6
CONTINUOUS
10
0.8929935039370078
20
1.495196377952756
11
0.8923637795275591
21
1.496716653543307
0
LINE
8
BLACK
6
CONTINUOUS
10
0.8923637795275591
20
1.496716653543307
11
0.8929935039370078
21
1.4982369291338582
0
LINE
8
BLACK
6
CONTINUOUS
10
0.8929935039370078
20
1.4982369291338582
11
0.8945137795275591
21
1.4988666535433071
0
LINE
8
BLACK
6
CONTINUOUS
10
0.8945137795275591
20
1.4988666535433071
11
0.8960340551181102
21
1.4982369291338582
0
LINE
8
BLACK
6
CONTINUOUS
10
0.8616370472440945
20
1.5018861417322835
11
0.8619066535433071
21
1.5019262598425196
0
LINE
8
BLACK
6
CONTINUOUS
10
0.8619066535433071
20
1.5019262598425196
11
0.8656590551181103
21
1.5009881889763779
0
LINE
8
BLACK
6
CONTINUOUS
10
0.8656590551181103
20
1.5009881889763779
11
0.8658553937007873
21
1.5008426771653542
0
LINE
8
BLACK
6
CONTINUOUS
10
0.8658553937007873
20
1.5008426771653542
11
0.866099094488189
21
1.5008253937007874
0
LINE
8
BLACK
6
CONTINUOUS
10
0.866099094488189
20
1.5008253937007874
11
0.8679752755905512
21
1.4998873228346457
0
LINE
8
BLACK
6
CONTINUOUS
10
0.8679752755905512
20
1.4998873228346457
11
0.868207125984252
21
1.4996199606299212
0
LINE
8
BLACK
6
CONTINUOUS
10
0.868207125984252
20
1.4996199606299212
11
0.8685340551181102
21
1.4994845669291339
0
LINE
8
BLACK
6
CONTINUOUS
10
0.8685340551181102
20
1.4994845669291339
11
0.8694721653543307
21
1.4985464566929134
0
LINE
8
BLACK
6
CONTINUOUS
10
0.8694721653543307
20
1.4985464566929134
11
0.8696075590551181
21
1.4982195275590551
0
LINE
8
BLACK
6
CONTINUOUS
10
0.8696075590551181
20
1.4982195275590551
11
0.8698749212598424
21
1.4979876771653542
0
LINE
8
BLACK
6
CONTINUOUS
10
0.8698749212598424
20
1.4979876771653542
11
0.8708129921259843
21
1.496111496062992
0
LINE
8
BLACK
6
CONTINUOUS
10
0.8708129921259843
20
1.496111496062992
11
0.8708484251968504
21
1.4956123228346456
0
LINE
8
BLACK
6
CONTINUOUS
10
0.8708484251968504
20
1.4956123228346456
11
0.8710399606299213
21
1.49515
0
LINE
8
BLACK
6
CONTINUOUS
10
0.8710399606299213
20
1.49515
11
0.8710399606299213
21
1.4932738188976378
0
LINE
8
BLACK
6
CONTINUOUS
10
0.8710399606299213
20
1.4932738188976378
11
0.8708484251968504
21
1.4928114566929134
0
LINE
8
BLACK
6
CONTINUOUS
10
0.8708484251968504
20
1.4928114566929134
11
0.8708129921259843
21
1.4923123622047243
0
LINE
8
BLACK
6
CONTINUOUS
10
0.8708129921259843
20
1.4923123622047243
11
0.8698749212598424
21
1.4904361023622046
0
LINE
8
BLACK
6
CONTINUOUS
10
0.8698749212598424
20
1.4904361023622046
11
0.8696075196850394
21
1.4902042125984252
0
LINE
8
BLACK
6
CONTINUOUS
10
0.8696075196850394
20
1.4902042125984252
11
0.8694721259842519
21
1.4898772834645668
0
LINE
8
BLACK
6
CONTINUOUS
10
0.8694721259842519
20
1.4898772834645668
11
0.8685340157480315
21
1.4889392125984251
0
LINE
8
BLACK
6
CONTINUOUS
10
0.8685340157480315
20
1.4889392125984251
11
0.868207125984252
21
1.4888038188976378
0
LINE
8
BLACK
6
CONTINUOUS
10
0.868207125984252
20
1.4888038188976378
11
0.8679753149606299
21
1.4885364960629921
0
LINE
8
BLACK
6
CONTINUOUS
10
0.8679753149606299
20
1.4885364960629921
11
0.8660991338582676
21
1.4875984251968504
0
LINE
8
BLACK
6
CONTINUOUS
10
0.8660991338582676
20
1.4875984251968504
11
0.8658553937007873
21
1.487581062992126
0
LINE
8
BLACK
6
CONTINUOUS
10
0.8658553937007873
20
1.487581062992126
11
0.8656590157480315
21
1.4874355905511811
0
LINE
8
BLACK
6
CONTINUOUS
10
0.8656590157480315
20
1.4874355905511811
11
0.8619066141732283
21
1.4864975196850394
0
LINE
8
BLACK
6
CONTINUOUS
10
0.8619066141732283
20
1.4864975196850394
11
0.861636968503937
21
1.4865376377952755
0
LINE
8
BLACK
6
CONTINUOUS
10
0.861636968503937
20
1.4865376377952755
11
0.8613851968503937
21
1.4864333464566928
0
LINE
8
BLACK
6
CONTINUOUS
10
0.8613851968503937
20
1.4864333464566928
11
0.8566947244094488
21
1.4864333464566928
0
LINE
8
BLACK
6
CONTINUOUS
10
0.8566947244094488
20
1.4864333464566928
11
0.856442874015748
21
1.4865376377952755
0
LINE
8
BLACK
6
CONTINUOUS
10
0.856442874015748
20
1.4865376377952755
11
0.8561732677165355
21
1.4864975196850394
0
LINE
8
BLACK
6
CONTINUOUS
10
0.8561732677165355
20
1.4864975196850394
11
0.852420905511811
21
1.4874355905511811
0
LINE
8
BLACK
6
CONTINUOUS
10
0.852420905511811
20
1.4874355905511811
11
0.8522245275590551
21
1.487581062992126
0
LINE
8
BLACK
6
CONTINUOUS
10
0.8522245275590551
20
1.487581062992126
11
0.8519808661417323
21
1.4875983858267716
0
LINE
8
BLACK
6
CONTINUOUS
10
0.8519808661417323
20
1.4875983858267716
11
0.8501046456692913
21
1.4885364960629921
0
LINE
8
BLACK
6
CONTINUOUS
10
0.8501046456692913
20
1.4885364960629921
11
0.8498727559055118
21
1.4888038188976378
0
LINE
8
BLACK
6
CONTINUOUS
10
0.8498727559055118
20
1.4888038188976378
11
0.8495458661417322
21
1.4889392519685039
0
LINE
8
BLACK
6
CONTINUOUS
10
0.8495458661417322
20
1.4889392519685039
11
0.8486077952755905
21
1.4898773228346456
0
LINE
8
BLACK
6
CONTINUOUS
10
0.8486077952755905
20
1.4898773228346456
11
0.8484723622047244
21
1.4902042125984252
0
LINE
8
BLACK
6
CONTINUOUS
10
0.8484723622047244
20
1.4902042125984252
11
0.8482050393700787
21
1.4904361023622046
0
LINE
8
BLACK
6
CONTINUOUS
10
0.8482050393700787
20
1.4904361023622046
11
0.8472669291338583
21
1.4923123228346455
0
LINE
8
BLACK
6
CONTINUOUS
10
0.8472669291338583
20
1.4923123228346455
11
0.8472314566929133
21
1.4928114566929134
0
LINE
8
BLACK
6
CONTINUOUS
10
0.8472314566929133
20
1.4928114566929134
11
0.8470399606299213
21
1.4932738188976378
0
LINE
8
BLACK
6
CONTINUOUS
10
0.8470399606299213
20
1.4932738188976378
11
0.8470399606299213
21
1.49515
0
LINE
8
BLACK
6
CONTINUOUS
10
0.8470399606299213
20
1.49515
11
0.8472314566929133
21
1.4956123622047244
0
LINE
8
BLACK
6
CONTINUOUS
10
0.8472314566929133
20
1.4956123622047244
11
0.847266968503937
21
1.4961115354330707
0
LINE
8
BLACK
6
CONTINUOUS
10
0.847266968503937
20
1.4961115354330707
11
0.8482050393700787
21
1.4979877165354329
0
LINE
8
BLACK
6
CONTINUOUS
10
0.8482050393700787
20
1.4979877165354329
11
0.8484723622047244
21
1.4982195275590551
0
LINE
8
BLACK
6
CONTINUOUS
10
0.8484723622047244
20
1.4982195275590551
11
0.8486077559055117
21
1.4985464173228347
0
LINE
8
BLACK
6
CONTINUOUS
10
0.8486077559055117
20
1.4985464173228347
11
0.8495458267716536
21
1.4994845275590551
0
LINE
8
BLACK
6
CONTINUOUS
10
0.8495458267716536
20
1.4994845275590551
11
0.8498727559055118
21
1.4996199212598424
0
LINE
8
BLACK
6
CONTINUOUS
10
0.8498727559055118
20
1.4996199212598424
11
0.8501046456692913
21
1.4998873228346457
0
LINE
8
BLACK
6
CONTINUOUS
10
0.8501046456692913
20
1.4998873228346457
11
0.851980905511811
21
1.5008253937007874
0
LINE
8
BLACK
6
CONTINUOUS
10
0.851980905511811
20
1.5008253937007874
11
0.8522246062992126
21
1.5008426771653542
0
LINE
8
BLACK
6
CONTINUOUS
10
0.8522246062992126
20
1.5008426771653542
11
0.852420905511811
21
1.5009881496062991
0
LINE
8
BLACK
6
CONTINUOUS
10
0.852420905511811
20
1.5009881496062991
11
0.8561732283464567
21
1.5019262598425196
0
LINE
8
BLACK
6
CONTINUOUS
10
0.8561732283464567
20
1.5019262598425196
11
0.8564428346456693
21
1.5018861417322835
0
LINE
8
BLACK
6
CONTINUOUS
10
0.8564428346456693
20
1.5018861417322835
11
0.8566947244094488
21
1.5019904724409447
0
LINE
8
BLACK
6
CONTINUOUS
10
0.8566947244094488
20
1.5019904724409447
11
0.8613851968503937
21
1.5019904724409447
0
LINE
8
BLACK
6
CONTINUOUS
10
0.8613851968503937
20
1.5019904724409447
11
0.8616370472440945
21
1.5018861417322835
0
LINE
8
BLACK
6
CONTINUOUS
10
0.8536928346456693
20
1.4968738188976378
11
0.8523396850393701
21
1.4961972440944882
0
LINE
8
BLACK
6
CONTINUOUS
10
0.8523396850393701
20
1.4961972440944882
11
0.8518950393700787
21
1.4957525984251969
0
LINE
8
BLACK
6
CONTINUOUS
10
0.8518950393700787
20
1.4957525984251969
11
0.8513399606299212
21
1.4946424409448817
0
LINE
8
BLACK
6
CONTINUOUS
10
0.8513399606299212
20
1.4946424409448817
11
0.8513399606299212
21
1.4937813779527558
0
LINE
8
BLACK
6
CONTINUOUS
10
0.8513399606299212
20
1.4937813779527558
11
0.8518950787401575
21
1.4926711417322833
0
LINE
8
BLACK
6
CONTINUOUS
10
0.8518950787401575
20
1.4926711417322833
11
0.8523396850393701
21
1.4922265354330708
0
LINE
8
BLACK
6
CONTINUOUS
10
0.8523396850393701
20
1.4922265354330708
11
0.8536926771653544
21
1.4915499999999999
0
LINE
8
BLACK
6
CONTINUOUS
10
0.8536926771653544
20
1.4915499999999999
11
0.8569594488188976
21
1.490733346456693
0
LINE
8
BLACK
6
CONTINUOUS
10
0.8569594488188976
20
1.490733346456693
11
0.8611204724409449
21
1.490733346456693
0
LINE
8
BLACK
6
CONTINUOUS
10
0.8611204724409449
20
1.490733346456693
11
0.8643872834645669
21
1.4915500393700787
0
LINE
8
BLACK
6
CONTINUOUS
10
0.8643872834645669
20
1.4915500393700787
11
0.8657401968503937
21
1.4922264960629921
0
LINE
8
BLACK
6
CONTINUOUS
10
0.8657401968503937
20
1.4922264960629921
11
0.866184842519685
21
1.4926711417322833
0
LINE
8
BLACK
6
CONTINUOUS
10
0.866184842519685
20
1.4926711417322833
11
0.8667399606299212
21
1.493781338582677
0
LINE
8
BLACK
6
CONTINUOUS
10
0.8667399606299212
20
1.493781338582677
11
0.8667399606299212
21
1.4946424409448817
0
LINE
8
BLACK
6
CONTINUOUS
10
0.8667399606299212
20
1.4946424409448817
11
0.866184842519685
21
1.4957526377952755
0
LINE
8
BLACK
6
CONTINUOUS
10
0.866184842519685
20
1.4957526377952755
11
0.8657402362204725
21
1.4961972440944882
0
LINE
8
BLACK
6
CONTINUOUS
10
0.8657402362204725
20
1.4961972440944882
11
0.8643870866141732
21
1.4968738188976378
0
LINE
8
BLACK
6
CONTINUOUS
10
0.8643870866141732
20
1.4968738188976378
11
0.8611205905511811
21
1.4976904724409448
0
LINE
8
BLACK
6
CONTINUOUS
10
0.8611205905511811
20
1.4976904724409448
11
0.8569594881889764
21
1.4976904724409448
0
LINE
8
BLACK
6
CONTINUOUS
10
0.8569594881889764
20
1.4976904724409448
11
0.8536928346456693
21
1.4968738188976378
0
LINE
8
BLACK
6
CONTINUOUS
10
0.9435340551181102
20
1.5013607480314961
11
0.9444721653543307
21
1.5004226377952756
0
LINE
8
BLACK
6
CONTINUOUS
10
0.9444721653543307
20
1.5004226377952756
11
0.9446075590551181
21
1.5000957086614173
0
LINE
8
BLACK
6
CONTINUOUS
10
0.9446075590551181
20
1.5000957086614173
11
0.9448749212598425
21
1.4998638582677164
0
LINE
8
BLACK
6
CONTINUOUS
10
0.9448749212598425
20
1.4998638582677164
11
0.9458129921259842
21
1.4979876771653542
0
LINE
8
BLACK
6
CONTINUOUS
10
0.9458129921259842
20
1.4979876771653542
11
0.9458484251968504
21
1.4974885039370078
0
LINE
8
BLACK
6
CONTINUOUS
10
0.9458484251968504
20
1.4974885039370078
11
0.9460399606299212
21
1.4970261811023622
0
LINE
8
BLACK
6
CONTINUOUS
10
0.9460399606299212
20
1.4970261811023622
11
0.9460399606299212
21
1.4923357086614173
0
LINE
8
BLACK
6
CONTINUOUS
10
0.9460399606299212
20
1.4923357086614173
11
0.9458484251968504
21
1.4918733464566929
0
LINE
8
BLACK
6
CONTINUOUS
10
0.9458484251968504
20
1.4918733464566929
11
0.9458129921259842
21
1.4913742125984251
0
LINE
8
BLACK
6
CONTINUOUS
10
0.9458129921259842
20
1.4913742125984251
11
0.9448749212598425
21
1.4894980314960629
0
LINE
8
BLACK
6
CONTINUOUS
10
0.9448749212598425
20
1.4894980314960629
11
0.9446075590551181
21
1.4892661417322834
0
LINE
8
BLACK
6
CONTINUOUS
10
0.9446075590551181
20
1.4892661417322834
11
0.9444721653543307
21
1.4889392519685039
0
LINE
8
BLACK
6
CONTINUOUS
10
0.9444721653543307
20
1.4889392519685039
11
0.9435340551181102
21
1.4880011417322834
0
LINE
8
BLACK
6
CONTINUOUS
10
0.9435340551181102
20
1.4880011417322834
11
0.9432071259842519
21
1.4878657086614173
0
LINE
8
BLACK
6
CONTINUOUS
10
0.9432071259842519
20
1.4878657086614173
11
0.9429752755905512
21
1.4875983858267716
0
LINE
8
BLACK
6
CONTINUOUS
10
0.9429752755905512
20
1.4875983858267716
11
0.941099094488189
21
1.4866603149606299
0
LINE
8
BLACK
6
CONTINUOUS
10
0.941099094488189
20
1.4866603149606299
11
0.9405999212598425
21
1.4866248425196851
0
LINE
8
BLACK
6
CONTINUOUS
10
0.9405999212598425
20
1.4866248425196851
11
0.9401375984251968
21
1.4864333464566928
0
LINE
8
BLACK
6
CONTINUOUS
10
0.9401375984251968
20
1.4864333464566928
11
0.9354471259842519
21
1.4864333464566928
0
LINE
8
BLACK
6
CONTINUOUS
10
0.9354471259842519
20
1.4864333464566928
11
0.9349847637795276
21
1.4866248425196851
0
LINE
8
BLACK
6
CONTINUOUS
10
0.9349847637795276
20
1.4866248425196851
11
0.9344856692913386
21
1.4866603149606299
0
LINE
8
BLACK
6
CONTINUOUS
10
0.9344856692913386
20
1.4866603149606299
11
0.9326094094488189
21
1.4875983858267716
0
LINE
8
BLACK
6
CONTINUOUS
10
0.9326094094488189
20
1.4875983858267716
11
0.9323775196850393
21
1.4878657480314961
0
LINE
8
BLACK
6
CONTINUOUS
10
0.9323775196850393
20
1.4878657480314961
11
0.9320505905511811
21
1.4880011811023621
0
LINE
8
BLACK
6
CONTINUOUS
10
0.9320505905511811
20
1.4880011811023621
11
0.9311125196850394
21
1.4889392913385826
0
LINE
8
BLACK
6
CONTINUOUS
10
0.9311125196850394
20
1.4889392913385826
11
0.930977125984252
21
1.4892661417322834
0
LINE
8
BLACK
6
CONTINUOUS
10
0.930977125984252
20
1.4892661417322834
11
0.9307098031496063
21
1.4894979921259843
0
LINE
8
BLACK
6
CONTINUOUS
10
0.9307098031496063
20
1.4894979921259843
11
0.9297717322834645
21
1.4913741732283465
0
LINE
8
BLACK
6
CONTINUOUS
10
0.9297717322834645
20
1.4913741732283465
11
0.929736220472441
21
1.4918733070866141
0
LINE
8
BLACK
6
CONTINUOUS
10
0.929736220472441
20
1.4918733070866141
11
0.9295447244094488
21
1.4923357086614173
0
LINE
8
BLACK
6
CONTINUOUS
10
0.9295447244094488
20
1.4923357086614173
11
0.9295447244094488
21
1.4970261811023622
0
LINE
8
BLACK
6
CONTINUOUS
10
0.9295447244094488
20
1.4970261811023622
11
0.9296531496062992
21
1.4972879527559055
0
LINE
8
BLACK
6
CONTINUOUS
10
0.9296531496062992
20
1.4972879527559055
11
0.9263399606299212
21
1.4969566141732282
0
LINE
8
BLACK
6
CONTINUOUS
10
0.9263399606299212
20
1.4969566141732282
11
0.9263399606299212
21
1.4895214173228346
0
LINE
8
BLACK
6
CONTINUOUS
10
0.9263399606299212
20
1.4895214173228346
11
0.9257102362204724
21
1.4880011417322834
0
LINE
8
BLACK
6
CONTINUOUS
10
0.9257102362204724
20
1.4880011417322834
11
0.9241899606299212
21
1.4873714173228345
0
LINE
8
BLACK
6
CONTINUOUS
10
0.9241899606299212
20
1.4873714173228345
11
0.9226696850393701
21
1.4880011417322834
0
LINE
8
BLACK
6
CONTINUOUS
10
0.9226696850393701
20
1.4880011417322834
11
0.9220399606299212
21
1.4895214173228346
0
LINE
8
BLACK
6
CONTINUOUS
10
0.9220399606299212
20
1.4895214173228346
11
0.9220399606299212
21
1.4989023622047244
0
LINE
8
BLACK
6
CONTINUOUS
10
0.9220399606299212
20
1.4989023622047244
11
0.9223168503937008
21
1.4995709055118109
0
LINE
8
BLACK
6
CONTINUOUS
10
0.9223168503937008
20
1.4995709055118109
11
0.9225259448818898
21
1.5002638188976378
0
LINE
8
BLACK
6
CONTINUOUS
10
0.9225259448818898
20
1.5002638188976378
11
0.9226261417322834
21
1.5003175590551181
0
LINE
8
BLACK
6
CONTINUOUS
10
0.9226261417322834
20
1.5003175590551181
11
0.9226696850393701
21
1.5004226377952756
0
LINE
8
BLACK
6
CONTINUOUS
10
0.9226696850393701
20
1.5004226377952756
11
0.9233382283464566
21
1.5006995669291339
0
LINE
8
BLACK
6
CONTINUOUS
10
0.9233382283464566
20
1.5006995669291339
11
0.9239760236220472
21
1.5010416929133858
0
LINE
8
BLACK
6
CONTINUOUS
10
0.9239760236220472
20
1.5010416929133858
11
0.933356968503937
21
1.5019798031496063
0
LINE
8
BLACK
6
CONTINUOUS
10
0.933356968503937
20
1.5019798031496063
11
0.9334657874015748
21
1.5019469291338583
0
LINE
8
BLACK
6
CONTINUOUS
10
0.9334657874015748
20
1.5019469291338583
11
0.9335708661417322
21
1.5019904724409447
0
LINE
8
BLACK
6
CONTINUOUS
10
0.9335708661417322
20
1.5019904724409447
11
0.9342394488188976
21
1.5017135039370078
0
LINE
8
BLACK
6
CONTINUOUS
10
0.9342394488188976
20
1.5017135039370078
11
0.9349323622047244
21
1.5015044881889763
0
LINE
8
BLACK
6
CONTINUOUS
10
0.9349323622047244
20
1.5015044881889763
11
0.9349861023622047
21
1.5014042519685038
0
LINE
8
BLACK
6
CONTINUOUS
10
0.9349861023622047
20
1.5014042519685038
11
0.9350911417322835
21
1.5013607874015749
0
LINE
8
BLACK
6
CONTINUOUS
10
0.9350911417322835
20
1.5013607874015749
11
0.9353680708661417
21
1.5006922047244093
0
LINE
8
BLACK
6
CONTINUOUS
10
0.9353680708661417
20
1.5006922047244093
11
0.9357102362204724
21
1.5000544094488188
0
LINE
8
BLACK
6
CONTINUOUS
10
0.9357102362204724
20
1.5000544094488188
11
0.9356773622047244
21
1.4999455511811024
0
LINE
8
BLACK
6
CONTINUOUS
10
0.9356773622047244
20
1.4999455511811024
11
0.935720905511811
21
1.4998405118110236
0
LINE
8
BLACK
6
CONTINUOUS
10
0.935720905511811
20
1.4998405118110236
11
0.9354438582677165
21
1.4991716929133858
0
LINE
8
BLACK
6
CONTINUOUS
10
0.9354438582677165
20
1.4991716929133858
11
0.9352348818897638
21
1.4984790157480314
0
LINE
8
BLACK
6
CONTINUOUS
10
0.9352348818897638
20
1.4984790157480314
11
0.9351347244094488
21
1.4984252755905512
0
LINE
8
BLACK
6
CONTINUOUS
10
0.9351347244094488
20
1.4984252755905512
11
0.935091220472441
21
1.4983202362204724
0
LINE
8
BLACK
6
CONTINUOUS
10
0.935091220472441
20
1.4983202362204724
11
0.9343998031496062
21
1.4976287795275591
0
LINE
8
BLACK
6
CONTINUOUS
10
0.9343998031496062
20
1.4976287795275591
11
0.9338447244094488
21
1.496518622047244
0
LINE
8
BLACK
6
CONTINUOUS
10
0.9338447244094488
20
1.496518622047244
11
0.9338447244094488
21
1.4928432283464566
0
LINE
8
BLACK
6
CONTINUOUS
10
0.9338447244094488
20
1.4928432283464566
11
0.9343998031496062
21
1.4917330708661416
0
LINE
8
BLACK
6
CONTINUOUS
10
0.9343998031496062
20
1.4917330708661416
11
0.9348444488188976
21
1.4912884251968503
0
LINE
8
BLACK
6
CONTINUOUS
10
0.9348444488188976
20
1.4912884251968503
11
0.9359546850393701
21
1.490733346456693
0
LINE
8
BLACK
6
CONTINUOUS
10
0.9359546850393701
20
1.490733346456693
11
0.9396300393700787
21
1.490733346456693
0
LINE
8
BLACK
6
CONTINUOUS
10
0.9396300393700787
20
1.490733346456693
11
0.9407402362204724
21
1.4912884251968503
0
LINE
8
BLACK
6
CONTINUOUS
10
0.9407402362204724
20
1.4912884251968503
11
0.941184842519685
21
1.4917330314960631
0
LINE
8
BLACK
6
CONTINUOUS
10
0.941184842519685
20
1.4917330314960631
11
0.9417399606299213
21
1.4928432283464566
0
LINE
8
BLACK
6
CONTINUOUS
10
0.9417399606299213
20
1.4928432283464566
11
0.9417399606299213
21
1.496518622047244
0
LINE
8
BLACK
6
CONTINUOUS
10
0.9417399606299213
20
1.496518622047244
11
0.941184842519685
21
1.4976288188976377
0
LINE
8
BLACK
6
CONTINUOUS
10
0.941184842519685
20
1.4976288188976377
11
0.9404935039370078
21
1.4983201968503936
0
LINE
8
BLACK
6
CONTINUOUS
10
0.9404935039370078
20
1.4983201968503936
11
0.9398637795275591
21
1.4998404724409449
0
LINE
8
BLACK
6
CONTINUOUS
10
0.9398637795275591
20
1.4998404724409449
11
0.9404935039370078
21
1.5013607480314961
0
LINE
8
BLACK
6
CONTINUOUS
10
0.9404935039370078
20
1.5013607480314961
11
0.942013779527559
21
1.5019904724409447
0
LINE
8
BLACK
6
CONTINUOUS
10
0.942013779527559
20
1.5019904724409447
11
0.9435340551181102
21
1.5013607480314961
0
LINE
8
BLACK
6
CONTINUOUS
10
0.7954102362204725
20
1.5037059448818897
11
0.7960399606299212
21
1.5021856692913385
0
LINE
8
BLACK
6
CONTINUOUS
10
0.7960399606299212
20
1.5021856692913385
11
0.7954102362204725
21
1.5006653937007874
0
LINE
8
BLACK
6
CONTINUOUS
10
0.7954102362204725
20
1.5006653937007874
11
0.7938899606299212
21
1.5000356692913386
0
LINE
8
BLACK
6
CONTINUOUS
10
0.7938899606299212
20
1.5000356692913386
11
0.7838812598425197
21
1.5000356692913386
0
LINE
8
BLACK
6
CONTINUOUS
10
0.7838812598425197
20
1.5000356692913386
11
0.7891705905511811
21
1.4975673228346456
0
LINE
8
BLACK
6
CONTINUOUS
10
0.7891705905511811
20
1.4975673228346456
11
0.7896672834645669
21
1.4970249212598425
0
LINE
8
BLACK
6
CONTINUOUS
10
0.7896672834645669
20
1.4970249212598425
11
0.7902096850393701
21
1.4965282283464567
0
LINE
8
BLACK
6
CONTINUOUS
10
0.7902096850393701
20
1.4965282283464567
11
0.7902140944881889
21
1.4964278346456692
0
LINE
8
BLACK
6
CONTINUOUS
10
0.7902140944881889
20
1.4964278346456692
11
0.7902819291338582
21
1.496353779527559
0
LINE
8
BLACK
6
CONTINUOUS
10
0.7902819291338582
20
1.496353779527559
11
0.7902496062992126
21
1.4956190157480314
0
LINE
8
BLACK
6
CONTINUOUS
10
0.7902496062992126
20
1.4956190157480314
11
0.7902819291338582
21
1.4948842519685039
0
LINE
8
BLACK
6
CONTINUOUS
10
0.7902819291338582
20
1.4948842519685039
11
0.7902140944881889
21
1.494810157480315
0
LINE
8
BLACK
6
CONTINUOUS
10
0.7902140944881889
20
1.494810157480315
11
0.7902096850393701
21
1.4947098031496062
0
LINE
8
BLACK
6
CONTINUOUS
10
0.7902096850393701
20
1.4947098031496062
11
0.7896672834645669
21
1.4942130708661416
0
LINE
8
BLACK
6
CONTINUOUS
10
0.7896672834645669
20
1.4942130708661416
11
0.7891705905511811
21
1.4936707086614174
0
LINE
8
BLACK
6
CONTINUOUS
10
0.7891705905511811
20
1.4936707086614174
11
0.7838812598425197
21
1.4912023622047244
0
LINE
8
BLACK
6
CONTINUOUS
10
0.7838812598425197
20
1.4912023622047244
11
0.7938899606299212
21
1.4912023622047244
0
LINE
8
BLACK
6
CONTINUOUS
10
0.7938899606299212
20
1.4912023622047244
11
0.7954102362204725
21
1.4905726377952755
0
LINE
8
BLACK
6
CONTINUOUS
10
0.7954102362204725
20
1.4905726377952755
11
0.7960399606299212
21
1.4890523622047245
0
LINE
8
BLACK
6
CONTINUOUS
10
0.7960399606299212
20
1.4890523622047245
11
0.7954102362204725
21
1.4875320866141732
0
LINE
8
BLACK
6
CONTINUOUS
10
0.7954102362204725
20
1.4875320866141732
11
0.7938899606299212
21
1.4869023622047244
0
LINE
8
BLACK
6
CONTINUOUS
10
0.7938899606299212
20
1.4869023622047244
11
0.7741899606299213
21
1.4869023622047244
0
LINE
8
BLACK
6
CONTINUOUS
10
0.7741899606299213
20
1.4869023622047244
11
0.7738369291338583
21
1.4870485826771653
0
LINE
8
BLACK
6
CONTINUOUS
10
0.7738369291338583
20
1.4870485826771653
11
0.7734551968503937
21
1.487031811023622
0
LINE
8
BLACK
6
CONTINUOUS
10
0.7734551968503937
20
1.487031811023622
11
0.7731064566929133
21
1.4873511417322833
0
LINE
8
BLACK
6
CONTINUOUS
10
0.7731064566929133
20
1.4873511417322833
11
0.7726696850393701
21
1.4875320866141732
0
LINE
8
BLACK
6
CONTINUOUS
10
0.7726696850393701
20
1.4875320866141732
11
0.7725234645669291
21
1.4878850393700787
0
LINE
8
BLACK
6
CONTINUOUS
10
0.7725234645669291
20
1.4878850393700787
11
0.7722416535433071
21
1.4881431496062991
0
LINE
8
BLACK
6
CONTINUOUS
10
0.7722416535433071
20
1.4881431496062991
11
0.7722208661417322
21
1.4886155511811023
0
LINE
8
BLACK
6
CONTINUOUS
10
0.7722208661417322
20
1.4886155511811023
11
0.7720399606299212
21
1.4890523622047245
0
LINE
8
BLACK
6
CONTINUOUS
10
0.7720399606299212
20
1.4890523622047245
11
0.7721861811023621
21
1.4894053543307086
0
LINE
8
BLACK
6
CONTINUOUS
10
0.7721861811023621
20
1.4894053543307086
11
0.7721694094488188
21
1.4897871259842519
0
LINE
8
BLACK
6
CONTINUOUS
10
0.7721694094488188
20
1.4897871259842519
11
0.7724887401574803
21
1.4901358267716536
0
LINE
8
BLACK
6
CONTINUOUS
10
0.7724887401574803
20
1.4901358267716536
11
0.7726696850393701
21
1.4905726377952755
0
LINE
8
BLACK
6
CONTINUOUS
10
0.7726696850393701
20
1.4905726377952755
11
0.7730226377952756
21
1.4907188188976377
0
LINE
8
BLACK
6
CONTINUOUS
10
0.7730226377952756
20
1.4907188188976377
11
0.773280748031496
21
1.4910006692913385
0
LINE
8
BLACK
6
CONTINUOUS
10
0.773280748031496
20
1.4910006692913385
11
0.7831772047244094
21
1.4956190157480314
0
LINE
8
BLACK
6
CONTINUOUS
10
0.7831772047244094
20
1.4956190157480314
11
0.773280748031496
21
1.5002373622047245
0
LINE
8
BLACK
6
CONTINUOUS
10
0.773280748031496
20
1.5002373622047245
11
0.7730226377952756
21
1.5005191732283465
0
LINE
8
BLACK
6
CONTINUOUS
10
0.7730226377952756
20
1.5005191732283465
11
0.7726696850393701
21
1.5006653937007874
0
LINE
8
BLACK
6
CONTINUOUS
10
0.7726696850393701
20
1.5006653937007874
11
0.7724887401574803
21
1.5011021653543306
0
LINE
8
BLACK
6
CONTINUOUS
10
0.7724887401574803
20
1.5011021653543306
11
0.7721694094488188
21
1.501450905511811
0
LINE
8
BLACK
6
CONTINUOUS
10
0.7721694094488188
20
1.501450905511811
11
0.7721861811023621
21
1.5018326377952755
0
LINE
8
BLACK
6
CONTINUOUS
10
0.7721861811023621
20
1.5018326377952755
11
0.7720399606299212
21
1.5021856692913385
0
LINE
8
BLACK
6
CONTINUOUS
10
0.7720399606299212
20
1.5021856692913385
11
0.7722208661417322
21
1.5026224409448818
0
LINE
8
BLACK
6
CONTINUOUS
10
0.7722208661417322
20
1.5026224409448818
11
0.7722416535433071
21
1.5030948818897638
0
LINE
8
BLACK
6
CONTINUOUS
10
0.7722416535433071
20
1.5030948818897638
11
0.7725234645669291
21
1.5033529527559055
0
LINE
8
BLACK
6
CONTINUOUS
10
0.7725234645669291
20
1.5033529527559055
11
0.7726696850393701
21
1.5037059448818897
0
LINE
8
BLACK
6
CONTINUOUS
10
0.7726696850393701
20
1.5037059448818897
11
0.7731064566929133
21
1.5038868503937008
0
LINE
8
BLACK
6
CONTINUOUS
10
0.7731064566929133
20
1.5038868503937008
11
0.7734551968503937
21
1.5042062204724409
0
LINE
8
BLACK
6
CONTINUOUS
10
0.7734551968503937
20
1.5042062204724409
11
0.7738369291338583
21
1.5041894094488188
0
LINE
8
BLACK
6
CONTINUOUS
10
0.7738369291338583
20
1.5041894094488188
11
0.7741899606299213
21
1.5043356692913386
0
LINE
8
BLACK
6
CONTINUOUS
10
0.7741899606299213
20
1.5043356692913386
11
0.7938899606299212
21
1.5043356692913386
0
LINE
8
BLACK
6
CONTINUOUS
10
0.7938899606299212
20
1.5043356692913386
11
0.7954102362204725
21
1.5037059448818897
0
LINE
8
BLACK
6
CONTINUOUS
10
1.1053835039370079
20
1.5378851181102362
11
1.1055127559055118
21
1.5379079133858267
0
LINE
8
BLACK
6
CONTINUOUS
10
1.1055127559055118
20
1.5379079133858267
11
1.1056263385826772
21
1.5378422834645669
0
LINE
8
BLACK
6
CONTINUOUS
10
1.1056263385826772
20
1.5378422834645669
11
1.1060099212598424
21
1.5377746850393701
0
LINE
8
BLACK
6
CONTINUOUS
10
1.1060099212598424
20
1.5377746850393701
11
1.1065975984251968
21
1.5372815354330709
0
LINE
8
BLACK
6
CONTINUOUS
10
1.1065975984251968
20
1.5372815354330709
11
1.1072619291338583
21
1.5368979921259842
0
LINE
8
BLACK
6
CONTINUOUS
10
1.1072619291338583
20
1.5368979921259842
11
1.1073530314960629
21
1.5366476377952756
0
LINE
8
BLACK
6
CONTINUOUS
10
1.1073530314960629
20
1.5366476377952756
11
1.1075571653543306
21
1.5364763779527559
0
LINE
8
BLACK
6
CONTINUOUS
10
1.1075571653543306
20
1.5364763779527559
11
1.1076903937007874
21
1.5357207874015748
0
LINE
8
BLACK
6
CONTINUOUS
10
1.1076903937007874
20
1.5357207874015748
11
1.1079527559055118
21
1.5349999999999999
0
LINE
8
BLACK
6
CONTINUOUS
10
1.1079527559055118
20
1.5349999999999999
11
1.1079527559055118
21
1.4949999999999999
0
LINE
8
BLACK
6
CONTINUOUS
10
1.1079527559055118
20
1.4949999999999999
11
1.1077746850393702
21
1.4939900787401574
0
LINE
8
BLACK
6
CONTINUOUS
10
1.1077746850393702
20
1.4939900787401574
11
1.1064763779527558
21
1.4924428346456693
0
LINE
8
BLACK
6
CONTINUOUS
10
1.1064763779527558
20
1.4924428346456693
11
1.1044872440944882
21
1.4920920866141731
0
LINE
8
BLACK
6
CONTINUOUS
10
1.1044872440944882
20
1.4920920866141731
11
1.1027380708661416
21
1.4931020078740158
0
LINE
8
BLACK
6
CONTINUOUS
10
1.1027380708661416
20
1.4931020078740158
11
1.1020472440944882
21
1.4949999999999999
0
LINE
8
BLACK
6
CONTINUOUS
10
1.1020472440944882
20
1.4949999999999999
11
1.1020472440944882
21
1.5320472440944881
0
LINE
8
BLACK
6
CONTINUOUS
10
1.1020472440944882
20
1.5320472440944881
11
1.0479527559055117
21
1.5320472440944881
0
LINE
8
BLACK
6
CONTINUOUS
10
1.0479527559055117
20
1.5320472440944881
11
1.0479527559055117
21
1.4949999999999999
0
LINE
8
BLACK
6
CONTINUOUS
10
1.0479527559055117
20
1.4949999999999999
11
1.0477746850393701
21
1.4939900787401574
0
LINE
8
BLACK
6
CONTINUOUS
10
1.0477746850393701
20
1.4939900787401574
11
1.0464763779527559
21
1.4924428346456693
0
LINE
8
BLACK
6
CONTINUOUS
10
1.0464763779527559
20
1.4924428346456693
11
1.0444872440944881
21
1.4920920866141731
0
LINE
8
BLACK
6
CONTINUOUS
10
1.0444872440944881
20
1.4920920866141731
11
1.0427380708661418
21
1.4931020078740158
0
LINE
8
BLACK
6
CONTINUOUS
10
1.0427380708661418
20
1.4931020078740158
11
1.0420472440944881
21
1.4949999999999999
0
LINE
8
BLACK
6
CONTINUOUS
10
1.0420472440944881
20
1.4949999999999999
11
1.0420472440944881
21
1.5349999999999999
0
LINE
8
BLACK
6
CONTINUOUS
10
1.0420472440944881
20
1.5349999999999999
11
1.0421148425196851
21
1.5353835039370078
0
LINE
8
BLACK
6
CONTINUOUS
10
1.0421148425196851
20
1.5353835039370078
11
1.0420920866141732
21
1.5355127559055117
0
LINE
8
BLACK
6
CONTINUOUS
10
1.0420920866141732
20
1.5355127559055117
11
1.0421576771653542
21
1.5356263385826772
0
LINE
8
BLACK
6
CONTINUOUS
10
1.0421576771653542
20
1.5356263385826772
11
1.04222531496063
21
1.5360099212598426
0
LINE
8
BLACK
6
CONTINUOUS
10
1.04222531496063
20
1.5360099212598426
11
1.0427184251968504
21
1.5365975984251967
0
LINE
8
BLACK
6
CONTINUOUS
10
1.0427184251968504
20
1.5365975984251967
11
1.0431020078740156
21
1.5372619291338583
0
LINE
8
BLACK
6
CONTINUOUS
10
1.0431020078740156
20
1.5372619291338583
11
1.0433523228346457
21
1.5373530314960631
0
LINE
8
BLACK
6
CONTINUOUS
10
1.0433523228346457
20
1.5373530314960631
11
1.0435236220472441
21
1.5375571653543307
0
LINE
8
BLACK
6
CONTINUOUS
10
1.0435236220472441
20
1.5375571653543307
11
1.0442791732283465
21
1.5376903937007873
0
LINE
8
BLACK
6
CONTINUOUS
10
1.0442791732283465
20
1.5376903937007873
11
1.0449999999999999
21
1.5379527559055117
0
LINE
8
BLACK
6
CONTINUOUS
10
1.0449999999999999
20
1.5379527559055117
11
1.105
21
1.5379527559055117
0
LINE
8
BLACK
6
CONTINUOUS
10
1.105
20
1.5379527559055117
11
1.1053835039370079
21
1.5378851181102362
0
LINE
8
BLACK
6
CONTINUOUS
10
0.7165379921259842
20
1.5102417716535432
11
0.7170371653543307
21
1.5102063385826772
0
LINE
8
BLACK
6
CONTINUOUS
10
0.7170371653543307
20
1.5102063385826772
11
0.7189133858267717
21
1.5092682677165354
0
LINE
8
BLACK
6
CONTINUOUS
10
0.7189133858267717
20
1.5092682677165354
11
0.7193600393700788
21
1.5087532677165354
0
LINE
8
BLACK
6
CONTINUOUS
10
0.7193600393700788
20
1.5087532677165354
11
0.7198749212598425
21
1.5083067322834645
0
LINE
8
BLACK
6
CONTINUOUS
10
0.7198749212598425
20
1.5083067322834645
11
0.7208129921259843
21
1.5064305511811023
0
LINE
8
BLACK
6
CONTINUOUS
10
0.7208129921259843
20
1.5064305511811023
11
0.7208484251968503
21
1.5059313779527559
0
LINE
8
BLACK
6
CONTINUOUS
10
0.7208484251968503
20
1.5059313779527559
11
0.7210399606299213
21
1.5054690551181102
0
LINE
8
BLACK
6
CONTINUOUS
10
0.7210399606299213
20
1.5054690551181102
11
0.7210399606299213
21
1.5026547637795276
0
LINE
8
BLACK
6
CONTINUOUS
10
0.7210399606299213
20
1.5026547637795276
11
0.7208484251968503
21
1.5021924015748032
0
LINE
8
BLACK
6
CONTINUOUS
10
0.7208484251968503
20
1.5021924015748032
11
0.7208129921259843
21
1.5016933070866141
0
LINE
8
BLACK
6
CONTINUOUS
10
0.7208129921259843
20
1.5016933070866141
11
0.7205173622047244
21
1.5011020472440944
0
LINE
8
BLACK
6
CONTINUOUS
10
0.7205173622047244
20
1.5011020472440944
11
0.7210399606299213
21
1.4998404724409449
0
LINE
8
BLACK
6
CONTINUOUS
10
0.7210399606299213
20
1.4998404724409449
11
0.7204102362204724
21
1.4983201968503936
0
LINE
8
BLACK
6
CONTINUOUS
10
0.7204102362204724
20
1.4983201968503936
11
0.7188899606299213
21
1.4976904724409448
0
LINE
8
BLACK
6
CONTINUOUS
10
0.7188899606299213
20
1.4976904724409448
11
0.7170137401574803
21
1.4976904724409448
0
LINE
8
BLACK
6
CONTINUOUS
10
0.7170137401574803
20
1.4976904724409448
11
0.7057566141732283
21
1.4976904724409448
0
LINE
8
BLACK
6
CONTINUOUS
10
0.7057566141732283
20
1.4976904724409448
11
0.7042363385826772
21
1.4983201968503936
0
LINE
8
BLACK
6
CONTINUOUS
10
0.7042363385826772
20
1.4983201968503936
11
0.7036066141732283
21
1.4998404724409449
0
LINE
8
BLACK
6
CONTINUOUS
10
0.7036066141732283
20
1.4998404724409449
11
0.7042363385826772
21
1.5013607480314961
0
LINE
8
BLACK
6
CONTINUOUS
10
0.7042363385826772
20
1.5013607480314961
11
0.7057566141732283
21
1.5019904724409447
0
LINE
8
BLACK
6
CONTINUOUS
10
0.7057566141732283
20
1.5019904724409447
11
0.7161232677165354
21
1.5019904724409447
0
LINE
8
BLACK
6
CONTINUOUS
10
0.7161232677165354
20
1.5019904724409447
11
0.7161848425196851
21
1.5020520866141731
0
LINE
8
BLACK
6
CONTINUOUS
10
0.7161848425196851
20
1.5020520866141731
11
0.7167399606299213
21
1.5031622834645668
0
LINE
8
BLACK
6
CONTINUOUS
10
0.7167399606299213
20
1.5031622834645668
11
0.7167399606299213
21
1.504961496062992
0
LINE
8
BLACK
6
CONTINUOUS
10
0.7167399606299213
20
1.504961496062992
11
0.7163493307086614
21
1.5057427165354331
0
LINE
8
BLACK
6
CONTINUOUS
10
0.7163493307086614
20
1.5057427165354331
11
0.7155681496062992
21
1.5061333070866141
0
LINE
8
BLACK
6
CONTINUOUS
10
0.7155681496062992
20
1.5061333070866141
11
0.7057566141732283
21
1.5061333070866141
0
LINE
8
BLACK
6
CONTINUOUS
10
0.7057566141732283
20
1.5061333070866141
11
0.7042363385826772
21
1.5067630314960629
0
LINE
8
BLACK
6
CONTINUOUS
10
0.7042363385826772
20
1.5067630314960629
11
0.7036066141732283
21
1.5082833070866142
0
LINE
8
BLACK
6
CONTINUOUS
10
0.7036066141732283
20
1.5082833070866142
11
0.7042363385826772
21
1.5098035826771654
0
LINE
8
BLACK
6
CONTINUOUS
10
0.7042363385826772
20
1.5098035826771654
11
0.7057566141732283
21
1.5104333070866141
0
LINE
8
BLACK
6
CONTINUOUS
10
0.7057566141732283
20
1.5104333070866141
11
0.7160756692913386
21
1.5104333070866141
0
LINE
8
BLACK
6
CONTINUOUS
10
0.7160756692913386
20
1.5104333070866141
11
0.7165379921259842
21
1.5102417716535432
0
LINE
8
BLACK
6
CONTINUOUS
10
0.7381989763779527
20
1.5175242125984252
11
0.7384685826771653
21
1.5175643307086615
0
LINE
8
BLACK
6
CONTINUOUS
10
0.7384685826771653
20
1.5175643307086615
11
0.7422209448818897
21
1.5166262598425198
0
LINE
8
BLACK
6
CONTINUOUS
10
0.7422209448818897
20
1.5166262598425198
11
0.7424172440944882
21
1.5164807480314961
0
LINE
8
BLACK
6
CONTINUOUS
10
0.7424172440944882
20
1.5164807480314961
11
0.7426609842519685
21
1.516463464566929
0
LINE
8
BLACK
6
CONTINUOUS
10
0.7426609842519685
20
1.516463464566929
11
0.7445371653543307
21
1.5155253937007873
0
LINE
8
BLACK
6
CONTINUOUS
10
0.7445371653543307
20
1.5155253937007873
11
0.7447689763779527
21
1.5152580708661416
0
LINE
8
BLACK
6
CONTINUOUS
10
0.7447689763779527
20
1.5152580708661416
11
0.7450959448818898
21
1.5151226771653543
0
LINE
8
BLACK
6
CONTINUOUS
10
0.7450959448818898
20
1.5151226771653543
11
0.7469721653543306
21
1.5132464960629921
0
LINE
8
BLACK
6
CONTINUOUS
10
0.7469721653543306
20
1.5132464960629921
11
0.7471636614173228
21
1.512784094488189
0
LINE
8
BLACK
6
CONTINUOUS
10
0.7471636614173228
20
1.512784094488189
11
0.7474915748031495
21
1.5124060629921259
0
LINE
8
BLACK
6
CONTINUOUS
10
0.7474915748031495
20
1.5124060629921259
11
0.7484296456692914
21
1.5095917716535432
0
LINE
8
BLACK
6
CONTINUOUS
10
0.7484296456692914
20
1.5095917716535432
11
0.7484045275590551
21
1.509238779527559
0
LINE
8
BLACK
6
CONTINUOUS
10
0.7484045275590551
20
1.509238779527559
11
0.7485399606299212
21
1.5089118897637794
0
LINE
8
BLACK
6
CONTINUOUS
10
0.7485399606299212
20
1.5089118897637794
11
0.7485399606299212
21
1.5070356692913385
0
LINE
8
BLACK
6
CONTINUOUS
10
0.7485399606299212
20
1.5070356692913385
11
0.7484045275590551
21
1.5067087795275591
0
LINE
8
BLACK
6
CONTINUOUS
10
0.7484045275590551
20
1.5067087795275591
11
0.7484296456692914
21
1.5063557874015747
0
LINE
8
BLACK
6
CONTINUOUS
10
0.7484296456692914
20
1.5063557874015747
11
0.7474915748031495
21
1.5035415354330708
0
LINE
8
BLACK
6
CONTINUOUS
10
0.7474915748031495
20
1.5035415354330708
11
0.7471636614173228
21
1.5031634645669292
0
LINE
8
BLACK
6
CONTINUOUS
10
0.7471636614173228
20
1.5031634645669292
11
0.7469721653543306
21
1.5027011417322835
0
LINE
8
BLACK
6
CONTINUOUS
10
0.7469721653543306
20
1.5027011417322835
11
0.7460340551181103
21
1.501763031496063
0
LINE
8
BLACK
6
CONTINUOUS
10
0.7460340551181103
20
1.501763031496063
11
0.744513779527559
21
1.5011333070866142
0
LINE
8
BLACK
6
CONTINUOUS
10
0.744513779527559
20
1.5011333070866142
11
0.7429935039370078
21
1.501763031496063
0
LINE
8
BLACK
6
CONTINUOUS
10
0.7429935039370078
20
1.501763031496063
11
0.7423637795275591
21
1.5032833070866141
0
LINE
8
BLACK
6
CONTINUOUS
10
0.7423637795275591
20
1.5032833070866141
11
0.7429935039370078
21
1.5048035826771653
0
LINE
8
BLACK
6
CONTINUOUS
10
0.7429935039370078
20
1.5048035826771653
11
0.7435726771653544
21
1.5053827559055117
0
LINE
8
BLACK
6
CONTINUOUS
10
0.7435726771653544
20
1.5053827559055117
11
0.7442399606299213
21
1.5073845669291339
0
LINE
8
BLACK
6
CONTINUOUS
10
0.7442399606299213
20
1.5073845669291339
11
0.7442399606299213
21
1.5085629921259842
0
LINE
8
BLACK
6
CONTINUOUS
10
0.7442399606299213
20
1.5085629921259842
11
0.7435726771653544
21
1.5105648031496062
0
LINE
8
BLACK
6
CONTINUOUS
10
0.7435726771653544
20
1.5105648031496062
11
0.7423020472440944
21
1.5118353543307086
0
LINE
8
BLACK
6
CONTINUOUS
10
0.7423020472440944
20
1.5118353543307086
11
0.7409490157480315
21
1.5125118897637795
0
LINE
8
BLACK
6
CONTINUOUS
10
0.7409490157480315
20
1.5125118897637795
11
0.7376825196850394
21
1.5133285433070867
0
LINE
8
BLACK
6
CONTINUOUS
10
0.7376825196850394
20
1.5133285433070867
11
0.7353975984251968
21
1.5133285433070867
0
LINE
8
BLACK
6
CONTINUOUS
10
0.7353975984251968
20
1.5133285433070867
11
0.732130905511811
21
1.5125118897637795
0
LINE
8
BLACK
6
CONTINUOUS
10
0.732130905511811
20
1.5125118897637795
11
0.7307777559055118
21
1.5118353149606298
0
LINE
8
BLACK
6
CONTINUOUS
10
0.7307777559055118
20
1.5118353149606298
11
0.7295072440944882
21
1.5105648031496062
0
LINE
8
BLACK
6
CONTINUOUS
10
0.7295072440944882
20
1.5105648031496062
11
0.7288399606299213
21
1.5085629133858267
0
LINE
8
BLACK
6
CONTINUOUS
10
0.7288399606299213
20
1.5085629133858267
11
0.7288399606299213
21
1.5073845275590552
0
LINE
8
BLACK
6
CONTINUOUS
10
0.7288399606299213
20
1.5073845275590552
11
0.7295072047244094
21
1.5053827952755905
0
LINE
8
BLACK
6
CONTINUOUS
10
0.7295072047244094
20
1.5053827952755905
11
0.7300864566929134
21
1.5048035433070865
0
LINE
8
BLACK
6
CONTINUOUS
10
0.7300864566929134
20
1.5048035433070865
11
0.7307161417322835
21
1.5032832677165353
0
LINE
8
BLACK
6
CONTINUOUS
10
0.7307161417322835
20
1.5032832677165353
11
0.7300863779527559
21
1.5017629921259843
0
LINE
8
BLACK
6
CONTINUOUS
10
0.7300863779527559
20
1.5017629921259843
11
0.7285661023622048
21
1.5011333070866142
0
LINE
8
BLACK
6
CONTINUOUS
10
0.7285661023622048
20
1.5011333070866142
11
0.7270458267716535
21
1.5017630708661418
0
LINE
8
BLACK
6
CONTINUOUS
10
0.7270458267716535
20
1.5017630708661418
11
0.7261077559055118
21
1.5027011811023621
0
LINE
8
BLACK
6
CONTINUOUS
10
0.7261077559055118
20
1.5027011811023621
11
0.7259162598425196
21
1.5031634645669292
0
LINE
8
BLACK
6
CONTINUOUS
10
0.7259162598425196
20
1.5031634645669292
11
0.7255884251968504
21
1.503541496062992
0
LINE
8
BLACK
6
CONTINUOUS
10
0.7255884251968504
20
1.503541496062992
11
0.7246503149606299
21
1.506355748031496
0
LINE
8
BLACK
6
CONTINUOUS
10
0.7246503149606299
20
1.506355748031496
11
0.7246753543307086
21
1.5067087007874016
0
LINE
8
BLACK
6
CONTINUOUS
10
0.7246753543307086
20
1.5067087007874016
11
0.7245399606299212
21
1.5070356692913385
0
LINE
8
BLACK
6
CONTINUOUS
10
0.7245399606299212
20
1.5070356692913385
11
0.7245399606299212
21
1.5089118897637794
0
LINE
8
BLACK
6
CONTINUOUS
10
0.7245399606299212
20
1.5089118897637794
11
0.7246753543307086
21
1.5092387401574803
0
LINE
8
BLACK
6
CONTINUOUS
10
0.7246753543307086
20
1.5092387401574803
11
0.7246502755905512
21
1.5095917716535432
0
LINE
8
BLACK
6
CONTINUOUS
10
0.7246502755905512
20
1.5095917716535432
11
0.7255884251968504
21
1.5124061023622046
0
LINE
8
BLACK
6
CONTINUOUS
10
0.7255884251968504
20
1.5124061023622046
11
0.7259162598425196
21
1.5127841338582677
0
LINE
8
BLACK
6
CONTINUOUS
10
0.7259162598425196
20
1.5127841338582677
11
0.7261077952755906
21
1.5132464566929134
0
LINE
8
BLACK
6
CONTINUOUS
10
0.7261077952755906
20
1.5132464566929134
11
0.7279839763779528
21
1.5151226377952756
0
LINE
8
BLACK
6
CONTINUOUS
10
0.7279839763779528
20
1.5151226377952756
11
0.7283108661417322
21
1.5152580314960629
0
LINE
8
BLACK
6
CONTINUOUS
10
0.7283108661417322
20
1.5152580314960629
11
0.7285427559055118
21
1.5155253937007873
0
LINE
8
BLACK
6
CONTINUOUS
10
0.7285427559055118
20
1.5155253937007873
11
0.730418937007874
21
1.516463464566929
0
LINE
8
BLACK
6
CONTINUOUS
10
0.730418937007874
20
1.516463464566929
11
0.7306626771653543
21
1.5164807480314961
0
LINE
8
BLACK
6
CONTINUOUS
10
0.7306626771653543
20
1.5164807480314961
11
0.7308589763779527
21
1.516626220472441
0
LINE
8
BLACK
6
CONTINUOUS
10
0.7308589763779527
20
1.516626220472441
11
0.7346113779527559
21
1.5175643307086615
0
LINE
8
BLACK
6
CONTINUOUS
10
0.7346113779527559
20
1.5175643307086615
11
0.7348809448818897
21
1.5175242125984252
0
LINE
8
BLACK
6
CONTINUOUS
10
0.7348809448818897
20
1.5175242125984252
11
0.7351328346456693
21
1.5176285433070866
0
LINE
8
BLACK
6
CONTINUOUS
10
0.7351328346456693
20
1.5176285433070866
11
0.7379471259842519
21
1.5176285433070866
0
LINE
8
BLACK
6
CONTINUOUS
10
0.7379471259842519
20
1.5176285433070866
11
0.7381989763779527
21
1.5175242125984252
0
LINE
8
BLACK
6
CONTINUOUS
10
0.8229102362204724
20
1.5160607086614173
11
0.8235399606299212
21
1.5145404330708661
0
LINE
8
BLACK
6
CONTINUOUS
10
0.8235399606299212
20
1.5145404330708661
11
0.8229102362204724
21
1.5130201574803148
0
LINE
8
BLACK
6
CONTINUOUS
10
0.8229102362204724
20
1.5130201574803148
11
0.8213899606299212
21
1.5123904330708662
0
LINE
8
BLACK
6
CONTINUOUS
10
0.8213899606299212
20
1.5123904330708662
11
0.8141590157480315
21
1.5123904330708662
0
LINE
8
BLACK
6
CONTINUOUS
10
0.8141590157480315
20
1.5123904330708662
11
0.8141590157480315
21
1.5109693307086614
0
LINE
8
BLACK
6
CONTINUOUS
10
0.8141590157480315
20
1.5109693307086614
11
0.8226229133858267
21
1.5050446456692914
0
LINE
8
BLACK
6
CONTINUOUS
10
0.8226229133858267
20
1.5050446456692914
11
0.8235072440944882
21
1.5036569291338582
0
LINE
8
BLACK
6
CONTINUOUS
10
0.8235072440944882
20
1.5036569291338582
11
0.8231512992125984
21
1.5020503543307087
0
LINE
8
BLACK
6
CONTINUOUS
10
0.8231512992125984
20
1.5020503543307087
11
0.8217636220472441
21
1.5011660236220472
0
LINE
8
BLACK
6
CONTINUOUS
10
0.8217636220472441
20
1.5011660236220472
11
0.8201570078740157
21
1.5015219685039369
0
LINE
8
BLACK
6
CONTINUOUS
10
0.8201570078740157
20
1.5015219685039369
11
0.8138598818897638
21
1.5059299212598425
0
LINE
8
BLACK
6
CONTINUOUS
10
0.8138598818897638
20
1.5059299212598425
11
0.8129938976377953
21
1.5041979527559055
0
LINE
8
BLACK
6
CONTINUOUS
10
0.8129938976377953
20
1.5041979527559055
11
0.8127265748031496
21
1.5039661023622046
0
LINE
8
BLACK
6
CONTINUOUS
10
0.8127265748031496
20
1.5039661023622046
11
0.8125911811023622
21
1.5036392125984253
0
LINE
8
BLACK
6
CONTINUOUS
10
0.8125911811023622
20
1.5036392125984253
11
0.8116531102362204
21
1.5027011417322835
0
LINE
8
BLACK
6
CONTINUOUS
10
0.8116531102362204
20
1.5027011417322835
11
0.8113261811023622
21
1.5025657086614173
0
LINE
8
BLACK
6
CONTINUOUS
10
0.8113261811023622
20
1.5025657086614173
11
0.8110943307086614
21
1.5022983858267716
0
LINE
8
BLACK
6
CONTINUOUS
10
0.8110943307086614
20
1.5022983858267716
11
0.8092181102362205
21
1.5013602755905511
0
LINE
8
BLACK
6
CONTINUOUS
10
0.8092181102362205
20
1.5013602755905511
11
0.808718937007874
21
1.5013248031496063
0
LINE
8
BLACK
6
CONTINUOUS
10
0.808718937007874
20
1.5013248031496063
11
0.8082566141732284
21
1.5011333070866142
0
LINE
8
BLACK
6
CONTINUOUS
10
0.8082566141732284
20
1.5011333070866142
11
0.8054423622047244
21
1.5011333070866142
0
LINE
8
BLACK
6
CONTINUOUS
10
0.8054423622047244
20
1.5011333070866142
11
0.80498
21
1.5013248031496063
0
LINE
8
BLACK
6
CONTINUOUS
10
0.80498
20
1.5013248031496063
11
0.8044808661417323
21
1.5013602755905511
0
LINE
8
BLACK
6
CONTINUOUS
10
0.8044808661417323
20
1.5013602755905511
11
0.8026046456692913
21
1.5022983858267716
0
LINE
8
BLACK
6
CONTINUOUS
10
0.8026046456692913
20
1.5022983858267716
11
0.8023727559055118
21
1.5025657086614173
0
LINE
8
BLACK
6
CONTINUOUS
10
0.8023727559055118
20
1.5025657086614173
11
0.8020458661417322
21
1.5027011417322835
0
LINE
8
BLACK
6
CONTINUOUS
10
0.8020458661417322
20
1.5027011417322835
11
0.8011077952755905
21
1.5036392125984253
0
LINE
8
BLACK
6
CONTINUOUS
10
0.8011077952755905
20
1.5036392125984253
11
0.8009723622047243
21
1.5039660629921259
0
LINE
8
BLACK
6
CONTINUOUS
10
0.8009723622047243
20
1.5039660629921259
11
0.8007050393700788
21
1.5041979527559055
0
LINE
8
BLACK
6
CONTINUOUS
10
0.8007050393700788
20
1.5041979527559055
11
0.799766968503937
21
1.5060741338582677
0
LINE
8
BLACK
6
CONTINUOUS
10
0.799766968503937
20
1.5060741338582677
11
0.7997314566929133
21
1.5065732677165353
0
LINE
8
BLACK
6
CONTINUOUS
10
0.7997314566929133
20
1.5065732677165353
11
0.7995399606299213
21
1.5070356692913385
0
LINE
8
BLACK
6
CONTINUOUS
10
0.7995399606299213
20
1.5070356692913385
11
0.7995399606299213
21
1.5145404330708661
0
LINE
8
BLACK
6
CONTINUOUS
10
0.7995399606299213
20
1.5145404330708661
11
0.80016968503937
21
1.5160607086614173
0
LINE
8
BLACK
6
CONTINUOUS
10
0.80016968503937
20
1.5160607086614173
11
0.8016899606299213
21
1.5166904330708662
0
LINE
8
BLACK
6
CONTINUOUS
10
0.8016899606299213
20
1.5166904330708662
11
0.8213899606299212
21
1.5166904330708662
0
LINE
8
BLACK
6
CONTINUOUS
10
0.8213899606299212
20
1.5166904330708662
11
0.8229102362204724
21
1.5160607086614173
0
LINE
8
BLACK
6
CONTINUOUS
10
0.8038399606299212
20
1.507543188976378
11
0.804395
21
1.5064330708661418
0
LINE
8
BLACK
6
CONTINUOUS
10
0.804395
20
1.5064330708661418
11
0.8048396850393701
21
1.5059884251968503
0
LINE
8
BLACK
6
CONTINUOUS
10
0.8048396850393701
20
1.5059884251968503
11
0.8059499212598425
21
1.5054333070866142
0
LINE
8
BLACK
6
CONTINUOUS
10
0.8059499212598425
20
1.5054333070866142
11
0.8077490551181102
21
1.5054333070866142
0
LINE
8
BLACK
6
CONTINUOUS
10
0.8077490551181102
20
1.5054333070866142
11
0.8088592913385827
21
1.5059884251968503
0
LINE
8
BLACK
6
CONTINUOUS
10
0.8088592913385827
20
1.5059884251968503
11
0.8093038976377953
21
1.506433031496063
0
LINE
8
BLACK
6
CONTINUOUS
10
0.8093038976377953
20
1.506433031496063
11
0.8098590157480314
21
1.5075432283464567
0
LINE
8
BLACK
6
CONTINUOUS
10
0.8098590157480314
20
1.5075432283464567
11
0.8098590157480314
21
1.5123904330708662
0
LINE
8
BLACK
6
CONTINUOUS
10
0.8098590157480314
20
1.5123904330708662
11
0.8038399606299212
21
1.5123904330708662
0
LINE
8
BLACK
6
CONTINUOUS
10
0.8038399606299212
20
1.5123904330708662
11
0.8038399606299212
21
1.507543188976378
0
LINE
8
BLACK
6
CONTINUOUS
10
0.8979102362204724
20
1.5160607086614173
11
0.8985399606299213
21
1.5145404330708661
0
LINE
8
BLACK
6
CONTINUOUS
10
0.8985399606299213
20
1.5145404330708661
11
0.8979102362204724
21
1.5130201574803148
0
LINE
8
BLACK
6
CONTINUOUS
10
0.8979102362204724
20
1.5130201574803148
11
0.8963899606299213
21
1.5123904330708662
0
LINE
8
BLACK
6
CONTINUOUS
10
0.8963899606299213
20
1.5123904330708662
11
0.8891590157480315
21
1.5123904330708662
0
LINE
8
BLACK
6
CONTINUOUS
10
0.8891590157480315
20
1.5123904330708662
11
0.8891590157480315
21
1.5109693307086614
0
LINE
8
BLACK
6
CONTINUOUS
10
0.8891590157480315
20
1.5109693307086614
11
0.8976229133858268
21
1.5050446456692914
0
LINE
8
BLACK
6
CONTINUOUS
10
0.8976229133858268
20
1.5050446456692914
11
0.8985072440944881
21
1.5036569291338582
0
LINE
8
BLACK
6
CONTINUOUS
10
0.8985072440944881
20
1.5036569291338582
11
0.8981512992125984
21
1.5020503543307087
0
LINE
8
BLACK
6
CONTINUOUS
10
0.8981512992125984
20
1.5020503543307087
11
0.896763622047244
21
1.5011660236220472
0
LINE
8
BLACK
6
CONTINUOUS
10
0.896763622047244
20
1.5011660236220472
11
0.8951570078740158
21
1.5015219685039369
0
LINE
8
BLACK
6
CONTINUOUS
10
0.8951570078740158
20
1.5015219685039369
11
0.8888598818897637
21
1.5059299212598425
0
LINE
8
BLACK
6
CONTINUOUS
10
0.8888598818897637
20
1.5059299212598425
11
0.8879938976377952
21
1.5041979527559055
0
LINE
8
BLACK
6
CONTINUOUS
10
0.8879938976377952
20
1.5041979527559055
11
0.8877265748031495
21
1.5039661023622046
0
LINE
8
BLACK
6
CONTINUOUS
10
0.8877265748031495
20
1.5039661023622046
11
0.8875911811023622
21
1.5036392125984253
0
LINE
8
BLACK
6
CONTINUOUS
10
0.8875911811023622
20
1.5036392125984253
11
0.8866531102362204
21
1.5027011417322835
0
LINE
8
BLACK
6
CONTINUOUS
10
0.8866531102362204
20
1.5027011417322835
11
0.8863261811023622
21
1.5025657086614173
0
LINE
8
BLACK
6
CONTINUOUS
10
0.8863261811023622
20
1.5025657086614173
11
0.8860943307086614
21
1.5022983858267716
0
LINE
8
BLACK
6
CONTINUOUS
10
0.8860943307086614
20
1.5022983858267716
11
0.8842181102362204
21
1.5013602755905511
0
LINE
8
BLACK
6
CONTINUOUS
10
0.8842181102362204
20
1.5013602755905511
11
0.883718937007874
21
1.5013248031496063
0
LINE
8
BLACK
6
CONTINUOUS
10
0.883718937007874
20
1.5013248031496063
11
0.8832566141732283
21
1.5011333070866142
0
LINE
8
BLACK
6
CONTINUOUS
10
0.8832566141732283
20
1.5011333070866142
11
0.8804423622047244
21
1.5011333070866142
0
LINE
8
BLACK
6
CONTINUOUS
10
0.8804423622047244
20
1.5011333070866142
11
0.87998
21
1.5013248031496063
0
LINE
8
BLACK
6
CONTINUOUS
10
0.87998
20
1.5013248031496063
11
0.8794808661417323
21
1.5013602755905511
0
LINE
8
BLACK
6
CONTINUOUS
10
0.8794808661417323
20
1.5013602755905511
11
0.8776046456692913
21
1.5022983858267716
0
LINE
8
BLACK
6
CONTINUOUS
10
0.8776046456692913
20
1.5022983858267716
11
0.8773727559055118
21
1.5025657086614173
0
LINE
8
BLACK
6
CONTINUOUS
10
0.8773727559055118
20
1.5025657086614173
11
0.8770458661417323
21
1.5027011417322835
0
LINE
8
BLACK
6
CONTINUOUS
10
0.8770458661417323
20
1.5027011417322835
11
0.8761077952755906
21
1.5036392125984253
0
LINE
8
BLACK
6
CONTINUOUS
10
0.8761077952755906
20
1.5036392125984253
11
0.8759723622047244
21
1.5039660629921259
0
LINE
8
BLACK
6
CONTINUOUS
10
0.8759723622047244
20
1.5039660629921259
11
0.8757050393700787
21
1.5041979527559055
0
LINE
8
BLACK
6
CONTINUOUS
10
0.8757050393700787
20
1.5041979527559055
11
0.874766968503937
21
1.5060741338582677
0
LINE
8
BLACK
6
CONTINUOUS
10
0.874766968503937
20
1.5060741338582677
11
0.8747314566929134
21
1.5065732677165353
0
LINE
8
BLACK
6
CONTINUOUS
10
0.8747314566929134
20
1.5065732677165353
11
0.8745399606299212
21
1.5070356692913385
0
LINE
8
BLACK
6
CONTINUOUS
10
0.8745399606299212
20
1.5070356692913385
11
0.8745399606299212
21
1.5145404330708661
0
LINE
8
BLACK
6
CONTINUOUS
10
0.8745399606299212
20
1.5145404330708661
11
0.8751696850393701
21
1.5160607086614173
0
LINE
8
BLACK
6
CONTINUOUS
10
0.8751696850393701
20
1.5160607086614173
11
0.8766899606299212
21
1.5166904330708662
0
LINE
8
BLACK
6
CONTINUOUS
10
0.8766899606299212
20
1.5166904330708662
11
0.8963899606299213
21
1.5166904330708662
0
LINE
8
BLACK
6
CONTINUOUS
10
0.8963899606299213
20
1.5166904330708662
11
0.8979102362204724
21
1.5160607086614173
0
LINE
8
BLACK
6
CONTINUOUS
10
0.8788399606299212
20
1.507543188976378
11
0.8793949999999999
21
1.5064330708661418
0
LINE
8
BLACK
6
CONTINUOUS
10
0.8793949999999999
20
1.5064330708661418
11
0.87983968503937
21
1.5059884251968503
0
LINE
8
BLACK
6
CONTINUOUS
10
0.87983968503937
20
1.5059884251968503
11
0.8809499212598425
21
1.5054333070866142
0
LINE
8
BLACK
6
CONTINUOUS
10
0.8809499212598425
20
1.5054333070866142
11
0.8827490551181102
21
1.5054333070866142
0
LINE
8
BLACK
6
CONTINUOUS
10
0.8827490551181102
20
1.5054333070866142
11
0.8838592913385827
21
1.5059884251968503
0
LINE
8
BLACK
6
CONTINUOUS
10
0.8838592913385827
20
1.5059884251968503
11
0.8843038976377953
21
1.506433031496063
0
LINE
8
BLACK
6
CONTINUOUS
10
0.8843038976377953
20
1.506433031496063
11
0.8848590157480315
21
1.5075432283464567
0
LINE
8
BLACK
6
CONTINUOUS
10
0.8848590157480315
20
1.5075432283464567
11
0.8848590157480315
21
1.5123904330708662
0
LINE
8
BLACK
6
CONTINUOUS
10
0.8848590157480315
20
1.5123904330708662
11
0.8788399606299212
21
1.5123904330708662
0
LINE
8
BLACK
6
CONTINUOUS
10
0.8788399606299212
20
1.5123904330708662
11
0.8788399606299212
21
1.507543188976378
0
LINE
8
BLACK
6
CONTINUOUS
10
0.9729102362204725
20
1.5160607086614173
11
0.9735399606299212
21
1.5145404330708661
0
LINE
8
BLACK
6
CONTINUOUS
10
0.9735399606299212
20
1.5145404330708661
11
0.9729102362204725
21
1.5130201574803148
0
LINE
8
BLACK
6
CONTINUOUS
10
0.9729102362204725
20
1.5130201574803148
11
0.9713899606299212
21
1.5123904330708662
0
LINE
8
BLACK
6
CONTINUOUS
10
0.9713899606299212
20
1.5123904330708662
11
0.9641590157480314
21
1.5123904330708662
0
LINE
8
BLACK
6
CONTINUOUS
10
0.9641590157480314
20
1.5123904330708662
11
0.9641590157480314
21
1.5109693307086614
0
LINE
8
BLACK
6
CONTINUOUS
10
0.9641590157480314
20
1.5109693307086614
11
0.9726229133858267
21
1.5050446456692914
0
LINE
8
BLACK
6
CONTINUOUS
10
0.9726229133858267
20
1.5050446456692914
11
0.9735072440944882
21
1.5036569291338582
0
LINE
8
BLACK
6
CONTINUOUS
10
0.9735072440944882
20
1.5036569291338582
11
0.9731512992125984
21
1.5020503543307087
0
LINE
8
BLACK
6
CONTINUOUS
10
0.9731512992125984
20
1.5020503543307087
11
0.9717636220472441
21
1.5011660236220472
0
LINE
8
BLACK
6
CONTINUOUS
10
0.9717636220472441
20
1.5011660236220472
11
0.9701570078740157
21
1.5015219685039369
0
LINE
8
BLACK
6
CONTINUOUS
10
0.9701570078740157
20
1.5015219685039369
11
0.9638598818897638
21
1.5059299212598425
0
LINE
8
BLACK
6
CONTINUOUS
10
0.9638598818897638
20
1.5059299212598425
11
0.9629938976377953
21
1.5041979527559055
0
LINE
8
BLACK
6
CONTINUOUS
10
0.9629938976377953
20
1.5041979527559055
11
0.9627265748031496
21
1.5039661023622046
0
LINE
8
BLACK
6
CONTINUOUS
10
0.9627265748031496
20
1.5039661023622046
11
0.9625911811023622
21
1.5036392125984253
0
LINE
8
BLACK
6
CONTINUOUS
10
0.9625911811023622
20
1.5036392125984253
11
0.9616531102362205
21
1.5027011417322835
0
LINE
8
BLACK
6
CONTINUOUS
10
0.9616531102362205
20
1.5027011417322835
11
0.9613261811023622
21
1.5025657086614173
0
LINE
8
BLACK
6
CONTINUOUS
10
0.9613261811023622
20
1.5025657086614173
11
0.9610943307086613
21
1.5022983858267716
0
LINE
8
BLACK
6
CONTINUOUS
10
0.9610943307086613
20
1.5022983858267716
11
0.9592181102362205
21
1.5013602755905511
0
LINE
8
BLACK
6
CONTINUOUS
10
0.9592181102362205
20
1.5013602755905511
11
0.958718937007874
21
1.5013248031496063
0
LINE
8
BLACK
6
CONTINUOUS
10
0.958718937007874
20
1.5013248031496063
11
0.9582566141732283
21
1.5011333070866142
0
LINE
8
BLACK
6
CONTINUOUS
10
0.9582566141732283
20
1.5011333070866142
11
0.9554423622047243
21
1.5011333070866142
0
LINE
8
BLACK
6
CONTINUOUS
10
0.9554423622047243
20
1.5011333070866142
11
0.9549799999999999
21
1.5013248031496063
0
LINE
8
BLACK
6
CONTINUOUS
10
0.9549799999999999
20
1.5013248031496063
11
0.9544808661417322
21
1.5013602755905511
0
LINE
8
BLACK
6
CONTINUOUS
10
0.9544808661417322
20
1.5013602755905511
11
0.9526046456692914
21
1.5022983858267716
0
LINE
8
BLACK
6
CONTINUOUS
10
0.9526046456692914
20
1.5022983858267716
11
0.9523727559055117
21
1.5025657086614173
0
LINE
8
BLACK
6
CONTINUOUS
10
0.9523727559055117
20
1.5025657086614173
11
0.9520458661417323
21
1.5027011417322835
0
LINE
8
BLACK
6
CONTINUOUS
10
0.9520458661417323
20
1.5027011417322835
11
0.9511077952755905
21
1.5036392125984253
0
LINE
8
BLACK
6
CONTINUOUS
10
0.9511077952755905
20
1.5036392125984253
11
0.9509723622047244
21
1.5039660629921259
0
LINE
8
BLACK
6
CONTINUOUS
10
0.9509723622047244
20
1.5039660629921259
11
0.9507050393700787
21
1.5041979527559055
0
LINE
8
BLACK
6
CONTINUOUS
10
0.9507050393700787
20
1.5041979527559055
11
0.9497669685039369
21
1.5060741338582677
0
LINE
8
BLACK
6
CONTINUOUS
10
0.9497669685039369
20
1.5060741338582677
11
0.9497314566929134
21
1.5065732677165353
0
LINE
8
BLACK
6
CONTINUOUS
10
0.9497314566929134
20
1.5065732677165353
11
0.9495399606299212
21
1.5070356692913385
0
LINE
8
BLACK
6
CONTINUOUS
10
0.9495399606299212
20
1.5070356692913385
11
0.9495399606299212
21
1.5145404330708661
0
LINE
8
BLACK
6
CONTINUOUS
10
0.9495399606299212
20
1.5145404330708661
11
0.95016968503937
21
1.5160607086614173
0
LINE
8
BLACK
6
CONTINUOUS
10
0.95016968503937
20
1.5160607086614173
11
0.9516899606299213
21
1.5166904330708662
0
LINE
8
BLACK
6
CONTINUOUS
10
0.9516899606299213
20
1.5166904330708662
11
0.9713899606299212
21
1.5166904330708662
0
LINE
8
BLACK
6
CONTINUOUS
10
0.9713899606299212
20
1.5166904330708662
11
0.9729102362204725
21
1.5160607086614173
0
LINE
8
BLACK
6
CONTINUOUS
10
0.9538399606299213
20
1.507543188976378
11
0.954395
21
1.5064330708661418
0
LINE
8
BLACK
6
CONTINUOUS
10
0.954395
20
1.5064330708661418
11
0.9548396850393701
21
1.5059884251968503
0
LINE
8
BLACK
6
CONTINUOUS
10
0.9548396850393701
20
1.5059884251968503
11
0.9559499212598425
21
1.5054333070866142
0
LINE
8
BLACK
6
CONTINUOUS
10
0.9559499212598425
20
1.5054333070866142
11
0.9577490551181103
21
1.5054333070866142
0
LINE
8
BLACK
6
CONTINUOUS
10
0.9577490551181103
20
1.5054333070866142
11
0.9588592913385826
21
1.5059884251968503
0
LINE
8
BLACK
6
CONTINUOUS
10
0.9588592913385826
20
1.5059884251968503
11
0.9593038976377952
21
1.506433031496063
0
LINE
8
BLACK
6
CONTINUOUS
10
0.9593038976377952
20
1.506433031496063
11
0.9598590157480315
21
1.5075432283464567
0
LINE
8
BLACK
6
CONTINUOUS
10
0.9598590157480315
20
1.5075432283464567
11
0.9598590157480315
21
1.5123904330708662
0
LINE
8
BLACK
6
CONTINUOUS
10
0.9598590157480315
20
1.5123904330708662
11
0.9538399606299213
21
1.5123904330708662
0
LINE
8
BLACK
6
CONTINUOUS
10
0.9538399606299213
20
1.5123904330708662
11
0.9538399606299213
21
1.507543188976378
0
LINE
8
BLACK
6
CONTINUOUS
10
0.9053835039370078
20
1.5628851181102361
11
0.9055127559055118
21
1.5629079133858268
0
LINE
8
BLACK
6
CONTINUOUS
10
0.9055127559055118
20
1.5629079133858268
11
0.9056263385826772
21
1.562842283464567
0
LINE
8
BLACK
6
CONTINUOUS
10
0.9056263385826772
20
1.562842283464567
11
0.9060099212598425
21
1.56277468503937
0
LINE
8
BLACK
6
CONTINUOUS
10
0.9060099212598425
20
1.56277468503937
11
0.9065975984251968
21
1.5622815354330708
0
LINE
8
BLACK
6
CONTINUOUS
10
0.9065975984251968
20
1.5622815354330708
11
0.9072619291338583
21
1.5618979921259841
0
LINE
8
BLACK
6
CONTINUOUS
10
0.9072619291338583
20
1.5618979921259841
11
0.9073530314960629
21
1.5616476377952755
0
LINE
8
BLACK
6
CONTINUOUS
10
0.9073530314960629
20
1.5616476377952755
11
0.9075571653543307
21
1.5614763779527558
0
LINE
8
BLACK
6
CONTINUOUS
10
0.9075571653543307
20
1.5614763779527558
11
0.9076903937007874
21
1.5607207874015747
0
LINE
8
BLACK
6
CONTINUOUS
10
0.9076903937007874
20
1.5607207874015747
11
0.9079527559055118
21
1.5600000000000001
0
LINE
8
BLACK
6
CONTINUOUS
10
0.9079527559055118
20
1.5600000000000001
11
0.9079527559055118
21
1.52
0
LINE
8
BLACK
6
CONTINUOUS
10
0.9079527559055118
20
1.52
11
0.9077746850393701
21
1.5189900787401573
0
LINE
8
BLACK
6
CONTINUOUS
10
0.9077746850393701
20
1.5189900787401573
11
0.9064763779527559
21
1.5174428346456692
0
LINE
8
BLACK
6
CONTINUOUS
10
0.9064763779527559
20
1.5174428346456692
11
0.9044872440944882
21
1.5170920866141733
0
LINE
8
BLACK
6
CONTINUOUS
10
0.9044872440944882
20
1.5170920866141733
11
0.9027380708661417
21
1.5181020078740157
0
LINE
8
BLACK
6
CONTINUOUS
10
0.9027380708661417
20
1.5181020078740157
11
0.9020472440944882
21
1.52
0
LINE
8
BLACK
6
CONTINUOUS
10
0.9020472440944882
20
1.52
11
0.9020472440944882
21
1.5570472440944882
0
LINE
8
BLACK
6
CONTINUOUS
10
0.9020472440944882
20
1.5570472440944882
11
0.8479527559055118
21
1.5570472440944882
0
LINE
8
BLACK
6
CONTINUOUS
10
0.8479527559055118
20
1.5570472440944882
11
0.8479527559055118
21
1.5399398818897638
0
LINE
8
BLACK
6
CONTINUOUS
10
0.8479527559055118
20
1.5399398818897638
11
0.8491899606299212
21
1.5404523622047244
0
LINE
8
BLACK
6
CONTINUOUS
10
0.8491899606299212
20
1.5404523622047244
11
0.8507102362204724
21
1.5398226377952755
0
LINE
8
BLACK
6
CONTINUOUS
10
0.8507102362204724
20
1.5398226377952755
11
0.8513399606299212
21
1.5383023622047243
0
LINE
8
BLACK
6
CONTINUOUS
10
0.8513399606299212
20
1.5383023622047243
11
0.8513399606299212
21
1.5308451968503938
0
LINE
8
BLACK
6
CONTINUOUS
10
0.8513399606299212
20
1.5308451968503938
11
0.8552789370078741
21
1.5342918110236221
0
LINE
8
BLACK
6
CONTINUOUS
10
0.8552789370078741
20
1.5342918110236221
11
0.8559955905511811
21
1.5345341732283464
0
LINE
8
BLACK
6
CONTINUOUS
10
0.8559955905511811
20
1.5345341732283464
11
0.8566947244094488
21
1.534823779527559
0
LINE
8
BLACK
6
CONTINUOUS
10
0.8566947244094488
20
1.534823779527559
11
0.8567653149606299
21
1.5347944881889763
0
LINE
8
BLACK
6
CONTINUOUS
10
0.8567653149606299
20
1.5347944881889763
11
0.8568377559055118
21
1.5348190157480315
0
LINE
8
BLACK
6
CONTINUOUS
10
0.8568377559055118
20
1.5348190157480315
11
0.8575160236220473
21
1.5344835433070865
0
LINE
8
BLACK
6
CONTINUOUS
10
0.8575160236220473
20
1.5344835433070865
11
0.858215
21
1.5341940551181101
0
LINE
8
BLACK
6
CONTINUOUS
10
0.858215
20
1.5341940551181101
11
0.8582442125984252
21
1.5341234251968503
0
LINE
8
BLACK
6
CONTINUOUS
10
0.8582442125984252
20
1.5341234251968503
11
0.8583127559055118
21
1.5340895669291339
0
LINE
8
BLACK
6
CONTINUOUS
10
0.8583127559055118
20
1.5340895669291339
11
0.8585551181102362
21
1.533372874015748
0
LINE
8
BLACK
6
CONTINUOUS
10
0.8585551181102362
20
1.533372874015748
11
0.8588447244094488
21
1.5326737795275591
0
LINE
8
BLACK
6
CONTINUOUS
10
0.8588447244094488
20
1.5326737795275591
11
0.8588447244094488
21
1.5303670078740157
0
LINE
8
BLACK
6
CONTINUOUS
10
0.8588447244094488
20
1.5303670078740157
11
0.8593998031496063
21
1.5292568503937007
0
LINE
8
BLACK
6
CONTINUOUS
10
0.8593998031496063
20
1.5292568503937007
11
0.8598444488188977
21
1.5288122047244095
0
LINE
8
BLACK
6
CONTINUOUS
10
0.8598444488188977
20
1.5288122047244095
11
0.86095468503937
21
1.5282571259842519
0
LINE
8
BLACK
6
CONTINUOUS
10
0.86095468503937
20
1.5282571259842519
11
0.8646300393700788
21
1.5282571259842519
0
LINE
8
BLACK
6
CONTINUOUS
10
0.8646300393700788
20
1.5282571259842519
11
0.8657402362204725
21
1.5288122047244095
0
LINE
8
BLACK
6
CONTINUOUS
10
0.8657402362204725
20
1.5288122047244095
11
0.866184842519685
21
1.529256811023622
0
LINE
8
BLACK
6
CONTINUOUS
10
0.866184842519685
20
1.529256811023622
11
0.8667399606299212
21
1.5303670078740157
0
LINE
8
BLACK
6
CONTINUOUS
10
0.8667399606299212
20
1.5303670078740157
11
0.8667399606299212
21
1.5349805118110236
0
LINE
8
BLACK
6
CONTINUOUS
10
0.8667399606299212
20
1.5349805118110236
11
0.866184842519685
21
1.5360907086614173
0
LINE
8
BLACK
6
CONTINUOUS
10
0.866184842519685
20
1.5360907086614173
11
0.8654935039370079
21
1.5367820866141733
0
LINE
8
BLACK
6
CONTINUOUS
10
0.8654935039370079
20
1.5367820866141733
11
0.864863779527559
21
1.5383023622047243
0
LINE
8
BLACK
6
CONTINUOUS
10
0.864863779527559
20
1.5383023622047243
11
0.8654935039370079
21
1.5398226377952755
0
LINE
8
BLACK
6
CONTINUOUS
10
0.8654935039370079
20
1.5398226377952755
11
0.867013779527559
21
1.5404523622047244
0
LINE
8
BLACK
6
CONTINUOUS
10
0.867013779527559
20
1.5404523622047244
11
0.8685340551181102
21
1.5398226377952755
0
LINE
8
BLACK
6
CONTINUOUS
10
0.8685340551181102
20
1.5398226377952755
11
0.8694721653543307
21
1.538884527559055
0
LINE
8
BLACK
6
CONTINUOUS
10
0.8694721653543307
20
1.538884527559055
11
0.8696075590551181
21
1.5385575984251969
0
LINE
8
BLACK
6
CONTINUOUS
10
0.8696075590551181
20
1.5385575984251969
11
0.8698749212598424
21
1.538325748031496
0
LINE
8
BLACK
6
CONTINUOUS
10
0.8698749212598424
20
1.538325748031496
11
0.8708129921259843
21
1.5364495669291338
0
LINE
8
BLACK
6
CONTINUOUS
10
0.8708129921259843
20
1.5364495669291338
11
0.8708484251968504
21
1.5359503937007875
0
LINE
8
BLACK
6
CONTINUOUS
10
0.8708484251968504
20
1.5359503937007875
11
0.8710399606299213
21
1.5354880708661418
0
LINE
8
BLACK
6
CONTINUOUS
10
0.8710399606299213
20
1.5354880708661418
11
0.8710399606299213
21
1.5298594881889764
0
LINE
8
BLACK
6
CONTINUOUS
10
0.8710399606299213
20
1.5298594881889764
11
0.8708484251968504
21
1.529397125984252
0
LINE
8
BLACK
6
CONTINUOUS
10
0.8708484251968504
20
1.529397125984252
11
0.8708129921259843
21
1.5288979921259842
0
LINE
8
BLACK
6
CONTINUOUS
10
0.8708129921259843
20
1.5288979921259842
11
0.8698749212598424
21
1.527021811023622
0
LINE
8
BLACK
6
CONTINUOUS
10
0.8698749212598424
20
1.527021811023622
11
0.8696075590551181
21
1.5267899212598426
0
LINE
8
BLACK
6
CONTINUOUS
10
0.8696075590551181
20
1.5267899212598426
11
0.8694721653543307
21
1.526463031496063
0
LINE
8
BLACK
6
CONTINUOUS
10
0.8694721653543307
20
1.526463031496063
11
0.8685340551181102
21
1.5255249212598425
0
LINE
8
BLACK
6
CONTINUOUS
10
0.8685340551181102
20
1.5255249212598425
11
0.868207125984252
21
1.5253894881889762
0
LINE
8
BLACK
6
CONTINUOUS
10
0.868207125984252
20
1.5253894881889762
11
0.8679752755905512
21
1.5251221653543308
0
LINE
8
BLACK
6
CONTINUOUS
10
0.8679752755905512
20
1.5251221653543308
11
0.866099094488189
21
1.524184094488189
0
LINE
8
BLACK
6
CONTINUOUS
10
0.866099094488189
20
1.524184094488189
11
0.8655999212598425
21
1.524148622047244
0
LINE
8
BLACK
6
CONTINUOUS
10
0.8655999212598425
20
1.524148622047244
11
0.8651375984251969
21
1.5239571259842519
0
LINE
8
BLACK
6
CONTINUOUS
10
0.8651375984251969
20
1.5239571259842519
11
0.860447125984252
21
1.5239571259842519
0
LINE
8
BLACK
6
CONTINUOUS
10
0.860447125984252
20
1.5239571259842519
11
0.8599847637795276
21
1.524148622047244
0
LINE
8
BLACK
6
CONTINUOUS
10
0.8599847637795276
20
1.524148622047244
11
0.8594856692913385
21
1.524184094488189
0
LINE
8
BLACK
6
CONTINUOUS
10
0.8594856692913385
20
1.524184094488189
11
0.8576094094488189
21
1.5251221653543308
0
LINE
8
BLACK
6
CONTINUOUS
10
0.8576094094488189
20
1.5251221653543308
11
0.8573775196850394
21
1.525389527559055
0
LINE
8
BLACK
6
CONTINUOUS
10
0.8573775196850394
20
1.525389527559055
11
0.857050590551181
21
1.5255249606299213
0
LINE
8
BLACK
6
CONTINUOUS
10
0.857050590551181
20
1.5255249606299213
11
0.8561125196850393
21
1.5264630708661417
0
LINE
8
BLACK
6
CONTINUOUS
10
0.8561125196850393
20
1.5264630708661417
11
0.8559771259842519
21
1.5267899212598426
0
LINE
8
BLACK
6
CONTINUOUS
10
0.8559771259842519
20
1.5267899212598426
11
0.8557098031496063
21
1.5270217716535432
0
LINE
8
BLACK
6
CONTINUOUS
10
0.8557098031496063
20
1.5270217716535432
11
0.8550373228346456
21
1.5283666929133859
0
LINE
8
BLACK
6
CONTINUOUS
10
0.8550373228346456
20
1.5283666929133859
11
0.850605748031496
21
1.524489094488189
0
LINE
8
BLACK
6
CONTINUOUS
10
0.850605748031496
20
1.524489094488189
11
0.8498890551181102
21
1.5242466929133858
0
LINE
8
BLACK
6
CONTINUOUS
10
0.8498890551181102
20
1.5242466929133858
11
0.8491899606299212
21
1.5239571259842519
0
LINE
8
BLACK
6
CONTINUOUS
10
0.8491899606299212
20
1.5239571259842519
11
0.8491193307086614
21
1.5239863779527558
0
LINE
8
BLACK
6
CONTINUOUS
10
0.8491193307086614
20
1.5239863779527558
11
0.8490469291338583
21
1.5239618897637794
0
LINE
8
BLACK
6
CONTINUOUS
10
0.8490469291338583
20
1.5239618897637794
11
0.8483686220472441
21
1.5242973228346457
0
LINE
8
BLACK
6
CONTINUOUS
10
0.8483686220472441
20
1.5242973228346457
11
0.8479527559055118
21
1.5244695669291337
0
LINE
8
BLACK
6
CONTINUOUS
10
0.8479527559055118
20
1.5244695669291337
11
0.8479527559055118
21
1.5211779921259843
0
LINE
8
BLACK
6
CONTINUOUS
10
0.8479527559055118
20
1.5211779921259843
11
0.8491899606299212
21
1.5216904724409448
0
LINE
8
BLACK
6
CONTINUOUS
10
0.8491899606299212
20
1.5216904724409448
11
0.8507102362204724
21
1.5210607480314959
0
LINE
8
BLACK
6
CONTINUOUS
10
0.8507102362204724
20
1.5210607480314959
11
0.8513399606299212
21
1.5195404724409449
0
LINE
8
BLACK
6
CONTINUOUS
10
0.8513399606299212
20
1.5195404724409449
11
0.8513399606299212
21
1.5120833070866142
0
LINE
8
BLACK
6
CONTINUOUS
10
0.8513399606299212
20
1.5120833070866142
11
0.8552789370078741
21
1.5155299212598425
0
LINE
8
BLACK
6
CONTINUOUS
10
0.8552789370078741
20
1.5155299212598425
11
0.8559955905511811
21
1.5157722834645668
0
LINE
8
BLACK
6
CONTINUOUS
10
0.8559955905511811
20
1.5157722834645668
11
0.8566947244094488
21
1.5160618897637794
0
LINE
8
BLACK
6
CONTINUOUS
10
0.8566947244094488
20
1.5160618897637794
11
0.8567653149606299
21
1.5160325984251968
0
LINE
8
BLACK
6
CONTINUOUS
10
0.8567653149606299
20
1.5160325984251968
11
0.8568377559055118
21
1.5160571259842519
0
LINE
8
BLACK
6
CONTINUOUS
10
0.8568377559055118
20
1.5160571259842519
11
0.8575160236220473
21
1.5157216535433071
0
LINE
8
BLACK
6
CONTINUOUS
10
0.8575160236220473
20
1.5157216535433071
11
0.858215
21
1.5154321653543308
0
LINE
8
BLACK
6
CONTINUOUS
10
0.858215
20
1.5154321653543308
11
0.8582442125984252
21
1.5153615354330707
0
LINE
8
BLACK
6
CONTINUOUS
10
0.8582442125984252
20
1.5153615354330707
11
0.8583127559055118
21
1.5153276771653543
0
LINE
8
BLACK
6
CONTINUOUS
10
0.8583127559055118
20
1.5153276771653543
11
0.8585551181102362
21
1.5146109842519684
0
LINE
8
BLACK
6
CONTINUOUS
10
0.8585551181102362
20
1.5146109842519684
11
0.8588447244094488
21
1.5139118897637796
0
LINE
8
BLACK
6
CONTINUOUS
10
0.8588447244094488
20
1.5139118897637796
11
0.8588447244094488
21
1.5116051181102361
0
LINE
8
BLACK
6
CONTINUOUS
10
0.8588447244094488
20
1.5116051181102361
11
0.8593998031496063
21
1.5104949606299212
0
LINE
8
BLACK
6
CONTINUOUS
10
0.8593998031496063
20
1.5104949606299212
11
0.8598444488188977
21
1.5100503149606299
0
LINE
8
BLACK
6
CONTINUOUS
10
0.8598444488188977
20
1.5100503149606299
11
0.86095468503937
21
1.5094952362204723
0
LINE
8
BLACK
6
CONTINUOUS
10
0.86095468503937
20
1.5094952362204723
11
0.8646300393700788
21
1.5094952362204723
0
LINE
8
BLACK
6
CONTINUOUS
10
0.8646300393700788
20
1.5094952362204723
11
0.8657402362204725
21
1.5100503149606299
0
LINE
8
BLACK
6
CONTINUOUS
10
0.8657402362204725
20
1.5100503149606299
11
0.866184842519685
21
1.5104949212598424
0
LINE
8
BLACK
6
CONTINUOUS
10
0.866184842519685
20
1.5104949212598424
11
0.8667399606299212
21
1.5116051181102361
0
LINE
8
BLACK
6
CONTINUOUS
10
0.8667399606299212
20
1.5116051181102361
11
0.8667399606299212
21
1.516218622047244
0
LINE
8
BLACK
6
CONTINUOUS
10
0.8667399606299212
20
1.516218622047244
11
0.866184842519685
21
1.5173288188976377
0
LINE
8
BLACK
6
CONTINUOUS
10
0.866184842519685
20
1.5173288188976377
11
0.8654935039370079
21
1.5180201968503937
0
LINE
8
BLACK
6
CONTINUOUS
10
0.8654935039370079
20
1.5180201968503937
11
0.864863779527559
21
1.5195404724409449
0
LINE
8
BLACK
6
CONTINUOUS
10
0.864863779527559
20
1.5195404724409449
11
0.8654935039370079
21
1.5210607480314959
0
LINE
8
BLACK
6
CONTINUOUS
10
0.8654935039370079
20
1.5210607480314959
11
0.867013779527559
21
1.5216904724409448
0
LINE
8
BLACK
6
CONTINUOUS
10
0.867013779527559
20
1.5216904724409448
11
0.8685340551181102
21
1.5210607480314959
0
LINE
8
BLACK
6
CONTINUOUS
10
0.8685340551181102
20
1.5210607480314959
11
0.8694721653543307
21
1.5201226377952755
0
LINE
8
BLACK
6
CONTINUOUS
10
0.8694721653543307
20
1.5201226377952755
11
0.8696075590551181
21
1.5197957086614173
0
LINE
8
BLACK
6
CONTINUOUS
10
0.8696075590551181
20
1.5197957086614173
11
0.8698749212598424
21
1.5195638582677164
0
LINE
8
BLACK
6
CONTINUOUS
10
0.8698749212598424
20
1.5195638582677164
11
0.8708129921259843
21
1.5176876771653542
0
LINE
8
BLACK
6
CONTINUOUS
10
0.8708129921259843
20
1.5176876771653542
11
0.8708484251968504
21
1.5171885039370079
0
LINE
8
BLACK
6
CONTINUOUS
10
0.8708484251968504
20
1.5171885039370079
11
0.8710399606299213
21
1.5167261811023622
0
LINE
8
BLACK
6
CONTINUOUS
10
0.8710399606299213
20
1.5167261811023622
11
0.8710399606299213
21
1.5110975984251969
0
LINE
8
BLACK
6
CONTINUOUS
10
0.8710399606299213
20
1.5110975984251969
11
0.8708484251968504
21
1.5106352362204725
0
LINE
8
BLACK
6
CONTINUOUS
10
0.8708484251968504
20
1.5106352362204725
11
0.8708129921259843
21
1.5101361023622046
0
LINE
8
BLACK
6
CONTINUOUS
10
0.8708129921259843
20
1.5101361023622046
11
0.8698749212598424
21
1.5082599212598424
0
LINE
8
BLACK
6
CONTINUOUS
10
0.8698749212598424
20
1.5082599212598424
11
0.8696075590551181
21
1.508028031496063
0
LINE
8
BLACK
6
CONTINUOUS
10
0.8696075590551181
20
1.508028031496063
11
0.8694721653543307
21
1.5077011417322834
0
LINE
8
BLACK
6
CONTINUOUS
10
0.8694721653543307
20
1.5077011417322834
11
0.8685340551181102
21
1.5067630314960629
0
LINE
8
BLACK
6
CONTINUOUS
10
0.8685340551181102
20
1.5067630314960629
11
0.868207125984252
21
1.5066275984251969
0
LINE
8
BLACK
6
CONTINUOUS
10
0.868207125984252
20
1.5066275984251969
11
0.8679752755905512
21
1.5063602755905512
0
LINE
8
BLACK
6
CONTINUOUS
10
0.8679752755905512
20
1.5063602755905512
11
0.866099094488189
21
1.5054222047244095
0
LINE
8
BLACK
6
CONTINUOUS
10
0.866099094488189
20
1.5054222047244095
11
0.8655999212598425
21
1.5053867322834644
0
LINE
8
BLACK
6
CONTINUOUS
10
0.8655999212598425
20
1.5053867322834644
11
0.8651375984251969
21
1.5051952362204724
0
LINE
8
BLACK
6
CONTINUOUS
10
0.8651375984251969
20
1.5051952362204724
11
0.860447125984252
21
1.5051952362204724
0
LINE
8
BLACK
6
CONTINUOUS
10
0.860447125984252
20
1.5051952362204724
11
0.8599847637795276
21
1.5053867322834644
0
LINE
8
BLACK
6
CONTINUOUS
10
0.8599847637795276
20
1.5053867322834644
11
0.8594856692913385
21
1.5054222047244095
0
LINE
8
BLACK
6
CONTINUOUS
10
0.8594856692913385
20
1.5054222047244095
11
0.8576094094488189
21
1.5063602755905512
0
LINE
8
BLACK
6
CONTINUOUS
10
0.8576094094488189
20
1.5063602755905512
11
0.8573775196850394
21
1.5066276377952756
0
LINE
8
BLACK
6
CONTINUOUS
10
0.8573775196850394
20
1.5066276377952756
11
0.857050590551181
21
1.5067630708661417
0
LINE
8
BLACK
6
CONTINUOUS
10
0.857050590551181
20
1.5067630708661417
11
0.8561125196850393
21
1.5077011811023622
0
LINE
8
BLACK
6
CONTINUOUS
10
0.8561125196850393
20
1.5077011811023622
11
0.8559771259842519
21
1.508028031496063
0
LINE
8
BLACK
6
CONTINUOUS
10
0.8559771259842519
20
1.508028031496063
11
0.8557098031496063
21
1.5082598818897637
0
LINE
8
BLACK
6
CONTINUOUS
10
0.8557098031496063
20
1.5082598818897637
11
0.8550373228346456
21
1.5096048031496063
0
LINE
8
BLACK
6
CONTINUOUS
10
0.8550373228346456
20
1.5096048031496063
11
0.850605748031496
21
1.5057272047244095
0
LINE
8
BLACK
6
CONTINUOUS
10
0.850605748031496
20
1.5057272047244095
11
0.8498890551181102
21
1.5054848031496062
0
LINE
8
BLACK
6
CONTINUOUS
10
0.8498890551181102
20
1.5054848031496062
11
0.8491899606299212
21
1.5051952362204724
0
LINE
8
BLACK
6
CONTINUOUS
10
0.8491899606299212
20
1.5051952362204724
11
0.8491193307086614
21
1.5052244881889763
0
LINE
8
BLACK
6
CONTINUOUS
10
0.8491193307086614
20
1.5052244881889763
11
0.8490469291338583
21
1.5051999999999999
0
LINE
8
BLACK
6
CONTINUOUS
10
0.8490469291338583
20
1.5051999999999999
11
0.8483686220472441
21
1.5055354330708661
0
LINE
8
BLACK
6
CONTINUOUS
10
0.8483686220472441
20
1.5055354330708661
11
0.84766968503937
21
1.5058249606299212
0
LINE
8
BLACK
6
CONTINUOUS
10
0.84766968503937
20
1.5058249606299212
11
0.8476404330708661
21
1.5058955511811023
0
LINE
8
BLACK
6
CONTINUOUS
10
0.8476404330708661
20
1.5058955511811023
11
0.8475719291338583
21
1.5059294488188977
0
LINE
8
BLACK
6
CONTINUOUS
10
0.8475719291338583
20
1.5059294488188977
11
0.8473295275590551
21
1.5066461023622046
0
LINE
8
BLACK
6
CONTINUOUS
10
0.8473295275590551
20
1.5066461023622046
11
0.8470399606299213
21
1.5073452362204725
0
LINE
8
BLACK
6
CONTINUOUS
10
0.8470399606299213
20
1.5073452362204725
11
0.8470399606299213
21
1.5181144488188976
0
LINE
8
BLACK
6
CONTINUOUS
10
0.8470399606299213
20
1.5181144488188976
11
0.8464763779527559
21
1.5174428346456692
0
LINE
8
BLACK
6
CONTINUOUS
10
0.8464763779527559
20
1.5174428346456692
11
0.8444872440944882
21
1.5170920866141733
0
LINE
8
BLACK
6
CONTINUOUS
10
0.8444872440944882
20
1.5170920866141733
11
0.8427380708661417
21
1.5181020078740157
0
LINE
8
BLACK
6
CONTINUOUS
10
0.8427380708661417
20
1.5181020078740157
11
0.8420472440944882
21
1.52
0
LINE
8
BLACK
6
CONTINUOUS
10
0.8420472440944882
20
1.52
11
0.8420472440944882
21
1.5600000000000001
0
LINE
8
BLACK
6
CONTINUOUS
10
0.8420472440944882
20
1.5600000000000001
11
0.842114842519685
21
1.5603835039370078
0
LINE
8
BLACK
6
CONTINUOUS
10
0.842114842519685
20
1.5603835039370078
11
0.8420920866141732
21
1.5605127559055119
0
LINE
8
BLACK
6
CONTINUOUS
10
0.8420920866141732
20
1.5605127559055119
11
0.8421576771653543
21
1.5606263385826771
0
LINE
8
BLACK
6
CONTINUOUS
10
0.8421576771653543
20
1.5606263385826771
11
0.8422253149606299
21
1.5610099212598425
0
LINE
8
BLACK
6
CONTINUOUS
10
0.8422253149606299
20
1.5610099212598425
11
0.8427184251968504
21
1.5615975984251969
0
LINE
8
BLACK
6
CONTINUOUS
10
0.8427184251968504
20
1.5615975984251969
11
0.8431020078740157
21
1.5622619291338582
0
LINE
8
BLACK
6
CONTINUOUS
10
0.8431020078740157
20
1.5622619291338582
11
0.8433523228346457
21
1.562353031496063
0
LINE
8
BLACK
6
CONTINUOUS
10
0.8433523228346457
20
1.562353031496063
11
0.8435236220472441
21
1.5625571653543306
0
LINE
8
BLACK
6
CONTINUOUS
10
0.8435236220472441
20
1.5625571653543306
11
0.8442791732283464
21
1.5626903937007874
0
LINE
8
BLACK
6
CONTINUOUS
10
0.8442791732283464
20
1.5626903937007874
11
0.845
21
1.5629527559055119
0
LINE
8
BLACK
6
CONTINUOUS
10
0.845
20
1.5629527559055119
11
0.905
21
1.5629527559055119
0
LINE
8
BLACK
6
CONTINUOUS
10
0.905
20
1.5629527559055119
11
0.9053835039370078
21
1.5628851181102361
0
LINE
8
BLACK
6
CONTINUOUS
10
0.9405999606299212
20
1.5205608267716535
11
0.9410991338582677
21
1.5205253543307087
0
LINE
8
BLACK
6
CONTINUOUS
10
0.9410991338582677
20
1.5205253543307087
11
0.9429753149606299
21
1.519587283464567
0
LINE
8
BLACK
6
CONTINUOUS
10
0.9429753149606299
20
1.519587283464567
11
0.9432071259842519
21
1.5193199212598425
0
LINE
8
BLACK
6
CONTINUOUS
10
0.9432071259842519
20
1.5193199212598425
11
0.9435340157480315
21
1.5191845669291337
0
LINE
8
BLACK
6
CONTINUOUS
10
0.9435340157480315
20
1.5191845669291337
11
0.9444721259842519
21
1.518246496062992
0
LINE
8
BLACK
6
CONTINUOUS
10
0.9444721259842519
20
1.518246496062992
11
0.9446075196850393
21
1.5179195275590551
0
LINE
8
BLACK
6
CONTINUOUS
10
0.9446075196850393
20
1.5179195275590551
11
0.9448749212598425
21
1.5176876771653542
0
LINE
8
BLACK
6
CONTINUOUS
10
0.9448749212598425
20
1.5176876771653542
11
0.9458129921259842
21
1.515811496062992
0
LINE
8
BLACK
6
CONTINUOUS
10
0.9458129921259842
20
1.515811496062992
11
0.9458484251968504
21
1.5153123228346457
0
LINE
8
BLACK
6
CONTINUOUS
10
0.9458484251968504
20
1.5153123228346457
11
0.9460399606299212
21
1.51485
0
LINE
8
BLACK
6
CONTINUOUS
10
0.9460399606299212
20
1.51485
11
0.9460399606299212
21
1.5110975984251969
0
LINE
8
BLACK
6
CONTINUOUS
10
0.9460399606299212
20
1.5110975984251969
11
0.9458484251968504
21
1.5106352362204725
0
LINE
8
BLACK
6
CONTINUOUS
10
0.9458484251968504
20
1.5106352362204725
11
0.9458129921259842
21
1.5101361023622046
0
LINE
8
BLACK
6
CONTINUOUS
10
0.9458129921259842
20
1.5101361023622046
11
0.9448749212598425
21
1.5082599212598424
0
LINE
8
BLACK
6
CONTINUOUS
10
0.9448749212598425
20
1.5082599212598424
11
0.9446075590551181
21
1.508028031496063
0
LINE
8
BLACK
6
CONTINUOUS
10
0.9446075590551181
20
1.508028031496063
11
0.9444721653543307
21
1.5077011417322834
0
LINE
8
BLACK
6
CONTINUOUS
10
0.9444721653543307
20
1.5077011417322834
11
0.9435340551181102
21
1.5067630314960629
0
LINE
8
BLACK
6
CONTINUOUS
10
0.9435340551181102
20
1.5067630314960629
11
0.9432071259842519
21
1.5066275984251969
0
LINE
8
BLACK
6
CONTINUOUS
10
0.9432071259842519
20
1.5066275984251969
11
0.9429752755905512
21
1.5063602755905512
0
LINE
8
BLACK
6
CONTINUOUS
10
0.9429752755905512
20
1.5063602755905512
11
0.941099094488189
21
1.5054222047244095
0
LINE
8
BLACK
6
CONTINUOUS
10
0.941099094488189
20
1.5054222047244095
11
0.9405999212598425
21
1.5053867322834644
0
LINE
8
BLACK
6
CONTINUOUS
10
0.9405999212598425
20
1.5053867322834644
11
0.9401375984251968
21
1.5051952362204724
0
LINE
8
BLACK
6
CONTINUOUS
10
0.9401375984251968
20
1.5051952362204724
11
0.9354471259842519
21
1.5051952362204724
0
LINE
8
BLACK
6
CONTINUOUS
10
0.9354471259842519
20
1.5051952362204724
11
0.9349847637795276
21
1.5053867322834644
0
LINE
8
BLACK
6
CONTINUOUS
10
0.9349847637795276
20
1.5053867322834644
11
0.9344856692913386
21
1.5054222047244095
0
LINE
8
BLACK
6
CONTINUOUS
10
0.9344856692913386
20
1.5054222047244095
11
0.9326094094488189
21
1.5063602755905512
0
LINE
8
BLACK
6
CONTINUOUS
10
0.9326094094488189
20
1.5063602755905512
11
0.9323775196850393
21
1.5066276377952756
0
LINE
8
BLACK
6
CONTINUOUS
10
0.9323775196850393
20
1.5066276377952756
11
0.9320505905511811
21
1.5067630708661417
0
LINE
8
BLACK
6
CONTINUOUS
10
0.9320505905511811
20
1.5067630708661417
11
0.9311125196850394
21
1.5077011811023622
0
LINE
8
BLACK
6
CONTINUOUS
10
0.9311125196850394
20
1.5077011811023622
11
0.930977125984252
21
1.508028031496063
0
LINE
8
BLACK
6
CONTINUOUS
10
0.930977125984252
20
1.508028031496063
11
0.9307098031496063
21
1.5082598818897637
0
LINE
8
BLACK
6
CONTINUOUS
10
0.9307098031496063
20
1.5082598818897637
11
0.9297717322834645
21
1.5101360629921259
0
LINE
8
BLACK
6
CONTINUOUS
10
0.9297717322834645
20
1.5101360629921259
11
0.929736220472441
21
1.5106351968503937
0
LINE
8
BLACK
6
CONTINUOUS
10
0.929736220472441
20
1.5106351968503937
11
0.9295447244094488
21
1.5110975984251969
0
LINE
8
BLACK
6
CONTINUOUS
10
0.9295447244094488
20
1.5110975984251969
11
0.9295447244094488
21
1.51485
0
LINE
8
BLACK
6
CONTINUOUS
10
0.9295447244094488
20
1.51485
11
0.929736220472441
21
1.5153123622047244
0
LINE
8
BLACK
6
CONTINUOUS
10
0.929736220472441
20
1.5153123622047244
11
0.9297614960629921
21
1.5156676377952756
0
LINE
8
BLACK
6
CONTINUOUS
10
0.9297614960629921
20
1.5156676377952756
11
0.9274358661417322
21
1.5141172440944881
0
LINE
8
BLACK
6
CONTINUOUS
10
0.9274358661417322
20
1.5141172440944881
11
0.9268950787401574
21
1.5135764566929133
0
LINE
8
BLACK
6
CONTINUOUS
10
0.9268950787401574
20
1.5135764566929133
11
0.9263399606299212
21
1.5124662204724408
0
LINE
8
BLACK
6
CONTINUOUS
10
0.9263399606299212
20
1.5124662204724408
11
0.9263399606299212
21
1.5092214173228347
0
LINE
8
BLACK
6
CONTINUOUS
10
0.9263399606299212
20
1.5092214173228347
11
0.9257102362204724
21
1.5077011417322834
0
LINE
8
BLACK
6
CONTINUOUS
10
0.9257102362204724
20
1.5077011417322834
11
0.9241899606299212
21
1.5070714173228346
0
LINE
8
BLACK
6
CONTINUOUS
10
0.9241899606299212
20
1.5070714173228346
11
0.9226696850393701
21
1.5077011417322834
0
LINE
8
BLACK
6
CONTINUOUS
10
0.9226696850393701
20
1.5077011417322834
11
0.9220399606299212
21
1.5092214173228347
0
LINE
8
BLACK
6
CONTINUOUS
10
0.9220399606299212
20
1.5092214173228347
11
0.9220399606299212
21
1.5129737795275591
0
LINE
8
BLACK
6
CONTINUOUS
10
0.9220399606299212
20
1.5129737795275591
11
0.9222314566929134
21
1.5134361023622047
0
LINE
8
BLACK
6
CONTINUOUS
10
0.9222314566929134
20
1.5134361023622047
11
0.9222669291338582
21
1.5139352755905511
0
LINE
8
BLACK
6
CONTINUOUS
10
0.9222669291338582
20
1.5139352755905511
11
0.9232050393700787
21
1.515811496062992
0
LINE
8
BLACK
6
CONTINUOUS
10
0.9232050393700787
20
1.515811496062992
11
0.9234723622047244
21
1.5160433464566929
0
LINE
8
BLACK
6
CONTINUOUS
10
0.9234723622047244
20
1.5160433464566929
11
0.9236077952755906
21
1.516370275590551
0
LINE
8
BLACK
6
CONTINUOUS
10
0.9236077952755906
20
1.516370275590551
11
0.9245458661417323
21
1.5173083464566928
0
LINE
8
BLACK
6
CONTINUOUS
10
0.9245458661417323
20
1.5173083464566928
11
0.9247503543307086
21
1.5173930314960629
0
LINE
8
BLACK
6
CONTINUOUS
10
0.9247503543307086
20
1.5173930314960629
11
0.9248735433070866
21
1.5175769685039369
0
LINE
8
BLACK
6
CONTINUOUS
10
0.9248735433070866
20
1.5175769685039369
11
0.9276878346456693
21
1.5194531889763778
0
LINE
8
BLACK
6
CONTINUOUS
10
0.9276878346456693
20
1.5194531889763778
11
0.9280568503937008
21
1.5195261811023622
0
LINE
8
BLACK
6
CONTINUOUS
10
0.9280568503937008
20
1.5195261811023622
11
0.9283589763779527
21
1.5197500393700787
0
LINE
8
BLACK
6
CONTINUOUS
10
0.9283589763779527
20
1.5197500393700787
11
0.9321113779527559
21
1.5206881496062992
0
LINE
8
BLACK
6
CONTINUOUS
10
0.9321113779527559
20
1.5206881496062992
11
0.9323809448818897
21
1.5206480314960629
0
LINE
8
BLACK
6
CONTINUOUS
10
0.9323809448818897
20
1.5206480314960629
11
0.9326328346456693
21
1.5207523622047243
0
LINE
8
BLACK
6
CONTINUOUS
10
0.9326328346456693
20
1.5207523622047243
11
0.9401375984251968
21
1.5207523622047243
0
LINE
8
BLACK
6
CONTINUOUS
10
0.9401375984251968
20
1.5207523622047243
11
0.9405999606299212
21
1.5205608267716535
0
LINE
8
BLACK
6
CONTINUOUS
10
0.9348444488188976
20
1.5158972440944882
11
0.9343997637795275
21
1.515452559055118
0
LINE
8
BLACK
6
CONTINUOUS
10
0.9343997637795275
20
1.515452559055118
11
0.9338447244094488
21
1.5143424409448818
0
LINE
8
BLACK
6
CONTINUOUS
10
0.9338447244094488
20
1.5143424409448818
11
0.9338447244094488
21
1.5116051181102361
0
LINE
8
BLACK
6
CONTINUOUS
10
0.9338447244094488
20
1.5116051181102361
11
0.9343998031496062
21
1.5104949606299212
0
LINE
8
BLACK
6
CONTINUOUS
10
0.9343998031496062
20
1.5104949606299212
11
0.9348444488188976
21
1.5100503149606299
0
LINE
8
BLACK
6
CONTINUOUS
10
0.9348444488188976
20
1.5100503149606299
11
0.9359546850393701
21
1.5094952362204723
0
LINE
8
BLACK
6
CONTINUOUS
10
0.9359546850393701
20
1.5094952362204723
11
0.9396300393700787
21
1.5094952362204723
0
LINE
8
BLACK
6
CONTINUOUS
10
0.9396300393700787
20
1.5094952362204723
11
0.9407402362204724
21
1.5100503149606299
0
LINE
8
BLACK
6
CONTINUOUS
10
0.9407402362204724
20
1.5100503149606299
11
0.941184842519685
21
1.5104949212598424
0
LINE
8
BLACK
6
CONTINUOUS
10
0.941184842519685
20
1.5104949212598424
11
0.9417399606299213
21
1.5116051181102361
0
LINE
8
BLACK
6
CONTINUOUS
10
0.9417399606299213
20
1.5116051181102361
11
0.9417399606299213
21
1.5143424409448818
0
LINE
8
BLACK
6
CONTINUOUS
10
0.9417399606299213
20
1.5143424409448818
11
0.9411848818897638
21
1.5154525984251968
0
LINE
8
BLACK
6
CONTINUOUS
10
0.9411848818897638
20
1.5154525984251968
11
0.9407401968503937
21
1.5158972440944882
0
LINE
8
BLACK
6
CONTINUOUS
10
0.9407401968503937
20
1.5158972440944882
11
0.9396300787401575
21
1.5164523622047243
0
LINE
8
BLACK
6
CONTINUOUS
10
0.9396300787401575
20
1.5164523622047243
11
0.9359546850393701
21
1.5164523622047243
0
LINE
8
BLACK
6
CONTINUOUS
10
0.9359546850393701
20
1.5164523622047243
11
0.9348444488188976
21
1.5158972440944882
0
LINE
8
BLACK
6
CONTINUOUS
10
0.8303835039370079
20
1.5628851181102361
11
0.8305127559055118
21
1.5629079133858268
0
LINE
8
BLACK
6
CONTINUOUS
10
0.8305127559055118
20
1.5629079133858268
11
0.8306263385826771
21
1.562842283464567
0
LINE
8
BLACK
6
CONTINUOUS
10
0.8306263385826771
20
1.562842283464567
11
0.8310099212598425
21
1.56277468503937
0
LINE
8
BLACK
6
CONTINUOUS
10
0.8310099212598425
20
1.56277468503937
11
0.8315975984251969
21
1.5622815354330708
0
LINE
8
BLACK
6
CONTINUOUS
10
0.8315975984251969
20
1.5622815354330708
11
0.8322619291338582
21
1.5618979921259841
0
LINE
8
BLACK
6
CONTINUOUS
10
0.8322619291338582
20
1.5618979921259841
11
0.832353031496063
21
1.5616476377952755
0
LINE
8
BLACK
6
CONTINUOUS
10
0.832353031496063
20
1.5616476377952755
11
0.8325571653543307
21
1.5614763779527558
0
LINE
8
BLACK
6
CONTINUOUS
10
0.8325571653543307
20
1.5614763779527558
11
0.8326903937007873
21
1.5607207874015747
0
LINE
8
BLACK
6
CONTINUOUS
10
0.8326903937007873
20
1.5607207874015747
11
0.8329527559055118
21
1.5600000000000001
0
LINE
8
BLACK
6
CONTINUOUS
10
0.8329527559055118
20
1.5600000000000001
11
0.8329527559055118
21
1.52
0
LINE
8
BLACK
6
CONTINUOUS
10
0.8329527559055118
20
1.52
11
0.83277468503937
21
1.5189900787401573
0
LINE
8
BLACK
6
CONTINUOUS
10
0.83277468503937
20
1.5189900787401573
11
0.8314763779527559
21
1.5174428346456692
0
LINE
8
BLACK
6
CONTINUOUS
10
0.8314763779527559
20
1.5174428346456692
11
0.8294872440944882
21
1.5170920866141733
0
LINE
8
BLACK
6
CONTINUOUS
10
0.8294872440944882
20
1.5170920866141733
11
0.8277380708661417
21
1.5181020078740157
0
LINE
8
BLACK
6
CONTINUOUS
10
0.8277380708661417
20
1.5181020078740157
11
0.8270472440944882
21
1.52
0
LINE
8
BLACK
6
CONTINUOUS
10
0.8270472440944882
20
1.52
11
0.8270472440944882
21
1.5570472440944882
0
LINE
8
BLACK
6
CONTINUOUS
10
0.8270472440944882
20
1.5570472440944882
11
0.7729527559055118
21
1.5570472440944882
0
LINE
8
BLACK
6
CONTINUOUS
10
0.7729527559055118
20
1.5570472440944882
11
0.7729527559055118
21
1.5214044881889763
0
LINE
8
BLACK
6
CONTINUOUS
10
0.7729527559055118
20
1.5214044881889763
11
0.7732050393700787
21
1.521909094488189
0
LINE
8
BLACK
6
CONTINUOUS
10
0.7732050393700787
20
1.521909094488189
11
0.7734723622047244
21
1.5221409055118109
0
LINE
8
BLACK
6
CONTINUOUS
10
0.7734723622047244
20
1.5221409055118109
11
0.7736077559055118
21
1.5224677952755905
0
LINE
8
BLACK
6
CONTINUOUS
10
0.7736077559055118
20
1.5224677952755905
11
0.7745458267716535
21
1.523405905511811
0
LINE
8
BLACK
6
CONTINUOUS
10
0.7745458267716535
20
1.523405905511811
11
0.7760661023622047
21
1.5240356692913386
0
LINE
8
BLACK
6
CONTINUOUS
10
0.7760661023622047
20
1.5240356692913386
11
0.7775863779527559
21
1.5234059842519685
0
LINE
8
BLACK
6
CONTINUOUS
10
0.7775863779527559
20
1.5234059842519685
11
0.7782161417322835
21
1.5218857086614173
0
LINE
8
BLACK
6
CONTINUOUS
10
0.7782161417322835
20
1.5218857086614173
11
0.7775864566929134
21
1.520365433070866
0
LINE
8
BLACK
6
CONTINUOUS
10
0.7775864566929134
20
1.520365433070866
11
0.7768950393700788
21
1.5196739763779528
0
LINE
8
BLACK
6
CONTINUOUS
10
0.7768950393700788
20
1.5196739763779528
11
0.7763399606299213
21
1.5185638188976378
0
LINE
8
BLACK
6
CONTINUOUS
10
0.7763399606299213
20
1.5185638188976378
11
0.7763399606299213
21
1.5148884251968504
0
LINE
8
BLACK
6
CONTINUOUS
10
0.7763399606299213
20
1.5148884251968504
11
0.7768950393700788
21
1.5137782677165355
0
LINE
8
BLACK
6
CONTINUOUS
10
0.7768950393700788
20
1.5137782677165355
11
0.77733968503937
21
1.513333622047244
0
LINE
8
BLACK
6
CONTINUOUS
10
0.77733968503937
20
1.513333622047244
11
0.7784499212598425
21
1.5127785433070866
0
LINE
8
BLACK
6
CONTINUOUS
10
0.7784499212598425
20
1.5127785433070866
11
0.7794696062992126
21
1.5127785433070866
0
LINE
8
BLACK
6
CONTINUOUS
10
0.7794696062992126
20
1.5127785433070866
11
0.7814714566929134
21
1.5134457874015748
0
LINE
8
BLACK
6
CONTINUOUS
10
0.7814714566929134
20
1.5134457874015748
11
0.7923696850393701
21
1.5243440551181102
0
LINE
8
BLACK
6
CONTINUOUS
10
0.7923696850393701
20
1.5243440551181102
11
0.7938899606299212
21
1.5249737795275591
0
LINE
8
BLACK
6
CONTINUOUS
10
0.7938899606299212
20
1.5249737795275591
11
0.7954102362204725
21
1.5243440551181102
0
LINE
8
BLACK
6
CONTINUOUS
10
0.7954102362204725
20
1.5243440551181102
11
0.7960399606299212
21
1.522823779527559
0
LINE
8
BLACK
6
CONTINUOUS
10
0.7960399606299212
20
1.522823779527559
11
0.7960399606299212
21
1.5106285433070865
0
LINE
8
BLACK
6
CONTINUOUS
10
0.7960399606299212
20
1.5106285433070865
11
0.7954102362204725
21
1.5091082677165355
0
LINE
8
BLACK
6
CONTINUOUS
10
0.7954102362204725
20
1.5091082677165355
11
0.7938899606299212
21
1.5084785433070866
0
LINE
8
BLACK
6
CONTINUOUS
10
0.7938899606299212
20
1.5084785433070866
11
0.7923696850393701
21
1.5091082677165355
0
LINE
8
BLACK
6
CONTINUOUS
10
0.7923696850393701
20
1.5091082677165355
11
0.7917399606299212
21
1.5106285433070865
0
LINE
8
BLACK
6
CONTINUOUS
10
0.7917399606299212
20
1.5106285433070865
11
0.7917399606299212
21
1.5176331889763779
0
LINE
8
BLACK
6
CONTINUOUS
10
0.7917399606299212
20
1.5176331889763779
11
0.7841531102362205
21
1.5100463385826772
0
LINE
8
BLACK
6
CONTINUOUS
10
0.7841531102362205
20
1.5100463385826772
11
0.7836907480314961
21
1.5098548031496062
0
LINE
8
BLACK
6
CONTINUOUS
10
0.7836907480314961
20
1.5098548031496062
11
0.7833126771653544
21
1.5095269291338582
0
LINE
8
BLACK
6
CONTINUOUS
10
0.7833126771653544
20
1.5095269291338582
11
0.7804984251968504
21
1.5085888582677165
0
LINE
8
BLACK
6
CONTINUOUS
10
0.7804984251968504
20
1.5085888582677165
11
0.7801454330708661
21
1.5086139370078739
0
LINE
8
BLACK
6
CONTINUOUS
10
0.7801454330708661
20
1.5086139370078739
11
0.7798185433070866
21
1.5084785433070866
0
LINE
8
BLACK
6
CONTINUOUS
10
0.7798185433070866
20
1.5084785433070866
11
0.7779423622047243
21
1.5084785433070866
0
LINE
8
BLACK
6
CONTINUOUS
10
0.7779423622047243
20
1.5084785433070866
11
0.7774799999999999
21
1.5086700393700787
0
LINE
8
BLACK
6
CONTINUOUS
10
0.7774799999999999
20
1.5086700393700787
11
0.776980905511811
21
1.5087055118110235
0
LINE
8
BLACK
6
CONTINUOUS
10
0.776980905511811
20
1.5087055118110235
11
0.7751046456692913
21
1.5096435826771653
0
LINE
8
BLACK
6
CONTINUOUS
10
0.7751046456692913
20
1.5096435826771653
11
0.7748727559055117
21
1.5099109448818897
0
LINE
8
BLACK
6
CONTINUOUS
10
0.7748727559055117
20
1.5099109448818897
11
0.7745458267716535
21
1.510046377952756
0
LINE
8
BLACK
6
CONTINUOUS
10
0.7745458267716535
20
1.510046377952756
11
0.7736077559055118
21
1.5109844881889762
0
LINE
8
BLACK
6
CONTINUOUS
10
0.7736077559055118
20
1.5109844881889762
11
0.7734723622047244
21
1.5113113385826771
0
LINE
8
BLACK
6
CONTINUOUS
10
0.7734723622047244
20
1.5113113385826771
11
0.7732050393700787
21
1.511543188976378
0
LINE
8
BLACK
6
CONTINUOUS
10
0.7732050393700787
20
1.511543188976378
11
0.7722669685039369
21
1.5134193700787402
0
LINE
8
BLACK
6
CONTINUOUS
10
0.7722669685039369
20
1.5134193700787402
11
0.7722314566929134
21
1.5139185039370078
0
LINE
8
BLACK
6
CONTINUOUS
10
0.7722314566929134
20
1.5139185039370078
11
0.7720399606299212
21
1.5143809055118109
0
LINE
8
BLACK
6
CONTINUOUS
10
0.7720399606299212
20
1.5143809055118109
11
0.7720399606299212
21
1.5181144488188976
0
LINE
8
BLACK
6
CONTINUOUS
10
0.7720399606299212
20
1.5181144488188976
11
0.7714763779527559
21
1.5174428346456692
0
LINE
8
BLACK
6
CONTINUOUS
10
0.7714763779527559
20
1.5174428346456692
11
0.7694872440944882
21
1.5170920866141733
0
LINE
8
BLACK
6
CONTINUOUS
10
0.7694872440944882
20
1.5170920866141733
11
0.7677380708661418
21
1.5181020078740157
0
LINE
8
BLACK
6
CONTINUOUS
10
0.7677380708661418
20
1.5181020078740157
11
0.7670472440944882
21
1.52
0
LINE
8
BLACK
6
CONTINUOUS
10
0.7670472440944882
20
1.52
11
0.7670472440944882
21
1.5600000000000001
0
LINE
8
BLACK
6
CONTINUOUS
10
0.7670472440944882
20
1.5600000000000001
11
0.767114842519685
21
1.5603835039370078
0
LINE
8
BLACK
6
CONTINUOUS
10
0.767114842519685
20
1.5603835039370078
11
0.7670920866141732
21
1.5605127559055119
0
LINE
8
BLACK
6
CONTINUOUS
10
0.7670920866141732
20
1.5605127559055119
11
0.7671576771653543
21
1.5606263385826771
0
LINE
8
BLACK
6
CONTINUOUS
10
0.7671576771653543
20
1.5606263385826771
11
0.76722531496063
21
1.5610099212598425
0
LINE
8
BLACK
6
CONTINUOUS
10
0.76722531496063
20
1.5610099212598425
11
0.7677184251968504
21
1.5615975984251969
0
LINE
8
BLACK
6
CONTINUOUS
10
0.7677184251968504
20
1.5615975984251969
11
0.7681020078740157
21
1.5622619291338582
0
LINE
8
BLACK
6
CONTINUOUS
10
0.7681020078740157
20
1.5622619291338582
11
0.7683523228346456
21
1.562353031496063
0
LINE
8
BLACK
6
CONTINUOUS
10
0.7683523228346456
20
1.562353031496063
11
0.7685236220472441
21
1.5625571653543306
0
LINE
8
BLACK
6
CONTINUOUS
10
0.7685236220472441
20
1.5625571653543306
11
0.7692791732283465
21
1.5626903937007874
0
LINE
8
BLACK
6
CONTINUOUS
10
0.7692791732283465
20
1.5626903937007874
11
0.77
21
1.5629527559055119
0
LINE
8
BLACK
6
CONTINUOUS
10
0.77
20
1.5629527559055119
11
0.83
21
1.5629527559055119
0
LINE
8
BLACK
6
CONTINUOUS
10
0.83
20
1.5629527559055119
11
0.8303835039370079
21
1.5628851181102361
0
LINE
8
BLACK
6
CONTINUOUS
10
0.7553835039370078
20
1.5628851181102361
11
0.7555127559055118
21
1.5629079133858268
0
LINE
8
BLACK
6
CONTINUOUS
10
0.7555127559055118
20
1.5629079133858268
11
0.7556263385826771
21
1.562842283464567
0
LINE
8
BLACK
6
CONTINUOUS
10
0.7556263385826771
20
1.562842283464567
11
0.7560099212598425
21
1.56277468503937
0
LINE
8
BLACK
6
CONTINUOUS
10
0.7560099212598425
20
1.56277468503937
11
0.7565975984251968
21
1.5622815354330708
0
LINE
8
BLACK
6
CONTINUOUS
10
0.7565975984251968
20
1.5622815354330708
11
0.7572619291338583
21
1.5618979921259841
0
LINE
8
BLACK
6
CONTINUOUS
10
0.7572619291338583
20
1.5618979921259841
11
0.7573530314960629
21
1.5616476377952755
0
LINE
8
BLACK
6
CONTINUOUS
10
0.7573530314960629
20
1.5616476377952755
11
0.7575571653543307
21
1.5614763779527558
0
LINE
8
BLACK
6
CONTINUOUS
10
0.7575571653543307
20
1.5614763779527558
11
0.7576903937007874
21
1.5607207874015747
0
LINE
8
BLACK
6
CONTINUOUS
10
0.7576903937007874
20
1.5607207874015747
11
0.7579527559055118
21
1.5600000000000001
0
LINE
8
BLACK
6
CONTINUOUS
10
0.7579527559055118
20
1.5600000000000001
11
0.7579527559055118
21
1.52
0
LINE
8
BLACK
6
CONTINUOUS
10
0.7579527559055118
20
1.52
11
0.7577746850393701
21
1.5189900787401573
0
LINE
8
BLACK
6
CONTINUOUS
10
0.7577746850393701
20
1.5189900787401573
11
0.7564763779527559
21
1.5174428346456692
0
LINE
8
BLACK
6
CONTINUOUS
10
0.7564763779527559
20
1.5174428346456692
11
0.7544872440944882
21
1.5170920866141733
0
LINE
8
BLACK
6
CONTINUOUS
10
0.7544872440944882
20
1.5170920866141733
11
0.7527380708661418
21
1.5181020078740157
0
LINE
8
BLACK
6
CONTINUOUS
10
0.7527380708661418
20
1.5181020078740157
11
0.7520472440944882
21
1.52
0
LINE
8
BLACK
6
CONTINUOUS
10
0.7520472440944882
20
1.52
11
0.7520472440944882
21
1.5570472440944882
0
LINE
8
BLACK
6
CONTINUOUS
10
0.7520472440944882
20
1.5570472440944882
11
0.6979527559055118
21
1.5570472440944882
0
LINE
8
BLACK
6
CONTINUOUS
10
0.6979527559055118
20
1.5570472440944882
11
0.6979527559055118
21
1.5240770078740158
0
LINE
8
BLACK
6
CONTINUOUS
10
0.6979527559055118
20
1.5240770078740158
11
0.6979973622047244
21
1.524143622047244
0
LINE
8
BLACK
6
CONTINUOUS
10
0.6979973622047244
20
1.524143622047244
11
0.7006345275590551
21
1.5259017716535432
0
LINE
8
BLACK
6
CONTINUOUS
10
0.7006345275590551
20
1.5259017716535432
11
0.7021134251968504
21
1.5273806692913385
0
LINE
8
BLACK
6
CONTINUOUS
10
0.7021134251968504
20
1.5273806692913385
11
0.7028955118110236
21
1.528944842519685
0
LINE
8
BLACK
6
CONTINUOUS
10
0.7028955118110236
20
1.528944842519685
11
0.7041386614173228
21
1.5300229527559055
0
LINE
8
BLACK
6
CONTINUOUS
10
0.7041386614173228
20
1.5300229527559055
11
0.7057800787401575
21
1.5299062992125985
0
LINE
8
BLACK
6
CONTINUOUS
10
0.7057800787401575
20
1.5299062992125985
11
0.7068582283464567
21
1.528663188976378
0
LINE
8
BLACK
6
CONTINUOUS
10
0.7068582283464567
20
1.528663188976378
11
0.7067415354330708
21
1.5270217716535432
0
LINE
8
BLACK
6
CONTINUOUS
10
0.7067415354330708
20
1.5270217716535432
11
0.7058034251968504
21
1.525145590551181
0
LINE
8
BLACK
6
CONTINUOUS
10
0.7058034251968504
20
1.525145590551181
11
0.7055361023622047
21
1.5249137401574804
0
LINE
8
BLACK
6
CONTINUOUS
10
0.7055361023622047
20
1.5249137401574804
11
0.7054007086614174
21
1.5245868503937008
0
LINE
8
BLACK
6
CONTINUOUS
10
0.7054007086614174
20
1.5245868503937008
11
0.7053185826771653
21
1.5245047244094487
0
LINE
8
BLACK
6
CONTINUOUS
10
0.7053185826771653
20
1.5245047244094487
11
0.7167399606299213
21
1.5245047244094487
0
LINE
8
BLACK
6
CONTINUOUS
10
0.7167399606299213
20
1.5245047244094487
11
0.7167399606299213
21
1.5279833070866142
0
LINE
8
BLACK
6
CONTINUOUS
10
0.7167399606299213
20
1.5279833070866142
11
0.71736968503937
21
1.5295035826771652
0
LINE
8
BLACK
6
CONTINUOUS
10
0.71736968503937
20
1.5295035826771652
11
0.7188899606299213
21
1.5301333070866141
0
LINE
8
BLACK
6
CONTINUOUS
10
0.7188899606299213
20
1.5301333070866141
11
0.7204102362204724
21
1.5295035826771652
0
LINE
8
BLACK
6
CONTINUOUS
10
0.7204102362204724
20
1.5295035826771652
11
0.7210399606299213
21
1.5279833070866142
0
LINE
8
BLACK
6
CONTINUOUS
10
0.7210399606299213
20
1.5279833070866142
11
0.7210399606299213
21
1.5167261811023622
0
LINE
8
BLACK
6
CONTINUOUS
10
0.7210399606299213
20
1.5167261811023622
11
0.7204102362204724
21
1.515205905511811
0
LINE
8
BLACK
6
CONTINUOUS
10
0.7204102362204724
20
1.515205905511811
11
0.7188899606299213
21
1.5145761811023621
0
LINE
8
BLACK
6
CONTINUOUS
10
0.7188899606299213
20
1.5145761811023621
11
0.71736968503937
21
1.515205905511811
0
LINE
8
BLACK
6
CONTINUOUS
10
0.71736968503937
20
1.515205905511811
11
0.7167399606299213
21
1.5167261811023622
0
LINE
8
BLACK
6
CONTINUOUS
10
0.7167399606299213
20
1.5167261811023622
11
0.7167399606299213
21
1.5202047244094488
0
LINE
8
BLACK
6
CONTINUOUS
10
0.7167399606299213
20
1.5202047244094488
11
0.6991899606299212
21
1.5202047244094488
0
LINE
8
BLACK
6
CONTINUOUS
10
0.6991899606299212
20
1.5202047244094488
11
0.6989853937007874
21
1.5202894094488189
0
LINE
8
BLACK
6
CONTINUOUS
10
0.6989853937007874
20
1.5202894094488189
11
0.6987683070866142
21
1.520246496062992
0
LINE
8
BLACK
6
CONTINUOUS
10
0.6987683070866142
20
1.520246496062992
11
0.6982481496062992
21
1.5205948031496062
0
LINE
8
BLACK
6
CONTINUOUS
10
0.6982481496062992
20
1.5205948031496062
11
0.6979527559055118
21
1.5207171653543308
0
LINE
8
BLACK
6
CONTINUOUS
10
0.6979527559055118
20
1.5207171653543308
11
0.6979527559055118
21
1.52
0
LINE
8
BLACK
6
CONTINUOUS
10
0.6979527559055118
20
1.52
11
0.69777468503937
21
1.5189900787401573
0
LINE
8
BLACK
6
CONTINUOUS
10
0.69777468503937
20
1.5189900787401573
11
0.6964763779527559
21
1.5174428346456692
0
LINE
8
BLACK
6
CONTINUOUS
10
0.6964763779527559
20
1.5174428346456692
11
0.6944872440944881
21
1.5170920866141733
0
LINE
8
BLACK
6
CONTINUOUS
10
0.6944872440944881
20
1.5170920866141733
11
0.6927380708661417
21
1.5181020078740157
0
LINE
8
BLACK
6
CONTINUOUS
10
0.6927380708661417
20
1.5181020078740157
11
0.6920472440944881
21
1.52
0
LINE
8
BLACK
6
CONTINUOUS
10
0.6920472440944881
20
1.52
11
0.6920472440944881
21
1.5600000000000001
0
LINE
8
BLACK
6
CONTINUOUS
10
0.6920472440944881
20
1.5600000000000001
11
0.692114842519685
21
1.5603835039370078
0
LINE
8
BLACK
6
CONTINUOUS
10
0.692114842519685
20
1.5603835039370078
11
0.6920920866141732
21
1.5605127559055119
0
LINE
8
BLACK
6
CONTINUOUS
10
0.6920920866141732
20
1.5605127559055119
11
0.6921576771653544
21
1.5606263385826771
0
LINE
8
BLACK
6
CONTINUOUS
10
0.6921576771653544
20
1.5606263385826771
11
0.6922253149606299
21
1.5610099212598425
0
LINE
8
BLACK
6
CONTINUOUS
10
0.6922253149606299
20
1.5610099212598425
11
0.6927184251968503
21
1.5615975984251969
0
LINE
8
BLACK
6
CONTINUOUS
10
0.6927184251968503
20
1.5615975984251969
11
0.6931020078740158
21
1.5622619291338582
0
LINE
8
BLACK
6
CONTINUOUS
10
0.6931020078740158
20
1.5622619291338582
11
0.6933523228346457
21
1.562353031496063
0
LINE
8
BLACK
6
CONTINUOUS
10
0.6933523228346457
20
1.562353031496063
11
0.693523622047244
21
1.5625571653543306
0
LINE
8
BLACK
6
CONTINUOUS
10
0.693523622047244
20
1.5625571653543306
11
0.6942791732283464
21
1.5626903937007874
0
LINE
8
BLACK
6
CONTINUOUS
10
0.6942791732283464
20
1.5626903937007874
11
0.695
21
1.5629527559055119
0
LINE
8
BLACK
6
CONTINUOUS
10
0.695
20
1.5629527559055119
11
0.755
21
1.5629527559055119
0
LINE
8
BLACK
6
CONTINUOUS
10
0.755
20
1.5629527559055119
11
0.7553835039370078
21
1.5628851181102361
0
LINE
8
BLACK
6
CONTINUOUS
10
0.9803835039370079
20
1.5628851181102361
11
0.9805127559055118
21
1.5629079133858268
0
LINE
8
BLACK
6
CONTINUOUS
10
0.9805127559055118
20
1.5629079133858268
11
0.9806263385826771
21
1.562842283464567
0
LINE
8
BLACK
6
CONTINUOUS
10
0.9806263385826771
20
1.562842283464567
11
0.9810099212598425
21
1.56277468503937
0
LINE
8
BLACK
6
CONTINUOUS
10
0.9810099212598425
20
1.56277468503937
11
0.9815975984251968
21
1.5622815354330708
0
LINE
8
BLACK
6
CONTINUOUS
10
0.9815975984251968
20
1.5622815354330708
11
0.9822619291338582
21
1.5618979921259841
0
LINE
8
BLACK
6
CONTINUOUS
10
0.9822619291338582
20
1.5618979921259841
11
0.982353031496063
21
1.5616476377952755
0
LINE
8
BLACK
6
CONTINUOUS
10
0.982353031496063
20
1.5616476377952755
11
0.9825571653543307
21
1.5614763779527558
0
LINE
8
BLACK
6
CONTINUOUS
10
0.9825571653543307
20
1.5614763779527558
11
0.9826903937007874
21
1.5607207874015747
0
LINE
8
BLACK
6
CONTINUOUS
10
0.9826903937007874
20
1.5607207874015747
11
0.9829527559055118
21
1.5600000000000001
0
LINE
8
BLACK
6
CONTINUOUS
10
0.9829527559055118
20
1.5600000000000001
11
0.9829527559055118
21
1.52
0
LINE
8
BLACK
6
CONTINUOUS
10
0.9829527559055118
20
1.52
11
0.98277468503937
21
1.5189900787401573
0
LINE
8
BLACK
6
CONTINUOUS
10
0.98277468503937
20
1.5189900787401573
11
0.9814763779527559
21
1.5174428346456692
0
LINE
8
BLACK
6
CONTINUOUS
10
0.9814763779527559
20
1.5174428346456692
11
0.9794872440944882
21
1.5170920866141733
0
LINE
8
BLACK
6
CONTINUOUS
10
0.9794872440944882
20
1.5170920866141733
11
0.9777380708661417
21
1.5181020078740157
0
LINE
8
BLACK
6
CONTINUOUS
10
0.9777380708661417
20
1.5181020078740157
11
0.9770472440944882
21
1.52
0
LINE
8
BLACK
6
CONTINUOUS
10
0.9770472440944882
20
1.52
11
0.9770472440944882
21
1.5570472440944882
0
LINE
8
BLACK
6
CONTINUOUS
10
0.9770472440944882
20
1.5570472440944882
11
0.9229527559055117
21
1.5570472440944882
0
LINE
8
BLACK
6
CONTINUOUS
10
0.9229527559055117
20
1.5570472440944882
11
0.9229527559055117
21
1.5334579527559056
0
LINE
8
BLACK
6
CONTINUOUS
10
0.9229527559055117
20
1.5334579527559056
11
0.9229973622047244
21
1.5335245669291337
0
LINE
8
BLACK
6
CONTINUOUS
10
0.9229973622047244
20
1.5335245669291337
11
0.9256345275590551
21
1.535282716535433
0
LINE
8
BLACK
6
CONTINUOUS
10
0.9256345275590551
20
1.535282716535433
11
0.9271134251968504
21
1.5367616141732283
0
LINE
8
BLACK
6
CONTINUOUS
10
0.9271134251968504
20
1.5367616141732283
11
0.9278955118110236
21
1.5383257874015748
0
LINE
8
BLACK
6
CONTINUOUS
10
0.9278955118110236
20
1.5383257874015748
11
0.9291386614173228
21
1.5394038976377953
0
LINE
8
BLACK
6
CONTINUOUS
10
0.9291386614173228
20
1.5394038976377953
11
0.9307800787401574
21
1.5392872440944882
0
LINE
8
BLACK
6
CONTINUOUS
10
0.9307800787401574
20
1.5392872440944882
11
0.9318582283464567
21
1.5380441338582678
0
LINE
8
BLACK
6
CONTINUOUS
10
0.9318582283464567
20
1.5380441338582678
11
0.9317415354330708
21
1.536402716535433
0
LINE
8
BLACK
6
CONTINUOUS
10
0.9317415354330708
20
1.536402716535433
11
0.9308034251968503
21
1.5345265354330708
0
LINE
8
BLACK
6
CONTINUOUS
10
0.9308034251968503
20
1.5345265354330708
11
0.9305361023622047
21
1.5342946850393699
0
LINE
8
BLACK
6
CONTINUOUS
10
0.9305361023622047
20
1.5342946850393699
11
0.9304007086614173
21
1.5339677952755906
0
LINE
8
BLACK
6
CONTINUOUS
10
0.9304007086614173
20
1.5339677952755906
11
0.9303185826771654
21
1.5338856692913385
0
LINE
8
BLACK
6
CONTINUOUS
10
0.9303185826771654
20
1.5338856692913385
11
0.9417399606299213
21
1.5338856692913385
0
LINE
8
BLACK
6
CONTINUOUS
10
0.9417399606299213
20
1.5338856692913385
11
0.9417399606299213
21
1.5373642519685038
0
LINE
8
BLACK
6
CONTINUOUS
10
0.9417399606299213
20
1.5373642519685038
11
0.94236968503937
21
1.538884527559055
0
LINE
8
BLACK
6
CONTINUOUS
10
0.94236968503937
20
1.538884527559055
11
0.9438899606299213
21
1.5395142519685039
0
LINE
8
BLACK
6
CONTINUOUS
10
0.9438899606299213
20
1.5395142519685039
11
0.9454102362204724
21
1.538884527559055
0
LINE
8
BLACK
6
CONTINUOUS
10
0.9454102362204724
20
1.538884527559055
11
0.9460399606299212
21
1.5373642519685038
0
LINE
8
BLACK
6
CONTINUOUS
10
0.9460399606299212
20
1.5373642519685038
11
0.9460399606299212
21
1.526107125984252
0
LINE
8
BLACK
6
CONTINUOUS
10
0.9460399606299212
20
1.526107125984252
11
0.9454102362204724
21
1.5245868503937008
0
LINE
8
BLACK
6
CONTINUOUS
10
0.9454102362204724
20
1.5245868503937008
11
0.9438899606299213
21
1.5239571259842519
0
LINE
8
BLACK
6
CONTINUOUS
10
0.9438899606299213
20
1.5239571259842519
11
0.94236968503937
21
1.5245868503937008
0
LINE
8
BLACK
6
CONTINUOUS
10
0.94236968503937
20
1.5245868503937008
11
0.9417399606299213
21
1.526107125984252
0
LINE
8
BLACK
6
CONTINUOUS
10
0.9417399606299213
20
1.526107125984252
11
0.9417399606299213
21
1.5295856692913385
0
LINE
8
BLACK
6
CONTINUOUS
10
0.9417399606299213
20
1.5295856692913385
11
0.9241899606299212
21
1.5295856692913385
0
LINE
8
BLACK
6
CONTINUOUS
10
0.9241899606299212
20
1.5295856692913385
11
0.9239853937007874
21
1.5296703543307086
0
LINE
8
BLACK
6
CONTINUOUS
10
0.9239853937007874
20
1.5296703543307086
11
0.9237683070866142
21
1.5296274409448818
0
LINE
8
BLACK
6
CONTINUOUS
10
0.9237683070866142
20
1.5296274409448818
11
0.9232481496062992
21
1.5299757480314959
0
LINE
8
BLACK
6
CONTINUOUS
10
0.9232481496062992
20
1.5299757480314959
11
0.9229527559055117
21
1.5300981102362203
0
LINE
8
BLACK
6
CONTINUOUS
10
0.9229527559055117
20
1.5300981102362203
11
0.9229527559055117
21
1.52
0
LINE
8
BLACK
6
CONTINUOUS
10
0.9229527559055117
20
1.52
11
0.9227746850393701
21
1.5189900787401573
0
LINE
8
BLACK
6
CONTINUOUS
10
0.9227746850393701
20
1.5189900787401573
11
0.9214763779527558
21
1.5174428346456692
0
LINE
8
BLACK
6
CONTINUOUS
10
0.9214763779527558
20
1.5174428346456692
11
0.9194872440944881
21
1.5170920866141733
0
LINE
8
BLACK
6
CONTINUOUS
10
0.9194872440944881
20
1.5170920866141733
11
0.9177380708661417
21
1.5181020078740157
0
LINE
8
BLACK
6
CONTINUOUS
10
0.9177380708661417
20
1.5181020078740157
11
0.9170472440944881
21
1.52
0
LINE
8
BLACK
6
CONTINUOUS
10
0.9170472440944881
20
1.52
11
0.9170472440944881
21
1.5600000000000001
0
LINE
8
BLACK
6
CONTINUOUS
10
0.9170472440944881
20
1.5600000000000001
11
0.917114842519685
21
1.5603835039370078
0
LINE
8
BLACK
6
CONTINUOUS
10
0.917114842519685
20
1.5603835039370078
11
0.9170920866141732
21
1.5605127559055119
0
LINE
8
BLACK
6
CONTINUOUS
10
0.9170920866141732
20
1.5605127559055119
11
0.9171576771653543
21
1.5606263385826771
0
LINE
8
BLACK
6
CONTINUOUS
10
0.9171576771653543
20
1.5606263385826771
11
0.9172253149606299
21
1.5610099212598425
0
LINE
8
BLACK
6
CONTINUOUS
10
0.9172253149606299
20
1.5610099212598425
11
0.9177184251968503
21
1.5615975984251969
0
LINE
8
BLACK
6
CONTINUOUS
10
0.9177184251968503
20
1.5615975984251969
11
0.9181020078740157
21
1.5622619291338582
0
LINE
8
BLACK
6
CONTINUOUS
10
0.9181020078740157
20
1.5622619291338582
11
0.9183523228346456
21
1.562353031496063
0
LINE
8
BLACK
6
CONTINUOUS
10
0.9183523228346456
20
1.562353031496063
11
0.918523622047244
21
1.5625571653543306
0
LINE
8
BLACK
6
CONTINUOUS
10
0.918523622047244
20
1.5625571653543306
11
0.9192791732283464
21
1.5626903937007874
0
LINE
8
BLACK
6
CONTINUOUS
10
0.9192791732283464
20
1.5626903937007874
11
0.9199999999999999
21
1.5629527559055119
0
LINE
8
BLACK
6
CONTINUOUS
10
0.9199999999999999
20
1.5629527559055119
11
0.98
21
1.5629527559055119
0
LINE
8
BLACK
6
CONTINUOUS
10
0.98
20
1.5629527559055119
11
0.9803835039370079
21
1.5628851181102361
  0
ENDSEC
  0
EOF
