  0
SECTION
  2
HEADER
  9
$ANGBASE
  50
0.0
  9
$ANGDIR
  70
1
  9
$MEASUREMENT
  70
0
  0
ENDSEC
  0
SECTION
  2
TABLES
  0
TABLE
  2
LTYPE
  70
4
  0
LTYPE
  5
40F
  2
CONTINUOUS
  70
0
  3
Solid line
  72
65
  73
0
  40
0.0
  0
LTYPE
  5
410
  2
DASHDOT
 70
0
  3
Dash Dot ____ _ ____ _
 72
65
 73
4
 40
2.0
 49
1.25
 49
-0.25
 49
0.25
 49
-0.25
  0
LTYPE
  5
411
  2
DASHED
 70
0
  3
Dashed __ __ __ __ __
 72
65
 73
2
 40
0.75
 49
0.5
 49
-0.25
  0
LTYPE
  5
43B
  2
DOTTED
 70
0
  3
Dotted .  .  .  .
 72
65
 73
2
 40
0.2
 49
0.0
 49
-0.2
  0
ENDTAB
  0
TABLE
  2
STYLE
  70
4
  0
STYLE
  2
KICAD
  70
0
  40
0
  41
1
  42
1
  50
0
  71
0
  3
isocp.shx
  0
STYLE
  2
KICADB
  70
0
  40
0
  41
1
  42
1
  50
0
  71
0
  3
isocp.shx
  0
STYLE
  2
KICADI
  70
0
  40
0
  41
1
  42
1
  50
15
  71
0
  3
isocp.shx
  0
STYLE
  2
KICADBI
  70
0
  40
0
  41
1
  42
1
  50
15
  71
0
  3
isocp.shx
  0
ENDTAB
  0
TABLE
  2
LAYER
  70
1
  0
LAYER
  2
BLACK
  70
0
  62
7
  6
CONTINUOUS
  0
ENDTAB
  0
ENDSEC
  0
SECTION
  2
ENTITIES
0
LINE
8
BLACK
6
CONTINUOUS
10
1.0227212992125985
20
0.7992125196850394
11
1.0245517322834645
21
0.7971000787401574
0
LINE
8
BLACK
6
CONTINUOUS
10
1.0245517322834645
20
0.7971000787401574
11
1.0249999999999999
21
0.7950393700787401
0
LINE
8
BLACK
6
CONTINUOUS
10
1.0249999999999999
20
0.7950393700787401
11
1.0249999999999999
21
0.5270547244094488
0
LINE
8
BLACK
6
CONTINUOUS
10
1.0249999999999999
20
0.5270547244094488
11
1.0242125196850393
21
0.5243727952755906
0
LINE
8
BLACK
6
CONTINUOUS
10
1.0242125196850393
20
0.5243727952755906
11
1.0235470472440944
21
0.5235470472440945
0
LINE
8
BLACK
6
CONTINUOUS
10
1.0235470472440944
20
0.5235470472440945
11
0.975
21
0.4750000393700787
0
LINE
8
BLACK
6
CONTINUOUS
10
0.975
20
0.4750000393700787
11
0.975
21
0.2781496062992126
0
LINE
8
BLACK
6
CONTINUOUS
10
0.975
20
0.2781496062992126
11
0.975
21
0.1281496062992126
0
LINE
8
BLACK
6
CONTINUOUS
10
0.975
20
0.1281496062992126
11
0.9744682283464566
21
0.1281496062992126
0
LINE
8
BLACK
6
CONTINUOUS
10
0.9744682283464566
20
0.1281496062992126
11
0.9742125196850393
21
0.1272787007874016
0
LINE
8
BLACK
6
CONTINUOUS
10
0.9742125196850393
20
0.1272787007874016
11
0.9721000787401575
21
0.1254482677165354
0
LINE
8
BLACK
6
CONTINUOUS
10
0.9721000787401575
20
0.1254482677165354
11
0.9700393700787401
21
0.125
0
LINE
8
BLACK
6
CONTINUOUS
10
0.9700393700787401
20
0.125
11
0.8299606299212599
21
0.125
0
LINE
8
BLACK
6
CONTINUOUS
10
0.8299606299212599
20
0.125
11
0.8272787007874015
21
0.1257874803149606
0
LINE
8
BLACK
6
CONTINUOUS
10
0.8272787007874015
20
0.1257874803149606
11
0.8254482677165355
21
0.1278999212598425
0
LINE
8
BLACK
6
CONTINUOUS
10
0.8254482677165355
20
0.1278999212598425
11
0.825393937007874
21
0.1281496062992126
0
LINE
8
BLACK
6
CONTINUOUS
10
0.825393937007874
20
0.1281496062992126
11
0.825
21
0.1281496062992126
0
LINE
8
BLACK
6
CONTINUOUS
10
0.825
20
0.1281496062992126
11
0.825
21
0.2781496062992126
0
LINE
8
BLACK
6
CONTINUOUS
10
0.825
20
0.2781496062992126
11
0.825
21
0.475
0
LINE
8
BLACK
6
CONTINUOUS
10
0.825
20
0.475
11
0.7764529527559055
21
0.5235470472440945
0
LINE
8
BLACK
6
CONTINUOUS
10
0.7764529527559055
20
0.5235470472440945
11
0.7751133858267716
21
0.5260002755905512
0
LINE
8
BLACK
6
CONTINUOUS
10
0.7751133858267716
20
0.5260002755905512
11
0.775
21
0.5270547244094488
0
LINE
8
BLACK
6
CONTINUOUS
10
0.775
20
0.5270547244094488
11
0.775
21
0.7950393700787401
0
LINE
8
BLACK
6
CONTINUOUS
10
0.775
20
0.7950393700787401
11
0.7757874803149606
21
0.7977212992125984
0
LINE
8
BLACK
6
CONTINUOUS
10
0.7757874803149606
20
0.7977212992125984
11
0.7778999212598425
21
0.7995517322834645
0
LINE
8
BLACK
6
CONTINUOUS
10
0.7778999212598425
20
0.7995517322834645
11
0.7799606299212598
21
0.7999999999999999
0
LINE
8
BLACK
6
CONTINUOUS
10
0.7799606299212598
20
0.7999999999999999
11
1.0200393700787402
21
0.7999999999999999
0
LINE
8
BLACK
6
CONTINUOUS
10
1.0200393700787402
20
0.7999999999999999
11
1.0227212992125985
21
0.7992125196850394
0
LINE
8
BLACK
6
CONTINUOUS
10
0.3727212992125984
20
1.0742125196850394
11
0.3745517322834646
21
1.0721000787401576
0
LINE
8
BLACK
6
CONTINUOUS
10
0.3745517322834646
20
1.0721000787401576
11
0.375
21
1.0700393700787401
0
LINE
8
BLACK
6
CONTINUOUS
10
0.375
20
1.0700393700787401
11
0.375
21
0.9749999212598425
0
LINE
8
BLACK
6
CONTINUOUS
10
0.375
20
0.9749999212598425
11
0.3999999212598425
21
0.95
0
LINE
8
BLACK
6
CONTINUOUS
10
0.3999999212598425
20
0.95
11
0.4
21
0.95
0
LINE
8
BLACK
6
CONTINUOUS
10
0.4
20
0.95
11
0.5450393700787401
21
0.95
0
LINE
8
BLACK
6
CONTINUOUS
10
0.5450393700787401
20
0.95
11
0.5477212992125984
21
0.9492125196850394
0
LINE
8
BLACK
6
CONTINUOUS
10
0.5477212992125984
20
0.9492125196850394
11
0.5495517322834645
21
0.9471000787401574
0
LINE
8
BLACK
6
CONTINUOUS
10
0.5495517322834645
20
0.9471000787401574
11
0.5499999999999999
21
0.9450393700787402
0
LINE
8
BLACK
6
CONTINUOUS
10
0.5499999999999999
20
0.9450393700787402
11
0.5499999999999999
21
0.9391732283464567
0
LINE
8
BLACK
6
CONTINUOUS
10
0.5499999999999999
20
0.9391732283464567
11
0.550984251968504
21
0.9391732283464567
0
LINE
8
BLACK
6
CONTINUOUS
10
0.550984251968504
20
0.9391732283464567
11
0.550984251968504
21
0.7108267716535432
0
LINE
8
BLACK
6
CONTINUOUS
10
0.550984251968504
20
0.7108267716535432
11
0.5499999999999999
21
0.7108267716535432
0
LINE
8
BLACK
6
CONTINUOUS
10
0.5499999999999999
20
0.7108267716535432
11
0.5499999999999999
21
0.6999999212598425
0
LINE
8
BLACK
6
CONTINUOUS
10
0.5499999999999999
20
0.6999999212598425
11
0.5785470472440944
21
0.6714529133858268
0
LINE
8
BLACK
6
CONTINUOUS
10
0.5785470472440944
20
0.6714529133858268
11
0.579886653543307
21
0.66899968503937
0
LINE
8
BLACK
6
CONTINUOUS
10
0.579886653543307
20
0.66899968503937
11
0.58
21
0.6679452362204724
0
LINE
8
BLACK
6
CONTINUOUS
10
0.58
20
0.6679452362204724
11
0.58
21
0.54
0
LINE
8
BLACK
6
CONTINUOUS
10
0.58
20
0.54
11
0.5799999606299212
21
0.54
0
LINE
8
BLACK
6
CONTINUOUS
10
0.5799999606299212
20
0.54
11
0.5949999606299212
21
0.525
0
LINE
8
BLACK
6
CONTINUOUS
10
0.5949999606299212
20
0.525
11
0.61
21
0.51
0
LINE
8
BLACK
6
CONTINUOUS
10
0.61
20
0.51
11
0.6449999212598425
21
0.475
0
LINE
8
BLACK
6
CONTINUOUS
10
0.6449999212598425
20
0.475
11
0.6756889763779528
21
0.475
0
LINE
8
BLACK
6
CONTINUOUS
10
0.6756889763779528
20
0.475
11
0.6756889763779528
21
0.52
0
LINE
8
BLACK
6
CONTINUOUS
10
0.6756889763779528
20
0.52
11
0.66
21
0.52
0
LINE
8
BLACK
6
CONTINUOUS
10
0.66
20
0.52
11
0.66
21
0.5549999999999999
0
LINE
8
BLACK
6
CONTINUOUS
10
0.66
20
0.5549999999999999
11
0.715
21
0.5549999999999999
0
LINE
8
BLACK
6
CONTINUOUS
10
0.715
20
0.5549999999999999
11
0.715
21
0.52
0
LINE
8
BLACK
6
CONTINUOUS
10
0.715
20
0.52
11
0.6993110236220472
21
0.52
0
LINE
8
BLACK
6
CONTINUOUS
10
0.6993110236220472
20
0.52
11
0.6993110236220472
21
0.475
0
LINE
8
BLACK
6
CONTINUOUS
10
0.6993110236220472
20
0.475
11
0.775
21
0.475
0
LINE
8
BLACK
6
CONTINUOUS
10
0.775
20
0.475
11
0.775
21
0.325
0
LINE
8
BLACK
6
CONTINUOUS
10
0.775
20
0.325
11
0.77
21
0.325
0
LINE
8
BLACK
6
CONTINUOUS
10
0.77
20
0.325
11
0.77
21
0.2781496062992126
0
LINE
8
BLACK
6
CONTINUOUS
10
0.77
20
0.2781496062992126
11
0.775
21
0.2781496062992126
0
LINE
8
BLACK
6
CONTINUOUS
10
0.775
20
0.2781496062992126
11
0.775
21
0.1281496062992126
0
LINE
8
BLACK
6
CONTINUOUS
10
0.775
20
0.1281496062992126
11
0.625
21
0.1281496062992126
0
LINE
8
BLACK
6
CONTINUOUS
10
0.625
20
0.1281496062992126
11
0.625
21
0.13
0
LINE
8
BLACK
6
CONTINUOUS
10
0.625
20
0.13
11
0.575
21
0.13
0
LINE
8
BLACK
6
CONTINUOUS
10
0.575
20
0.13
11
0.575
21
0.1281496062992126
0
LINE
8
BLACK
6
CONTINUOUS
10
0.575
20
0.1281496062992126
11
0.425
21
0.1281496062992126
0
LINE
8
BLACK
6
CONTINUOUS
10
0.425
20
0.1281496062992126
11
0.425
21
0.2781496062992126
0
LINE
8
BLACK
6
CONTINUOUS
10
0.425
20
0.2781496062992126
11
0.43
21
0.2781496062992126
0
LINE
8
BLACK
6
CONTINUOUS
10
0.43
20
0.2781496062992126
11
0.43
21
0.325
0
LINE
8
BLACK
6
CONTINUOUS
10
0.43
20
0.325
11
0.425
21
0.325
0
LINE
8
BLACK
6
CONTINUOUS
10
0.425
20
0.325
11
0.425
21
0.475
0
LINE
8
BLACK
6
CONTINUOUS
10
0.425
20
0.475
11
0.43
21
0.475
0
LINE
8
BLACK
6
CONTINUOUS
10
0.43
20
0.475
11
0.43
21
0.5499999606299213
0
LINE
8
BLACK
6
CONTINUOUS
10
0.43
20
0.5499999606299213
11
0.43
21
0.5499999999999999
0
LINE
8
BLACK
6
CONTINUOUS
10
0.43
20
0.5499999999999999
11
0.4001721653543307
21
0.5748564960629922
0
LINE
8
BLACK
6
CONTINUOUS
10
0.4001721653543307
20
0.5748564960629922
11
0.3998411417322835
21
0.5751588188976378
0
LINE
8
BLACK
6
CONTINUOUS
10
0.3998411417322835
20
0.5751588188976378
11
0.3
21
0.6749999999999999
0
LINE
8
BLACK
6
CONTINUOUS
10
0.3
20
0.6749999999999999
11
0.22815
21
0.6749999999999999
0
LINE
8
BLACK
6
CONTINUOUS
10
0.22815
20
0.6749999999999999
11
0.22815
21
0.6748
0
LINE
8
BLACK
6
CONTINUOUS
10
0.22815
20
0.6748
11
0.12185
21
0.6748
0
LINE
8
BLACK
6
CONTINUOUS
10
0.12185
20
0.6748
11
0.12185
21
0.7752
0
LINE
8
BLACK
6
CONTINUOUS
10
0.12185
20
0.7752
11
0.125
21
0.7752
0
LINE
8
BLACK
6
CONTINUOUS
10
0.125
20
0.7752
11
0.125
21
0.7950393700787401
0
LINE
8
BLACK
6
CONTINUOUS
10
0.125
20
0.7950393700787401
11
0.1257874803149606
21
0.7977212992125984
0
LINE
8
BLACK
6
CONTINUOUS
10
0.1257874803149606
20
0.7977212992125984
11
0.1278999212598425
21
0.7995517322834645
0
LINE
8
BLACK
6
CONTINUOUS
10
0.1278999212598425
20
0.7995517322834645
11
0.1299606299212598
21
0.7999999999999999
0
LINE
8
BLACK
6
CONTINUOUS
10
0.1299606299212598
20
0.7999999999999999
11
0.2250000393700787
21
0.7999999999999999
0
LINE
8
BLACK
6
CONTINUOUS
10
0.2250000393700787
20
0.7999999999999999
11
0.2749999606299213
21
0.8499999212598425
0
LINE
8
BLACK
6
CONTINUOUS
10
0.2749999606299213
20
0.8499999212598425
11
0.275
21
0.85
0
LINE
8
BLACK
6
CONTINUOUS
10
0.275
20
0.85
11
0.275
21
1.0700393700787401
0
LINE
8
BLACK
6
CONTINUOUS
10
0.275
20
1.0700393700787401
11
0.2757874803149606
21
1.0727212992125985
0
LINE
8
BLACK
6
CONTINUOUS
10
0.2757874803149606
20
1.0727212992125985
11
0.2778999212598425
21
1.0745517322834646
0
LINE
8
BLACK
6
CONTINUOUS
10
0.2778999212598425
20
1.0745517322834646
11
0.2799606299212599
21
1.075
0
LINE
8
BLACK
6
CONTINUOUS
10
0.2799606299212599
20
1.075
11
0.3700393700787402
21
1.075
0
LINE
8
BLACK
6
CONTINUOUS
10
0.3700393700787402
20
1.075
11
0.3727212992125984
21
1.0742125196850394
0
LINE
8
BLACK
6
CONTINUOUS
10
1.0175000000000001
20
1.01
11
1.0118110236220472
21
1.01
0
LINE
8
BLACK
6
CONTINUOUS
10
1.0118110236220472
20
1.01
11
1.0118110236220472
21
0.9586614173228346
0
LINE
8
BLACK
6
CONTINUOUS
10
1.0118110236220472
20
0.9586614173228346
11
1.0133858267716536
21
0.9586614173228346
0
LINE
8
BLACK
6
CONTINUOUS
10
1.0133858267716536
20
0.9586614173228346
11
1.0133858267716536
21
0.95
0
LINE
8
BLACK
6
CONTINUOUS
10
1.0133858267716536
20
0.95
11
1.1484980708661416
21
0.95
0
LINE
8
BLACK
6
CONTINUOUS
10
1.1484980708661416
20
0.95
11
1.1511799999999999
21
0.9492125196850394
0
LINE
8
BLACK
6
CONTINUOUS
10
1.1511799999999999
20
0.9492125196850394
11
1.1512497244094488
21
0.9491668503937007
0
LINE
8
BLACK
6
CONTINUOUS
10
1.1512497244094488
20
0.9491668503937007
11
1.2227910236220472
21
0.9014726377952755
0
LINE
8
BLACK
6
CONTINUOUS
10
1.2227910236220472
20
0.9014726377952755
11
1.2245857086614174
21
0.8993297637795276
0
LINE
8
BLACK
6
CONTINUOUS
10
1.2245857086614174
20
0.8993297637795276
11
1.2249999999999999
21
0.897345157480315
0
LINE
8
BLACK
6
CONTINUOUS
10
1.2249999999999999
20
0.897345157480315
11
1.2249999999999999
21
0.8049606299212598
0
LINE
8
BLACK
6
CONTINUOUS
10
1.2249999999999999
20
0.8049606299212598
11
1.2242125196850393
21
0.8022787007874016
0
LINE
8
BLACK
6
CONTINUOUS
10
1.2242125196850393
20
0.8022787007874016
11
1.2221000787401575
21
0.8004482677165354
0
LINE
8
BLACK
6
CONTINUOUS
10
1.2221000787401575
20
0.8004482677165354
11
1.2200393700787402
21
0.7999999999999999
0
LINE
8
BLACK
6
CONTINUOUS
10
1.2200393700787402
20
0.7999999999999999
11
1.0770547244094488
21
0.7999999999999999
0
LINE
8
BLACK
6
CONTINUOUS
10
1.0770547244094488
20
0.7999999999999999
11
1.0743727952755906
21
0.8007874803149606
0
LINE
8
BLACK
6
CONTINUOUS
10
1.0743727952755906
20
0.8007874803149606
11
1.0735472047244095
21
0.8014527559055118
0
LINE
8
BLACK
6
CONTINUOUS
10
1.0735472047244095
20
0.8014527559055118
11
1.05
21
0.825
0
LINE
8
BLACK
6
CONTINUOUS
10
1.05
20
0.825
11
1.0020547244094489
21
0.825
0
LINE
8
BLACK
6
CONTINUOUS
10
1.0020547244094489
20
0.825
11
0.9993727952755905
21
0.8257874803149606
0
LINE
8
BLACK
6
CONTINUOUS
10
0.9993727952755905
20
0.8257874803149606
11
0.9985470472440945
21
0.8264529527559055
0
LINE
8
BLACK
6
CONTINUOUS
10
0.9985470472440945
20
0.8264529527559055
11
0.9764529527559055
21
0.8485470472440945
0
LINE
8
BLACK
6
CONTINUOUS
10
0.9764529527559055
20
0.8485470472440945
11
0.9751133464566929
21
0.8510002755905511
0
LINE
8
BLACK
6
CONTINUOUS
10
0.9751133464566929
20
0.8510002755905511
11
0.975
21
0.8520547244094488
0
LINE
8
BLACK
6
CONTINUOUS
10
0.975
20
0.8520547244094488
11
0.975
21
0.8720472440944882
0
LINE
8
BLACK
6
CONTINUOUS
10
0.975
20
0.8720472440944882
11
0.9661417322834646
21
0.8720472440944882
0
LINE
8
BLACK
6
CONTINUOUS
10
0.9661417322834646
20
0.8720472440944882
11
0.9661417322834646
21
0.9586614173228346
0
LINE
8
BLACK
6
CONTINUOUS
10
0.9661417322834646
20
0.9586614173228346
11
0.9881889763779528
21
0.9586614173228346
0
LINE
8
BLACK
6
CONTINUOUS
10
0.9881889763779528
20
0.9586614173228346
11
0.9881889763779528
21
1.01
0
LINE
8
BLACK
6
CONTINUOUS
10
0.9881889763779528
20
1.01
11
0.9824999999999999
21
1.01
0
LINE
8
BLACK
6
CONTINUOUS
10
0.9824999999999999
20
1.01
11
0.9824999999999999
21
1.0649999999999999
0
LINE
8
BLACK
6
CONTINUOUS
10
0.9824999999999999
20
1.0649999999999999
11
1.0175000000000001
21
1.0649999999999999
0
LINE
8
BLACK
6
CONTINUOUS
10
1.0175000000000001
20
1.0649999999999999
11
1.0175000000000001
21
1.01
0
LINE
8
BLACK
6
CONTINUOUS
10
0.8838582677165354
20
1.1053149606299213
11
0.8809055118110236
21
1.1053149606299213
0
LINE
8
BLACK
6
CONTINUOUS
10
0.8809055118110236
20
1.1053149606299213
11
0.8809055118110236
21
1.0750888188976377
0
LINE
8
BLACK
6
CONTINUOUS
10
0.8809055118110236
20
1.0750888188976377
11
0.8837284645669291
21
1.0729570472440944
0
LINE
8
BLACK
6
CONTINUOUS
10
0.8837284645669291
20
1.0729570472440944
11
0.8860134645669291
21
1.0692666141732283
0
LINE
8
BLACK
6
CONTINUOUS
10
0.8860134645669291
20
1.0692666141732283
11
0.8868110236220472
21
1.0649999999999999
0
LINE
8
BLACK
6
CONTINUOUS
10
0.8868110236220472
20
1.0649999999999999
11
0.8868110236220472
21
1.0470472440944882
0
LINE
8
BLACK
6
CONTINUOUS
10
0.8868110236220472
20
1.0470472440944882
11
0.886775590551181
21
1.0466651968503937
0
LINE
8
BLACK
6
CONTINUOUS
10
0.886775590551181
20
1.0466651968503937
11
0.8867984251968504
21
1.0465017716535432
0
LINE
8
BLACK
6
CONTINUOUS
10
0.8867984251968504
20
1.0465017716535432
11
0.8867357874015748
21
1.0462355118110236
0
LINE
8
BLACK
6
CONTINUOUS
10
0.8867357874015748
20
1.0462355118110236
11
0.8866099212598425
21
1.044876968503937
0
LINE
8
BLACK
6
CONTINUOUS
10
0.8866099212598425
20
1.044876968503937
11
0.8861170078740157
21
1.0436046456692913
0
LINE
8
BLACK
6
CONTINUOUS
10
0.8861170078740157
20
1.0436046456692913
11
0.8858046456692913
21
1.042276496062992
0
LINE
8
BLACK
6
CONTINUOUS
10
0.8858046456692913
20
1.042276496062992
11
0.8853393307086614
21
1.0415972440944881
0
LINE
8
BLACK
6
CONTINUOUS
10
0.8853393307086614
20
1.0415972440944881
11
0.8850419291338583
21
1.0408295275590551
0
LINE
8
BLACK
6
CONTINUOUS
10
0.8850419291338583
20
1.0408295275590551
11
0.8841227165354331
21
1.0398212204724409
0
LINE
8
BLACK
6
CONTINUOUS
10
0.8841227165354331
20
1.0398212204724409
11
0.883351653543307
21
1.038695590551181
0
LINE
8
BLACK
6
CONTINUOUS
10
0.883351653543307
20
1.038695590551181
11
0.8220472440944881
21
0.9773911811023622
0
LINE
8
BLACK
6
CONTINUOUS
10
0.8220472440944881
20
0.9773911811023622
11
0.8220472440944881
21
0.9586614173228346
0
LINE
8
BLACK
6
CONTINUOUS
10
0.8220472440944881
20
0.9586614173228346
11
0.8338582677165354
21
0.9586614173228346
0
LINE
8
BLACK
6
CONTINUOUS
10
0.8338582677165354
20
0.9586614173228346
11
0.8338582677165354
21
0.8720472440944882
0
LINE
8
BLACK
6
CONTINUOUS
10
0.8338582677165354
20
0.8720472440944882
11
0.7866141732283465
21
0.8720472440944882
0
LINE
8
BLACK
6
CONTINUOUS
10
0.7866141732283465
20
0.8720472440944882
11
0.7866141732283465
21
0.875
0
LINE
8
BLACK
6
CONTINUOUS
10
0.7866141732283465
20
0.875
11
0.6299606299212598
21
0.875
0
LINE
8
BLACK
6
CONTINUOUS
10
0.6299606299212598
20
0.875
11
0.6272787007874016
21
0.8757874803149606
0
LINE
8
BLACK
6
CONTINUOUS
10
0.6272787007874016
20
0.8757874803149606
11
0.6254482677165354
21
0.8778999212598425
0
LINE
8
BLACK
6
CONTINUOUS
10
0.6254482677165354
20
0.8778999212598425
11
0.625
21
0.8799606299212598
0
LINE
8
BLACK
6
CONTINUOUS
10
0.625
20
0.8799606299212598
11
0.625
21
0.8911864173228347
0
LINE
8
BLACK
6
CONTINUOUS
10
0.625
20
0.8911864173228347
11
0.6251697244094488
21
0.8922587401574803
0
LINE
8
BLACK
6
CONTINUOUS
10
0.6251697244094488
20
0.8922587401574803
11
0.6251248031496063
21
0.8922683070866142
0
LINE
8
BLACK
6
CONTINUOUS
10
0.6251248031496063
20
0.8922683070866142
11
0.6251788188976378
21
0.8925224015748031
0
LINE
8
BLACK
6
CONTINUOUS
10
0.6251788188976378
20
0.8925224015748031
11
0.6253835433070866
21
0.8944705905511811
0
LINE
8
BLACK
6
CONTINUOUS
10
0.6253835433070866
20
0.8944705905511811
11
0.6259647244094488
21
0.9
0
LINE
8
BLACK
6
CONTINUOUS
10
0.6259647244094488
20
0.9
11
0.6251788188976378
21
0.9074774803149606
0
LINE
8
BLACK
6
CONTINUOUS
10
0.6251788188976378
20
0.9074774803149606
11
0.6251786614173228
21
0.9074779527559055
0
LINE
8
BLACK
6
CONTINUOUS
10
0.6251786614173228
20
0.9074779527559055
11
0.6251247244094488
21
0.9077319291338583
0
LINE
8
BLACK
6
CONTINUOUS
10
0.6251247244094488
20
0.9077319291338583
11
0.6251698031496062
21
0.9077414960629921
0
LINE
8
BLACK
6
CONTINUOUS
10
0.6251698031496062
20
0.9077414960629921
11
0.625
21
0.9088135039370079
0
LINE
8
BLACK
6
CONTINUOUS
10
0.625
20
0.9088135039370079
11
0.625
21
0.9411864173228346
0
LINE
8
BLACK
6
CONTINUOUS
10
0.625
20
0.9411864173228346
11
0.6251697244094488
21
0.9422587401574803
0
LINE
8
BLACK
6
CONTINUOUS
10
0.6251697244094488
20
0.9422587401574803
11
0.6251248031496063
21
0.9422683070866141
0
LINE
8
BLACK
6
CONTINUOUS
10
0.6251248031496063
20
0.9422683070866141
11
0.6251787795275591
21
0.9425224015748032
0
LINE
8
BLACK
6
CONTINUOUS
10
0.6251787795275591
20
0.9425224015748032
11
0.6251788188976378
21
0.9425225196850393
0
LINE
8
BLACK
6
CONTINUOUS
10
0.6251788188976378
20
0.9425225196850393
11
0.6254978346456693
21
0.945557874015748
0
LINE
8
BLACK
6
CONTINUOUS
10
0.6254978346456693
20
0.945557874015748
11
0.6265613385826772
21
0.9481427952755905
0
LINE
8
BLACK
6
CONTINUOUS
10
0.6265613385826772
20
0.9481427952755905
11
0.6288535039370079
21
0.9497424015748032
0
LINE
8
BLACK
6
CONTINUOUS
10
0.6288535039370079
20
0.9497424015748032
11
0.6304312992125984
21
0.95
0
LINE
8
BLACK
6
CONTINUOUS
10
0.6304312992125984
20
0.95
11
0.7866141732283465
21
0.95
0
LINE
8
BLACK
6
CONTINUOUS
10
0.7866141732283465
20
0.95
11
0.7866141732283465
21
0.9586614173228346
0
LINE
8
BLACK
6
CONTINUOUS
10
0.7866141732283465
20
0.9586614173228346
11
0.7984251968503937
21
0.9586614173228346
0
LINE
8
BLACK
6
CONTINUOUS
10
0.7984251968503937
20
0.9586614173228346
11
0.7984251968503937
21
0.9822834645669292
0
LINE
8
BLACK
6
CONTINUOUS
10
0.7984251968503937
20
0.9822834645669292
11
0.7984605905511811
21
0.9826654724409448
0
LINE
8
BLACK
6
CONTINUOUS
10
0.7984605905511811
20
0.9826654724409448
11
0.7984377952755906
21
0.982828937007874
0
LINE
8
BLACK
6
CONTINUOUS
10
0.7984377952755906
20
0.982828937007874
11
0.7985003937007874
21
0.983095157480315
0
LINE
8
BLACK
6
CONTINUOUS
10
0.7985003937007874
20
0.983095157480315
11
0.7986262992125984
21
0.9844537401574803
0
LINE
8
BLACK
6
CONTINUOUS
10
0.7986262992125984
20
0.9844537401574803
11
0.7991191732283465
21
0.9857260236220472
0
LINE
8
BLACK
6
CONTINUOUS
10
0.7991191732283465
20
0.9857260236220472
11
0.7994315748031496
21
0.9870542125984252
0
LINE
8
BLACK
6
CONTINUOUS
10
0.7994315748031496
20
0.9870542125984252
11
0.7998968503937007
21
0.9877334251968504
0
LINE
8
BLACK
6
CONTINUOUS
10
0.7998968503937007
20
0.9877334251968504
11
0.8001942913385827
21
0.9885011811023622
0
LINE
8
BLACK
6
CONTINUOUS
10
0.8001942913385827
20
0.9885011811023622
11
0.8011134645669291
21
0.9895094488188976
0
LINE
8
BLACK
6
CONTINUOUS
10
0.8011134645669291
20
0.9895094488188976
11
0.8018845669291338
21
0.9906351181102362
0
LINE
8
BLACK
6
CONTINUOUS
10
0.8018845669291338
20
0.9906351181102362
11
0.8631889763779528
21
1.0519395275590551
0
LINE
8
BLACK
6
CONTINUOUS
10
0.8631889763779528
20
1.0519395275590551
11
0.8631889763779528
21
1.0649999999999999
0
LINE
8
BLACK
6
CONTINUOUS
10
0.8631889763779528
20
1.0649999999999999
11
0.8633900787401575
21
1.0671702755905512
0
LINE
8
BLACK
6
CONTINUOUS
10
0.8633900787401575
20
1.0671702755905512
11
0.8649580708661417
21
1.0712177165354331
0
LINE
8
BLACK
6
CONTINUOUS
10
0.8649580708661417
20
1.0712177165354331
11
0.8678822834645669
21
1.0744253937007873
0
LINE
8
BLACK
6
CONTINUOUS
10
0.8678822834645669
20
1.0744253937007873
11
0.8690944881889764
21
1.0750289763779528
0
LINE
8
BLACK
6
CONTINUOUS
10
0.8690944881889764
20
1.0750289763779528
11
0.8690944881889764
21
1.1053149606299213
0
LINE
8
BLACK
6
CONTINUOUS
10
0.8690944881889764
20
1.1053149606299213
11
0.8661417322834646
21
1.1053149606299213
0
LINE
8
BLACK
6
CONTINUOUS
10
0.8661417322834646
20
1.1053149606299213
11
0.8661417322834646
21
1.1624015748031495
0
LINE
8
BLACK
6
CONTINUOUS
10
0.8661417322834646
20
1.1624015748031495
11
0.8838582677165354
21
1.1624015748031495
0
LINE
8
BLACK
6
CONTINUOUS
10
0.8838582677165354
20
1.1624015748031495
11
0.8838582677165354
21
1.1053149606299213
0
LINE
8
BLACK
6
CONTINUOUS
10
1.1025
20
1.1699999999999999
11
1.0474999999999999
21
1.1699999999999999
0
LINE
8
BLACK
6
CONTINUOUS
10
1.0474999999999999
20
1.1699999999999999
11
1.0474999999999999
21
1.1815944881889764
0
LINE
8
BLACK
6
CONTINUOUS
10
1.0474999999999999
20
1.1815944881889764
11
0.9399461417322834
21
1.1815944881889764
0
LINE
8
BLACK
6
CONTINUOUS
10
0.9399461417322834
20
1.1815944881889764
11
0.9320866141732284
21
1.1737349606299212
0
LINE
8
BLACK
6
CONTINUOUS
10
0.9320866141732284
20
1.1737349606299212
11
0.9320866141732284
21
1.1624015748031495
0
LINE
8
BLACK
6
CONTINUOUS
10
0.9320866141732284
20
1.1624015748031495
11
0.9350393700787402
21
1.1624015748031495
0
LINE
8
BLACK
6
CONTINUOUS
10
0.9350393700787402
20
1.1624015748031495
11
0.9350393700787402
21
1.1053149606299213
0
LINE
8
BLACK
6
CONTINUOUS
10
0.9350393700787402
20
1.1053149606299213
11
0.9320866141732284
21
1.1053149606299213
0
LINE
8
BLACK
6
CONTINUOUS
10
0.9320866141732284
20
1.1053149606299213
11
0.9320866141732284
21
1.0649999999999999
0
LINE
8
BLACK
6
CONTINUOUS
10
0.9320866141732284
20
1.0649999999999999
11
0.9425
21
1.0649999999999999
0
LINE
8
BLACK
6
CONTINUOUS
10
0.9425
20
1.0649999999999999
11
0.9425
21
1.01
0
LINE
8
BLACK
6
CONTINUOUS
10
0.9425
20
1.01
11
0.9075
21
1.01
0
LINE
8
BLACK
6
CONTINUOUS
10
0.9075
20
1.01
11
0.9075
21
1.0649999999999999
0
LINE
8
BLACK
6
CONTINUOUS
10
0.9075
20
1.0649999999999999
11
0.9202755905511811
21
1.0649999999999999
0
LINE
8
BLACK
6
CONTINUOUS
10
0.9202755905511811
20
1.0649999999999999
11
0.9202755905511811
21
1.1053149606299213
0
LINE
8
BLACK
6
CONTINUOUS
10
0.9202755905511811
20
1.1053149606299213
11
0.9173228346456692
21
1.1053149606299213
0
LINE
8
BLACK
6
CONTINUOUS
10
0.9173228346456692
20
1.1053149606299213
11
0.9173228346456692
21
1.1624015748031495
0
LINE
8
BLACK
6
CONTINUOUS
10
0.9173228346456692
20
1.1624015748031495
11
0.9202755905511811
21
1.1624015748031495
0
LINE
8
BLACK
6
CONTINUOUS
10
0.9202755905511811
20
1.1624015748031495
11
0.9202755905511811
21
1.1761811023622046
0
LINE
8
BLACK
6
CONTINUOUS
10
0.9202755905511811
20
1.1761811023622046
11
0.920476811023622
21
1.1769320472440945
0
LINE
8
BLACK
6
CONTINUOUS
10
0.920476811023622
20
1.1769320472440945
11
0.920476811023622
21
1.1777095669291338
0
LINE
8
BLACK
6
CONTINUOUS
10
0.920476811023622
20
1.1777095669291338
11
0.9208655118110236
21
1.178382874015748
0
LINE
8
BLACK
6
CONTINUOUS
10
0.9208655118110236
20
1.178382874015748
11
0.9210667716535433
21
1.1791338582677164
0
LINE
8
BLACK
6
CONTINUOUS
10
0.9210667716535433
20
1.1791338582677164
11
0.9216165354330709
21
1.179683622047244
0
LINE
8
BLACK
6
CONTINUOUS
10
0.9216165354330709
20
1.179683622047244
11
0.9220052755905511
21
1.1803569291338583
0
LINE
8
BLACK
6
CONTINUOUS
10
0.9220052755905511
20
1.1803569291338583
11
0.9333241732283465
21
1.1916758267716536
0
LINE
8
BLACK
6
CONTINUOUS
10
0.9333241732283465
20
1.1916758267716536
11
0.9339974409448819
21
1.1920645275590551
0
LINE
8
BLACK
6
CONTINUOUS
10
0.9339974409448819
20
1.1920645275590551
11
0.9345472440944882
21
1.1926143307086614
0
LINE
8
BLACK
6
CONTINUOUS
10
0.9345472440944882
20
1.1926143307086614
11
0.935298188976378
21
1.1928155511811023
0
LINE
8
BLACK
6
CONTINUOUS
10
0.935298188976378
20
1.1928155511811023
11
0.9359715354330709
21
1.1932042913385827
0
LINE
8
BLACK
6
CONTINUOUS
10
0.9359715354330709
20
1.1932042913385827
11
0.9367490157480315
21
1.1932042913385827
0
LINE
8
BLACK
6
CONTINUOUS
10
0.9367490157480315
20
1.1932042913385827
11
0.9375
21
1.1934055118110236
0
LINE
8
BLACK
6
CONTINUOUS
10
0.9375
20
1.1934055118110236
11
1.0474999999999999
21
1.1934055118110236
0
LINE
8
BLACK
6
CONTINUOUS
10
1.0474999999999999
20
1.1934055118110236
11
1.0474999999999999
21
1.2050000000000001
0
LINE
8
BLACK
6
CONTINUOUS
10
1.0474999999999999
20
1.2050000000000001
11
1.1025
21
1.2050000000000001
0
LINE
8
BLACK
6
CONTINUOUS
10
1.1025
20
1.2050000000000001
11
1.1025
21
1.1699999999999999
0
LINE
8
BLACK
6
CONTINUOUS
10
0.8070866141732284
20
1.1053149606299213
11
0.7893700787401574
21
1.1053149606299213
0
LINE
8
BLACK
6
CONTINUOUS
10
0.7893700787401574
20
1.1053149606299213
11
0.7893700787401574
21
1.1624015748031495
0
LINE
8
BLACK
6
CONTINUOUS
10
0.7893700787401574
20
1.1624015748031495
11
0.8070866141732284
21
1.1624015748031495
0
LINE
8
BLACK
6
CONTINUOUS
10
0.8070866141732284
20
1.1624015748031495
11
0.8070866141732284
21
1.1053149606299213
0
LINE
8
BLACK
6
CONTINUOUS
10
0.53
20
1.345
11
0.5059055118110236
21
1.345
0
LINE
8
BLACK
6
CONTINUOUS
10
0.5059055118110236
20
1.345
11
0.5059055118110236
21
1.3356351181102362
0
LINE
8
BLACK
6
CONTINUOUS
10
0.5059055118110236
20
1.3356351181102362
11
0.5803205511811024
21
1.2612200787401575
0
LINE
8
BLACK
6
CONTINUOUS
10
0.5803205511811024
20
1.2612200787401575
11
0.7646854330708661
21
1.2612200787401575
0
LINE
8
BLACK
6
CONTINUOUS
10
0.7646854330708661
20
1.2612200787401575
11
0.7654364173228346
21
1.2610188582677164
0
LINE
8
BLACK
6
CONTINUOUS
10
0.7654364173228346
20
1.2610188582677164
11
0.7662138976377952
21
1.2610188582677164
0
LINE
8
BLACK
6
CONTINUOUS
10
0.7662138976377952
20
1.2610188582677164
11
0.7668872047244094
21
1.2606301181102362
0
LINE
8
BLACK
6
CONTINUOUS
10
0.7668872047244094
20
1.2606301181102362
11
0.7676381889763779
21
1.2604288976377953
0
LINE
8
BLACK
6
CONTINUOUS
10
0.7676381889763779
20
1.2604288976377953
11
0.7681879527559055
21
1.259879094488189
0
LINE
8
BLACK
6
CONTINUOUS
10
0.7681879527559055
20
1.259879094488189
11
0.7688612598425196
21
1.2594903937007873
0
LINE
8
BLACK
6
CONTINUOUS
10
0.7688612598425196
20
1.2594903937007873
11
0.8279947244094488
21
1.2003569291338583
0
LINE
8
BLACK
6
CONTINUOUS
10
0.8279947244094488
20
1.2003569291338583
11
0.8283834251968504
21
1.199683622047244
0
LINE
8
BLACK
6
CONTINUOUS
10
0.8283834251968504
20
1.199683622047244
11
0.8289332283464567
21
1.1991338582677165
0
LINE
8
BLACK
6
CONTINUOUS
10
0.8289332283464567
20
1.1991338582677165
11
0.8291344488188976
21
1.1983828740157481
0
LINE
8
BLACK
6
CONTINUOUS
10
0.8291344488188976
20
1.1983828740157481
11
0.8295231889763779
21
1.1977095669291338
0
LINE
8
BLACK
6
CONTINUOUS
10
0.8295231889763779
20
1.1977095669291338
11
0.8295231889763779
21
1.1969320472440945
0
LINE
8
BLACK
6
CONTINUOUS
10
0.8295231889763779
20
1.1969320472440945
11
0.8297244094488189
21
1.1961811023622047
0
LINE
8
BLACK
6
CONTINUOUS
10
0.8297244094488189
20
1.1961811023622047
11
0.8297244094488189
21
1.1624015748031495
0
LINE
8
BLACK
6
CONTINUOUS
10
0.8297244094488189
20
1.1624015748031495
11
0.8326771653543307
21
1.1624015748031495
0
LINE
8
BLACK
6
CONTINUOUS
10
0.8326771653543307
20
1.1624015748031495
11
0.8326771653543307
21
1.1053149606299213
0
LINE
8
BLACK
6
CONTINUOUS
10
0.8326771653543307
20
1.1053149606299213
11
0.8149606299212598
21
1.1053149606299213
0
LINE
8
BLACK
6
CONTINUOUS
10
0.8149606299212598
20
1.1053149606299213
11
0.8149606299212598
21
1.1624015748031495
0
LINE
8
BLACK
6
CONTINUOUS
10
0.8149606299212598
20
1.1624015748031495
11
0.8179133858267716
21
1.1624015748031495
0
LINE
8
BLACK
6
CONTINUOUS
10
0.8179133858267716
20
1.1624015748031495
11
0.8179133858267716
21
1.1937349606299212
0
LINE
8
BLACK
6
CONTINUOUS
10
0.8179133858267716
20
1.1937349606299212
11
0.7622392913385827
21
1.2494090551181103
0
LINE
8
BLACK
6
CONTINUOUS
10
0.7622392913385827
20
1.2494090551181103
11
0.5778744094488188
21
1.2494090551181103
0
LINE
8
BLACK
6
CONTINUOUS
10
0.5778744094488188
20
1.2494090551181103
11
0.5771234251968503
21
1.2496102755905512
0
LINE
8
BLACK
6
CONTINUOUS
10
0.5771234251968503
20
1.2496102755905512
11
0.5763459448818897
21
1.2496102755905512
0
LINE
8
BLACK
6
CONTINUOUS
10
0.5763459448818897
20
1.2496102755905512
11
0.5756725984251968
21
1.2499989763779527
0
LINE
8
BLACK
6
CONTINUOUS
10
0.5756725984251968
20
1.2499989763779527
11
0.574921653543307
21
1.2502002362204725
0
LINE
8
BLACK
6
CONTINUOUS
10
0.574921653543307
20
1.2502002362204725
11
0.5743718503937008
21
1.25075
0
LINE
8
BLACK
6
CONTINUOUS
10
0.5743718503937008
20
1.25075
11
0.5736985826771653
21
1.2511387401574803
0
LINE
8
BLACK
6
CONTINUOUS
10
0.5736985826771653
20
1.2511387401574803
11
0.4958241732283464
21
1.3290131496062991
0
LINE
8
BLACK
6
CONTINUOUS
10
0.4958241732283464
20
1.3290131496062991
11
0.4954354330708661
21
1.3296864173228347
0
LINE
8
BLACK
6
CONTINUOUS
10
0.4954354330708661
20
1.3296864173228347
11
0.4948856692913386
21
1.3302362204724409
0
LINE
8
BLACK
6
CONTINUOUS
10
0.4948856692913386
20
1.3302362204724409
11
0.4946844094488189
21
1.3309871653543306
0
LINE
8
BLACK
6
CONTINUOUS
10
0.4946844094488189
20
1.3309871653543306
11
0.4942957086614173
21
1.3316605118110236
0
LINE
8
BLACK
6
CONTINUOUS
10
0.4942957086614173
20
1.3316605118110236
11
0.4942957086614173
21
1.3324379921259841
0
LINE
8
BLACK
6
CONTINUOUS
10
0.4942957086614173
20
1.3324379921259841
11
0.4940944881889764
21
1.3331889763779528
0
LINE
8
BLACK
6
CONTINUOUS
10
0.4940944881889764
20
1.3331889763779528
11
0.4940944881889764
21
1.345
0
LINE
8
BLACK
6
CONTINUOUS
10
0.4940944881889764
20
1.345
11
0.47
21
1.345
0
LINE
8
BLACK
6
CONTINUOUS
10
0.47
20
1.345
11
0.47
21
1.405
0
LINE
8
BLACK
6
CONTINUOUS
10
0.47
20
1.405
11
0.53
21
1.405
0
LINE
8
BLACK
6
CONTINUOUS
10
0.53
20
1.405
11
0.53
21
1.345
0
LINE
8
BLACK
6
CONTINUOUS
10
0.63
20
1.4450000000000001
11
0.6059055118110236
21
1.4450000000000001
0
LINE
8
BLACK
6
CONTINUOUS
10
0.6059055118110236
20
1.4450000000000001
11
0.6059055118110236
21
1.405
0
LINE
8
BLACK
6
CONTINUOUS
10
0.6059055118110236
20
1.405
11
0.63
21
1.405
0
LINE
8
BLACK
6
CONTINUOUS
10
0.63
20
1.405
11
0.63
21
1.345
0
LINE
8
BLACK
6
CONTINUOUS
10
0.63
20
1.345
11
0.6059055118110236
21
1.345
0
LINE
8
BLACK
6
CONTINUOUS
10
0.6059055118110236
20
1.345
11
0.6059055118110236
21
1.3331889763779528
0
LINE
8
BLACK
6
CONTINUOUS
10
0.6059055118110236
20
1.3331889763779528
11
0.6059055118110236
21
1.3274461417322834
0
LINE
8
BLACK
6
CONTINUOUS
10
0.6059055118110236
20
1.3274461417322834
11
0.6524461417322834
21
1.2809055118110235
0
LINE
8
BLACK
6
CONTINUOUS
10
0.6524461417322834
20
1.2809055118110235
11
0.775
21
1.2809055118110235
0
LINE
8
BLACK
6
CONTINUOUS
10
0.775
20
1.2809055118110235
11
0.7757509842519685
21
1.2807042913385827
0
LINE
8
BLACK
6
CONTINUOUS
10
0.7757509842519685
20
1.2807042913385827
11
0.7765284645669291
21
1.2807042913385827
0
LINE
8
BLACK
6
CONTINUOUS
10
0.7765284645669291
20
1.2807042913385827
11
0.7772017716535433
21
1.2803155511811024
0
LINE
8
BLACK
6
CONTINUOUS
10
0.7772017716535433
20
1.2803155511811024
11
0.7779527559055118
21
1.2801143307086613
0
LINE
8
BLACK
6
CONTINUOUS
10
0.7779527559055118
20
1.2801143307086613
11
0.7785025196850394
21
1.279564527559055
0
LINE
8
BLACK
6
CONTINUOUS
10
0.7785025196850394
20
1.279564527559055
11
0.7791758267716535
21
1.2791758267716535
0
LINE
8
BLACK
6
CONTINUOUS
10
0.7791758267716535
20
1.2791758267716535
11
0.8535852755905512
21
1.204766377952756
0
LINE
8
BLACK
6
CONTINUOUS
10
0.8535852755905512
20
1.204766377952756
11
0.8539739763779527
21
1.2040930708661417
0
LINE
8
BLACK
6
CONTINUOUS
10
0.8539739763779527
20
1.2040930708661417
11
0.8545237795275591
21
1.2035433070866142
0
LINE
8
BLACK
6
CONTINUOUS
10
0.8545237795275591
20
1.2035433070866142
11
0.854725
21
1.2027923228346455
0
LINE
8
BLACK
6
CONTINUOUS
10
0.854725
20
1.2027923228346455
11
0.8551137401574803
21
1.2021190157480315
0
LINE
8
BLACK
6
CONTINUOUS
10
0.8551137401574803
20
1.2021190157480315
11
0.8551137401574803
21
1.201341496062992
0
LINE
8
BLACK
6
CONTINUOUS
10
0.8551137401574803
20
1.201341496062992
11
0.8553149606299213
21
1.2005905511811024
0
LINE
8
BLACK
6
CONTINUOUS
10
0.8553149606299213
20
1.2005905511811024
11
0.8553149606299213
21
1.1624015748031495
0
LINE
8
BLACK
6
CONTINUOUS
10
0.8553149606299213
20
1.1624015748031495
11
0.8582677165354331
21
1.1624015748031495
0
LINE
8
BLACK
6
CONTINUOUS
10
0.8582677165354331
20
1.1624015748031495
11
0.8582677165354331
21
1.1053149606299213
0
LINE
8
BLACK
6
CONTINUOUS
10
0.8582677165354331
20
1.1053149606299213
11
0.8405511811023622
21
1.1053149606299213
0
LINE
8
BLACK
6
CONTINUOUS
10
0.8405511811023622
20
1.1053149606299213
11
0.8405511811023622
21
1.1624015748031495
0
LINE
8
BLACK
6
CONTINUOUS
10
0.8405511811023622
20
1.1624015748031495
11
0.843503937007874
21
1.1624015748031495
0
LINE
8
BLACK
6
CONTINUOUS
10
0.843503937007874
20
1.1624015748031495
11
0.843503937007874
21
1.1981444094488189
0
LINE
8
BLACK
6
CONTINUOUS
10
0.843503937007874
20
1.1981444094488189
11
0.7725538582677165
21
1.2690944881889763
0
LINE
8
BLACK
6
CONTINUOUS
10
0.7725538582677165
20
1.2690944881889763
11
0.65
21
1.2690944881889763
0
LINE
8
BLACK
6
CONTINUOUS
10
0.65
20
1.2690944881889763
11
0.6492490157480315
21
1.2692957086614174
0
LINE
8
BLACK
6
CONTINUOUS
10
0.6492490157480315
20
1.2692957086614174
11
0.6484715354330709
21
1.2692957086614174
0
LINE
8
BLACK
6
CONTINUOUS
10
0.6484715354330709
20
1.2692957086614174
11
0.647798188976378
21
1.2696844094488189
0
LINE
8
BLACK
6
CONTINUOUS
10
0.647798188976378
20
1.2696844094488189
11
0.6470472440944882
21
1.2698856692913385
0
LINE
8
BLACK
6
CONTINUOUS
10
0.6470472440944882
20
1.2698856692913385
11
0.6464974409448819
21
1.270435433070866
0
LINE
8
BLACK
6
CONTINUOUS
10
0.6464974409448819
20
1.270435433070866
11
0.6458241732283464
21
1.2708241732283465
0
LINE
8
BLACK
6
CONTINUOUS
10
0.6458241732283464
20
1.2708241732283465
11
0.5958241732283465
21
1.3208241732283463
0
LINE
8
BLACK
6
CONTINUOUS
10
0.5958241732283465
20
1.3208241732283463
11
0.5954354330708661
21
1.3214974409448819
0
LINE
8
BLACK
6
CONTINUOUS
10
0.5954354330708661
20
1.3214974409448819
11
0.5948856692913386
21
1.3220472440944881
0
LINE
8
BLACK
6
CONTINUOUS
10
0.5948856692913386
20
1.3220472440944881
11
0.5946844094488188
21
1.322798188976378
0
LINE
8
BLACK
6
CONTINUOUS
10
0.5946844094488188
20
1.322798188976378
11
0.5942957086614173
21
1.3234715354330708
0
LINE
8
BLACK
6
CONTINUOUS
10
0.5942957086614173
20
1.3234715354330708
11
0.5942957086614173
21
1.3242490157480316
0
LINE
8
BLACK
6
CONTINUOUS
10
0.5942957086614173
20
1.3242490157480316
11
0.5940944881889764
21
1.325
0
LINE
8
BLACK
6
CONTINUOUS
10
0.5940944881889764
20
1.325
11
0.5940944881889764
21
1.3331889763779528
0
LINE
8
BLACK
6
CONTINUOUS
10
0.5940944881889764
20
1.3331889763779528
11
0.5940944881889764
21
1.345
0
LINE
8
BLACK
6
CONTINUOUS
10
0.5940944881889764
20
1.345
11
0.57
21
1.345
0
LINE
8
BLACK
6
CONTINUOUS
10
0.57
20
1.345
11
0.57
21
1.405
0
LINE
8
BLACK
6
CONTINUOUS
10
0.57
20
1.405
11
0.5940944881889764
21
1.405
0
LINE
8
BLACK
6
CONTINUOUS
10
0.5940944881889764
20
1.405
11
0.5940944881889764
21
1.4450000000000001
0
LINE
8
BLACK
6
CONTINUOUS
10
0.5940944881889764
20
1.4450000000000001
11
0.57
21
1.4450000000000001
0
LINE
8
BLACK
6
CONTINUOUS
10
0.57
20
1.4450000000000001
11
0.57
21
1.5049999999999999
0
LINE
8
BLACK
6
CONTINUOUS
10
0.57
20
1.5049999999999999
11
0.63
21
1.5049999999999999
0
LINE
8
BLACK
6
CONTINUOUS
10
0.63
20
1.5049999999999999
11
0.63
21
1.4450000000000001
0
LINE
8
BLACK
6
CONTINUOUS
10
0.9094488188976377
20
1.1053149606299213
11
0.8917322834645669
21
1.1053149606299213
0
LINE
8
BLACK
6
CONTINUOUS
10
0.8917322834645669
20
1.1053149606299213
11
0.8917322834645669
21
1.1624015748031495
0
LINE
8
BLACK
6
CONTINUOUS
10
0.8917322834645669
20
1.1624015748031495
11
0.9094488188976377
21
1.1624015748031495
0
LINE
8
BLACK
6
CONTINUOUS
10
0.9094488188976377
20
1.1624015748031495
11
0.9094488188976377
21
1.1053149606299213
0
LINE
8
BLACK
6
CONTINUOUS
10
1.5106239763779528
20
0.3975681102362205
11
1.5123083070866141
21
0.3950170472440945
0
LINE
8
BLACK
6
CONTINUOUS
10
1.5123083070866141
20
0.3950170472440945
11
1.5124914566929133
21
0.3919656299212598
0
LINE
8
BLACK
6
CONTINUOUS
10
1.5124914566929133
20
0.3919656299212598
11
1.5111243700787402
21
0.3892314173228346
0
LINE
8
BLACK
6
CONTINUOUS
10
1.5111243700787402
20
0.3892314173228346
11
1.5085733070866141
21
0.387547125984252
0
LINE
8
BLACK
6
CONTINUOUS
10
1.5085733070866141
20
0.387547125984252
11
1.4957384645669292
21
0.3832688188976378
0
LINE
8
BLACK
6
CONTINUOUS
10
1.4957384645669292
20
0.3832688188976378
11
1.4957384645669292
21
0.3636601968503937
0
LINE
8
BLACK
6
CONTINUOUS
10
1.4957384645669292
20
0.3636601968503937
11
1.5085733070866141
21
0.3593819291338582
0
LINE
8
BLACK
6
CONTINUOUS
10
1.5085733070866141
20
0.3593819291338582
11
1.5111243700787402
21
0.3576976377952756
0
LINE
8
BLACK
6
CONTINUOUS
10
1.5111243700787402
20
0.3576976377952756
11
1.5124914566929133
21
0.3549634251968504
0
LINE
8
BLACK
6
CONTINUOUS
10
1.5124914566929133
20
0.3549634251968504
11
1.5123083070866141
21
0.3519120078740157
0
LINE
8
BLACK
6
CONTINUOUS
10
1.5123083070866141
20
0.3519120078740157
11
1.5106239763779528
21
0.3493609448818897
0
LINE
8
BLACK
6
CONTINUOUS
10
1.5106239763779528
20
0.3493609448818897
11
1.5078897637795274
21
0.3479938582677165
0
LINE
8
BLACK
6
CONTINUOUS
10
1.5078897637795274
20
0.3479938582677165
11
1.5048383464566928
21
0.3481770078740157
0
LINE
8
BLACK
6
CONTINUOUS
10
1.5048383464566928
20
0.3481770078740157
11
1.4457832283464567
21
0.3678620866141732
0
LINE
8
BLACK
6
CONTINUOUS
10
1.4457832283464567
20
0.3678620866141732
11
1.4447935039370079
21
0.3685155118110236
0
LINE
8
BLACK
6
CONTINUOUS
10
1.4447935039370079
20
0.3685155118110236
11
1.443732559055118
21
0.3690460236220472
0
LINE
8
BLACK
6
CONTINUOUS
10
1.443732559055118
20
0.3690460236220472
11
1.4435335433070866
21
0.3693473622047244
0
LINE
8
BLACK
6
CONTINUOUS
10
1.4435335433070866
20
0.3693473622047244
11
1.4432322047244095
21
0.3695463779527559
0
LINE
8
BLACK
6
CONTINUOUS
10
1.4432322047244095
20
0.3695463779527559
11
1.4427016929133858
21
0.3706073228346456
0
LINE
8
BLACK
6
CONTINUOUS
10
1.4427016929133858
20
0.3706073228346456
11
1.4420482677165354
21
0.3715970472440945
0
LINE
8
BLACK
6
CONTINUOUS
10
1.4420482677165354
20
0.3715970472440945
11
1.4420266141732283
21
0.3719574803149606
0
LINE
8
BLACK
6
CONTINUOUS
10
1.4420266141732283
20
0.3719574803149606
11
1.4418650787401575
21
0.3722805905511811
0
LINE
8
BLACK
6
CONTINUOUS
10
1.4418650787401575
20
0.3722805905511811
11
1.4419361417322833
21
0.3734645275590551
0
LINE
8
BLACK
6
CONTINUOUS
10
1.4419361417322833
20
0.3734645275590551
11
1.4418650787401575
21
0.3746484645669291
0
LINE
8
BLACK
6
CONTINUOUS
10
1.4418650787401575
20
0.3746484645669291
11
1.4420266141732283
21
0.3749715354330709
0
LINE
8
BLACK
6
CONTINUOUS
10
1.4420266141732283
20
0.3749715354330709
11
1.4420482677165354
21
0.3753320078740157
0
LINE
8
BLACK
6
CONTINUOUS
10
1.4420482677165354
20
0.3753320078740157
11
1.4427016929133858
21
0.3763216929133858
0
LINE
8
BLACK
6
CONTINUOUS
10
1.4427016929133858
20
0.3763216929133858
11
1.4432322047244095
21
0.3773826771653543
0
LINE
8
BLACK
6
CONTINUOUS
10
1.4432322047244095
20
0.3773826771653543
11
1.4435335433070866
21
0.3775816535433071
0
LINE
8
BLACK
6
CONTINUOUS
10
1.4435335433070866
20
0.3775816535433071
11
1.443732559055118
21
0.377883031496063
0
LINE
8
BLACK
6
CONTINUOUS
10
1.443732559055118
20
0.377883031496063
11
1.4447935039370079
21
0.3784135039370078
0
LINE
8
BLACK
6
CONTINUOUS
10
1.4447935039370079
20
0.3784135039370078
11
1.4457832283464567
21
0.379066968503937
0
LINE
8
BLACK
6
CONTINUOUS
10
1.4457832283464567
20
0.379066968503937
11
1.5048383464566928
21
0.3987520472440945
0
LINE
8
BLACK
6
CONTINUOUS
10
1.5048383464566928
20
0.3987520472440945
11
1.5078897637795274
21
0.3989351968503937
0
LINE
8
BLACK
6
CONTINUOUS
10
1.5078897637795274
20
0.3989351968503937
11
1.5106239763779528
21
0.3975681102362205
0
LINE
8
BLACK
6
CONTINUOUS
10
1.4663255118110237
20
0.3734645275590551
11
1.4839274409448819
21
0.3675972047244094
0
LINE
8
BLACK
6
CONTINUOUS
10
1.4839274409448819
20
0.3675972047244094
11
1.4839274409448819
21
0.379331811023622
0
LINE
8
BLACK
6
CONTINUOUS
10
1.4839274409448819
20
0.379331811023622
11
1.4663255118110237
21
0.3734645275590551
0
LINE
8
BLACK
6
CONTINUOUS
10
1.5096585826771654
20
0.4488825590551181
11
1.511820157480315
21
0.4467209842519685
0
LINE
8
BLACK
6
CONTINUOUS
10
1.511820157480315
20
0.4467209842519685
11
1.5126113385826772
21
0.4437682283464567
0
LINE
8
BLACK
6
CONTINUOUS
10
1.5126113385826772
20
0.4437682283464567
11
1.5126113385826772
21
0.4100224409448819
0
LINE
8
BLACK
6
CONTINUOUS
10
1.5126113385826772
20
0.4100224409448819
11
1.511820157480315
21
0.4070696850393701
0
LINE
8
BLACK
6
CONTINUOUS
10
1.511820157480315
20
0.4070696850393701
11
1.5096585826771654
21
0.4049081102362205
0
LINE
8
BLACK
6
CONTINUOUS
10
1.5096585826771654
20
0.4049081102362205
11
1.5067058267716535
21
0.4041169291338583
0
LINE
8
BLACK
6
CONTINUOUS
10
1.5067058267716535
20
0.4041169291338583
11
1.5037530708661417
21
0.4049081102362205
0
LINE
8
BLACK
6
CONTINUOUS
10
1.5037530708661417
20
0.4049081102362205
11
1.5015914960629921
21
0.4070696850393701
0
LINE
8
BLACK
6
CONTINUOUS
10
1.5015914960629921
20
0.4070696850393701
11
1.5008003149606299
21
0.4100224409448819
0
LINE
8
BLACK
6
CONTINUOUS
10
1.5008003149606299
20
0.4100224409448819
11
1.5008003149606299
21
0.420989842519685
0
LINE
8
BLACK
6
CONTINUOUS
10
1.5008003149606299
20
0.420989842519685
11
1.4476507086614172
21
0.420989842519685
0
LINE
8
BLACK
6
CONTINUOUS
10
1.4476507086614172
20
0.420989842519685
11
1.4463516141732282
21
0.4213379133858268
0
LINE
8
BLACK
6
CONTINUOUS
10
1.4463516141732282
20
0.4213379133858268
11
1.4450332283464566
21
0.4216016141732283
0
LINE
8
BLACK
6
CONTINUOUS
10
1.4450332283464566
20
0.4216016141732283
11
1.4448865748031496
21
0.4217304724409449
0
LINE
8
BLACK
6
CONTINUOUS
10
1.4448865748031496
20
0.4217304724409449
11
1.4446979527559054
21
0.4217810236220472
0
LINE
8
BLACK
6
CONTINUOUS
10
1.4446979527559054
20
0.4217810236220472
11
1.4437470078740158
21
0.4227319291338583
0
LINE
8
BLACK
6
CONTINUOUS
10
1.4437470078740158
20
0.4227319291338583
11
1.4427370078740158
21
0.4236195669291338
0
LINE
8
BLACK
6
CONTINUOUS
10
1.4427370078740158
20
0.4236195669291338
11
1.4426744094488189
21
0.4238045275590551
0
LINE
8
BLACK
6
CONTINUOUS
10
1.4426744094488189
20
0.4238045275590551
11
1.4425363779527558
21
0.4239425984251968
0
LINE
8
BLACK
6
CONTINUOUS
10
1.4425363779527558
20
0.4239425984251968
11
1.4421883464566929
21
0.4252414173228347
0
LINE
8
BLACK
6
CONTINUOUS
10
1.4421883464566929
20
0.4252414173228347
11
1.4417574409448819
21
0.4265152755905512
0
LINE
8
BLACK
6
CONTINUOUS
10
1.4417574409448819
20
0.4265152755905512
11
1.4417957086614173
21
0.4267067322834646
0
LINE
8
BLACK
6
CONTINUOUS
10
1.4417957086614173
20
0.4267067322834646
11
1.4417451968503936
21
0.4268953543307086
0
LINE
8
BLACK
6
CONTINUOUS
10
1.4417451968503936
20
0.4268953543307086
11
1.4420932677165355
21
0.4281944094488189
0
LINE
8
BLACK
6
CONTINUOUS
10
1.4420932677165355
20
0.4281944094488189
11
1.442356968503937
21
0.4295128346456693
0
LINE
8
BLACK
6
CONTINUOUS
10
1.442356968503937
20
0.4295128346456693
11
1.4424858267716536
21
0.4296594488188976
0
LINE
8
BLACK
6
CONTINUOUS
10
1.4424858267716536
20
0.4296594488188976
11
1.4425363779527558
21
0.4298481102362204
0
LINE
8
BLACK
6
CONTINUOUS
10
1.4425363779527558
20
0.4298481102362204
11
1.4434872834645669
21
0.4307990157480315
0
LINE
8
BLACK
6
CONTINUOUS
10
1.4434872834645669
20
0.4307990157480315
11
1.4443749212598425
21
0.4318090551181102
0
LINE
8
BLACK
6
CONTINUOUS
10
1.4443749212598425
20
0.4318090551181102
11
1.4523248818897638
21
0.4371090157480315
0
LINE
8
BLACK
6
CONTINUOUS
10
1.4523248818897638
20
0.4371090157480315
11
1.4568579921259843
21
0.441642125984252
0
LINE
8
BLACK
6
CONTINUOUS
10
1.4568579921259843
20
0.441642125984252
11
1.4592415748031495
21
0.446409251968504
0
LINE
8
BLACK
6
CONTINUOUS
10
1.4592415748031495
20
0.446409251968504
11
1.4612697637795276
21
0.4486964566929134
0
LINE
8
BLACK
6
CONTINUOUS
10
1.4612697637795276
20
0.4486964566929134
11
1.4641698031496062
21
0.4496631496062992
0
LINE
8
BLACK
6
CONTINUOUS
10
1.4641698031496062
20
0.4496631496062992
11
1.4671646456692913
21
0.4490502755905512
0
LINE
8
BLACK
6
CONTINUOUS
10
1.4671646456692913
20
0.4490502755905512
11
1.4694518503937009
21
0.4470220866141732
0
LINE
8
BLACK
6
CONTINUOUS
10
1.4694518503937009
20
0.4470220866141732
11
1.4704185433070867
21
0.4441220472440945
0
LINE
8
BLACK
6
CONTINUOUS
10
1.4704185433070867
20
0.4441220472440945
11
1.4698056692913386
21
0.4411271653543307
0
LINE
8
BLACK
6
CONTINUOUS
10
1.4698056692913386
20
0.4411271653543307
11
1.4669935039370079
21
0.4355029133858268
0
LINE
8
BLACK
6
CONTINUOUS
10
1.4669935039370079
20
0.4355029133858268
11
1.4663626771653544
21
0.4347915354330709
0
LINE
8
BLACK
6
CONTINUOUS
10
1.4663626771653544
20
0.4347915354330709
11
1.4658872834645669
21
0.4339681102362205
0
LINE
8
BLACK
6
CONTINUOUS
10
1.4658872834645669
20
0.4339681102362205
11
1.4647200393700788
21
0.4328008661417323
0
LINE
8
BLACK
6
CONTINUOUS
10
1.4647200393700788
20
0.4328008661417323
11
1.5008003149606299
21
0.4328008661417323
0
LINE
8
BLACK
6
CONTINUOUS
10
1.5008003149606299
20
0.4328008661417323
11
1.5008003149606299
21
0.4437682283464567
0
LINE
8
BLACK
6
CONTINUOUS
10
1.5008003149606299
20
0.4437682283464567
11
1.5015914960629921
21
0.4467209842519685
0
LINE
8
BLACK
6
CONTINUOUS
10
1.5015914960629921
20
0.4467209842519685
11
1.5037530708661417
21
0.4488825590551181
0
LINE
8
BLACK
6
CONTINUOUS
10
1.5037530708661417
20
0.4488825590551181
11
1.5067058267716535
21
0.4496737401574803
0
LINE
8
BLACK
6
CONTINUOUS
10
1.5067058267716535
20
0.4496737401574803
11
1.5096585826771654
21
0.4488825590551181
0
LINE
8
BLACK
6
CONTINUOUS
10
1.4849124803149607
20
0.5057280708661417
11
1.4856409448818897
21
0.5057403543307086
0
LINE
8
BLACK
6
CONTINUOUS
10
1.4856409448818897
20
0.5057403543307086
11
1.496889527559055
21
0.5029282283464567
0
LINE
8
BLACK
6
CONTINUOUS
10
1.496889527559055
20
0.5029282283464567
11
1.4974594881889765
21
0.5026118110236221
0
LINE
8
BLACK
6
CONTINUOUS
10
1.4974594881889765
20
0.5026118110236221
11
1.4980982677165353
21
0.5024811023622047
0
LINE
8
BLACK
6
CONTINUOUS
10
1.4980982677165353
20
0.5024811023622047
11
1.503722559055118
21
0.499668937007874
0
LINE
8
BLACK
6
CONTINUOUS
10
1.503722559055118
20
0.499668937007874
11
1.5044338976377953
21
0.4990381102362205
0
LINE
8
BLACK
6
CONTINUOUS
10
1.5044338976377953
20
0.4990381102362205
11
1.5052573228346455
21
0.4985627559055118
0
LINE
8
BLACK
6
CONTINUOUS
10
1.5052573228346455
20
0.4985627559055118
11
1.5080694881889762
21
0.4957506299212598
0
LINE
8
BLACK
6
CONTINUOUS
10
1.5080694881889762
20
0.4957506299212598
11
1.5085449606299213
21
0.4949270866141732
0
LINE
8
BLACK
6
CONTINUOUS
10
1.5085449606299213
20
0.4949270866141732
11
1.509175748031496
21
0.494215748031496
0
LINE
8
BLACK
6
CONTINUOUS
10
1.509175748031496
20
0.494215748031496
11
1.5119879133858267
21
0.4885914173228346
0
LINE
8
BLACK
6
CONTINUOUS
10
1.5119879133858267
20
0.4885914173228346
11
1.5122600787401574
21
0.4872612992125984
0
LINE
8
BLACK
6
CONTINUOUS
10
1.5122600787401574
20
0.4872612992125984
11
1.5126113385826772
21
0.4859504330708661
0
LINE
8
BLACK
6
CONTINUOUS
10
1.5126113385826772
20
0.4859504330708661
11
1.5126113385826772
21
0.4803261417322834
0
LINE
8
BLACK
6
CONTINUOUS
10
1.5126113385826772
20
0.4803261417322834
11
1.5122599606299212
21
0.4790148818897638
0
LINE
8
BLACK
6
CONTINUOUS
10
1.5122599606299212
20
0.4790148818897638
11
1.511987874015748
21
0.4776851574803149
0
LINE
8
BLACK
6
CONTINUOUS
10
1.511987874015748
20
0.4776851574803149
11
1.509175748031496
21
0.4720608267716535
0
LINE
8
BLACK
6
CONTINUOUS
10
1.509175748031496
20
0.4720608267716535
11
1.5085448818897638
21
0.4713494094488189
0
LINE
8
BLACK
6
CONTINUOUS
10
1.5085448818897638
20
0.4713494094488189
11
1.5080694881889762
21
0.4705259842519685
0
LINE
8
BLACK
6
CONTINUOUS
10
1.5080694881889762
20
0.4705259842519685
11
1.5052573228346455
21
0.4677138582677165
0
LINE
8
BLACK
6
CONTINUOUS
10
1.5052573228346455
20
0.4677138582677165
11
1.5044338976377953
21
0.4672384645669291
0
LINE
8
BLACK
6
CONTINUOUS
10
1.5044338976377953
20
0.4672384645669291
11
1.503722559055118
21
0.4666076771653543
0
LINE
8
BLACK
6
CONTINUOUS
10
1.503722559055118
20
0.4666076771653543
11
1.4980982677165353
21
0.4637955118110236
0
LINE
8
BLACK
6
CONTINUOUS
10
1.4980982677165353
20
0.4637955118110236
11
1.4974594881889765
21
0.4636647637795275
0
LINE
8
BLACK
6
CONTINUOUS
10
1.4974594881889765
20
0.4636647637795275
11
1.496889527559055
21
0.4633483858267716
0
LINE
8
BLACK
6
CONTINUOUS
10
1.496889527559055
20
0.4633483858267716
11
1.4856409842519684
21
0.4605362204724409
0
LINE
8
BLACK
6
CONTINUOUS
10
1.4856409842519684
20
0.4605362204724409
11
1.484912440944882
21
0.4605484645669291
0
LINE
8
BLACK
6
CONTINUOUS
10
1.484912440944882
20
0.4605484645669291
11
1.4842086614173229
21
0.4603598818897638
0
LINE
8
BLACK
6
CONTINUOUS
10
1.4842086614173229
20
0.4603598818897638
11
1.4701479133858268
21
0.4603598818897638
0
LINE
8
BLACK
6
CONTINUOUS
10
1.4701479133858268
20
0.4603598818897638
11
1.469444094488189
21
0.4605484645669291
0
LINE
8
BLACK
6
CONTINUOUS
10
1.469444094488189
20
0.4605484645669291
11
1.4687155905511811
21
0.4605362204724409
0
LINE
8
BLACK
6
CONTINUOUS
10
1.4687155905511811
20
0.4605362204724409
11
1.4574670078740157
21
0.4633483858267716
0
LINE
8
BLACK
6
CONTINUOUS
10
1.4574670078740157
20
0.4633483858267716
11
1.4568970472440945
21
0.4636647637795275
0
LINE
8
BLACK
6
CONTINUOUS
10
1.4568970472440945
20
0.4636647637795275
11
1.4562582283464567
21
0.4637955118110236
0
LINE
8
BLACK
6
CONTINUOUS
10
1.4562582283464567
20
0.4637955118110236
11
1.4506339763779528
21
0.4666076771653543
0
LINE
8
BLACK
6
CONTINUOUS
10
1.4506339763779528
20
0.4666076771653543
11
1.4499225984251969
21
0.4672384645669291
0
LINE
8
BLACK
6
CONTINUOUS
10
1.4499225984251969
20
0.4672384645669291
11
1.4490991732283465
21
0.4677138976377953
0
LINE
8
BLACK
6
CONTINUOUS
10
1.4490991732283465
20
0.4677138976377953
11
1.4462870472440945
21
0.4705260236220472
0
LINE
8
BLACK
6
CONTINUOUS
10
1.4462870472440945
20
0.4705260236220472
11
1.4458116141732282
21
0.4713494488188976
0
LINE
8
BLACK
6
CONTINUOUS
10
1.4458116141732282
20
0.4713494488188976
11
1.4451808267716535
21
0.4720608267716535
0
LINE
8
BLACK
6
CONTINUOUS
10
1.4451808267716535
20
0.4720608267716535
11
1.4423686614173228
21
0.4776851181102362
0
LINE
8
BLACK
6
CONTINUOUS
10
1.4423686614173228
20
0.4776851181102362
11
1.4420964960629921
21
0.4790150393700787
0
LINE
8
BLACK
6
CONTINUOUS
10
1.4420964960629921
20
0.4790150393700787
11
1.4417451968503936
21
0.4803261417322834
0
LINE
8
BLACK
6
CONTINUOUS
10
1.4417451968503936
20
0.4803261417322834
11
1.4417451968503936
21
0.4859504330708661
0
LINE
8
BLACK
6
CONTINUOUS
10
1.4417451968503936
20
0.4859504330708661
11
1.4420964960629921
21
0.4872614960629921
0
LINE
8
BLACK
6
CONTINUOUS
10
1.4420964960629921
20
0.4872614960629921
11
1.4423686614173228
21
0.4885914566929134
0
LINE
8
BLACK
6
CONTINUOUS
10
1.4423686614173228
20
0.4885914566929134
11
1.4451808267716535
21
0.4942157874015748
0
LINE
8
BLACK
6
CONTINUOUS
10
1.4451808267716535
20
0.4942157874015748
11
1.445811653543307
21
0.4949271653543307
0
LINE
8
BLACK
6
CONTINUOUS
10
1.445811653543307
20
0.4949271653543307
11
1.4462870472440945
21
0.4957505905511811
0
LINE
8
BLACK
6
CONTINUOUS
10
1.4462870472440945
20
0.4957505905511811
11
1.4490991732283465
21
0.498562716535433
0
LINE
8
BLACK
6
CONTINUOUS
10
1.4490991732283465
20
0.498562716535433
11
1.4499225984251969
21
0.4990381102362205
0
LINE
8
BLACK
6
CONTINUOUS
10
1.4499225984251969
20
0.4990381102362205
11
1.4506339763779528
21
0.499668937007874
0
LINE
8
BLACK
6
CONTINUOUS
10
1.4506339763779528
20
0.499668937007874
11
1.4562582283464567
21
0.5024811023622047
0
LINE
8
BLACK
6
CONTINUOUS
10
1.4562582283464567
20
0.5024811023622047
11
1.4568970472440945
21
0.5026118110236221
0
LINE
8
BLACK
6
CONTINUOUS
10
1.4568970472440945
20
0.5026118110236221
11
1.4574670078740157
21
0.5029282283464567
0
LINE
8
BLACK
6
CONTINUOUS
10
1.4574670078740157
20
0.5029282283464567
11
1.4687156299212598
21
0.5057403543307086
0
LINE
8
BLACK
6
CONTINUOUS
10
1.4687156299212598
20
0.5057403543307086
11
1.4694440551181103
21
0.5057280708661417
0
LINE
8
BLACK
6
CONTINUOUS
10
1.4694440551181103
20
0.5057280708661417
11
1.4701479133858268
21
0.5059166929133858
0
LINE
8
BLACK
6
CONTINUOUS
10
1.4701479133858268
20
0.5059166929133858
11
1.4842086614173229
21
0.5059166929133858
0
LINE
8
BLACK
6
CONTINUOUS
10
1.4842086614173229
20
0.5059166929133858
11
1.4849124803149607
21
0.5057280708661417
0
LINE
8
BLACK
6
CONTINUOUS
10
1.4609605511811024
20
0.4916270866141732
11
1.456773188976378
21
0.4895334251968504
0
LINE
8
BLACK
6
CONTINUOUS
10
1.456773188976378
20
0.4895334251968504
11
1.4553163385826771
21
0.4880765748031496
0
LINE
8
BLACK
6
CONTINUOUS
10
1.4553163385826771
20
0.4880765748031496
11
1.4535562204724408
21
0.4845563385826772
0
LINE
8
BLACK
6
CONTINUOUS
10
1.4535562204724408
20
0.4845563385826772
11
1.4535562204724408
21
0.4817202362204724
0
LINE
8
BLACK
6
CONTINUOUS
10
1.4535562204724408
20
0.4817202362204724
11
1.4553163385826771
21
0.4782
0
LINE
8
BLACK
6
CONTINUOUS
10
1.4553163385826771
20
0.4782
11
1.456773188976378
21
0.4767431496062992
0
LINE
8
BLACK
6
CONTINUOUS
10
1.456773188976378
20
0.4767431496062992
11
1.4609605511811024
21
0.4746494488188976
0
LINE
8
BLACK
6
CONTINUOUS
10
1.4609605511811024
20
0.4746494488188976
11
1.4708748425196849
21
0.472170905511811
0
LINE
8
BLACK
6
CONTINUOUS
10
1.4708748425196849
20
0.472170905511811
11
1.4834816929133858
21
0.472170905511811
0
LINE
8
BLACK
6
CONTINUOUS
10
1.4834816929133858
20
0.472170905511811
11
1.4933959842519684
21
0.4746494881889763
0
LINE
8
BLACK
6
CONTINUOUS
10
1.4933959842519684
20
0.4746494881889763
11
1.4975833858267715
21
0.476743188976378
0
LINE
8
BLACK
6
CONTINUOUS
10
1.4975833858267715
20
0.476743188976378
11
1.4990402362204724
21
0.4782000393700787
0
LINE
8
BLACK
6
CONTINUOUS
10
1.4990402362204724
20
0.4782000393700787
11
1.5008003149606299
21
0.4817201968503937
0
LINE
8
BLACK
6
CONTINUOUS
10
1.5008003149606299
20
0.4817201968503937
11
1.5008003149606299
21
0.4845563385826772
0
LINE
8
BLACK
6
CONTINUOUS
10
1.5008003149606299
20
0.4845563385826772
11
1.4990402362204724
21
0.4880764960629921
0
LINE
8
BLACK
6
CONTINUOUS
10
1.4990402362204724
20
0.4880764960629921
11
1.4975833858267715
21
0.4895333858267716
0
LINE
8
BLACK
6
CONTINUOUS
10
1.4975833858267715
20
0.4895333858267716
11
1.4933959448818896
21
0.491627125984252
0
LINE
8
BLACK
6
CONTINUOUS
10
1.4933959448818896
20
0.491627125984252
11
1.4834817322834646
21
0.4941056692913386
0
LINE
8
BLACK
6
CONTINUOUS
10
1.4834817322834646
20
0.4941056692913386
11
1.4708748425196849
21
0.4941056692913386
0
LINE
8
BLACK
6
CONTINUOUS
10
1.4708748425196849
20
0.4941056692913386
11
1.4609605511811024
21
0.4916270866141732
0
LINE
8
BLACK
6
CONTINUOUS
10
1.5080736614173229
20
0.561999094488189
11
1.5081520472440944
21
0.5619566929133858
0
LINE
8
BLACK
6
CONTINUOUS
10
1.5081520472440944
20
0.5619566929133858
11
1.5082411023622047
21
0.5619566141732283
0
LINE
8
BLACK
6
CONTINUOUS
10
1.5082411023622047
20
0.5619566141732283
11
1.5094912204724409
21
0.5612328346456693
0
LINE
8
BLACK
6
CONTINUOUS
10
1.5094912204724409
20
0.5612328346456693
11
1.5107628740157479
21
0.5605455118110236
0
LINE
8
BLACK
6
CONTINUOUS
10
1.5107628740157479
20
0.5605455118110236
11
1.5108095669291339
21
0.5604696062992126
0
LINE
8
BLACK
6
CONTINUOUS
10
1.5108095669291339
20
0.5604696062992126
11
1.510886653543307
21
0.560425
0
LINE
8
BLACK
6
CONTINUOUS
10
1.510886653543307
20
0.560425
11
1.5116074015748031
21
0.5591731102362204
0
LINE
8
BLACK
6
CONTINUOUS
10
1.5116074015748031
20
0.5591731102362204
11
1.512365
21
0.5579420472440945
0
LINE
8
BLACK
6
CONTINUOUS
10
1.512365
20
0.5579420472440945
11
1.5123674803149605
21
0.5578529527559055
0
LINE
8
BLACK
6
CONTINUOUS
10
1.5123674803149605
20
0.5578529527559055
11
1.5124119291338582
21
0.5577757874015747
0
LINE
8
BLACK
6
CONTINUOUS
10
1.5124119291338582
20
0.5577757874015747
11
1.5124101968503936
21
0.5563313385826771
0
LINE
8
BLACK
6
CONTINUOUS
10
1.5124101968503936
20
0.5563313385826771
11
1.5124507480314959
21
0.5548863385826771
0
LINE
8
BLACK
6
CONTINUOUS
10
1.5124507480314959
20
0.5548863385826771
11
1.5124083464566929
21
0.5548079133858268
0
LINE
8
BLACK
6
CONTINUOUS
10
1.5124083464566929
20
0.5548079133858268
11
1.5124082677165354
21
0.5547188976377952
0
LINE
8
BLACK
6
CONTINUOUS
10
1.5124082677165354
20
0.5547188976377952
11
1.5116844881889764
21
0.5534687401574803
0
LINE
8
BLACK
6
CONTINUOUS
10
1.5116844881889764
20
0.5534687401574803
11
1.5109971653543306
21
0.552197125984252
0
LINE
8
BLACK
6
CONTINUOUS
10
1.5109971653543306
20
0.552197125984252
11
1.5109212598425197
21
0.5521503937007873
0
LINE
8
BLACK
6
CONTINUOUS
10
1.5109212598425197
20
0.5521503937007873
11
1.5108766535433071
21
0.5520733464566929
0
LINE
8
BLACK
6
CONTINUOUS
10
1.5108766535433071
20
0.5520733464566929
11
1.5096247637795275
21
0.5513525590551182
0
LINE
8
BLACK
6
CONTINUOUS
10
1.5096247637795275
20
0.5513525590551182
11
1.5083937007874015
21
0.5505949999999999
0
LINE
8
BLACK
6
CONTINUOUS
10
1.5083937007874015
20
0.5505949999999999
11
1.5083046062992125
21
0.5505924803149607
0
LINE
8
BLACK
6
CONTINUOUS
10
1.5083046062992125
20
0.5505924803149607
11
1.5082274409448819
21
0.5505480708661418
0
LINE
8
BLACK
6
CONTINUOUS
10
1.5082274409448819
20
0.5505480708661418
11
1.4874430708661417
21
0.5450055511811024
0
LINE
8
BLACK
6
CONTINUOUS
10
1.4874430708661417
20
0.5450055511811024
11
1.5082274409448819
21
0.5394630708661418
0
LINE
8
BLACK
6
CONTINUOUS
10
1.5082274409448819
20
0.5394630708661418
11
1.5083046062992125
21
0.5394186220472441
0
LINE
8
BLACK
6
CONTINUOUS
10
1.5083046062992125
20
0.5394186220472441
11
1.5083937007874015
21
0.5394161417322835
0
LINE
8
BLACK
6
CONTINUOUS
10
1.5083937007874015
20
0.5394161417322835
11
1.5096247637795275
21
0.5386585433070866
0
LINE
8
BLACK
6
CONTINUOUS
10
1.5096247637795275
20
0.5386585433070866
11
1.5108766535433071
21
0.5379377952755905
0
LINE
8
BLACK
6
CONTINUOUS
10
1.5108766535433071
20
0.5379377952755905
11
1.5109212598425197
21
0.5378607086614173
0
LINE
8
BLACK
6
CONTINUOUS
10
1.5109212598425197
20
0.5378607086614173
11
1.5109971653543306
21
0.5378140157480314
0
LINE
8
BLACK
6
CONTINUOUS
10
1.5109971653543306
20
0.5378140157480314
11
1.5116844881889764
21
0.5365423622047244
0
LINE
8
BLACK
6
CONTINUOUS
10
1.5116844881889764
20
0.5365423622047244
11
1.5124082677165354
21
0.5352922440944882
0
LINE
8
BLACK
6
CONTINUOUS
10
1.5124082677165354
20
0.5352922440944882
11
1.5124083464566929
21
0.535203188976378
0
LINE
8
BLACK
6
CONTINUOUS
10
1.5124083464566929
20
0.535203188976378
11
1.5124507480314959
21
0.5351248031496063
0
LINE
8
BLACK
6
CONTINUOUS
10
1.5124507480314959
20
0.5351248031496063
11
1.5124101968503936
21
0.5336797637795275
0
LINE
8
BLACK
6
CONTINUOUS
10
1.5124101968503936
20
0.5336797637795275
11
1.5124119291338582
21
0.5322353543307087
0
LINE
8
BLACK
6
CONTINUOUS
10
1.5124119291338582
20
0.5322353543307087
11
1.5123674803149605
21
0.5321581496062991
0
LINE
8
BLACK
6
CONTINUOUS
10
1.5123674803149605
20
0.5321581496062991
11
1.512365
21
0.532069094488189
0
LINE
8
BLACK
6
CONTINUOUS
10
1.512365
20
0.532069094488189
11
1.5116074015748031
21
0.5308379921259843
0
LINE
8
BLACK
6
CONTINUOUS
10
1.5116074015748031
20
0.5308379921259843
11
1.510886653543307
21
0.5295861417322835
0
LINE
8
BLACK
6
CONTINUOUS
10
1.510886653543307
20
0.5295861417322835
11
1.5108095669291339
21
0.5295414960629922
0
LINE
8
BLACK
6
CONTINUOUS
10
1.5108095669291339
20
0.5295414960629922
11
1.5107628740157479
21
0.5294656299212598
0
LINE
8
BLACK
6
CONTINUOUS
10
1.5107628740157479
20
0.5294656299212598
11
1.5094912204724409
21
0.5287782677165355
0
LINE
8
BLACK
6
CONTINUOUS
10
1.5094912204724409
20
0.5287782677165355
11
1.5082411023622047
21
0.5280545275590551
0
LINE
8
BLACK
6
CONTINUOUS
10
1.5082411023622047
20
0.5280545275590551
11
1.5081520472440944
21
0.5280544094488189
0
LINE
8
BLACK
6
CONTINUOUS
10
1.5081520472440944
20
0.5280544094488189
11
1.5080736614173229
21
0.5280120472440945
0
LINE
8
BLACK
6
CONTINUOUS
10
1.5080736614173229
20
0.5280120472440945
11
1.4490185433070866
21
0.5139513385826772
0
LINE
8
BLACK
6
CONTINUOUS
10
1.4490185433070866
20
0.5139513385826772
11
1.4459628346456692
21
0.5140370866141732
0
LINE
8
BLACK
6
CONTINUOUS
10
1.4459628346456692
20
0.5140370866141732
11
1.4433593700787402
21
0.5156392125984252
0
LINE
8
BLACK
6
CONTINUOUS
10
1.4433593700787402
20
0.5156392125984252
11
1.4419057874015748
21
0.5183284251968504
0
LINE
8
BLACK
6
CONTINUOUS
10
1.4419057874015748
20
0.5183284251968504
11
1.4419915354330708
21
0.5213841338582677
0
LINE
8
BLACK
6
CONTINUOUS
10
1.4419915354330708
20
0.5213841338582677
11
1.4435936614173228
21
0.5239875984251968
0
LINE
8
BLACK
6
CONTINUOUS
10
1.4435936614173228
20
0.5239875984251968
11
1.4462828740157481
21
0.5254411811023622
0
LINE
8
BLACK
6
CONTINUOUS
10
1.4462828740157481
20
0.5254411811023622
11
1.482570748031496
21
0.5340811023622047
0
LINE
8
BLACK
6
CONTINUOUS
10
1.482570748031496
20
0.5340811023622047
11
1.463001968503937
21
0.5392994881889763
0
LINE
8
BLACK
6
CONTINUOUS
10
1.463001968503937
20
0.5392994881889763
11
1.4629955905511811
21
0.5393031102362205
0
LINE
8
BLACK
6
CONTINUOUS
10
1.4629955905511811
20
0.5393031102362205
11
1.4629883464566928
21
0.5393031496062992
0
LINE
8
BLACK
6
CONTINUOUS
10
1.4629883464566928
20
0.5393031496062992
11
1.4616751181102361
21
0.5400633858267716
0
LINE
8
BLACK
6
CONTINUOUS
10
1.4616751181102361
20
0.5400633858267716
11
1.4603527952755906
21
0.5408247637795276
0
LINE
8
BLACK
6
CONTINUOUS
10
1.4603527952755906
20
0.5408247637795276
11
1.4603490944881889
21
0.540831062992126
0
LINE
8
BLACK
6
CONTINUOUS
10
1.4603490944881889
20
0.540831062992126
11
1.4603427952755905
21
0.5408347637795275
0
LINE
8
BLACK
6
CONTINUOUS
10
1.4603427952755905
20
0.5408347637795275
11
1.4595870472440944
21
0.5421473622047244
0
LINE
8
BLACK
6
CONTINUOUS
10
1.4595870472440944
20
0.5421473622047244
11
1.4588211417322834
21
0.5434703149606299
0
LINE
8
BLACK
6
CONTINUOUS
10
1.4588211417322834
20
0.5434703149606299
11
1.4588211023622046
21
0.5434776771653543
0
LINE
8
BLACK
6
CONTINUOUS
10
1.4588211023622046
20
0.5434776771653543
11
1.4588175196850393
21
0.5434839763779528
0
LINE
8
BLACK
6
CONTINUOUS
10
1.4588175196850393
20
0.5434839763779528
11
1.4588193307086614
21
0.5449973622047244
0
LINE
8
BLACK
6
CONTINUOUS
10
1.4588193307086614
20
0.5449973622047244
11
1.4588175196850393
21
0.5465272440944882
0
LINE
8
BLACK
6
CONTINUOUS
10
1.4588175196850393
20
0.5465272440944882
11
1.4588211417322834
21
0.5465335826771653
0
LINE
8
BLACK
6
CONTINUOUS
10
1.4588211417322834
20
0.5465335826771653
11
1.4588211811023621
21
0.5465408661417323
0
LINE
8
BLACK
6
CONTINUOUS
10
1.4588211811023621
20
0.5465408661417323
11
1.4595814173228345
21
0.5478540551181103
0
LINE
8
BLACK
6
CONTINUOUS
10
1.4595814173228345
20
0.5478540551181103
11
1.4603427952755905
21
0.5491764173228346
0
LINE
8
BLACK
6
CONTINUOUS
10
1.4603427952755905
20
0.5491764173228346
11
1.4603490944881889
21
0.5491800787401575
0
LINE
8
BLACK
6
CONTINUOUS
10
1.4603490944881889
20
0.5491800787401575
11
1.4603527952755906
21
0.5491864173228347
0
LINE
8
BLACK
6
CONTINUOUS
10
1.4603527952755906
20
0.5491864173228347
11
1.4616653937007873
21
0.549942125984252
0
LINE
8
BLACK
6
CONTINUOUS
10
1.4616653937007873
20
0.549942125984252
11
1.4629883464566928
21
0.5507080708661417
0
LINE
8
BLACK
6
CONTINUOUS
10
1.4629883464566928
20
0.5507080708661417
11
1.4629957086614174
21
0.5507080708661417
0
LINE
8
BLACK
6
CONTINUOUS
10
1.4629957086614174
20
0.5507080708661417
11
1.4630020078740158
21
0.5507116929133858
0
LINE
8
BLACK
6
CONTINUOUS
10
1.4630020078740158
20
0.5507116929133858
11
1.482570748031496
21
0.55593
0
LINE
8
BLACK
6
CONTINUOUS
10
1.482570748031496
20
0.55593
11
1.4462828740157481
21
0.56457
0
LINE
8
BLACK
6
CONTINUOUS
10
1.4462828740157481
20
0.56457
11
1.4435936614173228
21
0.5660235826771653
0
LINE
8
BLACK
6
CONTINUOUS
10
1.4435936614173228
20
0.5660235826771653
11
1.4419915354330708
21
0.5686270472440945
0
LINE
8
BLACK
6
CONTINUOUS
10
1.4419915354330708
20
0.5686270472440945
11
1.4419057874015748
21
0.5716827559055118
0
LINE
8
BLACK
6
CONTINUOUS
10
1.4419057874015748
20
0.5716827559055118
11
1.4433593700787402
21
0.574371968503937
0
LINE
8
BLACK
6
CONTINUOUS
10
1.4433593700787402
20
0.574371968503937
11
1.4459628346456692
21
0.5759740944881889
0
LINE
8
BLACK
6
CONTINUOUS
10
1.4459628346456692
20
0.5759740944881889
11
1.4490185433070866
21
0.576059842519685
0
LINE
8
BLACK
6
CONTINUOUS
10
1.4490185433070866
20
0.576059842519685
11
1.5080736614173229
21
0.561999094488189
0
LINE
8
BLACK
6
CONTINUOUS
10
1.4658347637795275
20
0.6292998818897637
11
1.4671646456692913
21
0.6290277559055117
0
LINE
8
BLACK
6
CONTINUOUS
10
1.4671646456692913
20
0.6290277559055117
11
1.4727889370078739
21
0.6262156299212598
0
LINE
8
BLACK
6
CONTINUOUS
10
1.4727889370078739
20
0.6262156299212598
11
1.4735003149606298
21
0.6255847637795275
0
LINE
8
BLACK
6
CONTINUOUS
10
1.4735003149606298
20
0.6255847637795275
11
1.474323779527559
21
0.6251093700787401
0
LINE
8
BLACK
6
CONTINUOUS
10
1.474323779527559
20
0.6251093700787401
11
1.477135905511811
21
0.6222972047244094
0
LINE
8
BLACK
6
CONTINUOUS
10
1.477135905511811
20
0.6222972047244094
11
1.4776112598425197
21
0.621473779527559
0
LINE
8
BLACK
6
CONTINUOUS
10
1.4776112598425197
20
0.621473779527559
11
1.4782420866141732
21
0.6207624409448819
0
LINE
8
BLACK
6
CONTINUOUS
10
1.4782420866141732
20
0.6207624409448819
11
1.4810542519685039
21
0.615138188976378
0
LINE
8
BLACK
6
CONTINUOUS
10
1.4810542519685039
20
0.615138188976378
11
1.4811849606299212
21
0.6144993307086614
0
LINE
8
BLACK
6
CONTINUOUS
10
1.4811849606299212
20
0.6144993307086614
11
1.4815013779527559
21
0.6139294094488189
0
LINE
8
BLACK
6
CONTINUOUS
10
1.4815013779527559
20
0.6139294094488189
11
1.484156220472441
21
0.6033098031496062
0
LINE
8
BLACK
6
CONTINUOUS
10
1.484156220472441
20
0.6033098031496062
11
1.4862499606299213
21
0.5991224015748031
0
LINE
8
BLACK
6
CONTINUOUS
10
1.4862499606299213
20
0.5991224015748031
11
1.4877068503937008
21
0.5976655118110236
0
LINE
8
BLACK
6
CONTINUOUS
10
1.4877068503937008
20
0.5976655118110236
11
1.4912270472440945
21
0.5959054330708661
0
LINE
8
BLACK
6
CONTINUOUS
10
1.4912270472440945
20
0.5959054330708661
11
1.4940631496062993
21
0.5959054330708661
0
LINE
8
BLACK
6
CONTINUOUS
10
1.4940631496062993
20
0.5959054330708661
11
1.4975833464566928
21
0.5976655511811023
0
LINE
8
BLACK
6
CONTINUOUS
10
1.4975833464566928
20
0.5976655511811023
11
1.4990401968503937
21
0.5991224015748031
0
LINE
8
BLACK
6
CONTINUOUS
10
1.4990401968503937
20
0.5991224015748031
11
1.5008003149606299
21
0.6026425984251969
0
LINE
8
BLACK
6
CONTINUOUS
10
1.5008003149606299
20
0.6026425984251969
11
1.5008003149606299
21
0.614350905511811
0
LINE
8
BLACK
6
CONTINUOUS
10
1.5008003149606299
20
0.614350905511811
11
1.498291220472441
21
0.6218782283464567
0
LINE
8
BLACK
6
CONTINUOUS
10
1.498291220472441
20
0.6218782283464567
11
1.4981080708661416
21
0.6249296456692913
0
LINE
8
BLACK
6
CONTINUOUS
10
1.4981080708661416
20
0.6249296456692913
11
1.4994751968503937
21
0.6276638582677165
0
LINE
8
BLACK
6
CONTINUOUS
10
1.4994751968503937
20
0.6276638582677165
11
1.5020262204724408
21
0.6293481889763779
0
LINE
8
BLACK
6
CONTINUOUS
10
1.5020262204724408
20
0.6293481889763779
11
1.5050776377952755
21
0.6295313385826772
0
LINE
8
BLACK
6
CONTINUOUS
10
1.5050776377952755
20
0.6295313385826772
11
1.5078118503937008
21
0.6281642125984251
0
LINE
8
BLACK
6
CONTINUOUS
10
1.5078118503937008
20
0.6281642125984251
11
1.5094961811023622
21
0.625613188976378
0
LINE
8
BLACK
6
CONTINUOUS
10
1.5094961811023622
20
0.625613188976378
11
1.5123083070866141
21
0.6171767716535433
0
LINE
8
BLACK
6
CONTINUOUS
10
1.5123083070866141
20
0.6171767716535433
11
1.5123652755905512
21
0.6162275984251968
0
LINE
8
BLACK
6
CONTINUOUS
10
1.5123652755905512
20
0.6162275984251968
11
1.5126113385826772
21
0.6153092913385827
0
LINE
8
BLACK
6
CONTINUOUS
10
1.5126113385826772
20
0.6153092913385827
11
1.5126113385826772
21
0.6012485433070865
0
LINE
8
BLACK
6
CONTINUOUS
10
1.5126113385826772
20
0.6012485433070865
11
1.5122599606299212
21
0.5999372834645669
0
LINE
8
BLACK
6
CONTINUOUS
10
1.5122599606299212
20
0.5999372834645669
11
1.511987874015748
21
0.5986075590551181
0
LINE
8
BLACK
6
CONTINUOUS
10
1.511987874015748
20
0.5986075590551181
11
1.509175748031496
21
0.5929832283464567
0
LINE
8
BLACK
6
CONTINUOUS
10
1.509175748031496
20
0.5929832283464567
11
1.5085448818897638
21
0.592271811023622
0
LINE
8
BLACK
6
CONTINUOUS
10
1.5085448818897638
20
0.592271811023622
11
1.508069527559055
21
0.5914484251968504
0
LINE
8
BLACK
6
CONTINUOUS
10
1.508069527559055
20
0.5914484251968504
11
1.5052573622047243
21
0.5886362598425197
0
LINE
8
BLACK
6
CONTINUOUS
10
1.5052573622047243
20
0.5886362598425197
11
1.5044338976377953
21
0.5881608267716535
0
LINE
8
BLACK
6
CONTINUOUS
10
1.5044338976377953
20
0.5881608267716535
11
1.503722559055118
21
0.5875300393700787
0
LINE
8
BLACK
6
CONTINUOUS
10
1.503722559055118
20
0.5875300393700787
11
1.4980982677165353
21
0.584717874015748
0
LINE
8
BLACK
6
CONTINUOUS
10
1.4980982677165353
20
0.584717874015748
11
1.4967683070866142
21
0.5844457086614173
0
LINE
8
BLACK
6
CONTINUOUS
10
1.4967683070866142
20
0.5844457086614173
11
1.4954572440944882
21
0.5840944094488189
0
LINE
8
BLACK
6
CONTINUOUS
10
1.4954572440944882
20
0.5840944094488189
11
1.4898329527559055
21
0.5840944094488189
0
LINE
8
BLACK
6
CONTINUOUS
10
1.4898329527559055
20
0.5840944094488189
11
1.4885218897637795
21
0.5844456692913386
0
LINE
8
BLACK
6
CONTINUOUS
10
1.4885218897637795
20
0.5844456692913386
11
1.4871918897637795
21
0.584717874015748
0
LINE
8
BLACK
6
CONTINUOUS
10
1.4871918897637795
20
0.584717874015748
11
1.4815676377952756
21
0.5875300393700787
0
LINE
8
BLACK
6
CONTINUOUS
10
1.4815676377952756
20
0.5875300393700787
11
1.4808562598425197
21
0.5881608267716535
0
LINE
8
BLACK
6
CONTINUOUS
10
1.4808562598425197
20
0.5881608267716535
11
1.4800328346456693
21
0.5886362598425197
0
LINE
8
BLACK
6
CONTINUOUS
10
1.4800328346456693
20
0.5886362598425197
11
1.4772206692913386
21
0.5914484251968504
0
LINE
8
BLACK
6
CONTINUOUS
10
1.4772206692913386
20
0.5914484251968504
11
1.4767452362204725
21
0.5922718503937008
0
LINE
8
BLACK
6
CONTINUOUS
10
1.4767452362204725
20
0.5922718503937008
11
1.4761144488188975
21
0.5929832283464567
0
LINE
8
BLACK
6
CONTINUOUS
10
1.4761144488188975
20
0.5929832283464567
11
1.4733022834645668
21
0.5986075196850393
0
LINE
8
BLACK
6
CONTINUOUS
10
1.4733022834645668
20
0.5986075196850393
11
1.4731715354330708
21
0.5992462598425197
0
LINE
8
BLACK
6
CONTINUOUS
10
1.4731715354330708
20
0.5992462598425197
11
1.472855157480315
21
0.5998162598425196
0
LINE
8
BLACK
6
CONTINUOUS
10
1.472855157480315
20
0.5998162598425196
11
1.4702002362204725
21
0.6104358267716535
0
LINE
8
BLACK
6
CONTINUOUS
10
1.4702002362204725
20
0.6104358267716535
11
1.4681065354330709
21
0.6146232283464567
0
LINE
8
BLACK
6
CONTINUOUS
10
1.4681065354330709
20
0.6146232283464567
11
1.4666496456692912
21
0.6160801181102362
0
LINE
8
BLACK
6
CONTINUOUS
10
1.4666496456692912
20
0.6160801181102362
11
1.463129527559055
21
0.6178401968503937
0
LINE
8
BLACK
6
CONTINUOUS
10
1.463129527559055
20
0.6178401968503937
11
1.4602933858267717
21
0.6178401968503937
0
LINE
8
BLACK
6
CONTINUOUS
10
1.4602933858267717
20
0.6178401968503937
11
1.456773188976378
21
0.6160801181102362
0
LINE
8
BLACK
6
CONTINUOUS
10
1.456773188976378
20
0.6160801181102362
11
1.4553163385826771
21
0.6146232677165354
0
LINE
8
BLACK
6
CONTINUOUS
10
1.4553163385826771
20
0.6146232677165354
11
1.4535562204724408
21
0.6111029921259843
0
LINE
8
BLACK
6
CONTINUOUS
10
1.4535562204724408
20
0.6111029921259843
11
1.4535562204724408
21
0.5993946456692913
0
LINE
8
BLACK
6
CONTINUOUS
10
1.4535562204724408
20
0.5993946456692913
11
1.45606531496063
21
0.5918674409448819
0
LINE
8
BLACK
6
CONTINUOUS
10
1.45606531496063
20
0.5918674409448819
11
1.4562485039370079
21
0.5888160236220472
0
LINE
8
BLACK
6
CONTINUOUS
10
1.4562485039370079
20
0.5888160236220472
11
1.4548814173228346
21
0.586081811023622
0
LINE
8
BLACK
6
CONTINUOUS
10
1.4548814173228346
20
0.586081811023622
11
1.4523303543307087
21
0.5843974803149606
0
LINE
8
BLACK
6
CONTINUOUS
10
1.4523303543307087
20
0.5843974803149606
11
1.449278937007874
21
0.5842142913385827
0
LINE
8
BLACK
6
CONTINUOUS
10
1.449278937007874
20
0.5842142913385827
11
1.4465447244094487
21
0.5855814173228346
0
LINE
8
BLACK
6
CONTINUOUS
10
1.4465447244094487
20
0.5855814173228346
11
1.4448603937007873
21
0.5881324409448819
0
LINE
8
BLACK
6
CONTINUOUS
10
1.4448603937007873
20
0.5881324409448819
11
1.4420482677165354
21
0.5965688976377953
0
LINE
8
BLACK
6
CONTINUOUS
10
1.4420482677165354
20
0.5965688976377953
11
1.4419912598425197
21
0.5975179133858267
0
LINE
8
BLACK
6
CONTINUOUS
10
1.4419912598425197
20
0.5975179133858267
11
1.4417451968503936
21
0.5984363779527558
0
LINE
8
BLACK
6
CONTINUOUS
10
1.4417451968503936
20
0.5984363779527558
11
1.4417451968503936
21
0.612497125984252
0
LINE
8
BLACK
6
CONTINUOUS
10
1.4417451968503936
20
0.612497125984252
11
1.4420964960629921
21
0.6138081889763779
0
LINE
8
BLACK
6
CONTINUOUS
10
1.4420964960629921
20
0.6138081889763779
11
1.4423686614173228
21
0.6151381496062992
0
LINE
8
BLACK
6
CONTINUOUS
10
1.4423686614173228
20
0.6151381496062992
11
1.4451808267716535
21
0.6207624409448819
0
LINE
8
BLACK
6
CONTINUOUS
10
1.4451808267716535
20
0.6207624409448819
11
1.4458116141732282
21
0.621473779527559
0
LINE
8
BLACK
6
CONTINUOUS
10
1.4458116141732282
20
0.621473779527559
11
1.4462870078740158
21
0.6222972047244094
0
LINE
8
BLACK
6
CONTINUOUS
10
1.4462870078740158
20
0.6222972047244094
11
1.4490991338582677
21
0.6251093700787401
0
LINE
8
BLACK
6
CONTINUOUS
10
1.4490991338582677
20
0.6251093700787401
11
1.4499225590551181
21
0.6255847637795275
0
LINE
8
BLACK
6
CONTINUOUS
10
1.4499225590551181
20
0.6255847637795275
11
1.4506339763779528
21
0.6262156299212598
0
LINE
8
BLACK
6
CONTINUOUS
10
1.4506339763779528
20
0.6262156299212598
11
1.4562583070866142
21
0.6290277559055117
0
LINE
8
BLACK
6
CONTINUOUS
10
1.4562583070866142
20
0.6290277559055117
11
1.457588031496063
21
0.6292998425196851
0
LINE
8
BLACK
6
CONTINUOUS
10
1.457588031496063
20
0.6292998425196851
11
1.4588992913385825
21
0.6296512204724409
0
LINE
8
BLACK
6
CONTINUOUS
10
1.4588992913385825
20
0.6296512204724409
11
1.464523622047244
21
0.6296512204724409
0
LINE
8
BLACK
6
CONTINUOUS
10
1.464523622047244
20
0.6296512204724409
11
1.4658347637795275
21
0.6292998818897637
0
LINE
8
BLACK
6
CONTINUOUS
10
1.5096585826771654
20
0.6738544488188977
11
1.511820157480315
21
0.6716928740157481
0
LINE
8
BLACK
6
CONTINUOUS
10
1.511820157480315
20
0.6716928740157481
11
1.5126113385826772
21
0.6687401181102363
0
LINE
8
BLACK
6
CONTINUOUS
10
1.5126113385826772
20
0.6687401181102363
11
1.5126113385826772
21
0.6406186220472441
0
LINE
8
BLACK
6
CONTINUOUS
10
1.5126113385826772
20
0.6406186220472441
11
1.511820157480315
21
0.6376658661417323
0
LINE
8
BLACK
6
CONTINUOUS
10
1.511820157480315
20
0.6376658661417323
11
1.5096585826771654
21
0.6355042913385827
0
LINE
8
BLACK
6
CONTINUOUS
10
1.5096585826771654
20
0.6355042913385827
11
1.5067058267716535
21
0.6347131102362205
0
LINE
8
BLACK
6
CONTINUOUS
10
1.5067058267716535
20
0.6347131102362205
11
1.5037530708661417
21
0.6355042913385827
0
LINE
8
BLACK
6
CONTINUOUS
10
1.5037530708661417
20
0.6355042913385827
11
1.5015914960629921
21
0.6376658661417323
0
LINE
8
BLACK
6
CONTINUOUS
10
1.5015914960629921
20
0.6376658661417323
11
1.5008003149606299
21
0.6406186220472441
0
LINE
8
BLACK
6
CONTINUOUS
10
1.5008003149606299
20
0.6406186220472441
11
1.5008003149606299
21
0.6628346062992125
0
LINE
8
BLACK
6
CONTINUOUS
10
1.5008003149606299
20
0.6628346062992125
11
1.4476507086614172
21
0.6628346062992125
0
LINE
8
BLACK
6
CONTINUOUS
10
1.4476507086614172
20
0.6628346062992125
11
1.4446979527559054
21
0.6636257874015747
0
LINE
8
BLACK
6
CONTINUOUS
10
1.4446979527559054
20
0.6636257874015747
11
1.4425363779527558
21
0.6657873622047243
0
LINE
8
BLACK
6
CONTINUOUS
10
1.4425363779527558
20
0.6657873622047243
11
1.4417451968503936
21
0.6687401181102363
0
LINE
8
BLACK
6
CONTINUOUS
10
1.4417451968503936
20
0.6687401181102363
11
1.4425363779527558
21
0.6716928740157481
0
LINE
8
BLACK
6
CONTINUOUS
10
1.4425363779527558
20
0.6716928740157481
11
1.4446979527559054
21
0.6738544488188977
0
LINE
8
BLACK
6
CONTINUOUS
10
1.4446979527559054
20
0.6738544488188977
11
1.4476507086614172
21
0.6746456299212599
0
LINE
8
BLACK
6
CONTINUOUS
10
1.4476507086614172
20
0.6746456299212599
11
1.5067058267716535
21
0.6746456299212599
0
LINE
8
BLACK
6
CONTINUOUS
10
1.5067058267716535
20
0.6746456299212599
11
1.5096585826771654
21
0.6738544488188977
0
LINE
8
BLACK
6
CONTINUOUS
10
1.5096585826771654
20
0.7019759448818897
11
1.511820157480315
21
0.6998143700787401
0
LINE
8
BLACK
6
CONTINUOUS
10
1.511820157480315
20
0.6998143700787401
11
1.5126113385826772
21
0.6968616141732283
0
LINE
8
BLACK
6
CONTINUOUS
10
1.5126113385826772
20
0.6968616141732283
11
1.511820157480315
21
0.6939088582677165
0
LINE
8
BLACK
6
CONTINUOUS
10
1.511820157480315
20
0.6939088582677165
11
1.5096585826771654
21
0.6917472834645669
0
LINE
8
BLACK
6
CONTINUOUS
10
1.5096585826771654
20
0.6917472834645669
11
1.5067058267716535
21
0.6909561023622047
0
LINE
8
BLACK
6
CONTINUOUS
10
1.5067058267716535
20
0.6909561023622047
11
1.4476507086614172
21
0.6909561023622047
0
LINE
8
BLACK
6
CONTINUOUS
10
1.4476507086614172
20
0.6909561023622047
11
1.4446979527559054
21
0.6917472834645669
0
LINE
8
BLACK
6
CONTINUOUS
10
1.4446979527559054
20
0.6917472834645669
11
1.4425363779527558
21
0.6939088582677165
0
LINE
8
BLACK
6
CONTINUOUS
10
1.4425363779527558
20
0.6939088582677165
11
1.4417451968503936
21
0.6968616141732283
0
LINE
8
BLACK
6
CONTINUOUS
10
1.4417451968503936
20
0.6968616141732283
11
1.4425363779527558
21
0.6998143700787401
0
LINE
8
BLACK
6
CONTINUOUS
10
1.4425363779527558
20
0.6998143700787401
11
1.4446979527559054
21
0.7019759448818897
0
LINE
8
BLACK
6
CONTINUOUS
10
1.4446979527559054
20
0.7019759448818897
11
1.4476507086614172
21
0.702767125984252
0
LINE
8
BLACK
6
CONTINUOUS
10
1.4476507086614172
20
0.702767125984252
11
1.5067058267716535
21
0.702767125984252
0
LINE
8
BLACK
6
CONTINUOUS
10
1.5067058267716535
20
0.702767125984252
11
1.5096585826771654
21
0.7019759448818897
0
LINE
8
BLACK
6
CONTINUOUS
10
1.4877246062992127
20
0.7672579133858267
11
1.4884530708661416
21
0.7672701968503937
0
LINE
8
BLACK
6
CONTINUOUS
10
1.4884530708661416
20
0.7672701968503937
11
1.499701653543307
21
0.7644580708661417
0
LINE
8
BLACK
6
CONTINUOUS
10
1.499701653543307
20
0.7644580708661417
11
1.4997464566929133
21
0.7644331889763779
0
LINE
8
BLACK
6
CONTINUOUS
10
1.4997464566929133
20
0.7644331889763779
11
1.4997977952755905
21
0.7644331889763779
0
LINE
8
BLACK
6
CONTINUOUS
10
1.4997977952755905
20
0.7644331889763779
11
1.5010800787401575
21
0.7636928346456693
0
LINE
8
BLACK
6
CONTINUOUS
10
1.5010800787401575
20
0.7636928346456693
11
1.5023743700787402
21
0.7629743700787401
0
LINE
8
BLACK
6
CONTINUOUS
10
1.5023743700787402
20
0.7629743700787401
11
1.502400748031496
21
0.7629303543307087
0
LINE
8
BLACK
6
CONTINUOUS
10
1.502400748031496
20
0.7629303543307087
11
1.5024451968503936
21
0.7629047244094488
0
LINE
8
BLACK
6
CONTINUOUS
10
1.5024451968503936
20
0.7629047244094488
11
1.508069527559055
21
0.7572804330708661
0
LINE
8
BLACK
6
CONTINUOUS
10
1.508069527559055
20
0.7572804330708661
11
1.508545
21
0.7564568897637796
0
LINE
8
BLACK
6
CONTINUOUS
10
1.508545
20
0.7564568897637796
11
1.509175748031496
21
0.7557455905511811
0
LINE
8
BLACK
6
CONTINUOUS
10
1.509175748031496
20
0.7557455905511811
11
1.5119879133858267
21
0.7501212598425196
0
LINE
8
BLACK
6
CONTINUOUS
10
1.5119879133858267
20
0.7501212598425196
11
1.5122600787401574
21
0.7487911417322834
0
LINE
8
BLACK
6
CONTINUOUS
10
1.5122600787401574
20
0.7487911417322834
11
1.5126113385826772
21
0.7474802755905512
0
LINE
8
BLACK
6
CONTINUOUS
10
1.5126113385826772
20
0.7474802755905512
11
1.5126113385826772
21
0.7362316929133859
0
LINE
8
BLACK
6
CONTINUOUS
10
1.5126113385826772
20
0.7362316929133859
11
1.5122599606299212
21
0.7349204330708661
0
LINE
8
BLACK
6
CONTINUOUS
10
1.5122599606299212
20
0.7349204330708661
11
1.511987874015748
21
0.7335907086614173
0
LINE
8
BLACK
6
CONTINUOUS
10
1.511987874015748
20
0.7335907086614173
11
1.509175748031496
21
0.7279663779527559
0
LINE
8
BLACK
6
CONTINUOUS
10
1.509175748031496
20
0.7279663779527559
11
1.5085449212598425
21
0.7272549606299212
0
LINE
8
BLACK
6
CONTINUOUS
10
1.5085449212598425
20
0.7272549606299212
11
1.508069527559055
21
0.7264315748031496
0
LINE
8
BLACK
6
CONTINUOUS
10
1.508069527559055
20
0.7264315748031496
11
1.5024451968503936
21
0.7208072834645669
0
LINE
8
BLACK
6
CONTINUOUS
10
1.5024451968503936
20
0.7208072834645669
11
1.502400748031496
21
0.7207816141732283
0
LINE
8
BLACK
6
CONTINUOUS
10
1.502400748031496
20
0.7207816141732283
11
1.5023743700787402
21
0.7207376377952756
0
LINE
8
BLACK
6
CONTINUOUS
10
1.5023743700787402
20
0.7207376377952756
11
1.5010800787401575
21
0.7200191338582677
0
LINE
8
BLACK
6
CONTINUOUS
10
1.5010800787401575
20
0.7200191338582677
11
1.4997977952755905
21
0.7192788188976378
0
LINE
8
BLACK
6
CONTINUOUS
10
1.4997977952755905
20
0.7192788188976378
11
1.4997464566929133
21
0.7192788188976378
0
LINE
8
BLACK
6
CONTINUOUS
10
1.4997464566929133
20
0.7192788188976378
11
1.499701653543307
21
0.719253937007874
0
LINE
8
BLACK
6
CONTINUOUS
10
1.499701653543307
20
0.719253937007874
11
1.4884531102362204
21
0.7164417716535433
0
LINE
8
BLACK
6
CONTINUOUS
10
1.4884531102362204
20
0.7164417716535433
11
1.4877245669291339
21
0.7164540157480315
0
LINE
8
BLACK
6
CONTINUOUS
10
1.4877245669291339
20
0.7164540157480315
11
1.4870207874015748
21
0.7162654330708661
0
LINE
8
BLACK
6
CONTINUOUS
10
1.4870207874015748
20
0.7162654330708661
11
1.4673357480314961
21
0.7162654330708661
0
LINE
8
BLACK
6
CONTINUOUS
10
1.4673357480314961
20
0.7162654330708661
11
1.4666319291338583
21
0.7164540157480315
0
LINE
8
BLACK
6
CONTINUOUS
10
1.4666319291338583
20
0.7164540157480315
11
1.4659034251968504
21
0.7164417716535433
0
LINE
8
BLACK
6
CONTINUOUS
10
1.4659034251968504
20
0.7164417716535433
11
1.454654842519685
21
0.719253937007874
0
LINE
8
BLACK
6
CONTINUOUS
10
1.454654842519685
20
0.719253937007874
11
1.4546100393700787
21
0.7192788188976378
0
LINE
8
BLACK
6
CONTINUOUS
10
1.4546100393700787
20
0.7192788188976378
11
1.4545587007874015
21
0.7192788188976378
0
LINE
8
BLACK
6
CONTINUOUS
10
1.4545587007874015
20
0.7192788188976378
11
1.4532763385826772
21
0.7200191732283464
0
LINE
8
BLACK
6
CONTINUOUS
10
1.4532763385826772
20
0.7200191732283464
11
1.4519821653543308
21
0.7207376377952756
0
LINE
8
BLACK
6
CONTINUOUS
10
1.4519821653543308
20
0.7207376377952756
11
1.451955748031496
21
0.7207816141732283
0
LINE
8
BLACK
6
CONTINUOUS
10
1.451955748031496
20
0.7207816141732283
11
1.4519113385826772
21
0.7208072834645669
0
LINE
8
BLACK
6
CONTINUOUS
10
1.4519113385826772
20
0.7208072834645669
11
1.4462870472440945
21
0.7264315748031496
0
LINE
8
BLACK
6
CONTINUOUS
10
1.4462870472440945
20
0.7264315748031496
11
1.4458116141732282
21
0.727255
0
LINE
8
BLACK
6
CONTINUOUS
10
1.4458116141732282
20
0.727255
11
1.4451808267716535
21
0.7279663779527559
0
LINE
8
BLACK
6
CONTINUOUS
10
1.4451808267716535
20
0.7279663779527559
11
1.4423686614173228
21
0.7335906692913385
0
LINE
8
BLACK
6
CONTINUOUS
10
1.4423686614173228
20
0.7335906692913385
11
1.4420964960629921
21
0.7349205905511811
0
LINE
8
BLACK
6
CONTINUOUS
10
1.4420964960629921
20
0.7349205905511811
11
1.4417451968503936
21
0.7362316929133859
0
LINE
8
BLACK
6
CONTINUOUS
10
1.4417451968503936
20
0.7362316929133859
11
1.4417451968503936
21
0.7474802755905512
0
LINE
8
BLACK
6
CONTINUOUS
10
1.4417451968503936
20
0.7474802755905512
11
1.4420964960629921
21
0.7487913385826771
0
LINE
8
BLACK
6
CONTINUOUS
10
1.4420964960629921
20
0.7487913385826771
11
1.4423686614173228
21
0.7501212992125984
0
LINE
8
BLACK
6
CONTINUOUS
10
1.4423686614173228
20
0.7501212992125984
11
1.4451808267716535
21
0.7557456299212598
0
LINE
8
BLACK
6
CONTINUOUS
10
1.4451808267716535
20
0.7557456299212598
11
1.445811653543307
21
0.7564570078740157
0
LINE
8
BLACK
6
CONTINUOUS
10
1.445811653543307
20
0.7564570078740157
11
1.4462870472440945
21
0.7572804330708661
0
LINE
8
BLACK
6
CONTINUOUS
10
1.4462870472440945
20
0.7572804330708661
11
1.4519113385826772
21
0.7629047244094488
0
LINE
8
BLACK
6
CONTINUOUS
10
1.4519113385826772
20
0.7629047244094488
11
1.451955748031496
21
0.7629303543307087
0
LINE
8
BLACK
6
CONTINUOUS
10
1.451955748031496
20
0.7629303543307087
11
1.4519821653543308
21
0.7629743700787401
0
LINE
8
BLACK
6
CONTINUOUS
10
1.4519821653543308
20
0.7629743700787401
11
1.4532758661417322
21
0.7636925196850394
0
LINE
8
BLACK
6
CONTINUOUS
10
1.4532758661417322
20
0.7636925196850394
11
1.4545587007874015
21
0.7644331889763779
0
LINE
8
BLACK
6
CONTINUOUS
10
1.4545587007874015
20
0.7644331889763779
11
1.4546100787401575
21
0.7644331889763779
0
LINE
8
BLACK
6
CONTINUOUS
10
1.4546100787401575
20
0.7644331889763779
11
1.4546548818897638
21
0.7644580708661417
0
LINE
8
BLACK
6
CONTINUOUS
10
1.4546548818897638
20
0.7644580708661417
11
1.4659034645669291
21
0.7672701968503937
0
LINE
8
BLACK
6
CONTINUOUS
10
1.4659034645669291
20
0.7672701968503937
11
1.4666318897637796
21
0.7672579133858267
0
LINE
8
BLACK
6
CONTINUOUS
10
1.4666318897637796
20
0.7672579133858267
11
1.4673357480314961
21
0.7674465354330708
0
LINE
8
BLACK
6
CONTINUOUS
10
1.4673357480314961
20
0.7674465354330708
11
1.4870207874015748
21
0.7674465354330708
0
LINE
8
BLACK
6
CONTINUOUS
10
1.4870207874015748
20
0.7674465354330708
11
1.4877246062992127
21
0.7672579133858267
0
LINE
8
BLACK
6
CONTINUOUS
10
1.4591063385826772
20
0.7533964173228346
11
1.4553163385826771
21
0.7496064173228346
0
LINE
8
BLACK
6
CONTINUOUS
10
1.4553163385826771
20
0.7496064173228346
11
1.4535562204724408
21
0.7460861811023621
0
LINE
8
BLACK
6
CONTINUOUS
10
1.4535562204724408
20
0.7460861811023621
11
1.4535562204724408
21
0.7376257874015748
0
LINE
8
BLACK
6
CONTINUOUS
10
1.4535562204724408
20
0.7376257874015748
11
1.4553163385826771
21
0.7341055511811023
0
LINE
8
BLACK
6
CONTINUOUS
10
1.4553163385826771
20
0.7341055511811023
11
1.4591063385826772
21
0.7303155511811024
0
LINE
8
BLACK
6
CONTINUOUS
10
1.4591063385826772
20
0.7303155511811024
11
1.4680626771653542
21
0.7280764566929133
0
LINE
8
BLACK
6
CONTINUOUS
10
1.4680626771653542
20
0.7280764566929133
11
1.4862938188976378
21
0.7280764566929133
0
LINE
8
BLACK
6
CONTINUOUS
10
1.4862938188976378
20
0.7280764566929133
11
1.495250157480315
21
0.7303155511811024
0
LINE
8
BLACK
6
CONTINUOUS
10
1.495250157480315
20
0.7303155511811024
11
1.4990401968503937
21
0.7341055905511811
0
LINE
8
BLACK
6
CONTINUOUS
10
1.4990401968503937
20
0.7341055905511811
11
1.5008003149606299
21
0.7376257480314961
0
LINE
8
BLACK
6
CONTINUOUS
10
1.5008003149606299
20
0.7376257480314961
11
1.5008003149606299
21
0.7460861811023621
0
LINE
8
BLACK
6
CONTINUOUS
10
1.5008003149606299
20
0.7460861811023621
11
1.4990402362204724
21
0.7496063779527559
0
LINE
8
BLACK
6
CONTINUOUS
10
1.4990402362204724
20
0.7496063779527559
11
1.495250157480315
21
0.7533964173228346
0
LINE
8
BLACK
6
CONTINUOUS
10
1.495250157480315
20
0.7533964173228346
11
1.4862938582677165
21
0.7556355118110236
0
LINE
8
BLACK
6
CONTINUOUS
10
1.4862938582677165
20
0.7556355118110236
11
1.4680626771653542
21
0.7556355118110236
0
LINE
8
BLACK
6
CONTINUOUS
10
1.4680626771653542
20
0.7556355118110236
11
1.4591063385826772
21
0.7533964173228346
0
LINE
8
BLACK
6
CONTINUOUS
10
1.48210031496063
20
0.8263130314960629
11
1.482828779527559
21
0.8263253149606299
0
LINE
8
BLACK
6
CONTINUOUS
10
1.482828779527559
20
0.8263253149606299
11
1.4940773622047243
21
0.8235131889763779
0
LINE
8
BLACK
6
CONTINUOUS
10
1.4940773622047243
20
0.8235131889763779
11
1.4946473228346457
21
0.8231967716535433
0
LINE
8
BLACK
6
CONTINUOUS
10
1.4946473228346457
20
0.8231967716535433
11
1.4952861023622046
21
0.8230660629921259
0
LINE
8
BLACK
6
CONTINUOUS
10
1.4952861023622046
20
0.8230660629921259
11
1.5009103937007873
21
0.8202538976377952
0
LINE
8
BLACK
6
CONTINUOUS
10
1.5009103937007873
20
0.8202538976377952
11
1.5016217716535434
21
0.8196230708661417
0
LINE
8
BLACK
6
CONTINUOUS
10
1.5016217716535434
20
0.8196230708661417
11
1.5024451968503936
21
0.8191476771653543
0
LINE
8
BLACK
6
CONTINUOUS
10
1.5024451968503936
20
0.8191476771653543
11
1.508069527559055
21
0.8135233858267716
0
LINE
8
BLACK
6
CONTINUOUS
10
1.508069527559055
20
0.8135233858267716
11
1.5087482283464566
21
0.8123477952755905
0
LINE
8
BLACK
6
CONTINUOUS
10
1.5087482283464566
20
0.8123477952755905
11
1.5094961811023622
21
0.8112150393700788
0
LINE
8
BLACK
6
CONTINUOUS
10
1.5094961811023622
20
0.8112150393700788
11
1.5123083070866141
21
0.8027785826771653
0
LINE
8
BLACK
6
CONTINUOUS
10
1.5123083070866141
20
0.8027785826771653
11
1.5123652755905512
21
0.8018294094488189
0
LINE
8
BLACK
6
CONTINUOUS
10
1.5123652755905512
20
0.8018294094488189
11
1.5126113385826772
21
0.8009111023622048
0
LINE
8
BLACK
6
CONTINUOUS
10
1.5126113385826772
20
0.8009111023622048
11
1.5126113385826772
21
0.795286811023622
0
LINE
8
BLACK
6
CONTINUOUS
10
1.5126113385826772
20
0.795286811023622
11
1.5123652755905512
21
0.7943684645669291
0
LINE
8
BLACK
6
CONTINUOUS
10
1.5123652755905512
20
0.7943684645669291
11
1.5123083070866141
21
0.7934193307086614
0
LINE
8
BLACK
6
CONTINUOUS
10
1.5123083070866141
20
0.7934193307086614
11
1.5094961811023622
21
0.7849828740157481
0
LINE
8
BLACK
6
CONTINUOUS
10
1.5094961811023622
20
0.7849828740157481
11
1.5087481496062991
21
0.7838499606299213
0
LINE
8
BLACK
6
CONTINUOUS
10
1.5087481496062991
20
0.7838499606299213
11
1.5080694881889762
21
0.7826744881889763
0
LINE
8
BLACK
6
CONTINUOUS
10
1.5080694881889762
20
0.7826744881889763
11
1.5052573228346455
21
0.7798623622047244
0
LINE
8
BLACK
6
CONTINUOUS
10
1.5052573228346455
20
0.7798623622047244
11
1.5026099606299212
21
0.778333937007874
0
LINE
8
BLACK
6
CONTINUOUS
10
1.5026099606299212
20
0.778333937007874
11
1.499553031496063
21
0.778333937007874
0
LINE
8
BLACK
6
CONTINUOUS
10
1.499553031496063
20
0.778333937007874
11
1.4969056692913385
21
0.7798624409448819
0
LINE
8
BLACK
6
CONTINUOUS
10
1.4969056692913385
20
0.7798624409448819
11
1.4953772440944881
21
0.7825098031496063
0
LINE
8
BLACK
6
CONTINUOUS
10
1.4953772440944881
20
0.7825098031496063
11
1.4953772440944881
21
0.7855667322834645
0
LINE
8
BLACK
6
CONTINUOUS
10
1.4953772440944881
20
0.7855667322834645
11
1.496905748031496
21
0.7882140944881889
0
LINE
8
BLACK
6
CONTINUOUS
10
1.496905748031496
20
0.7882140944881889
11
1.4987320472440944
21
0.7900403543307086
0
LINE
8
BLACK
6
CONTINUOUS
10
1.4987320472440944
20
0.7900403543307086
11
1.5008003149606299
21
0.796245157480315
0
LINE
8
BLACK
6
CONTINUOUS
10
1.5008003149606299
20
0.796245157480315
11
1.5008003149606299
21
0.7999527165354331
0
LINE
8
BLACK
6
CONTINUOUS
10
1.5008003149606299
20
0.7999527165354331
11
1.4987320472440944
21
0.8061575196850393
0
LINE
8
BLACK
6
CONTINUOUS
10
1.4987320472440944
20
0.8061575196850393
11
1.4947711811023621
21
0.8101183464566929
0
LINE
8
BLACK
6
CONTINUOUS
10
1.4947711811023621
20
0.8101183464566929
11
1.4905837795275589
21
0.8122120866141732
0
LINE
8
BLACK
6
CONTINUOUS
10
1.4905837795275589
20
0.8122120866141732
11
1.4806695669291339
21
0.8146906299212598
0
LINE
8
BLACK
6
CONTINUOUS
10
1.4806695669291339
20
0.8146906299212598
11
1.4736869685039369
21
0.8146906299212598
0
LINE
8
BLACK
6
CONTINUOUS
10
1.4736869685039369
20
0.8146906299212598
11
1.4637727165354331
21
0.8122120472440945
0
LINE
8
BLACK
6
CONTINUOUS
10
1.4637727165354331
20
0.8122120472440945
11
1.4595853543307087
21
0.8101183858267716
0
LINE
8
BLACK
6
CONTINUOUS
10
1.4595853543307087
20
0.8101183858267716
11
1.4556244488188976
21
0.8061574803149606
0
LINE
8
BLACK
6
CONTINUOUS
10
1.4556244488188976
20
0.8061574803149606
11
1.4535562204724408
21
0.7999527952755905
0
LINE
8
BLACK
6
CONTINUOUS
10
1.4535562204724408
20
0.7999527952755905
11
1.4535562204724408
21
0.7962450787401575
0
LINE
8
BLACK
6
CONTINUOUS
10
1.4535562204724408
20
0.7962450787401575
11
1.4556244488188976
21
0.7900403937007874
0
LINE
8
BLACK
6
CONTINUOUS
10
1.4556244488188976
20
0.7900403937007874
11
1.4574508267716535
21
0.7882140551181103
0
LINE
8
BLACK
6
CONTINUOUS
10
1.4574508267716535
20
0.7882140551181103
11
1.4589792913385826
21
0.7855666929133858
0
LINE
8
BLACK
6
CONTINUOUS
10
1.4589792913385826
20
0.7855666929133858
11
1.4589792913385826
21
0.7825097637795275
0
LINE
8
BLACK
6
CONTINUOUS
10
1.4589792913385826
20
0.7825097637795275
11
1.4574508267716535
21
0.7798624015748031
0
LINE
8
BLACK
6
CONTINUOUS
10
1.4574508267716535
20
0.7798624015748031
11
1.454803464566929
21
0.778333937007874
0
LINE
8
BLACK
6
CONTINUOUS
10
1.454803464566929
20
0.778333937007874
11
1.4517465354330708
21
0.778333937007874
0
LINE
8
BLACK
6
CONTINUOUS
10
1.4517465354330708
20
0.778333937007874
11
1.4490991732283465
21
0.7798624015748031
0
LINE
8
BLACK
6
CONTINUOUS
10
1.4490991732283465
20
0.7798624015748031
11
1.4462870472440945
21
0.7826745275590551
0
LINE
8
BLACK
6
CONTINUOUS
10
1.4462870472440945
20
0.7826745275590551
11
1.4456083858267716
21
0.7838499606299213
0
LINE
8
BLACK
6
CONTINUOUS
10
1.4456083858267716
20
0.7838499606299213
11
1.4448603937007873
21
0.7849828740157481
0
LINE
8
BLACK
6
CONTINUOUS
10
1.4448603937007873
20
0.7849828740157481
11
1.4420482677165354
21
0.7934193307086614
0
LINE
8
BLACK
6
CONTINUOUS
10
1.4420482677165354
20
0.7934193307086614
11
1.4419912598425197
21
0.7943683464566929
0
LINE
8
BLACK
6
CONTINUOUS
10
1.4419912598425197
20
0.7943683464566929
11
1.4417451968503936
21
0.795286811023622
0
LINE
8
BLACK
6
CONTINUOUS
10
1.4417451968503936
20
0.795286811023622
11
1.4417451968503936
21
0.8009111023622048
0
LINE
8
BLACK
6
CONTINUOUS
10
1.4417451968503936
20
0.8009111023622048
11
1.4419912598425197
21
0.8018295275590551
0
LINE
8
BLACK
6
CONTINUOUS
10
1.4419912598425197
20
0.8018295275590551
11
1.4420482677165354
21
0.8027785826771653
0
LINE
8
BLACK
6
CONTINUOUS
10
1.4420482677165354
20
0.8027785826771653
11
1.4448603937007873
21
0.8112150393700788
0
LINE
8
BLACK
6
CONTINUOUS
10
1.4448603937007873
20
0.8112150393700788
11
1.4456083858267716
21
0.8123479133858268
0
LINE
8
BLACK
6
CONTINUOUS
10
1.4456083858267716
20
0.8123479133858268
11
1.4462870472440945
21
0.8135233858267716
0
LINE
8
BLACK
6
CONTINUOUS
10
1.4462870472440945
20
0.8135233858267716
11
1.4519113385826772
21
0.8191476771653543
0
LINE
8
BLACK
6
CONTINUOUS
10
1.4519113385826772
20
0.8191476771653543
11
1.4527347637795276
21
0.8196230708661417
0
LINE
8
BLACK
6
CONTINUOUS
10
1.4527347637795276
20
0.8196230708661417
11
1.4534461417322835
21
0.8202538976377952
0
LINE
8
BLACK
6
CONTINUOUS
10
1.4534461417322835
20
0.8202538976377952
11
1.4590703937007874
21
0.8230660629921259
0
LINE
8
BLACK
6
CONTINUOUS
10
1.4590703937007874
20
0.8230660629921259
11
1.4597092125984252
21
0.8231967716535433
0
LINE
8
BLACK
6
CONTINUOUS
10
1.4597092125984252
20
0.8231967716535433
11
1.4602791732283464
21
0.8235131889763779
0
LINE
8
BLACK
6
CONTINUOUS
10
1.4602791732283464
20
0.8235131889763779
11
1.4715277559055118
21
0.8263253149606299
0
LINE
8
BLACK
6
CONTINUOUS
10
1.4715277559055118
20
0.8263253149606299
11
1.4722561811023622
21
0.8263130314960629
0
LINE
8
BLACK
6
CONTINUOUS
10
1.4722561811023622
20
0.8263130314960629
11
1.4729600393700788
21
0.8265016535433071
0
LINE
8
BLACK
6
CONTINUOUS
10
1.4729600393700788
20
0.8265016535433071
11
1.4813964960629922
21
0.8265016535433071
0
LINE
8
BLACK
6
CONTINUOUS
10
1.4813964960629922
20
0.8265016535433071
11
1.48210031496063
21
0.8263130314960629
0
LINE
8
BLACK
6
CONTINUOUS
10
0.7163385826771653
20
0.7116141732283464
11
0.6297244094488189
21
0.7116141732283464
0
LINE
8
BLACK
6
CONTINUOUS
10
0.6297244094488189
20
0.7116141732283464
11
0.6297244094488189
21
0.7588582677165354
0
LINE
8
BLACK
6
CONTINUOUS
10
0.6297244094488189
20
0.7588582677165354
11
0.7163385826771653
21
0.7588582677165354
0
LINE
8
BLACK
6
CONTINUOUS
10
0.7163385826771653
20
0.7588582677165354
11
0.7163385826771653
21
0.7116141732283464
0
LINE
8
BLACK
6
CONTINUOUS
10
1.5080045669291338
20
0.9391682283464566
11
1.5093233070866141
21
0.9389045275590551
0
LINE
8
BLACK
6
CONTINUOUS
10
1.5093233070866141
20
0.9389045275590551
11
1.5094699999999999
21
0.9387755905511811
0
LINE
8
BLACK
6
CONTINUOUS
10
1.5094699999999999
20
0.9387755905511811
11
1.5096585826771654
21
0.9387250787401574
0
LINE
8
BLACK
6
CONTINUOUS
10
1.5096585826771654
20
0.9387250787401574
11
1.5106093307086614
21
0.9377742913385827
0
LINE
8
BLACK
6
CONTINUOUS
10
1.5106093307086614
20
0.9377742913385827
11
1.5116195275590552
21
0.9368865354330709
0
LINE
8
BLACK
6
CONTINUOUS
10
1.5116195275590552
20
0.9368865354330709
11
1.5116820866141731
21
0.9367015354330709
0
LINE
8
BLACK
6
CONTINUOUS
10
1.5116820866141731
20
0.9367015354330709
11
1.511820157480315
21
0.9365635039370078
0
LINE
8
BLACK
6
CONTINUOUS
10
1.511820157480315
20
0.9365635039370078
11
1.5121681496062991
21
0.9352646456692914
0
LINE
8
BLACK
6
CONTINUOUS
10
1.5121681496062991
20
0.9352646456692914
11
1.5125990944881889
21
0.9339908267716536
0
LINE
8
BLACK
6
CONTINUOUS
10
1.5125990944881889
20
0.9339908267716536
11
1.5125607874015747
21
0.9337993307086614
0
LINE
8
BLACK
6
CONTINUOUS
10
1.5125607874015747
20
0.9337993307086614
11
1.5126113385826772
21
0.933610748031496
0
LINE
8
BLACK
6
CONTINUOUS
10
1.5126113385826772
20
0.933610748031496
11
1.5126113385826772
21
0.8942406692913386
0
LINE
8
BLACK
6
CONTINUOUS
10
1.5126113385826772
20
0.8942406692913386
11
1.511820157480315
21
0.8912879133858268
0
LINE
8
BLACK
6
CONTINUOUS
10
1.511820157480315
20
0.8912879133858268
11
1.5096585826771654
21
0.8891263385826772
0
LINE
8
BLACK
6
CONTINUOUS
10
1.5096585826771654
20
0.8891263385826772
11
1.5067058267716535
21
0.8883351574803149
0
LINE
8
BLACK
6
CONTINUOUS
10
1.5067058267716535
20
0.8883351574803149
11
1.5037530708661417
21
0.8891263385826772
0
LINE
8
BLACK
6
CONTINUOUS
10
1.5037530708661417
20
0.8891263385826772
11
1.5015914960629921
21
0.8912879133858268
0
LINE
8
BLACK
6
CONTINUOUS
10
1.5015914960629921
20
0.8912879133858268
11
1.5008003149606299
21
0.8942406692913386
0
LINE
8
BLACK
6
CONTINUOUS
10
1.5008003149606299
20
0.8942406692913386
11
1.5008003149606299
21
0.9225761811023622
0
LINE
8
BLACK
6
CONTINUOUS
10
1.5008003149606299
20
0.9225761811023622
11
1.4509264960629922
21
0.889326968503937
0
LINE
8
BLACK
6
CONTINUOUS
10
1.4509264960629922
20
0.889326968503937
11
1.4507414960629921
21
0.8892643700787402
0
LINE
8
BLACK
6
CONTINUOUS
10
1.4507414960629921
20
0.8892643700787402
11
1.450603464566929
21
0.8891263385826772
0
LINE
8
BLACK
6
CONTINUOUS
10
1.450603464566929
20
0.8891263385826772
11
1.4493046062992125
21
0.8887783070866142
0
LINE
8
BLACK
6
CONTINUOUS
10
1.4493046062992125
20
0.8887783070866142
11
1.4480307874015748
21
0.8883474015748031
0
LINE
8
BLACK
6
CONTINUOUS
10
1.4480307874015748
20
0.8883474015748031
11
1.4478392913385827
21
0.8883856692913386
0
LINE
8
BLACK
6
CONTINUOUS
10
1.4478392913385827
20
0.8883856692913386
11
1.4476507086614172
21
0.8883351574803149
0
LINE
8
BLACK
6
CONTINUOUS
10
1.4476507086614172
20
0.8883351574803149
11
1.4463519291338582
21
0.8886831496062992
0
LINE
8
BLACK
6
CONTINUOUS
10
1.4463519291338582
20
0.8886831496062992
11
1.4450332283464566
21
0.8889468897637796
0
LINE
8
BLACK
6
CONTINUOUS
10
1.4450332283464566
20
0.8889468897637796
11
1.4448864960629921
21
0.8890757874015748
0
LINE
8
BLACK
6
CONTINUOUS
10
1.4448864960629921
20
0.8890757874015748
11
1.4446979527559054
21
0.8891263385826772
0
LINE
8
BLACK
6
CONTINUOUS
10
1.4446979527559054
20
0.8891263385826772
11
1.4437471653543308
21
0.8900770866141732
0
LINE
8
BLACK
6
CONTINUOUS
10
1.4437471653543308
20
0.8900770866141732
11
1.4427370078740158
21
0.8909648818897637
0
LINE
8
BLACK
6
CONTINUOUS
10
1.4427370078740158
20
0.8909648818897637
11
1.4426744094488189
21
0.891149842519685
0
LINE
8
BLACK
6
CONTINUOUS
10
1.4426744094488189
20
0.891149842519685
11
1.4425363779527558
21
0.8912879133858268
0
LINE
8
BLACK
6
CONTINUOUS
10
1.4425363779527558
20
0.8912879133858268
11
1.4421883464566929
21
0.8925867322834645
0
LINE
8
BLACK
6
CONTINUOUS
10
1.4421883464566929
20
0.8925867322834645
11
1.4417574409448819
21
0.8938605905511811
0
LINE
8
BLACK
6
CONTINUOUS
10
1.4417574409448819
20
0.8938605905511811
11
1.4417957086614173
21
0.8940520472440945
0
LINE
8
BLACK
6
CONTINUOUS
10
1.4417957086614173
20
0.8940520472440945
11
1.4417451968503936
21
0.8942406692913386
0
LINE
8
BLACK
6
CONTINUOUS
10
1.4417451968503936
20
0.8942406692913386
11
1.4417451968503936
21
0.933610748031496
0
LINE
8
BLACK
6
CONTINUOUS
10
1.4417451968503936
20
0.933610748031496
11
1.4425363779527558
21
0.9365635039370078
0
LINE
8
BLACK
6
CONTINUOUS
10
1.4425363779527558
20
0.9365635039370078
11
1.4446979527559054
21
0.9387250787401574
0
LINE
8
BLACK
6
CONTINUOUS
10
1.4446979527559054
20
0.9387250787401574
11
1.4476507086614172
21
0.9395162598425196
0
LINE
8
BLACK
6
CONTINUOUS
10
1.4476507086614172
20
0.9395162598425196
11
1.450603464566929
21
0.9387250787401574
0
LINE
8
BLACK
6
CONTINUOUS
10
1.450603464566929
20
0.9387250787401574
11
1.4527650393700786
21
0.9365635039370078
0
LINE
8
BLACK
6
CONTINUOUS
10
1.4527650393700786
20
0.9365635039370078
11
1.4535562204724408
21
0.933610748031496
0
LINE
8
BLACK
6
CONTINUOUS
10
1.4535562204724408
20
0.933610748031496
11
1.4535562204724408
21
0.9052752362204725
0
LINE
8
BLACK
6
CONTINUOUS
10
1.4535562204724408
20
0.9052752362204725
11
1.5034300393700788
21
0.9385244488188976
0
LINE
8
BLACK
6
CONTINUOUS
10
1.5034300393700788
20
0.9385244488188976
11
1.5036149999999999
21
0.9385870078740157
0
LINE
8
BLACK
6
CONTINUOUS
10
1.5036149999999999
20
0.9385870078740157
11
1.5037530708661417
21
0.9387250787401574
0
LINE
8
BLACK
6
CONTINUOUS
10
1.5037530708661417
20
0.9387250787401574
11
1.5050518897637795
21
0.9390730708661417
0
LINE
8
BLACK
6
CONTINUOUS
10
1.5050518897637795
20
0.9390730708661417
11
1.506325748031496
21
0.9395040157480314
0
LINE
8
BLACK
6
CONTINUOUS
10
1.506325748031496
20
0.9395040157480314
11
1.5065172047244093
21
0.9394657086614173
0
LINE
8
BLACK
6
CONTINUOUS
10
1.5065172047244093
20
0.9394657086614173
11
1.5067058267716535
21
0.9395162598425196
0
LINE
8
BLACK
6
CONTINUOUS
10
1.5067058267716535
20
0.9395162598425196
11
1.5080045669291338
21
0.9391682283464566
0
LINE
8
BLACK
6
CONTINUOUS
10
1.48210031496063
20
0.9955705905511811
11
1.482828779527559
21
0.995582874015748
0
LINE
8
BLACK
6
CONTINUOUS
10
1.482828779527559
20
0.995582874015748
11
1.4940773622047243
21
0.992770748031496
0
LINE
8
BLACK
6
CONTINUOUS
10
1.4940773622047243
20
0.992770748031496
11
1.4946473228346457
21
0.9924543307086614
0
LINE
8
BLACK
6
CONTINUOUS
10
1.4946473228346457
20
0.9924543307086614
11
1.4952861023622046
21
0.9923236220472441
0
LINE
8
BLACK
6
CONTINUOUS
10
1.4952861023622046
20
0.9923236220472441
11
1.5009103937007873
21
0.9895114566929134
0
LINE
8
BLACK
6
CONTINUOUS
10
1.5009103937007873
20
0.9895114566929134
11
1.5016217716535434
21
0.9888806299212598
0
LINE
8
BLACK
6
CONTINUOUS
10
1.5016217716535434
20
0.9888806299212598
11
1.5024451968503936
21
0.9884052362204724
0
LINE
8
BLACK
6
CONTINUOUS
10
1.5024451968503936
20
0.9884052362204724
11
1.508069527559055
21
0.9827809448818897
0
LINE
8
BLACK
6
CONTINUOUS
10
1.508069527559055
20
0.9827809448818897
11
1.5087482283464566
21
0.9816053543307086
0
LINE
8
BLACK
6
CONTINUOUS
10
1.5087482283464566
20
0.9816053543307086
11
1.5094961811023622
21
0.9804725984251969
0
LINE
8
BLACK
6
CONTINUOUS
10
1.5094961811023622
20
0.9804725984251969
11
1.5123083070866141
21
0.9720361417322835
0
LINE
8
BLACK
6
CONTINUOUS
10
1.5123083070866141
20
0.9720361417322835
11
1.5123652755905512
21
0.9710869685039369
0
LINE
8
BLACK
6
CONTINUOUS
10
1.5123652755905512
20
0.9710869685039369
11
1.5126113385826772
21
0.9701686614173228
0
LINE
8
BLACK
6
CONTINUOUS
10
1.5126113385826772
20
0.9701686614173228
11
1.5126113385826772
21
0.9645443700787402
0
LINE
8
BLACK
6
CONTINUOUS
10
1.5126113385826772
20
0.9645443700787402
11
1.5123652755905512
21
0.9636260236220472
0
LINE
8
BLACK
6
CONTINUOUS
10
1.5123652755905512
20
0.9636260236220472
11
1.5123083070866141
21
0.9626768897637795
0
LINE
8
BLACK
6
CONTINUOUS
10
1.5123083070866141
20
0.9626768897637795
11
1.5094961811023622
21
0.9542404330708661
0
LINE
8
BLACK
6
CONTINUOUS
10
1.5094961811023622
20
0.9542404330708661
11
1.5087481496062991
21
0.9531075196850394
0
LINE
8
BLACK
6
CONTINUOUS
10
1.5087481496062991
20
0.9531075196850394
11
1.5080694881889762
21
0.9519320472440944
0
LINE
8
BLACK
6
CONTINUOUS
10
1.5080694881889762
20
0.9519320472440944
11
1.5052573228346455
21
0.9491199212598425
0
LINE
8
BLACK
6
CONTINUOUS
10
1.5052573228346455
20
0.9491199212598425
11
1.5026099606299212
21
0.9475914960629921
0
LINE
8
BLACK
6
CONTINUOUS
10
1.5026099606299212
20
0.9475914960629921
11
1.499553031496063
21
0.9475914960629921
0
LINE
8
BLACK
6
CONTINUOUS
10
1.499553031496063
20
0.9475914960629921
11
1.4969056692913385
21
0.94912
0
LINE
8
BLACK
6
CONTINUOUS
10
1.4969056692913385
20
0.94912
11
1.4953772440944881
21
0.9517673622047244
0
LINE
8
BLACK
6
CONTINUOUS
10
1.4953772440944881
20
0.9517673622047244
11
1.4953772440944881
21
0.9548242913385827
0
LINE
8
BLACK
6
CONTINUOUS
10
1.4953772440944881
20
0.9548242913385827
11
1.496905748031496
21
0.9574716535433071
0
LINE
8
BLACK
6
CONTINUOUS
10
1.496905748031496
20
0.9574716535433071
11
1.4987320472440944
21
0.9592979133858267
0
LINE
8
BLACK
6
CONTINUOUS
10
1.4987320472440944
20
0.9592979133858267
11
1.5008003149606299
21
0.9655027165354331
0
LINE
8
BLACK
6
CONTINUOUS
10
1.5008003149606299
20
0.9655027165354331
11
1.5008003149606299
21
0.9692102755905512
0
LINE
8
BLACK
6
CONTINUOUS
10
1.5008003149606299
20
0.9692102755905512
11
1.4987320472440944
21
0.9754150787401574
0
LINE
8
BLACK
6
CONTINUOUS
10
1.4987320472440944
20
0.9754150787401574
11
1.4947711811023621
21
0.979375905511811
0
LINE
8
BLACK
6
CONTINUOUS
10
1.4947711811023621
20
0.979375905511811
11
1.4905837795275589
21
0.9814696456692913
0
LINE
8
BLACK
6
CONTINUOUS
10
1.4905837795275589
20
0.9814696456692913
11
1.4806695669291339
21
0.9839481889763779
0
LINE
8
BLACK
6
CONTINUOUS
10
1.4806695669291339
20
0.9839481889763779
11
1.4736869685039369
21
0.9839481889763779
0
LINE
8
BLACK
6
CONTINUOUS
10
1.4736869685039369
20
0.9839481889763779
11
1.4637727165354331
21
0.9814696062992125
0
LINE
8
BLACK
6
CONTINUOUS
10
1.4637727165354331
20
0.9814696062992125
11
1.4595853543307087
21
0.9793759448818897
0
LINE
8
BLACK
6
CONTINUOUS
10
1.4595853543307087
20
0.9793759448818897
11
1.4556244488188976
21
0.9754150393700787
0
LINE
8
BLACK
6
CONTINUOUS
10
1.4556244488188976
20
0.9754150393700787
11
1.4535562204724408
21
0.9692103543307087
0
LINE
8
BLACK
6
CONTINUOUS
10
1.4535562204724408
20
0.9692103543307087
11
1.4535562204724408
21
0.9655026377952756
0
LINE
8
BLACK
6
CONTINUOUS
10
1.4535562204724408
20
0.9655026377952756
11
1.4556244488188976
21
0.9592979527559055
0
LINE
8
BLACK
6
CONTINUOUS
10
1.4556244488188976
20
0.9592979527559055
11
1.4574508267716535
21
0.9574716141732283
0
LINE
8
BLACK
6
CONTINUOUS
10
1.4574508267716535
20
0.9574716141732283
11
1.4589792913385826
21
0.954824251968504
0
LINE
8
BLACK
6
CONTINUOUS
10
1.4589792913385826
20
0.954824251968504
11
1.4589792913385826
21
0.9517673228346456
0
LINE
8
BLACK
6
CONTINUOUS
10
1.4589792913385826
20
0.9517673228346456
11
1.4574508267716535
21
0.9491199606299212
0
LINE
8
BLACK
6
CONTINUOUS
10
1.4574508267716535
20
0.9491199606299212
11
1.454803464566929
21
0.9475914960629921
0
LINE
8
BLACK
6
CONTINUOUS
10
1.454803464566929
20
0.9475914960629921
11
1.4517465354330708
21
0.9475914960629921
0
LINE
8
BLACK
6
CONTINUOUS
10
1.4517465354330708
20
0.9475914960629921
11
1.4490991732283465
21
0.9491199606299212
0
LINE
8
BLACK
6
CONTINUOUS
10
1.4490991732283465
20
0.9491199606299212
11
1.4462870472440945
21
0.9519320866141732
0
LINE
8
BLACK
6
CONTINUOUS
10
1.4462870472440945
20
0.9519320866141732
11
1.4456083858267716
21
0.9531075196850394
0
LINE
8
BLACK
6
CONTINUOUS
10
1.4456083858267716
20
0.9531075196850394
11
1.4448603937007873
21
0.9542404330708661
0
LINE
8
BLACK
6
CONTINUOUS
10
1.4448603937007873
20
0.9542404330708661
11
1.4420482677165354
21
0.9626768897637795
0
LINE
8
BLACK
6
CONTINUOUS
10
1.4420482677165354
20
0.9626768897637795
11
1.4419912598425197
21
0.963625905511811
0
LINE
8
BLACK
6
CONTINUOUS
10
1.4419912598425197
20
0.963625905511811
11
1.4417451968503936
21
0.9645443700787402
0
LINE
8
BLACK
6
CONTINUOUS
10
1.4417451968503936
20
0.9645443700787402
11
1.4417451968503936
21
0.9701686614173228
0
LINE
8
BLACK
6
CONTINUOUS
10
1.4417451968503936
20
0.9701686614173228
11
1.4419912598425197
21
0.9710870866141732
0
LINE
8
BLACK
6
CONTINUOUS
10
1.4419912598425197
20
0.9710870866141732
11
1.4420482677165354
21
0.9720361417322835
0
LINE
8
BLACK
6
CONTINUOUS
10
1.4420482677165354
20
0.9720361417322835
11
1.4448603937007873
21
0.9804725984251969
0
LINE
8
BLACK
6
CONTINUOUS
10
1.4448603937007873
20
0.9804725984251969
11
1.4456083858267716
21
0.9816054724409449
0
LINE
8
BLACK
6
CONTINUOUS
10
1.4456083858267716
20
0.9816054724409449
11
1.4462870472440945
21
0.9827809448818897
0
LINE
8
BLACK
6
CONTINUOUS
10
1.4462870472440945
20
0.9827809448818897
11
1.4519113385826772
21
0.9884052362204724
0
LINE
8
BLACK
6
CONTINUOUS
10
1.4519113385826772
20
0.9884052362204724
11
1.4527347637795276
21
0.9888806299212598
0
LINE
8
BLACK
6
CONTINUOUS
10
1.4527347637795276
20
0.9888806299212598
11
1.4534461417322835
21
0.9895114566929134
0
LINE
8
BLACK
6
CONTINUOUS
10
1.4534461417322835
20
0.9895114566929134
11
1.4590703937007874
21
0.9923236220472441
0
LINE
8
BLACK
6
CONTINUOUS
10
1.4590703937007874
20
0.9923236220472441
11
1.4597092125984252
21
0.9924543307086614
0
LINE
8
BLACK
6
CONTINUOUS
10
1.4597092125984252
20
0.9924543307086614
11
1.4602791732283464
21
0.992770748031496
0
LINE
8
BLACK
6
CONTINUOUS
10
1.4602791732283464
20
0.992770748031496
11
1.4715277559055118
21
0.995582874015748
0
LINE
8
BLACK
6
CONTINUOUS
10
1.4715277559055118
20
0.995582874015748
11
1.4722561811023622
21
0.9955705905511811
0
LINE
8
BLACK
6
CONTINUOUS
10
1.4722561811023622
20
0.9955705905511811
11
1.4729600393700788
21
0.9957592125984251
0
LINE
8
BLACK
6
CONTINUOUS
10
1.4729600393700788
20
0.9957592125984251
11
1.4813964960629922
21
0.9957592125984251
0
LINE
8
BLACK
6
CONTINUOUS
10
1.4813964960629922
20
0.9957592125984251
11
1.48210031496063
21
0.9955705905511811
0
LINE
8
BLACK
6
CONTINUOUS
10
1.5069506692913386
20
1.0227969685039371
11
1.508069527559055
21
1.0221510236220472
0
LINE
8
BLACK
6
CONTINUOUS
10
1.508069527559055
20
1.0221510236220472
11
1.5108816535433069
21
1.0193388976377953
0
LINE
8
BLACK
6
CONTINUOUS
10
1.5108816535433069
20
1.0193388976377953
11
1.5112703543307087
21
1.018665590551181
0
LINE
8
BLACK
6
CONTINUOUS
10
1.5112703543307087
20
1.018665590551181
11
1.511820157480315
21
1.0181158267716535
0
LINE
8
BLACK
6
CONTINUOUS
10
1.511820157480315
20
1.0181158267716535
11
1.5120213385826771
21
1.0173648818897638
0
LINE
8
BLACK
6
CONTINUOUS
10
1.5120213385826771
20
1.0173648818897638
11
1.5124101181102363
21
1.0166915748031495
0
LINE
8
BLACK
6
CONTINUOUS
10
1.5124101181102363
20
1.0166915748031495
11
1.5124101181102363
21
1.0166915354330708
0
LINE
8
BLACK
6
CONTINUOUS
10
1.5124101181102363
20
1.0166915354330708
11
1.5124101181102363
21
1.0159140157480315
0
LINE
8
BLACK
6
CONTINUOUS
10
1.5124101181102363
20
1.0159140157480315
11
1.5126113385826772
21
1.0151630708661417
0
LINE
8
BLACK
6
CONTINUOUS
10
1.5126113385826772
20
1.0151630708661417
11
1.5124101181102363
21
1.0144120866141733
0
LINE
8
BLACK
6
CONTINUOUS
10
1.5124101181102363
20
1.0144120866141733
11
1.5124101181102363
21
1.0136346062992125
0
LINE
8
BLACK
6
CONTINUOUS
10
1.5124101181102363
20
1.0136346062992125
11
1.5120213779527558
21
1.0129612598425197
0
LINE
8
BLACK
6
CONTINUOUS
10
1.5120213779527558
20
1.0129612598425197
11
1.511820157480315
21
1.0122103149606299
0
LINE
8
BLACK
6
CONTINUOUS
10
1.511820157480315
20
1.0122103149606299
11
1.5112703937007874
21
1.0116605511811023
0
LINE
8
BLACK
6
CONTINUOUS
10
1.5112703937007874
20
1.0116605511811023
11
1.5108816929133857
21
1.010987283464567
0
LINE
8
BLACK
6
CONTINUOUS
10
1.5108816929133857
20
1.010987283464567
11
1.5080695669291337
21
1.0081751181102363
0
LINE
8
BLACK
6
CONTINUOUS
10
1.5080695669291337
20
1.0081751181102363
11
1.508069527559055
21
1.0081750787401575
0
LINE
8
BLACK
6
CONTINUOUS
10
1.508069527559055
20
1.0081750787401575
11
1.5080694488188977
21
1.0081750393700788
0
LINE
8
BLACK
6
CONTINUOUS
10
1.5080694488188977
20
1.0081750393700788
11
1.5054222047244095
21
1.0066466141732284
0
LINE
8
BLACK
6
CONTINUOUS
10
1.5054222047244095
20
1.0066466141732284
11
1.5023652755905512
21
1.0066466141732284
0
LINE
8
BLACK
6
CONTINUOUS
10
1.5023652755905512
20
1.0066466141732284
11
1.5023652362204725
21
1.0066466141732284
0
LINE
8
BLACK
6
CONTINUOUS
10
1.5023652362204725
20
1.0066466141732284
11
1.5008368110236221
21
1.0075290551181102
0
LINE
8
BLACK
6
CONTINUOUS
10
1.5008368110236221
20
1.0075290551181102
11
1.4997179133858267
21
1.0081750393700788
0
LINE
8
BLACK
6
CONTINUOUS
10
1.4997179133858267
20
1.0081750393700788
11
1.499717874015748
21
1.0081750787401575
0
LINE
8
BLACK
6
CONTINUOUS
10
1.499717874015748
20
1.0081750787401575
11
1.4969057086614173
21
1.0109872440944883
0
LINE
8
BLACK
6
CONTINUOUS
10
1.4969057086614173
20
1.0109872440944883
11
1.496516968503937
21
1.0116605118110236
0
LINE
8
BLACK
6
CONTINUOUS
10
1.496516968503937
20
1.0116605118110236
11
1.4959672047244095
21
1.0122103149606299
0
LINE
8
BLACK
6
CONTINUOUS
10
1.4959672047244095
20
1.0122103149606299
11
1.4957659448818896
21
1.0129612598425197
0
LINE
8
BLACK
6
CONTINUOUS
10
1.4957659448818896
20
1.0129612598425197
11
1.4953772440944881
21
1.0136346062992125
0
LINE
8
BLACK
6
CONTINUOUS
10
1.4953772440944881
20
1.0136346062992125
11
1.4953772440944881
21
1.0144120866141733
0
LINE
8
BLACK
6
CONTINUOUS
10
1.4953772440944881
20
1.0144120866141733
11
1.4951760236220473
21
1.0151630708661417
0
LINE
8
BLACK
6
CONTINUOUS
10
1.4951760236220473
20
1.0151630708661417
11
1.4953772440944881
21
1.0159140157480315
0
LINE
8
BLACK
6
CONTINUOUS
10
1.4953772440944881
20
1.0159140157480315
11
1.4953772440944881
21
1.0166915354330708
0
LINE
8
BLACK
6
CONTINUOUS
10
1.4953772440944881
20
1.0166915354330708
11
1.4953772440944881
21
1.0166915748031495
0
LINE
8
BLACK
6
CONTINUOUS
10
1.4953772440944881
20
1.0166915748031495
11
1.4957659842519684
21
1.0173648818897638
0
LINE
8
BLACK
6
CONTINUOUS
10
1.4957659842519684
20
1.0173648818897638
11
1.4959672047244095
21
1.0181158267716535
0
LINE
8
BLACK
6
CONTINUOUS
10
1.4959672047244095
20
1.0181158267716535
11
1.496516968503937
21
1.018665590551181
0
LINE
8
BLACK
6
CONTINUOUS
10
1.496516968503937
20
1.018665590551181
11
1.4969057086614173
21
1.0193388976377953
0
LINE
8
BLACK
6
CONTINUOUS
10
1.4969057086614173
20
1.0193388976377953
11
1.496905748031496
21
1.019338937007874
0
LINE
8
BLACK
6
CONTINUOUS
10
1.496905748031496
20
1.019338937007874
11
1.4997179133858267
21
1.022151062992126
0
LINE
8
BLACK
6
CONTINUOUS
10
1.4997179133858267
20
1.022151062992126
11
1.5008368110236221
21
1.0227970078740156
0
LINE
8
BLACK
6
CONTINUOUS
10
1.5008368110236221
20
1.0227970078740156
11
1.5023652362204725
21
1.0236794881889764
0
LINE
8
BLACK
6
CONTINUOUS
10
1.5023652362204725
20
1.0236794881889764
11
1.5054221653543307
21
1.0236794881889764
0
LINE
8
BLACK
6
CONTINUOUS
10
1.5054221653543307
20
1.0236794881889764
11
1.5054222047244095
21
1.0236794881889764
0
LINE
8
BLACK
6
CONTINUOUS
10
1.5054222047244095
20
1.0236794881889764
11
1.5069506692913386
21
1.0227969685039371
0
LINE
8
BLACK
6
CONTINUOUS
10
1.5096585826771654
20
1.0793325196850394
11
1.511820157480315
21
1.0771709448818898
0
LINE
8
BLACK
6
CONTINUOUS
10
1.511820157480315
20
1.0771709448818898
11
1.5126113385826772
21
1.074218188976378
0
LINE
8
BLACK
6
CONTINUOUS
10
1.5126113385826772
20
1.074218188976378
11
1.5126113385826772
21
1.0517209842519686
0
LINE
8
BLACK
6
CONTINUOUS
10
1.5126113385826772
20
1.0517209842519686
11
1.5122599606299212
21
1.0504097244094488
0
LINE
8
BLACK
6
CONTINUOUS
10
1.5122599606299212
20
1.0504097244094488
11
1.511987874015748
21
1.04908
0
LINE
8
BLACK
6
CONTINUOUS
10
1.511987874015748
20
1.04908
11
1.509175748031496
21
1.0434556692913386
0
LINE
8
BLACK
6
CONTINUOUS
10
1.509175748031496
20
1.0434556692913386
11
1.5085448818897638
21
1.042744251968504
0
LINE
8
BLACK
6
CONTINUOUS
10
1.5085448818897638
20
1.042744251968504
11
1.508069527559055
21
1.0419208661417323
0
LINE
8
BLACK
6
CONTINUOUS
10
1.508069527559055
20
1.0419208661417323
11
1.5052573622047243
21
1.0391087007874016
0
LINE
8
BLACK
6
CONTINUOUS
10
1.5052573622047243
20
1.0391087007874016
11
1.5044339370078741
21
1.0386333070866141
0
LINE
8
BLACK
6
CONTINUOUS
10
1.5044339370078741
20
1.0386333070866141
11
1.503722559055118
21
1.0380024803149606
0
LINE
8
BLACK
6
CONTINUOUS
10
1.503722559055118
20
1.0380024803149606
11
1.4980982677165353
21
1.0351903543307086
0
LINE
8
BLACK
6
CONTINUOUS
10
1.4980982677165353
20
1.0351903543307086
11
1.4967683858267715
21
1.0349181889763779
0
LINE
8
BLACK
6
CONTINUOUS
10
1.4967683858267715
20
1.0349181889763779
11
1.4954572440944882
21
1.0345668897637794
0
LINE
8
BLACK
6
CONTINUOUS
10
1.4954572440944882
20
1.0345668897637794
11
1.4870207874015748
21
1.0345668897637794
0
LINE
8
BLACK
6
CONTINUOUS
10
1.4870207874015748
20
1.0345668897637794
11
1.4857095275590551
21
1.0349182283464566
0
LINE
8
BLACK
6
CONTINUOUS
10
1.4857095275590551
20
1.0349182283464566
11
1.4843798031496063
21
1.0351903543307086
0
LINE
8
BLACK
6
CONTINUOUS
10
1.4843798031496063
20
1.0351903543307086
11
1.4787554724409449
21
1.0380024803149606
0
LINE
8
BLACK
6
CONTINUOUS
10
1.4787554724409449
20
1.0380024803149606
11
1.4780440551181102
21
1.0386333070866141
0
LINE
8
BLACK
6
CONTINUOUS
10
1.4780440551181102
20
1.0386333070866141
11
1.4772206692913386
21
1.0391087007874016
0
LINE
8
BLACK
6
CONTINUOUS
10
1.4772206692913386
20
1.0391087007874016
11
1.4744085039370078
21
1.0419208661417323
0
LINE
8
BLACK
6
CONTINUOUS
10
1.4744085039370078
20
1.0419208661417323
11
1.4743774409448818
21
1.0419745669291338
0
LINE
8
BLACK
6
CONTINUOUS
10
1.4743774409448818
20
1.0419745669291338
11
1.474323779527559
21
1.041920905511811
0
LINE
8
BLACK
6
CONTINUOUS
10
1.474323779527559
20
1.041920905511811
11
1.4735002755905511
21
1.041445433070866
0
LINE
8
BLACK
6
CONTINUOUS
10
1.4735002755905511
20
1.041445433070866
11
1.4727889370078739
21
1.0408146456692913
0
LINE
8
BLACK
6
CONTINUOUS
10
1.4727889370078739
20
1.0408146456692913
11
1.4671646456692913
21
1.0380024803149606
0
LINE
8
BLACK
6
CONTINUOUS
10
1.4671646456692913
20
1.0380024803149606
11
1.46583468503937
21
1.0377303149606298
0
LINE
8
BLACK
6
CONTINUOUS
10
1.46583468503937
20
1.0377303149606298
11
1.464523622047244
21
1.0373790157480314
0
LINE
8
BLACK
6
CONTINUOUS
10
1.464523622047244
20
1.0373790157480314
11
1.4588992913385825
21
1.0373790157480314
0
LINE
8
BLACK
6
CONTINUOUS
10
1.4588992913385825
20
1.0373790157480314
11
1.4575882283464567
21
1.0377302755905511
0
LINE
8
BLACK
6
CONTINUOUS
10
1.4575882283464567
20
1.0377302755905511
11
1.4562582283464567
21
1.0380024803149606
0
LINE
8
BLACK
6
CONTINUOUS
10
1.4562582283464567
20
1.0380024803149606
11
1.4506339763779528
21
1.0408146456692913
0
LINE
8
BLACK
6
CONTINUOUS
10
1.4506339763779528
20
1.0408146456692913
11
1.4499225984251969
21
1.041445433070866
0
LINE
8
BLACK
6
CONTINUOUS
10
1.4499225984251969
20
1.041445433070866
11
1.4490991338582677
21
1.041920905511811
0
LINE
8
BLACK
6
CONTINUOUS
10
1.4490991338582677
20
1.041920905511811
11
1.4462870078740158
21
1.0447330708661418
0
LINE
8
BLACK
6
CONTINUOUS
10
1.4462870078740158
20
1.0447330708661418
11
1.4458116141732282
21
1.0455564566929134
0
LINE
8
BLACK
6
CONTINUOUS
10
1.4458116141732282
20
1.0455564566929134
11
1.4451808267716535
21
1.0462678346456693
0
LINE
8
BLACK
6
CONTINUOUS
10
1.4451808267716535
20
1.0462678346456693
11
1.4423686614173228
21
1.051892125984252
0
LINE
8
BLACK
6
CONTINUOUS
10
1.4423686614173228
20
1.051892125984252
11
1.4420964960629921
21
1.0532220472440945
0
LINE
8
BLACK
6
CONTINUOUS
10
1.4420964960629921
20
1.0532220472440945
11
1.4417451968503936
21
1.0545331496062993
0
LINE
8
BLACK
6
CONTINUOUS
10
1.4417451968503936
20
1.0545331496062993
11
1.4417451968503936
21
1.074218188976378
0
LINE
8
BLACK
6
CONTINUOUS
10
1.4417451968503936
20
1.074218188976378
11
1.4425363779527558
21
1.0771709448818898
0
LINE
8
BLACK
6
CONTINUOUS
10
1.4425363779527558
20
1.0771709448818898
11
1.4446979527559054
21
1.0793325196850394
0
LINE
8
BLACK
6
CONTINUOUS
10
1.4446979527559054
20
1.0793325196850394
11
1.4476507086614172
21
1.0801237007874016
0
LINE
8
BLACK
6
CONTINUOUS
10
1.4476507086614172
20
1.0801237007874016
11
1.5067058267716535
21
1.0801237007874016
0
LINE
8
BLACK
6
CONTINUOUS
10
1.5067058267716535
20
1.0801237007874016
11
1.5096585826771654
21
1.0793325196850394
0
LINE
8
BLACK
6
CONTINUOUS
10
1.4816777165354331
20
1.0554914960629922
11
1.4837459448818897
21
1.0492866929133857
0
LINE
8
BLACK
6
CONTINUOUS
10
1.4837459448818897
20
1.0492866929133857
11
1.4848946456692913
21
1.0481379921259841
0
LINE
8
BLACK
6
CONTINUOUS
10
1.4848946456692913
20
1.0481379921259841
11
1.4884148818897638
21
1.0463779133858266
0
LINE
8
BLACK
6
CONTINUOUS
10
1.4884148818897638
20
1.0463779133858266
11
1.4940631496062993
21
1.0463779133858266
0
LINE
8
BLACK
6
CONTINUOUS
10
1.4940631496062993
20
1.0463779133858266
11
1.4975833070866142
21
1.0481379527559054
0
LINE
8
BLACK
6
CONTINUOUS
10
1.4975833070866142
20
1.0481379527559054
11
1.4990401968503937
21
1.049594842519685
0
LINE
8
BLACK
6
CONTINUOUS
10
1.4990401968503937
20
1.049594842519685
11
1.5008003149606299
21
1.0531150393700788
0
LINE
8
BLACK
6
CONTINUOUS
10
1.5008003149606299
20
1.0531150393700788
11
1.5008003149606299
21
1.0683126771653544
0
LINE
8
BLACK
6
CONTINUOUS
10
1.5008003149606299
20
1.0683126771653544
11
1.4816777165354331
21
1.0683126771653544
0
LINE
8
BLACK
6
CONTINUOUS
10
1.4816777165354331
20
1.0683126771653544
11
1.4816777165354331
21
1.0554914960629922
0
LINE
8
BLACK
6
CONTINUOUS
10
1.4535562204724408
20
1.0559272440944882
11
1.4553163385826771
21
1.052406968503937
0
LINE
8
BLACK
6
CONTINUOUS
10
1.4553163385826771
20
1.052406968503937
11
1.456773188976378
21
1.0509501181102361
0
LINE
8
BLACK
6
CONTINUOUS
10
1.456773188976378
20
1.0509501181102361
11
1.4602933858267717
21
1.0491900393700788
0
LINE
8
BLACK
6
CONTINUOUS
10
1.4602933858267717
20
1.0491900393700788
11
1.463129527559055
21
1.0491900393700788
0
LINE
8
BLACK
6
CONTINUOUS
10
1.463129527559055
20
1.0491900393700788
11
1.4666497244094487
21
1.0509501574803148
0
LINE
8
BLACK
6
CONTINUOUS
10
1.4666497244094487
20
1.0509501574803148
11
1.4681065354330709
21
1.0524070078740158
0
LINE
8
BLACK
6
CONTINUOUS
10
1.4681065354330709
20
1.0524070078740158
11
1.4698666929133859
21
1.0559272440944882
0
LINE
8
BLACK
6
CONTINUOUS
10
1.4698666929133859
20
1.0559272440944882
11
1.4698666929133859
21
1.0683126771653544
0
LINE
8
BLACK
6
CONTINUOUS
10
1.4698666929133859
20
1.0683126771653544
11
1.4535562204724408
21
1.0683126771653544
0
LINE
8
BLACK
6
CONTINUOUS
10
1.4535562204724408
20
1.0683126771653544
11
1.4535562204724408
21
1.0559272440944882
0
LINE
8
BLACK
6
CONTINUOUS
10
1.5096585826771654
20
1.1777577165354332
11
1.511820157480315
21
1.1755961417322833
0
LINE
8
BLACK
6
CONTINUOUS
10
1.511820157480315
20
1.1755961417322833
11
1.5126113385826772
21
1.1726433858267715
0
LINE
8
BLACK
6
CONTINUOUS
10
1.5126113385826772
20
1.1726433858267715
11
1.5126113385826772
21
1.1445218897637794
0
LINE
8
BLACK
6
CONTINUOUS
10
1.5126113385826772
20
1.1445218897637794
11
1.511820157480315
21
1.1415691338582676
0
LINE
8
BLACK
6
CONTINUOUS
10
1.511820157480315
20
1.1415691338582676
11
1.5096585826771654
21
1.139407559055118
0
LINE
8
BLACK
6
CONTINUOUS
10
1.5096585826771654
20
1.139407559055118
11
1.5080528740157479
21
1.1389773228346456
0
LINE
8
BLACK
6
CONTINUOUS
10
1.5080528740157479
20
1.1389773228346456
11
1.5106239763779528
21
1.137691811023622
0
LINE
8
BLACK
6
CONTINUOUS
10
1.5106239763779528
20
1.137691811023622
11
1.5123083070866141
21
1.1351407480314961
0
LINE
8
BLACK
6
CONTINUOUS
10
1.5123083070866141
20
1.1351407480314961
11
1.5124914566929133
21
1.1320893307086615
0
LINE
8
BLACK
6
CONTINUOUS
10
1.5124914566929133
20
1.1320893307086615
11
1.5111243700787402
21
1.1293551181102361
0
LINE
8
BLACK
6
CONTINUOUS
10
1.5111243700787402
20
1.1293551181102361
11
1.5085733070866141
21
1.1276708267716535
0
LINE
8
BLACK
6
CONTINUOUS
10
1.5085733070866141
20
1.1276708267716535
11
1.4957384645669292
21
1.1233925196850394
0
LINE
8
BLACK
6
CONTINUOUS
10
1.4957384645669292
20
1.1233925196850394
11
1.4957384645669292
21
1.1037838976377952
0
LINE
8
BLACK
6
CONTINUOUS
10
1.4957384645669292
20
1.1037838976377952
11
1.5085733070866141
21
1.0995056299212598
0
LINE
8
BLACK
6
CONTINUOUS
10
1.5085733070866141
20
1.0995056299212598
11
1.5111243700787402
21
1.0978213385826772
0
LINE
8
BLACK
6
CONTINUOUS
10
1.5111243700787402
20
1.0978213385826772
11
1.5124914566929133
21
1.0950871259842518
0
LINE
8
BLACK
6
CONTINUOUS
10
1.5124914566929133
20
1.0950871259842518
11
1.5123083070866141
21
1.0920357086614172
0
LINE
8
BLACK
6
CONTINUOUS
10
1.5123083070866141
20
1.0920357086614172
11
1.5106239763779528
21
1.0894846456692913
0
LINE
8
BLACK
6
CONTINUOUS
10
1.5106239763779528
20
1.0894846456692913
11
1.5078897637795274
21
1.088117559055118
0
LINE
8
BLACK
6
CONTINUOUS
10
1.5078897637795274
20
1.088117559055118
11
1.5048383464566928
21
1.0883007086614174
0
LINE
8
BLACK
6
CONTINUOUS
10
1.5048383464566928
20
1.0883007086614174
11
1.4457832283464567
21
1.1079857874015748
0
LINE
8
BLACK
6
CONTINUOUS
10
1.4457832283464567
20
1.1079857874015748
11
1.4447935039370079
21
1.1086392125984252
0
LINE
8
BLACK
6
CONTINUOUS
10
1.4447935039370079
20
1.1086392125984252
11
1.443732559055118
21
1.1091697244094487
0
LINE
8
BLACK
6
CONTINUOUS
10
1.443732559055118
20
1.1091697244094487
11
1.4435335433070866
21
1.1094710629921261
0
LINE
8
BLACK
6
CONTINUOUS
10
1.4435335433070866
20
1.1094710629921261
11
1.4432322047244095
21
1.1096700787401574
0
LINE
8
BLACK
6
CONTINUOUS
10
1.4432322047244095
20
1.1096700787401574
11
1.4427016929133858
21
1.1107310236220471
0
LINE
8
BLACK
6
CONTINUOUS
10
1.4427016929133858
20
1.1107310236220471
11
1.4420482677165354
21
1.1117207480314961
0
LINE
8
BLACK
6
CONTINUOUS
10
1.4420482677165354
20
1.1117207480314961
11
1.4420266141732283
21
1.1120811811023621
0
LINE
8
BLACK
6
CONTINUOUS
10
1.4420266141732283
20
1.1120811811023621
11
1.4418650787401575
21
1.1124042913385828
0
LINE
8
BLACK
6
CONTINUOUS
10
1.4418650787401575
20
1.1124042913385828
11
1.4419361417322833
21
1.1135882283464567
0
LINE
8
BLACK
6
CONTINUOUS
10
1.4419361417322833
20
1.1135882283464567
11
1.4418650787401575
21
1.1147721653543308
0
LINE
8
BLACK
6
CONTINUOUS
10
1.4418650787401575
20
1.1147721653543308
11
1.4420266141732283
21
1.1150952362204725
0
LINE
8
BLACK
6
CONTINUOUS
10
1.4420266141732283
20
1.1150952362204725
11
1.4420482677165354
21
1.1154557086614172
0
LINE
8
BLACK
6
CONTINUOUS
10
1.4420482677165354
20
1.1154557086614172
11
1.4427016929133858
21
1.1164453937007874
0
LINE
8
BLACK
6
CONTINUOUS
10
1.4427016929133858
20
1.1164453937007874
11
1.4432322047244095
21
1.1175063779527559
0
LINE
8
BLACK
6
CONTINUOUS
10
1.4432322047244095
20
1.1175063779527559
11
1.4435335433070866
21
1.1177053543307087
0
LINE
8
BLACK
6
CONTINUOUS
10
1.4435335433070866
20
1.1177053543307087
11
1.443732559055118
21
1.1180067322834646
0
LINE
8
BLACK
6
CONTINUOUS
10
1.443732559055118
20
1.1180067322834646
11
1.4447935039370079
21
1.1185372047244093
0
LINE
8
BLACK
6
CONTINUOUS
10
1.4447935039370079
20
1.1185372047244093
11
1.4457832283464567
21
1.1191906692913385
0
LINE
8
BLACK
6
CONTINUOUS
10
1.4457832283464567
20
1.1191906692913385
11
1.5048383464566928
21
1.1388757480314959
0
LINE
8
BLACK
6
CONTINUOUS
10
1.5048383464566928
20
1.1388757480314959
11
1.5055731889763779
21
1.1389198425196849
0
LINE
8
BLACK
6
CONTINUOUS
10
1.5055731889763779
20
1.1389198425196849
11
1.5037530708661417
21
1.139407559055118
0
LINE
8
BLACK
6
CONTINUOUS
10
1.5037530708661417
20
1.139407559055118
11
1.5015914960629921
21
1.1415691338582676
0
LINE
8
BLACK
6
CONTINUOUS
10
1.5015914960629921
20
1.1415691338582676
11
1.5008003149606299
21
1.1445218897637794
0
LINE
8
BLACK
6
CONTINUOUS
10
1.5008003149606299
20
1.1445218897637794
11
1.5008003149606299
21
1.1667378740157479
0
LINE
8
BLACK
6
CONTINUOUS
10
1.5008003149606299
20
1.1667378740157479
11
1.4476507086614172
21
1.1667378740157479
0
LINE
8
BLACK
6
CONTINUOUS
10
1.4476507086614172
20
1.1667378740157479
11
1.4446979527559054
21
1.1675290551181101
0
LINE
8
BLACK
6
CONTINUOUS
10
1.4446979527559054
20
1.1675290551181101
11
1.4425363779527558
21
1.1696906299212597
0
LINE
8
BLACK
6
CONTINUOUS
10
1.4425363779527558
20
1.1696906299212597
11
1.4417451968503936
21
1.1726433858267715
0
LINE
8
BLACK
6
CONTINUOUS
10
1.4417451968503936
20
1.1726433858267715
11
1.4425363779527558
21
1.1755961417322833
0
LINE
8
BLACK
6
CONTINUOUS
10
1.4425363779527558
20
1.1755961417322833
11
1.4446979527559054
21
1.1777577165354332
0
LINE
8
BLACK
6
CONTINUOUS
10
1.4446979527559054
20
1.1777577165354332
11
1.4476507086614172
21
1.1785488976377954
0
LINE
8
BLACK
6
CONTINUOUS
10
1.4476507086614172
20
1.1785488976377954
11
1.5067058267716535
21
1.1785488976377954
0
LINE
8
BLACK
6
CONTINUOUS
10
1.5067058267716535
20
1.1785488976377954
11
1.5096585826771654
21
1.1777577165354332
0
LINE
8
BLACK
6
CONTINUOUS
10
1.4663255118110237
20
1.1135882283464567
11
1.4839274409448819
21
1.1077209055118109
0
LINE
8
BLACK
6
CONTINUOUS
10
1.4839274409448819
20
1.1077209055118109
11
1.4839274409448819
21
1.1194555118110237
0
LINE
8
BLACK
6
CONTINUOUS
10
1.4839274409448819
20
1.1194555118110237
11
1.4663255118110237
21
1.1135882283464567
0
LINE
8
BLACK
6
CONTINUOUS
10
1.5096585826771654
20
1.2452492913385826
11
1.511820157480315
21
1.243087716535433
0
LINE
8
BLACK
6
CONTINUOUS
10
1.511820157480315
20
1.243087716535433
11
1.5126113385826772
21
1.2401349606299212
0
LINE
8
BLACK
6
CONTINUOUS
10
1.5126113385826772
20
1.2401349606299212
11
1.511820157480315
21
1.2371822047244094
0
LINE
8
BLACK
6
CONTINUOUS
10
1.511820157480315
20
1.2371822047244094
11
1.5096585826771654
21
1.2350206299212598
0
LINE
8
BLACK
6
CONTINUOUS
10
1.5096585826771654
20
1.2350206299212598
11
1.5067058267716535
21
1.2342294488188976
0
LINE
8
BLACK
6
CONTINUOUS
10
1.5067058267716535
20
1.2342294488188976
11
1.474270157480315
21
1.2342294488188976
0
LINE
8
BLACK
6
CONTINUOUS
10
1.474270157480315
20
1.2342294488188976
11
1.49233031496063
21
1.2258013779527559
0
LINE
8
BLACK
6
CONTINUOUS
10
1.49233031496063
20
1.2258013779527559
11
1.4927292125984251
21
1.2254664566929134
0
LINE
8
BLACK
6
CONTINUOUS
10
1.4927292125984251
20
1.2254664566929134
11
1.4932188188976379
21
1.2252884251968503
0
LINE
8
BLACK
6
CONTINUOUS
10
1.4932188188976379
20
1.2252884251968503
11
1.4938818503937008
21
1.2244987007874015
0
LINE
8
BLACK
6
CONTINUOUS
10
1.4938818503937008
20
1.2244987007874015
11
1.4946714960629921
21
1.2238357480314961
0
LINE
8
BLACK
6
CONTINUOUS
10
1.4946714960629921
20
1.2238357480314961
11
1.4948494881889764
21
1.2233461811023623
0
LINE
8
BLACK
6
CONTINUOUS
10
1.4948494881889764
20
1.2233461811023623
11
1.4951844488188977
21
1.2229472834645669
0
LINE
8
BLACK
6
CONTINUOUS
10
1.4951844488188977
20
1.2229472834645669
11
1.4953637795275589
21
1.2219318897637794
0
LINE
8
BLACK
6
CONTINUOUS
10
1.4953637795275589
20
1.2219318897637794
11
1.4957161811023623
21
1.2209628740157481
0
LINE
8
BLACK
6
CONTINUOUS
10
1.4957161811023623
20
1.2209628740157481
11
1.4956255511811023
21
1.2204499212598425
0
LINE
8
BLACK
6
CONTINUOUS
10
1.4956255511811023
20
1.2204499212598425
11
1.4957161811023623
21
1.219936968503937
0
LINE
8
BLACK
6
CONTINUOUS
10
1.4957161811023623
20
1.219936968503937
11
1.4953637795275589
21
1.2189679133858267
0
LINE
8
BLACK
6
CONTINUOUS
10
1.4953637795275589
20
1.2189679133858267
11
1.4951844488188977
21
1.2179525590551181
0
LINE
8
BLACK
6
CONTINUOUS
10
1.4951844488188977
20
1.2179525590551181
11
1.4948494881889764
21
1.217553622047244
0
LINE
8
BLACK
6
CONTINUOUS
10
1.4948494881889764
20
1.217553622047244
11
1.4946714960629921
21
1.217064094488189
0
LINE
8
BLACK
6
CONTINUOUS
10
1.4946714960629921
20
1.217064094488189
11
1.4938818503937008
21
1.2164011023622048
0
LINE
8
BLACK
6
CONTINUOUS
10
1.4938818503937008
20
1.2164011023622048
11
1.4932188188976379
21
1.2156114173228345
0
LINE
8
BLACK
6
CONTINUOUS
10
1.4932188188976379
20
1.2156114173228345
11
1.4927292125984251
21
1.2154333464566929
0
LINE
8
BLACK
6
CONTINUOUS
10
1.4927292125984251
20
1.2154333464566929
11
1.49233031496063
21
1.2150984645669292
0
LINE
8
BLACK
6
CONTINUOUS
10
1.49233031496063
20
1.2150984645669292
11
1.474270157480315
21
1.2066703937007874
0
LINE
8
BLACK
6
CONTINUOUS
10
1.474270157480315
20
1.2066703937007874
11
1.5067058267716535
21
1.2066703937007874
0
LINE
8
BLACK
6
CONTINUOUS
10
1.5067058267716535
20
1.2066703937007874
11
1.5096585826771654
21
1.2058792125984252
0
LINE
8
BLACK
6
CONTINUOUS
10
1.5096585826771654
20
1.2058792125984252
11
1.511820157480315
21
1.2037176377952756
0
LINE
8
BLACK
6
CONTINUOUS
10
1.511820157480315
20
1.2037176377952756
11
1.5126113385826772
21
1.2007648818897638
0
LINE
8
BLACK
6
CONTINUOUS
10
1.5126113385826772
20
1.2007648818897638
11
1.511820157480315
21
1.197812125984252
0
LINE
8
BLACK
6
CONTINUOUS
10
1.511820157480315
20
1.197812125984252
11
1.5096585826771654
21
1.1956505511811024
0
LINE
8
BLACK
6
CONTINUOUS
10
1.5096585826771654
20
1.1956505511811024
11
1.5067058267716535
21
1.1948593700787402
0
LINE
8
BLACK
6
CONTINUOUS
10
1.5067058267716535
20
1.1948593700787402
11
1.4476507086614172
21
1.1948593700787402
0
LINE
8
BLACK
6
CONTINUOUS
10
1.4476507086614172
20
1.1948593700787402
11
1.4473966929133857
21
1.194927401574803
0
LINE
8
BLACK
6
CONTINUOUS
10
1.4473966929133857
20
1.194927401574803
11
1.4471377559055119
21
1.1948816929133859
0
LINE
8
BLACK
6
CONTINUOUS
10
1.4471377559055119
20
1.1948816929133859
11
1.4459346850393699
21
1.1953191338582676
0
LINE
8
BLACK
6
CONTINUOUS
10
1.4459346850393699
20
1.1953191338582676
11
1.4446979527559054
21
1.1956505511811024
0
LINE
8
BLACK
6
CONTINUOUS
10
1.4446979527559054
20
1.1956505511811024
11
1.4445119685039369
21
1.1958364960629921
0
LINE
8
BLACK
6
CONTINUOUS
10
1.4445119685039369
20
1.1958364960629921
11
1.4442648818897637
21
1.1959263779527558
0
LINE
8
BLACK
6
CONTINUOUS
10
1.4442648818897637
20
1.1959263779527558
11
1.4434417716535433
21
1.1969066929133858
0
LINE
8
BLACK
6
CONTINUOUS
10
1.4434417716535433
20
1.1969066929133858
11
1.4425363779527558
21
1.197812125984252
0
LINE
8
BLACK
6
CONTINUOUS
10
1.4425363779527558
20
1.197812125984252
11
1.4424683070866142
21
1.1980661417322835
0
LINE
8
BLACK
6
CONTINUOUS
10
1.4424683070866142
20
1.1980661417322835
11
1.4422992519685038
21
1.1982675196850394
0
LINE
8
BLACK
6
CONTINUOUS
10
1.4422992519685038
20
1.1982675196850394
11
1.4420765748031497
21
1.1995281102362205
0
LINE
8
BLACK
6
CONTINUOUS
10
1.4420765748031497
20
1.1995281102362205
11
1.4417451968503936
21
1.2007648818897638
0
LINE
8
BLACK
6
CONTINUOUS
10
1.4417451968503936
20
1.2007648818897638
11
1.4418132283464566
21
1.2010188582677166
0
LINE
8
BLACK
6
CONTINUOUS
10
1.4418132283464566
20
1.2010188582677166
11
1.4417675196850392
21
1.2012778346456692
0
LINE
8
BLACK
6
CONTINUOUS
10
1.4417675196850392
20
1.2012778346456692
11
1.4422049606299212
21
1.2024808661417323
0
LINE
8
BLACK
6
CONTINUOUS
10
1.4422049606299212
20
1.2024808661417323
11
1.4425363779527558
21
1.2037176377952756
0
LINE
8
BLACK
6
CONTINUOUS
10
1.4425363779527558
20
1.2037176377952756
11
1.4427223228346457
21
1.2039035826771654
0
LINE
8
BLACK
6
CONTINUOUS
10
1.4427223228346457
20
1.2039035826771654
11
1.4428122047244094
21
1.2041507086614174
0
LINE
8
BLACK
6
CONTINUOUS
10
1.4428122047244094
20
1.2041507086614174
11
1.4437925196850394
21
1.204973779527559
0
LINE
8
BLACK
6
CONTINUOUS
10
1.4437925196850394
20
1.204973779527559
11
1.4446979527559054
21
1.2058792125984252
0
LINE
8
BLACK
6
CONTINUOUS
10
1.4446979527559054
20
1.2058792125984252
11
1.4449519685039369
21
1.2059472440944881
0
LINE
8
BLACK
6
CONTINUOUS
10
1.4449519685039369
20
1.2059472440944881
11
1.4451533464566928
21
1.2061163385826772
0
LINE
8
BLACK
6
CONTINUOUS
10
1.4451533464566928
20
1.2061163385826772
11
1.4758681102362203
21
1.2204499212598425
0
LINE
8
BLACK
6
CONTINUOUS
10
1.4758681102362203
20
1.2204499212598425
11
1.4451533464566928
21
1.2347835039370079
0
LINE
8
BLACK
6
CONTINUOUS
10
1.4451533464566928
20
1.2347835039370079
11
1.4449519685039369
21
1.234952559055118
0
LINE
8
BLACK
6
CONTINUOUS
10
1.4449519685039369
20
1.234952559055118
11
1.4446979527559054
21
1.2350206299212598
0
LINE
8
BLACK
6
CONTINUOUS
10
1.4446979527559054
20
1.2350206299212598
11
1.4437925196850394
21
1.2359260236220473
0
LINE
8
BLACK
6
CONTINUOUS
10
1.4437925196850394
20
1.2359260236220473
11
1.4428122047244094
21
1.2367491338582677
0
LINE
8
BLACK
6
CONTINUOUS
10
1.4428122047244094
20
1.2367491338582677
11
1.4427223228346457
21
1.236996220472441
0
LINE
8
BLACK
6
CONTINUOUS
10
1.4427223228346457
20
1.236996220472441
11
1.4425363779527558
21
1.2371822047244094
0
LINE
8
BLACK
6
CONTINUOUS
10
1.4425363779527558
20
1.2371822047244094
11
1.4422049606299212
21
1.238418937007874
0
LINE
8
BLACK
6
CONTINUOUS
10
1.4422049606299212
20
1.238418937007874
11
1.4417675196850392
21
1.2396220078740157
0
LINE
8
BLACK
6
CONTINUOUS
10
1.4417675196850392
20
1.2396220078740157
11
1.4418132283464566
21
1.2398809448818897
0
LINE
8
BLACK
6
CONTINUOUS
10
1.4418132283464566
20
1.2398809448818897
11
1.4417451968503936
21
1.2401349606299212
0
LINE
8
BLACK
6
CONTINUOUS
10
1.4417451968503936
20
1.2401349606299212
11
1.4420765748031497
21
1.2413716929133858
0
LINE
8
BLACK
6
CONTINUOUS
10
1.4420765748031497
20
1.2413716929133858
11
1.4422992519685038
21
1.2426323228346456
0
LINE
8
BLACK
6
CONTINUOUS
10
1.4422992519685038
20
1.2426323228346456
11
1.4424683070866142
21
1.2428336614173228
0
LINE
8
BLACK
6
CONTINUOUS
10
1.4424683070866142
20
1.2428336614173228
11
1.4425363779527558
21
1.243087716535433
0
LINE
8
BLACK
6
CONTINUOUS
10
1.4425363779527558
20
1.243087716535433
11
1.4434417716535433
21
1.2439931102362205
0
LINE
8
BLACK
6
CONTINUOUS
10
1.4434417716535433
20
1.2439931102362205
11
1.4442648818897637
21
1.244973464566929
0
LINE
8
BLACK
6
CONTINUOUS
10
1.4442648818897637
20
1.244973464566929
11
1.4445119685039369
21
1.2450633070866142
0
LINE
8
BLACK
6
CONTINUOUS
10
1.4445119685039369
20
1.2450633070866142
11
1.4446979527559054
21
1.2452492913385826
0
LINE
8
BLACK
6
CONTINUOUS
10
1.4446979527559054
20
1.2452492913385826
11
1.4459346850393699
21
1.2455806692913385
0
LINE
8
BLACK
6
CONTINUOUS
10
1.4459346850393699
20
1.2455806692913385
11
1.4471377559055119
21
1.2460181496062992
0
LINE
8
BLACK
6
CONTINUOUS
10
1.4471377559055119
20
1.2460181496062992
11
1.4473966929133857
21
1.245972401574803
0
LINE
8
BLACK
6
CONTINUOUS
10
1.4473966929133857
20
1.245972401574803
11
1.4476507086614172
21
1.2460404724409448
0
LINE
8
BLACK
6
CONTINUOUS
10
1.4476507086614172
20
1.2460404724409448
11
1.5067058267716535
21
1.2460404724409448
0
LINE
8
BLACK
6
CONTINUOUS
10
1.5067058267716535
20
1.2460404724409448
11
1.5096585826771654
21
1.2452492913385826
0
LINE
8
BLACK
6
CONTINUOUS
10
0.8070866141732284
20
1.3375984251968505
11
0.7893700787401574
21
1.3375984251968505
0
LINE
8
BLACK
6
CONTINUOUS
10
0.7893700787401574
20
1.3375984251968505
11
0.7893700787401574
21
1.3946850393700787
0
LINE
8
BLACK
6
CONTINUOUS
10
0.7893700787401574
20
1.3946850393700787
11
0.8070866141732284
21
1.3946850393700787
0
LINE
8
BLACK
6
CONTINUOUS
10
0.8070866141732284
20
1.3946850393700787
11
0.8070866141732284
21
1.3375984251968505
0
LINE
8
BLACK
6
CONTINUOUS
10
0.7524999999999999
20
1.4533516535433071
11
0.7799461417322835
21
1.4259055118110235
0
LINE
8
BLACK
6
CONTINUOUS
10
0.7799461417322835
20
1.4259055118110235
11
0.8103149606299213
21
1.4259055118110235
0
LINE
8
BLACK
6
CONTINUOUS
10
0.8103149606299213
20
1.4259055118110235
11
0.8110659448818898
21
1.4257042913385827
0
LINE
8
BLACK
6
CONTINUOUS
10
0.8110659448818898
20
1.4257042913385827
11
0.8118434251968504
21
1.4257042913385827
0
LINE
8
BLACK
6
CONTINUOUS
10
0.8118434251968504
20
1.4257042913385827
11
0.8125167322834645
21
1.4253155511811024
0
LINE
8
BLACK
6
CONTINUOUS
10
0.8125167322834645
20
1.4253155511811024
11
0.8132677165354331
21
1.4251143307086613
0
LINE
8
BLACK
6
CONTINUOUS
10
0.8132677165354331
20
1.4251143307086613
11
0.8138174803149606
21
1.424564527559055
0
LINE
8
BLACK
6
CONTINUOUS
10
0.8138174803149606
20
1.424564527559055
11
0.8144907874015748
21
1.4241758267716536
0
LINE
8
BLACK
6
CONTINUOUS
10
0.8144907874015748
20
1.4241758267716536
11
0.8279947244094488
21
1.4106718897637796
0
LINE
8
BLACK
6
CONTINUOUS
10
0.8279947244094488
20
1.4106718897637796
11
0.8283834251968504
21
1.4099985826771653
0
LINE
8
BLACK
6
CONTINUOUS
10
0.8283834251968504
20
1.4099985826771653
11
0.8289332283464567
21
1.4094488188976377
0
LINE
8
BLACK
6
CONTINUOUS
10
0.8289332283464567
20
1.4094488188976377
11
0.8291344488188976
21
1.4086978346456693
0
LINE
8
BLACK
6
CONTINUOUS
10
0.8291344488188976
20
1.4086978346456693
11
0.8295231889763779
21
1.4080245275590551
0
LINE
8
BLACK
6
CONTINUOUS
10
0.8295231889763779
20
1.4080245275590551
11
0.8295231889763779
21
1.4072470078740158
0
LINE
8
BLACK
6
CONTINUOUS
10
0.8295231889763779
20
1.4072470078740158
11
0.8297244094488189
21
1.4064960629921259
0
LINE
8
BLACK
6
CONTINUOUS
10
0.8297244094488189
20
1.4064960629921259
11
0.8297244094488189
21
1.3946850393700787
0
LINE
8
BLACK
6
CONTINUOUS
10
0.8297244094488189
20
1.3946850393700787
11
0.8326771653543307
21
1.3946850393700787
0
LINE
8
BLACK
6
CONTINUOUS
10
0.8326771653543307
20
1.3946850393700787
11
0.8326771653543307
21
1.3375984251968505
0
LINE
8
BLACK
6
CONTINUOUS
10
0.8326771653543307
20
1.3375984251968505
11
0.8149606299212598
21
1.3375984251968505
0
LINE
8
BLACK
6
CONTINUOUS
10
0.8149606299212598
20
1.3375984251968505
11
0.8149606299212598
21
1.3946850393700787
0
LINE
8
BLACK
6
CONTINUOUS
10
0.8149606299212598
20
1.3946850393700787
11
0.8179133858267716
21
1.3946850393700787
0
LINE
8
BLACK
6
CONTINUOUS
10
0.8179133858267716
20
1.3946850393700787
11
0.8179133858267716
21
1.4040499212598425
0
LINE
8
BLACK
6
CONTINUOUS
10
0.8179133858267716
20
1.4040499212598425
11
0.8078688188976377
21
1.4140944881889763
0
LINE
8
BLACK
6
CONTINUOUS
10
0.8078688188976377
20
1.4140944881889763
11
0.7775
21
1.4140944881889763
0
LINE
8
BLACK
6
CONTINUOUS
10
0.7775
20
1.4140944881889763
11
0.7767490157480315
21
1.4142957086614172
0
LINE
8
BLACK
6
CONTINUOUS
10
0.7767490157480315
20
1.4142957086614172
11
0.7759715354330708
21
1.4142957086614172
0
LINE
8
BLACK
6
CONTINUOUS
10
0.7759715354330708
20
1.4142957086614172
11
0.7752981889763779
21
1.4146844094488189
0
LINE
8
BLACK
6
CONTINUOUS
10
0.7752981889763779
20
1.4146844094488189
11
0.7745472440944882
21
1.4148856692913385
0
LINE
8
BLACK
6
CONTINUOUS
10
0.7745472440944882
20
1.4148856692913385
11
0.7739974409448819
21
1.4154354330708661
0
LINE
8
BLACK
6
CONTINUOUS
10
0.7739974409448819
20
1.4154354330708661
11
0.7733241732283465
21
1.4158241732283465
0
LINE
8
BLACK
6
CONTINUOUS
10
0.7733241732283465
20
1.4158241732283465
11
0.7441483464566929
21
1.4450000000000001
0
LINE
8
BLACK
6
CONTINUOUS
10
0.7441483464566929
20
1.4450000000000001
11
0.6975
21
1.4450000000000001
0
LINE
8
BLACK
6
CONTINUOUS
10
0.6975
20
1.4450000000000001
11
0.6975
21
1.48
0
LINE
8
BLACK
6
CONTINUOUS
10
0.6975
20
1.48
11
0.7524999999999999
21
1.48
0
LINE
8
BLACK
6
CONTINUOUS
10
0.7524999999999999
20
1.48
11
0.7524999999999999
21
1.4533516535433071
0
LINE
8
BLACK
6
CONTINUOUS
10
0.8275
20
1.4533516535433071
11
0.8535852755905512
21
1.4272663779527559
0
LINE
8
BLACK
6
CONTINUOUS
10
0.8535852755905512
20
1.4272663779527559
11
0.8539739763779527
21
1.4265930708661416
0
LINE
8
BLACK
6
CONTINUOUS
10
0.8539739763779527
20
1.4265930708661416
11
0.8545237795275591
21
1.4260433070866141
0
LINE
8
BLACK
6
CONTINUOUS
10
0.8545237795275591
20
1.4260433070866141
11
0.854725
21
1.4252923228346457
0
LINE
8
BLACK
6
CONTINUOUS
10
0.854725
20
1.4252923228346457
11
0.8551137401574803
21
1.4246190157480314
0
LINE
8
BLACK
6
CONTINUOUS
10
0.8551137401574803
20
1.4246190157480314
11
0.8551137401574803
21
1.4238414960629922
0
LINE
8
BLACK
6
CONTINUOUS
10
0.8551137401574803
20
1.4238414960629922
11
0.8553149606299213
21
1.4230905511811023
0
LINE
8
BLACK
6
CONTINUOUS
10
0.8553149606299213
20
1.4230905511811023
11
0.8553149606299213
21
1.3946850393700787
0
LINE
8
BLACK
6
CONTINUOUS
10
0.8553149606299213
20
1.3946850393700787
11
0.8582677165354331
21
1.3946850393700787
0
LINE
8
BLACK
6
CONTINUOUS
10
0.8582677165354331
20
1.3946850393700787
11
0.8582677165354331
21
1.3375984251968505
0
LINE
8
BLACK
6
CONTINUOUS
10
0.8582677165354331
20
1.3375984251968505
11
0.8405511811023622
21
1.3375984251968505
0
LINE
8
BLACK
6
CONTINUOUS
10
0.8405511811023622
20
1.3375984251968505
11
0.8405511811023622
21
1.3946850393700787
0
LINE
8
BLACK
6
CONTINUOUS
10
0.8405511811023622
20
1.3946850393700787
11
0.843503937007874
21
1.3946850393700787
0
LINE
8
BLACK
6
CONTINUOUS
10
0.843503937007874
20
1.3946850393700787
11
0.843503937007874
21
1.4206444094488189
0
LINE
8
BLACK
6
CONTINUOUS
10
0.843503937007874
20
1.4206444094488189
11
0.8191483464566929
21
1.4450000000000001
0
LINE
8
BLACK
6
CONTINUOUS
10
0.8191483464566929
20
1.4450000000000001
11
0.7725
21
1.4450000000000001
0
LINE
8
BLACK
6
CONTINUOUS
10
0.7725
20
1.4450000000000001
11
0.7725
21
1.48
0
LINE
8
BLACK
6
CONTINUOUS
10
0.7725
20
1.48
11
0.8275
21
1.48
0
LINE
8
BLACK
6
CONTINUOUS
10
0.8275
20
1.48
11
0.8275
21
1.4533516535433071
0
LINE
8
BLACK
6
CONTINUOUS
10
0.9025
20
1.4450000000000001
11
0.8809055118110236
21
1.4450000000000001
0
LINE
8
BLACK
6
CONTINUOUS
10
0.8809055118110236
20
1.4450000000000001
11
0.8809055118110236
21
1.3946850393700787
0
LINE
8
BLACK
6
CONTINUOUS
10
0.8809055118110236
20
1.3946850393700787
11
0.8838582677165354
21
1.3946850393700787
0
LINE
8
BLACK
6
CONTINUOUS
10
0.8838582677165354
20
1.3946850393700787
11
0.8838582677165354
21
1.3375984251968505
0
LINE
8
BLACK
6
CONTINUOUS
10
0.8838582677165354
20
1.3375984251968505
11
0.8661417322834646
21
1.3375984251968505
0
LINE
8
BLACK
6
CONTINUOUS
10
0.8661417322834646
20
1.3375984251968505
11
0.8661417322834646
21
1.3946850393700787
0
LINE
8
BLACK
6
CONTINUOUS
10
0.8661417322834646
20
1.3946850393700787
11
0.8690944881889764
21
1.3946850393700787
0
LINE
8
BLACK
6
CONTINUOUS
10
0.8690944881889764
20
1.3946850393700787
11
0.8690944881889764
21
1.4450000000000001
0
LINE
8
BLACK
6
CONTINUOUS
10
0.8690944881889764
20
1.4450000000000001
11
0.8475
21
1.4450000000000001
0
LINE
8
BLACK
6
CONTINUOUS
10
0.8475
20
1.4450000000000001
11
0.8475
21
1.48
0
LINE
8
BLACK
6
CONTINUOUS
10
0.8475
20
1.48
11
0.9025
21
1.48
0
LINE
8
BLACK
6
CONTINUOUS
10
0.9025
20
1.48
11
0.9025
21
1.4450000000000001
0
LINE
8
BLACK
6
CONTINUOUS
10
0.9774999999999999
20
1.4450000000000001
11
0.930851653543307
21
1.4450000000000001
0
LINE
8
BLACK
6
CONTINUOUS
10
0.930851653543307
20
1.4450000000000001
11
0.9064960629921259
21
1.4206444094488189
0
LINE
8
BLACK
6
CONTINUOUS
10
0.9064960629921259
20
1.4206444094488189
11
0.9064960629921259
21
1.3946850393700787
0
LINE
8
BLACK
6
CONTINUOUS
10
0.9064960629921259
20
1.3946850393700787
11
0.9094488188976377
21
1.3946850393700787
0
LINE
8
BLACK
6
CONTINUOUS
10
0.9094488188976377
20
1.3946850393700787
11
0.9094488188976377
21
1.3375984251968505
0
LINE
8
BLACK
6
CONTINUOUS
10
0.9094488188976377
20
1.3375984251968505
11
0.8917322834645669
21
1.3375984251968505
0
LINE
8
BLACK
6
CONTINUOUS
10
0.8917322834645669
20
1.3375984251968505
11
0.8917322834645669
21
1.3946850393700787
0
LINE
8
BLACK
6
CONTINUOUS
10
0.8917322834645669
20
1.3946850393700787
11
0.8946850393700787
21
1.3946850393700787
0
LINE
8
BLACK
6
CONTINUOUS
10
0.8946850393700787
20
1.3946850393700787
11
0.8946850393700787
21
1.4230905511811023
0
LINE
8
BLACK
6
CONTINUOUS
10
0.8946850393700787
20
1.4230905511811023
11
0.8948862598425197
21
1.4238414960629922
0
LINE
8
BLACK
6
CONTINUOUS
10
0.8948862598425197
20
1.4238414960629922
11
0.8948862598425197
21
1.4246190157480314
0
LINE
8
BLACK
6
CONTINUOUS
10
0.8948862598425197
20
1.4246190157480314
11
0.8952749606299213
21
1.4252923228346457
0
LINE
8
BLACK
6
CONTINUOUS
10
0.8952749606299213
20
1.4252923228346457
11
0.8954762204724409
21
1.4260433070866141
0
LINE
8
BLACK
6
CONTINUOUS
10
0.8954762204724409
20
1.4260433070866141
11
0.8960259842519684
21
1.4265930708661416
0
LINE
8
BLACK
6
CONTINUOUS
10
0.8960259842519684
20
1.4265930708661416
11
0.8964147244094488
21
1.4272663779527559
0
LINE
8
BLACK
6
CONTINUOUS
10
0.8964147244094488
20
1.4272663779527559
11
0.9225
21
1.4533516535433071
0
LINE
8
BLACK
6
CONTINUOUS
10
0.9225
20
1.4533516535433071
11
0.9225
21
1.48
0
LINE
8
BLACK
6
CONTINUOUS
10
0.9225
20
1.48
11
0.9774999999999999
21
1.48
0
LINE
8
BLACK
6
CONTINUOUS
10
0.9774999999999999
20
1.48
11
0.9774999999999999
21
1.4450000000000001
0
LINE
8
BLACK
6
CONTINUOUS
10
0.9350393700787402
20
1.3375984251968505
11
0.9173228346456692
21
1.3375984251968505
0
LINE
8
BLACK
6
CONTINUOUS
10
0.9173228346456692
20
1.3375984251968505
11
0.9173228346456692
21
1.3946850393700787
0
LINE
8
BLACK
6
CONTINUOUS
10
0.9173228346456692
20
1.3946850393700787
11
0.9350393700787402
21
1.3946850393700787
0
LINE
8
BLACK
6
CONTINUOUS
10
0.9350393700787402
20
1.3946850393700787
11
0.9350393700787402
21
1.3375984251968505
0
LINE
8
BLACK
6
CONTINUOUS
10
1.1025
20
1.4199999999999999
11
1.0868110236220472
21
1.4199999999999999
0
LINE
8
BLACK
6
CONTINUOUS
10
1.0868110236220472
20
1.4199999999999999
11
1.0868110236220472
21
1.3799999999999999
0
LINE
8
BLACK
6
CONTINUOUS
10
1.0868110236220472
20
1.3799999999999999
11
1.1025
21
1.3799999999999999
0
LINE
8
BLACK
6
CONTINUOUS
10
1.1025
20
1.3799999999999999
11
1.1025
21
1.345
0
LINE
8
BLACK
6
CONTINUOUS
10
1.1025
20
1.345
11
1.0474999999999999
21
1.345
0
LINE
8
BLACK
6
CONTINUOUS
10
1.0474999999999999
20
1.345
11
1.0474999999999999
21
1.360236220472441
0
LINE
8
BLACK
6
CONTINUOUS
10
1.0474999999999999
20
1.360236220472441
11
0.9606299212598425
21
1.360236220472441
0
LINE
8
BLACK
6
CONTINUOUS
10
0.9606299212598425
20
1.360236220472441
11
0.9606299212598425
21
1.3375984251968505
0
LINE
8
BLACK
6
CONTINUOUS
10
0.9606299212598425
20
1.3375984251968505
11
0.9429133858267716
21
1.3375984251968505
0
LINE
8
BLACK
6
CONTINUOUS
10
0.9429133858267716
20
1.3375984251968505
11
0.9429133858267716
21
1.3946850393700787
0
LINE
8
BLACK
6
CONTINUOUS
10
0.9429133858267716
20
1.3946850393700787
11
0.9606299212598425
21
1.3946850393700787
0
LINE
8
BLACK
6
CONTINUOUS
10
0.9606299212598425
20
1.3946850393700787
11
0.9606299212598425
21
1.3720472440944882
0
LINE
8
BLACK
6
CONTINUOUS
10
0.9606299212598425
20
1.3720472440944882
11
1.0474999999999999
21
1.3720472440944882
0
LINE
8
BLACK
6
CONTINUOUS
10
1.0474999999999999
20
1.3720472440944882
11
1.0474999999999999
21
1.3799999999999999
0
LINE
8
BLACK
6
CONTINUOUS
10
1.0474999999999999
20
1.3799999999999999
11
1.0631889763779527
21
1.3799999999999999
0
LINE
8
BLACK
6
CONTINUOUS
10
1.0631889763779527
20
1.3799999999999999
11
1.0631889763779527
21
1.4199999999999999
0
LINE
8
BLACK
6
CONTINUOUS
10
1.0631889763779527
20
1.4199999999999999
11
1.0474999999999999
21
1.4199999999999999
0
LINE
8
BLACK
6
CONTINUOUS
10
1.0474999999999999
20
1.4199999999999999
11
1.0474999999999999
21
1.4550000000000001
0
LINE
8
BLACK
6
CONTINUOUS
10
1.0474999999999999
20
1.4550000000000001
11
1.1025
21
1.4550000000000001
0
LINE
8
BLACK
6
CONTINUOUS
10
1.1025
20
1.4550000000000001
11
1.1025
21
1.4199999999999999
0
LINE
8
BLACK
6
CONTINUOUS
10
1.1025
20
1.4949999999999999
11
1.0742033070866142
21
1.4949999999999999
0
LINE
8
BLACK
6
CONTINUOUS
10
1.0742033070866142
20
1.4949999999999999
11
1.070851653543307
21
1.491648346456693
0
LINE
8
BLACK
6
CONTINUOUS
10
1.070851653543307
20
1.491648346456693
11
1.0705565354330708
21
1.4914032677165354
0
LINE
8
BLACK
6
CONTINUOUS
10
1.0705565354330708
20
1.4914032677165354
11
1.0704570472440944
21
1.4912715354330708
0
LINE
8
BLACK
6
CONTINUOUS
10
1.0704570472440944
20
1.4912715354330708
11
1.0702244094488189
21
1.4911274803149606
0
LINE
8
BLACK
6
CONTINUOUS
10
1.0702244094488189
20
1.4911274803149606
11
1.069174842519685
21
1.4902559448818897
0
LINE
8
BLACK
6
CONTINUOUS
10
1.069174842519685
20
1.4902559448818897
11
1.0679266929133857
21
1.4897048031496063
0
LINE
8
BLACK
6
CONTINUOUS
10
1.0679266929133857
20
1.4897048031496063
11
1.0667666141732284
21
1.4889865354330709
0
LINE
8
BLACK
6
CONTINUOUS
10
1.0667666141732284
20
1.4889865354330709
11
1.0659573228346457
21
1.4888352362204724
0
LINE
8
BLACK
6
CONTINUOUS
10
1.0659573228346457
20
1.4888352362204724
11
1.0652041338582676
21
1.4885026771653542
0
LINE
8
BLACK
6
CONTINUOUS
10
1.0652041338582676
20
1.4885026771653542
11
1.0638411023622047
21
1.4884396456692912
0
LINE
8
BLACK
6
CONTINUOUS
10
1.0638411023622047
20
1.4884396456692912
11
1.0625
21
1.4881889763779528
0
LINE
8
BLACK
6
CONTINUOUS
10
1.0625
20
1.4881889763779528
11
1.0351858661417324
21
1.4881889763779528
0
LINE
8
BLACK
6
CONTINUOUS
10
1.0351858661417324
20
1.4881889763779528
11
1.0342564566929133
21
1.4872595669291337
0
LINE
8
BLACK
6
CONTINUOUS
10
1.0342564566929133
20
1.4872595669291337
11
1.0298664173228347
21
1.4850227165354331
0
LINE
8
BLACK
6
CONTINUOUS
10
1.0298664173228347
20
1.4850227165354331
11
1.0249999999999999
21
1.484251968503937
0
LINE
8
BLACK
6
CONTINUOUS
10
1.0249999999999999
20
1.484251968503937
11
1.0201335826771654
21
1.4850227165354331
0
LINE
8
BLACK
6
CONTINUOUS
10
1.0201335826771654
20
1.4850227165354331
11
1.0157435433070865
21
1.4872595669291337
0
LINE
8
BLACK
6
CONTINUOUS
10
1.0157435433070865
20
1.4872595669291337
11
1.0122595669291339
21
1.4907435433070866
0
LINE
8
BLACK
6
CONTINUOUS
10
1.0122595669291339
20
1.4907435433070866
11
1.010022716535433
21
1.4951335826771652
0
LINE
8
BLACK
6
CONTINUOUS
10
1.010022716535433
20
1.4951335826771652
11
1.0092519685039369
21
1.5
0
LINE
8
BLACK
6
CONTINUOUS
10
1.0092519685039369
20
1.5
11
1.010022716535433
21
1.5048664173228345
0
LINE
8
BLACK
6
CONTINUOUS
10
1.010022716535433
20
1.5048664173228345
11
1.0122595669291339
21
1.5092564566929134
0
LINE
8
BLACK
6
CONTINUOUS
10
1.0122595669291339
20
1.5092564566929134
11
1.0157435433070865
21
1.512740433070866
0
LINE
8
BLACK
6
CONTINUOUS
10
1.0157435433070865
20
1.512740433070866
11
1.0201335826771654
21
1.5149772834645669
0
LINE
8
BLACK
6
CONTINUOUS
10
1.0201335826771654
20
1.5149772834645669
11
1.0249999999999999
21
1.515748031496063
0
LINE
8
BLACK
6
CONTINUOUS
10
1.0249999999999999
20
1.515748031496063
11
1.0298664173228347
21
1.5149772834645669
0
LINE
8
BLACK
6
CONTINUOUS
10
1.0298664173228347
20
1.5149772834645669
11
1.0342564566929133
21
1.512740433070866
0
LINE
8
BLACK
6
CONTINUOUS
10
1.0342564566929133
20
1.512740433070866
11
1.0351858661417324
21
1.5118110236220472
0
LINE
8
BLACK
6
CONTINUOUS
10
1.0351858661417324
20
1.5118110236220472
11
1.0474999999999999
21
1.5118110236220472
0
LINE
8
BLACK
6
CONTINUOUS
10
1.0474999999999999
20
1.5118110236220472
11
1.0474999999999999
21
1.53
0
LINE
8
BLACK
6
CONTINUOUS
10
1.0474999999999999
20
1.53
11
1.1025
21
1.53
0
LINE
8
BLACK
6
CONTINUOUS
10
1.1025
20
1.53
11
1.1025
21
1.4949999999999999
0
LINE
8
BLACK
6
CONTINUOUS
10
1.5847488582677165
20
1.5862400787401574
11
1.5865792913385826
21
1.5841276377952755
0
LINE
8
BLACK
6
CONTINUOUS
10
1.5865792913385826
20
1.5841276377952755
11
1.5870275590551182
21
1.5820669291338583
0
LINE
8
BLACK
6
CONTINUOUS
10
1.5870275590551182
20
1.5820669291338583
11
1.5870275590551182
21
0.0179330708661417
0
LINE
8
BLACK
6
CONTINUOUS
10
1.5870275590551182
20
0.0179330708661417
11
1.5862400787401574
21
0.0152511417322835
0
LINE
8
BLACK
6
CONTINUOUS
10
1.5862400787401574
20
0.0152511417322835
11
1.5841276377952755
21
0.0134207086614173
0
LINE
8
BLACK
6
CONTINUOUS
10
1.5841276377952755
20
0.0134207086614173
11
1.5820669291338583
21
0.0129724409448819
0
LINE
8
BLACK
6
CONTINUOUS
10
1.5820669291338583
20
0.0129724409448819
11
0.0179330708661417
21
0.0129724409448819
0
LINE
8
BLACK
6
CONTINUOUS
10
0.0179330708661417
20
0.0129724409448819
11
0.0152511417322835
21
0.0137599212598425
0
LINE
8
BLACK
6
CONTINUOUS
10
0.0152511417322835
20
0.0137599212598425
11
0.0134207086614173
21
0.0158723622047244
0
LINE
8
BLACK
6
CONTINUOUS
10
0.0134207086614173
20
0.0158723622047244
11
0.0129724409448819
21
0.0179330708661417
0
LINE
8
BLACK
6
CONTINUOUS
10
0.0129724409448819
20
0.0179330708661417
11
0.0129724409448819
21
0.6728846456692913
0
LINE
8
BLACK
6
CONTINUOUS
10
0.0129724409448819
20
0.6728846456692913
11
0.0129724409448819
21
1.5820669291338583
0
LINE
8
BLACK
6
CONTINUOUS
10
0.0129724409448819
20
1.5820669291338583
11
0.0137599212598425
21
1.5847488582677165
0
LINE
8
BLACK
6
CONTINUOUS
10
0.0137599212598425
20
1.5847488582677165
11
0.0158723622047244
21
1.5865792913385826
0
LINE
8
BLACK
6
CONTINUOUS
10
0.0158723622047244
20
1.5865792913385826
11
0.0179330708661417
21
1.5870275590551182
0
LINE
8
BLACK
6
CONTINUOUS
10
0.0179330708661417
20
1.5870275590551182
11
1.5820669291338583
21
1.5870275590551182
0
LINE
8
BLACK
6
CONTINUOUS
10
1.5820669291338583
20
1.5870275590551182
11
1.5847488582677165
21
1.5862400787401574
0
LINE
8
BLACK
6
CONTINUOUS
10
0.1020865748031496
20
0.670500905511811
11
0.1020866535433071
21
0.6705005905511811
0
LINE
8
BLACK
6
CONTINUOUS
10
0.1020866535433071
20
0.6705005905511811
11
0.1040984251968504
21
0.665106968503937
0
LINE
8
BLACK
6
CONTINUOUS
10
0.1040984251968504
20
0.665106968503937
11
0.1040985039370079
21
0.6651067716535433
0
LINE
8
BLACK
6
CONTINUOUS
10
0.1040985039370079
20
0.6651067716535433
11
0.1075483464566929
21
0.6604983464566929
0
LINE
8
BLACK
6
CONTINUOUS
10
0.1075483464566929
20
0.6604983464566929
11
0.1121567716535433
21
0.6570485039370079
0
LINE
8
BLACK
6
CONTINUOUS
10
0.1121567716535433
20
0.6570485039370079
11
0.112156968503937
21
0.6570484251968504
0
LINE
8
BLACK
6
CONTINUOUS
10
0.112156968503937
20
0.6570484251968504
11
0.1175505905511811
21
0.6550366535433071
0
LINE
8
BLACK
6
CONTINUOUS
10
0.1175505905511811
20
0.6550366535433071
11
0.117550905511811
21
0.6550365748031496
0
LINE
8
BLACK
6
CONTINUOUS
10
0.117550905511811
20
0.6550365748031496
11
0.1199346456692913
21
0.6547803149606299
0
LINE
8
BLACK
6
CONTINUOUS
10
0.1199346456692913
20
0.6547803149606299
11
0.1199351181102362
21
0.6547803149606299
0
LINE
8
BLACK
6
CONTINUOUS
10
0.1199351181102362
20
0.6547803149606299
11
0.2301387007874016
21
0.6547803149606299
0
LINE
8
BLACK
6
CONTINUOUS
10
0.2301387007874016
20
0.6547803149606299
11
0.2302565748031496
21
0.6547834645669292
0
LINE
8
BLACK
6
CONTINUOUS
10
0.2302565748031496
20
0.6547834645669292
11
0.2895713385826771
21
0.6547834645669292
0
LINE
8
BLACK
6
CONTINUOUS
10
0.2895713385826771
20
0.6547834645669292
11
0.2922532677165354
21
0.6539959842519685
0
LINE
8
BLACK
6
CONTINUOUS
10
0.2922532677165354
20
0.6539959842519685
11
0.2930790157480315
21
0.6533305118110236
0
LINE
8
BLACK
6
CONTINUOUS
10
0.2930790157480315
20
0.6533305118110236
11
0.3855453937007874
21
0.5608640157480315
0
LINE
8
BLACK
6
CONTINUOUS
10
0.3855453937007874
20
0.5608640157480315
11
0.3862071259842519
21
0.5602315748031496
0
LINE
8
BLACK
6
CONTINUOUS
10
0.3862071259842519
20
0.5602315748031496
11
0.3864064960629921
21
0.5600494881889764
0
LINE
8
BLACK
6
CONTINUOUS
10
0.3864064960629921
20
0.5600494881889764
11
0.3865387007874015
21
0.559928779527559
0
LINE
8
BLACK
6
CONTINUOUS
10
0.3865387007874015
20
0.559928779527559
11
0.3869472047244095
21
0.5595722834645669
0
LINE
8
BLACK
6
CONTINUOUS
10
0.3869472047244095
20
0.5595722834645669
11
0.3872303543307086
21
0.5593252755905511
0
LINE
8
BLACK
6
CONTINUOUS
10
0.3872303543307086
20
0.5593252755905511
11
0.4079985433070866
21
0.5420184645669291
0
LINE
8
BLACK
6
CONTINUOUS
10
0.4079985433070866
20
0.5420184645669291
11
0.4095547244094488
21
0.5396965748031496
0
LINE
8
BLACK
6
CONTINUOUS
10
0.4095547244094488
20
0.5396965748031496
11
0.4097834645669291
21
0.5382075984251968
0
LINE
8
BLACK
6
CONTINUOUS
10
0.4097834645669291
20
0.5382075984251968
11
0.4097834645669291
21
0.4897304330708661
0
LINE
8
BLACK
6
CONTINUOUS
10
0.4097834645669291
20
0.4897304330708661
11
0.4089959842519685
21
0.4870485039370079
0
LINE
8
BLACK
6
CONTINUOUS
10
0.4089959842519685
20
0.4870485039370079
11
0.4087946850393701
21
0.4867585826771653
0
LINE
8
BLACK
6
CONTINUOUS
10
0.4087946850393701
20
0.4867585826771653
11
0.4072484645669291
21
0.4846930708661417
0
LINE
8
BLACK
6
CONTINUOUS
10
0.4072484645669291
20
0.4846930708661417
11
0.4072484251968504
21
0.4846929527559055
0
LINE
8
BLACK
6
CONTINUOUS
10
0.4072484251968504
20
0.4846929527559055
11
0.4072483858267716
21
0.4846929133858268
0
LINE
8
BLACK
6
CONTINUOUS
10
0.4072483858267716
20
0.4846929133858268
11
0.4052366535433071
21
0.4792993700787401
0
LINE
8
BLACK
6
CONTINUOUS
10
0.4052366535433071
20
0.4792993700787401
11
0.4052365748031496
21
0.4792990551181102
0
LINE
8
BLACK
6
CONTINUOUS
10
0.4052365748031496
20
0.4792990551181102
11
0.4049803149606299
21
0.4769153149606299
0
LINE
8
BLACK
6
CONTINUOUS
10
0.4049803149606299
20
0.4769153149606299
11
0.4049803149606299
21
0.3230846456692913
0
LINE
8
BLACK
6
CONTINUOUS
10
0.4049803149606299
20
0.3230846456692913
11
0.4052365748031496
21
0.320700905511811
0
LINE
8
BLACK
6
CONTINUOUS
10
0.4052365748031496
20
0.320700905511811
11
0.4052366535433071
21
0.3207005905511811
0
LINE
8
BLACK
6
CONTINUOUS
10
0.4052366535433071
20
0.3207005905511811
11
0.4072484251968504
21
0.315306968503937
0
LINE
8
BLACK
6
CONTINUOUS
10
0.4072484251968504
20
0.315306968503937
11
0.4072485039370078
21
0.3153067716535433
0
LINE
8
BLACK
6
CONTINUOUS
10
0.4072485039370078
20
0.3153067716535433
11
0.4087940157480315
21
0.3132422834645669
0
LINE
8
BLACK
6
CONTINUOUS
10
0.4087940157480315
20
0.3132422834645669
11
0.4097708267716536
21
0.3106233858267716
0
LINE
8
BLACK
6
CONTINUOUS
10
0.4097708267716536
20
0.3106233858267716
11
0.4097834645669291
21
0.3102694881889764
0
LINE
8
BLACK
6
CONTINUOUS
10
0.4097834645669291
20
0.3102694881889764
11
0.4097834645669291
21
0.2928800393700787
0
LINE
8
BLACK
6
CONTINUOUS
10
0.4097834645669291
20
0.2928800393700787
11
0.4089959842519685
21
0.2901981102362204
0
LINE
8
BLACK
6
CONTINUOUS
10
0.4089959842519685
20
0.2901981102362204
11
0.4087946850393701
21
0.2899081889763779
0
LINE
8
BLACK
6
CONTINUOUS
10
0.4087946850393701
20
0.2899081889763779
11
0.4072484645669291
21
0.2878426771653543
0
LINE
8
BLACK
6
CONTINUOUS
10
0.4072484645669291
20
0.2878426771653543
11
0.4072484251968504
21
0.2878425590551181
0
LINE
8
BLACK
6
CONTINUOUS
10
0.4072484251968504
20
0.2878425590551181
11
0.4072483858267716
21
0.2878425196850394
0
LINE
8
BLACK
6
CONTINUOUS
10
0.4072483858267716
20
0.2878425196850394
11
0.4052366535433071
21
0.2824489763779527
0
LINE
8
BLACK
6
CONTINUOUS
10
0.4052366535433071
20
0.2824489763779527
11
0.4052365748031496
21
0.2824486614173228
0
LINE
8
BLACK
6
CONTINUOUS
10
0.4052365748031496
20
0.2824486614173228
11
0.4049803149606299
21
0.2800649212598425
0
LINE
8
BLACK
6
CONTINUOUS
10
0.4049803149606299
20
0.2800649212598425
11
0.4049803149606299
21
0.1262342519685039
0
LINE
8
BLACK
6
CONTINUOUS
10
0.4049803149606299
20
0.1262342519685039
11
0.4052365748031496
21
0.1238505118110236
0
LINE
8
BLACK
6
CONTINUOUS
10
0.4052365748031496
20
0.1238505118110236
11
0.4052366535433071
21
0.1238501968503937
0
LINE
8
BLACK
6
CONTINUOUS
10
0.4052366535433071
20
0.1238501968503937
11
0.4072484251968504
21
0.1184565748031496
0
LINE
8
BLACK
6
CONTINUOUS
10
0.4072484251968504
20
0.1184565748031496
11
0.4072485039370078
21
0.1184563779527559
0
LINE
8
BLACK
6
CONTINUOUS
10
0.4072485039370078
20
0.1184563779527559
11
0.4106983464566929
21
0.1138479527559055
0
LINE
8
BLACK
6
CONTINUOUS
10
0.4106983464566929
20
0.1138479527559055
11
0.4153067716535433
21
0.1103981102362205
0
LINE
8
BLACK
6
CONTINUOUS
10
0.4153067716535433
20
0.1103981102362205
11
0.415306968503937
21
0.110398031496063
0
LINE
8
BLACK
6
CONTINUOUS
10
0.415306968503937
20
0.110398031496063
11
0.4207005905511811
21
0.1083862598425197
0
LINE
8
BLACK
6
CONTINUOUS
10
0.4207005905511811
20
0.1083862598425197
11
0.420700905511811
21
0.1083861811023622
0
LINE
8
BLACK
6
CONTINUOUS
10
0.420700905511811
20
0.1083861811023622
11
0.4230846456692913
21
0.1081299212598425
0
LINE
8
BLACK
6
CONTINUOUS
10
0.4230846456692913
20
0.1081299212598425
11
0.4230851181102362
21
0.1081299212598425
0
LINE
8
BLACK
6
CONTINUOUS
10
0.4230851181102362
20
0.1081299212598425
11
0.5769153149606299
21
0.1081299212598425
0
LINE
8
BLACK
6
CONTINUOUS
10
0.5769153149606299
20
0.1081299212598425
11
0.5792990157480314
21
0.1083861811023622
0
LINE
8
BLACK
6
CONTINUOUS
10
0.5792990157480314
20
0.1083861811023622
11
0.5792991732283465
21
0.1083862204724409
0
LINE
8
BLACK
6
CONTINUOUS
10
0.5792991732283465
20
0.1083862204724409
11
0.5822067716535433
21
0.1094707086614173
0
LINE
8
BLACK
6
CONTINUOUS
10
0.5822067716535433
20
0.1094707086614173
11
0.5839403149606299
21
0.1097834645669291
0
LINE
8
BLACK
6
CONTINUOUS
10
0.5839403149606299
20
0.1097834645669291
11
0.61605968503937
21
0.1097834645669291
0
LINE
8
BLACK
6
CONTINUOUS
10
0.61605968503937
20
0.1097834645669291
11
0.6177932283464567
21
0.1094707086614173
0
LINE
8
BLACK
6
CONTINUOUS
10
0.6177932283464567
20
0.1094707086614173
11
0.6207007874015747
21
0.1083862204724409
0
LINE
8
BLACK
6
CONTINUOUS
10
0.6207007874015747
20
0.1083862204724409
11
0.6207009448818898
21
0.1083861811023622
0
LINE
8
BLACK
6
CONTINUOUS
10
0.6207009448818898
20
0.1083861811023622
11
0.6230846456692913
21
0.1081299212598425
0
LINE
8
BLACK
6
CONTINUOUS
10
0.6230846456692913
20
0.1081299212598425
11
0.6230851181102363
21
0.1081299212598425
0
LINE
8
BLACK
6
CONTINUOUS
10
0.6230851181102363
20
0.1081299212598425
11
0.7769153149606299
21
0.1081299212598425
0
LINE
8
BLACK
6
CONTINUOUS
10
0.7769153149606299
20
0.1081299212598425
11
0.7792990551181103
21
0.1083861811023622
0
LINE
8
BLACK
6
CONTINUOUS
10
0.7792990551181103
20
0.1083861811023622
11
0.7792993700787402
21
0.1083862598425197
0
LINE
8
BLACK
6
CONTINUOUS
10
0.7792993700787402
20
0.1083862598425197
11
0.7846929921259842
21
0.110398031496063
0
LINE
8
BLACK
6
CONTINUOUS
10
0.7846929921259842
20
0.110398031496063
11
0.784693188976378
21
0.1103981102362205
0
LINE
8
BLACK
6
CONTINUOUS
10
0.784693188976378
20
0.1103981102362205
11
0.7893016141732283
21
0.1138479527559055
0
LINE
8
BLACK
6
CONTINUOUS
10
0.7893016141732283
20
0.1138479527559055
11
0.7927514566929134
21
0.1184563779527559
0
LINE
8
BLACK
6
CONTINUOUS
10
0.7927514566929134
20
0.1184563779527559
11
0.7927515354330709
21
0.1184565748031496
0
LINE
8
BLACK
6
CONTINUOUS
10
0.7927515354330709
20
0.1184565748031496
11
0.7927515748031496
21
0.1184566141732284
0
LINE
8
BLACK
6
CONTINUOUS
10
0.7927515748031496
20
0.1184566141732284
11
0.7947633464566929
21
0.1238503543307087
0
LINE
8
BLACK
6
CONTINUOUS
10
0.7947633464566929
20
0.1238503543307087
11
0.7947633858267716
21
0.1238505118110236
0
LINE
8
BLACK
6
CONTINUOUS
10
0.7947633858267716
20
0.1238505118110236
11
0.7950196456692913
21
0.1262342519685039
0
LINE
8
BLACK
6
CONTINUOUS
10
0.7950196456692913
20
0.1262342519685039
11
0.79501968503937
21
0.1262349212598425
0
LINE
8
BLACK
6
CONTINUOUS
10
0.79501968503937
20
0.1262349212598425
11
0.79501968503937
21
0.1282298818897638
0
LINE
8
BLACK
6
CONTINUOUS
10
0.79501968503937
20
0.1282298818897638
11
0.7958071653543307
21
0.130911811023622
0
LINE
8
BLACK
6
CONTINUOUS
10
0.7958071653543307
20
0.130911811023622
11
0.7979196062992125
21
0.1327422440944882
0
LINE
8
BLACK
6
CONTINUOUS
10
0.7979196062992125
20
0.1327422440944882
11
0.8006862992125984
21
0.1331400393700787
0
LINE
8
BLACK
6
CONTINUOUS
10
0.8006862992125984
20
0.1331400393700787
11
0.8032288188976378
21
0.1319788582677165
0
LINE
8
BLACK
6
CONTINUOUS
10
0.8032288188976378
20
0.1319788582677165
11
0.80474
21
0.1296274409448819
0
LINE
8
BLACK
6
CONTINUOUS
10
0.80474
20
0.1296274409448819
11
0.8049125196850394
21
0.1287601181102362
0
LINE
8
BLACK
6
CONTINUOUS
10
0.8049125196850394
20
0.1287601181102362
11
0.8049518897637795
21
0.1283938976377953
0
LINE
8
BLACK
6
CONTINUOUS
10
0.8049518897637795
20
0.1283938976377953
11
0.8049803149606299
21
0.1278636614173228
0
LINE
8
BLACK
6
CONTINUOUS
10
0.8049803149606299
20
0.1278636614173228
11
0.8049803149606299
21
0.1262342519685039
0
LINE
8
BLACK
6
CONTINUOUS
10
0.8049803149606299
20
0.1262342519685039
11
0.8052365748031496
21
0.1238505118110236
0
LINE
8
BLACK
6
CONTINUOUS
10
0.8052365748031496
20
0.1238505118110236
11
0.8052366535433071
21
0.1238501968503937
0
LINE
8
BLACK
6
CONTINUOUS
10
0.8052366535433071
20
0.1238501968503937
11
0.8072484251968504
21
0.1184565748031496
0
LINE
8
BLACK
6
CONTINUOUS
10
0.8072484251968504
20
0.1184565748031496
11
0.8072485039370079
21
0.1184563779527559
0
LINE
8
BLACK
6
CONTINUOUS
10
0.8072485039370079
20
0.1184563779527559
11
0.8106983464566929
21
0.1138479527559055
0
LINE
8
BLACK
6
CONTINUOUS
10
0.8106983464566929
20
0.1138479527559055
11
0.8107716141732283
21
0.1137931496062992
0
LINE
8
BLACK
6
CONTINUOUS
10
0.8107716141732283
20
0.1137931496062992
11
0.8115475984251969
21
0.1130706299212598
0
LINE
8
BLACK
6
CONTINUOUS
10
0.8115475984251969
20
0.1130706299212598
11
0.8119124409448819
21
0.1126495669291339
0
LINE
8
BLACK
6
CONTINUOUS
10
0.8119124409448819
20
0.1126495669291339
11
0.811984094488189
21
0.1125622047244094
0
LINE
8
BLACK
6
CONTINUOUS
10
0.811984094488189
20
0.1125622047244094
11
0.8163487401574803
21
0.1087802755905512
0
LINE
8
BLACK
6
CONTINUOUS
10
0.8163487401574803
20
0.1087802755905512
11
0.8163488582677165
21
0.1087801968503937
0
LINE
8
BLACK
6
CONTINUOUS
10
0.8163488582677165
20
0.1087801968503937
11
0.8215830708661417
21
0.1063898031496063
0
LINE
8
BLACK
6
CONTINUOUS
10
0.8215830708661417
20
0.1063898031496063
11
0.8242646456692914
21
0.1056024409448819
0
LINE
8
BLACK
6
CONTINUOUS
10
0.8242646456692914
20
0.1056024409448819
11
0.8242649212598425
21
0.1056023622047244
0
LINE
8
BLACK
6
CONTINUOUS
10
0.8242649212598425
20
0.1056023622047244
11
0.8261635433070866
21
0.1053293700787402
0
LINE
8
BLACK
6
CONTINUOUS
10
0.8261635433070866
20
0.1053293700787402
11
0.8299606299212599
21
0.1047834645669291
0
LINE
8
BLACK
6
CONTINUOUS
10
0.8299606299212599
20
0.1047834645669291
11
0.8299607874015748
21
0.1047834645669291
0
LINE
8
BLACK
6
CONTINUOUS
10
0.8299607874015748
20
0.1047834645669291
11
0.9700397244094487
21
0.1047834645669291
0
LINE
8
BLACK
6
CONTINUOUS
10
0.9700397244094487
20
0.1047834645669291
11
0.9731834251968504
21
0.1051214566929134
0
LINE
8
BLACK
6
CONTINUOUS
10
0.9731834251968504
20
0.1051214566929134
11
0.9743365748031496
21
0.1052454330708661
0
LINE
8
BLACK
6
CONTINUOUS
10
0.9743365748031496
20
0.1052454330708661
11
0.9743366929133858
21
0.1052454330708661
0
LINE
8
BLACK
6
CONTINUOUS
10
0.9743366929133858
20
0.1052454330708661
11
0.974336811023622
21
0.1052454724409449
0
LINE
8
BLACK
6
CONTINUOUS
10
0.974336811023622
20
0.1052454724409449
11
0.974336968503937
21
0.1052454724409449
0
LINE
8
BLACK
6
CONTINUOUS
10
0.974336968503937
20
0.1052454724409449
11
0.9763968503937007
21
0.1056935826771653
0
LINE
8
BLACK
6
CONTINUOUS
10
0.9763968503937007
20
0.1056935826771653
11
0.9763971653543306
21
0.1056936614173228
0
LINE
8
BLACK
6
CONTINUOUS
10
0.9763971653543306
20
0.1056936614173228
11
0.9763972834645669
21
0.1056937007874016
0
LINE
8
BLACK
6
CONTINUOUS
10
0.9763972834645669
20
0.1056937007874016
11
0.9763974015748031
21
0.1056937401574803
0
LINE
8
BLACK
6
CONTINUOUS
10
0.9763974015748031
20
0.1056937401574803
11
0.9763976771653543
21
0.1056938188976378
0
LINE
8
BLACK
6
CONTINUOUS
10
0.9763976771653543
20
0.1056938188976378
11
0.980498188976378
21
0.1070585826771654
0
LINE
8
BLACK
6
CONTINUOUS
10
0.980498188976378
20
0.1070585826771654
11
0.9809413779527559
21
0.1073433858267717
0
LINE
8
BLACK
6
CONTINUOUS
10
0.9809413779527559
20
0.1073433858267717
11
0.9853390551181103
21
0.1101696062992126
0
LINE
8
BLACK
6
CONTINUOUS
10
0.9853390551181103
20
0.1101696062992126
11
0.9873509842519684
21
0.1119129527559055
0
LINE
8
BLACK
6
CONTINUOUS
10
0.9873509842519684
20
0.1119129527559055
11
0.9874376771653544
21
0.111984094488189
0
LINE
8
BLACK
6
CONTINUOUS
10
0.9874376771653544
20
0.111984094488189
11
0.9874514960629921
21
0.1120000393700787
0
LINE
8
BLACK
6
CONTINUOUS
10
0.9874514960629921
20
0.1120000393700787
11
0.9874515748031496
21
0.1120000787401575
0
LINE
8
BLACK
6
CONTINUOUS
10
0.9874515748031496
20
0.1120000787401575
11
0.9882442125984252
21
0.112914842519685
0
LINE
8
BLACK
6
CONTINUOUS
10
0.9882442125984252
20
0.112914842519685
11
0.9890201181102362
21
0.1136372440944882
0
LINE
8
BLACK
6
CONTINUOUS
10
0.9890201181102362
20
0.1136372440944882
11
0.9893016141732284
21
0.1138479921259842
0
LINE
8
BLACK
6
CONTINUOUS
10
0.9893016141732284
20
0.1138479921259842
11
0.9907754330708661
21
0.1158167716535433
0
LINE
8
BLACK
6
CONTINUOUS
10
0.9907754330708661
20
0.1158167716535433
11
0.9909976377952756
21
0.1160925196850394
0
LINE
8
BLACK
6
CONTINUOUS
10
0.9909976377952756
20
0.1160925196850394
11
0.9912197637795276
21
0.1163488582677165
0
LINE
8
BLACK
6
CONTINUOUS
10
0.9912197637795276
20
0.1163488582677165
11
0.9912198031496062
21
0.116348937007874
0
LINE
8
BLACK
6
CONTINUOUS
10
0.9912198031496062
20
0.116348937007874
11
0.9914026377952756
21
0.1166334645669291
0
LINE
8
BLACK
6
CONTINUOUS
10
0.9914026377952756
20
0.1166334645669291
11
0.9916048818897638
21
0.1169248031496063
0
LINE
8
BLACK
6
CONTINUOUS
10
0.9916048818897638
20
0.1169248031496063
11
0.991713779527559
21
0.1170702755905512
0
LINE
8
BLACK
6
CONTINUOUS
10
0.991713779527559
20
0.1170702755905512
11
0.9927515354330708
21
0.1184565354330709
0
LINE
8
BLACK
6
CONTINUOUS
10
0.9927515354330708
20
0.1184565354330709
11
0.9947633464566928
21
0.1238503543307087
0
LINE
8
BLACK
6
CONTINUOUS
10
0.9947633464566928
20
0.1238503543307087
11
0.9947633858267716
21
0.1238505118110236
0
LINE
8
BLACK
6
CONTINUOUS
10
0.9947633858267716
20
0.1238505118110236
11
0.9950196456692914
21
0.1262342519685039
0
LINE
8
BLACK
6
CONTINUOUS
10
0.9950196456692914
20
0.1262342519685039
11
0.9950196850393701
21
0.1262349212598425
0
LINE
8
BLACK
6
CONTINUOUS
10
0.9950196850393701
20
0.1262349212598425
11
0.9950196850393701
21
0.1282365748031496
0
LINE
8
BLACK
6
CONTINUOUS
10
0.9950196850393701
20
0.1282365748031496
11
0.9950701574803149
21
0.1289424803149606
0
LINE
8
BLACK
6
CONTINUOUS
10
0.9950701574803149
20
0.1289424803149606
11
0.9952165354330709
21
0.1299606692913386
0
LINE
8
BLACK
6
CONTINUOUS
10
0.9952165354330709
20
0.1299606692913386
11
0.9952165354330709
21
0.4645712992125984
0
LINE
8
BLACK
6
CONTINUOUS
10
0.9952165354330709
20
0.4645712992125984
11
0.9960040157480314
21
0.4672532283464567
0
LINE
8
BLACK
6
CONTINUOUS
10
0.9960040157480314
20
0.4672532283464567
11
0.9966694881889764
21
0.4680789763779528
0
LINE
8
BLACK
6
CONTINUOUS
10
0.9966694881889764
20
0.4680789763779528
11
1.0378416929133858
21
0.5092511811023622
0
LINE
8
BLACK
6
CONTINUOUS
10
1.0378416929133858
20
0.5092511811023622
11
1.0378420866141731
21
0.5092516141732283
0
LINE
8
BLACK
6
CONTINUOUS
10
1.0378420866141731
20
0.5092516141732283
11
1.0378422834645669
21
0.509251811023622
0
LINE
8
BLACK
6
CONTINUOUS
10
1.0378422834645669
20
0.509251811023622
11
1.0392880708661416
21
0.5108612992125984
0
LINE
8
BLACK
6
CONTINUOUS
10
1.0392880708661416
20
0.5108612992125984
11
1.0399535433070866
21
0.5116870472440945
0
LINE
8
BLACK
6
CONTINUOUS
10
1.0399535433070866
20
0.5116870472440945
11
1.0401266141732284
21
0.5119270866141732
0
LINE
8
BLACK
6
CONTINUOUS
10
1.0401266141732284
20
0.5119270866141732
11
1.0412196456692913
21
0.5134427559055118
0
LINE
8
BLACK
6
CONTINUOUS
10
1.0412196456692913
20
0.5134427559055118
11
1.04121968503937
21
0.5134428346456693
0
LINE
8
BLACK
6
CONTINUOUS
10
1.04121968503937
20
0.5134428346456693
11
1.0412197637795275
21
0.5134429527559055
0
LINE
8
BLACK
6
CONTINUOUS
10
1.0412197637795275
20
0.5134429527559055
11
1.0436101574803149
21
0.5186771653543307
0
LINE
8
BLACK
6
CONTINUOUS
10
1.0436101574803149
20
0.5186771653543307
11
1.0443976377952755
21
0.521359094488189
0
LINE
8
BLACK
6
CONTINUOUS
10
1.0443976377952755
20
0.521359094488189
11
1.0452165354330709
21
0.5270547244094488
0
LINE
8
BLACK
6
CONTINUOUS
10
1.0452165354330709
20
0.5270547244094488
11
1.0452165354330709
21
0.7892168897637795
0
LINE
8
BLACK
6
CONTINUOUS
10
1.0452165354330709
20
0.7892168897637795
11
1.0460040157480315
21
0.7918988188976378
0
LINE
8
BLACK
6
CONTINUOUS
10
1.0460040157480315
20
0.7918988188976378
11
1.0481164566929133
21
0.793729251968504
0
LINE
8
BLACK
6
CONTINUOUS
10
1.0481164566929133
20
0.793729251968504
11
1.0508831496062991
21
0.7941270472440944
0
LINE
8
BLACK
6
CONTINUOUS
10
1.0508831496062991
20
0.7941270472440944
11
1.0534256692913386
21
0.7929658661417323
0
LINE
8
BLACK
6
CONTINUOUS
10
1.0534256692913386
20
0.7929658661417323
11
1.053684842519685
21
0.7927245669291338
0
LINE
8
BLACK
6
CONTINUOUS
10
1.053684842519685
20
0.7927245669291338
11
1.0592515748031497
21
0.7871577952755905
0
LINE
8
BLACK
6
CONTINUOUS
10
1.0592515748031497
20
0.7871577952755905
11
1.0608622834645669
21
0.785711062992126
0
LINE
8
BLACK
6
CONTINUOUS
10
1.0608622834645669
20
0.785711062992126
11
1.0608632283464567
21
0.7857102362204724
0
LINE
8
BLACK
6
CONTINUOUS
10
1.0608632283464567
20
0.7857102362204724
11
1.0616864566929134
21
0.7850468503937008
0
LINE
8
BLACK
6
CONTINUOUS
10
1.0616864566929134
20
0.7850468503937008
11
1.0616881496062991
21
0.7850455511811023
0
LINE
8
BLACK
6
CONTINUOUS
10
1.0616881496062991
20
0.7850455511811023
11
1.063442716535433
21
0.7837803543307087
0
LINE
8
BLACK
6
CONTINUOUS
10
1.063442716535433
20
0.7837803543307087
11
1.0634427559055117
21
0.7837803149606299
0
LINE
8
BLACK
6
CONTINUOUS
10
1.0634427559055117
20
0.7837803149606299
11
1.0657130708661418
21
0.7827434645669291
0
LINE
8
BLACK
6
CONTINUOUS
10
1.0657130708661418
20
0.7827434645669291
11
1.0686771653543308
21
0.781389842519685
0
LINE
8
BLACK
6
CONTINUOUS
10
1.0686771653543308
20
0.781389842519685
11
1.0686772440944881
21
0.7813898031496063
0
LINE
8
BLACK
6
CONTINUOUS
10
1.0686772440944881
20
0.7813898031496063
11
1.0686772834645668
21
0.7813898031496063
0
LINE
8
BLACK
6
CONTINUOUS
10
1.0686772834645668
20
0.7813898031496063
11
1.0713587401574802
21
0.7806024409448818
0
LINE
8
BLACK
6
CONTINUOUS
10
1.0713587401574802
20
0.7806024409448818
11
1.0713590157480315
21
0.7806023622047243
0
LINE
8
BLACK
6
CONTINUOUS
10
1.0713590157480315
20
0.7806023622047243
11
1.0732576377952756
21
0.7803293700787401
0
LINE
8
BLACK
6
CONTINUOUS
10
1.0732576377952756
20
0.7803293700787401
11
1.0770547244094488
21
0.7797834645669292
0
LINE
8
BLACK
6
CONTINUOUS
10
1.0770547244094488
20
0.7797834645669292
11
1.0770548818897638
21
0.7797834645669292
0
LINE
8
BLACK
6
CONTINUOUS
10
1.0770548818897638
20
0.7797834645669292
11
1.2200397244094487
21
0.7797834645669292
0
LINE
8
BLACK
6
CONTINUOUS
10
1.2200397244094487
20
0.7797834645669292
11
1.2231834251968503
21
0.7801214566929133
0
LINE
8
BLACK
6
CONTINUOUS
10
1.2231834251968503
20
0.7801214566929133
11
1.2243365748031496
21
0.7802454330708661
0
LINE
8
BLACK
6
CONTINUOUS
10
1.2243365748031496
20
0.7802454330708661
11
1.2243366929133859
21
0.7802454330708661
0
LINE
8
BLACK
6
CONTINUOUS
10
1.2243366929133859
20
0.7802454330708661
11
1.2243368110236221
21
0.7802454724409449
0
LINE
8
BLACK
6
CONTINUOUS
10
1.2243368110236221
20
0.7802454724409449
11
1.2243369685039369
21
0.7802454724409449
0
LINE
8
BLACK
6
CONTINUOUS
10
1.2243369685039369
20
0.7802454724409449
11
1.2263968503937008
21
0.7806935826771654
0
LINE
8
BLACK
6
CONTINUOUS
10
1.2263968503937008
20
0.7806935826771654
11
1.2263971653543306
21
0.7806936614173228
0
LINE
8
BLACK
6
CONTINUOUS
10
1.2263971653543306
20
0.7806936614173228
11
1.2263972834645669
21
0.7806937007874015
0
LINE
8
BLACK
6
CONTINUOUS
10
1.2263972834645669
20
0.7806937007874015
11
1.2263974015748031
21
0.7806937401574803
0
LINE
8
BLACK
6
CONTINUOUS
10
1.2263974015748031
20
0.7806937401574803
11
1.2263976771653542
21
0.7806938188976378
0
LINE
8
BLACK
6
CONTINUOUS
10
1.2263976771653542
20
0.7806938188976378
11
1.230498188976378
21
0.7820585826771653
0
LINE
8
BLACK
6
CONTINUOUS
10
1.230498188976378
20
0.7820585826771653
11
1.2331771259842519
21
0.7837802362204724
0
LINE
8
BLACK
6
CONTINUOUS
10
1.2331771259842519
20
0.7837802362204724
11
1.2353390551181103
21
0.7851696062992126
0
LINE
8
BLACK
6
CONTINUOUS
10
1.2353390551181103
20
0.7851696062992126
11
1.2353392519685038
21
0.7851697637795275
0
LINE
8
BLACK
6
CONTINUOUS
10
1.2353392519685038
20
0.7851697637795275
11
1.2353394094488188
21
0.7851698818897638
0
LINE
8
BLACK
6
CONTINUOUS
10
1.2353394094488188
20
0.7851698818897638
11
1.2373503937007875
21
0.7869124015748031
0
LINE
8
BLACK
6
CONTINUOUS
10
1.2373503937007875
20
0.7869124015748031
11
1.2374377952755906
21
0.786984094488189
0
LINE
8
BLACK
6
CONTINUOUS
10
1.2374377952755906
20
0.786984094488189
11
1.24121968503937
21
0.7913487401574802
0
LINE
8
BLACK
6
CONTINUOUS
10
1.24121968503937
20
0.7913487401574802
11
1.2412197637795275
21
0.7913488582677165
0
LINE
8
BLACK
6
CONTINUOUS
10
1.2412197637795275
20
0.7913488582677165
11
1.2436101574803149
21
0.7965830708661417
0
LINE
8
BLACK
6
CONTINUOUS
10
1.2436101574803149
20
0.7965830708661417
11
1.2443975196850394
21
0.7992646456692913
0
LINE
8
BLACK
6
CONTINUOUS
10
1.2443975196850394
20
0.7992646456692913
11
1.2443975984251969
21
0.7992649212598425
0
LINE
8
BLACK
6
CONTINUOUS
10
1.2443975984251969
20
0.7992649212598425
11
1.2443976377952755
21
0.799265
0
LINE
8
BLACK
6
CONTINUOUS
10
1.2443976377952755
20
0.799265
11
1.2452165354330709
21
0.8049606299212598
0
LINE
8
BLACK
6
CONTINUOUS
10
1.2452165354330709
20
0.8049606299212598
11
1.2452165354330709
21
0.8465335826771654
0
LINE
8
BLACK
6
CONTINUOUS
10
1.2452165354330709
20
0.8465335826771654
11
1.2452165354330709
21
0.897345157480315
0
LINE
8
BLACK
6
CONTINUOUS
10
1.2452165354330709
20
0.897345157480315
11
1.2452164960629921
21
0.897345748031496
0
LINE
8
BLACK
6
CONTINUOUS
10
1.2452164960629921
20
0.897345748031496
11
1.2450544881889765
21
0.8989142913385827
0
LINE
8
BLACK
6
CONTINUOUS
10
1.2450544881889765
20
0.8989142913385827
11
1.2447899212598426
21
0.9014763385826772
0
LINE
8
BLACK
6
CONTINUOUS
10
1.2447899212598426
20
0.9014763385826772
11
1.2443756299212598
21
0.9034609448818898
0
LINE
8
BLACK
6
CONTINUOUS
10
1.2443756299212598
20
0.9034609448818898
11
1.2431137795275591
21
0.9074179133858268
0
LINE
8
BLACK
6
CONTINUOUS
10
1.2431137795275591
20
0.9074179133858268
11
1.2400845669291338
21
0.9123102755905511
0
LINE
8
BLACK
6
CONTINUOUS
10
1.2400845669291338
20
0.9123102755905511
11
1.2382898818897639
21
0.9144531496062992
0
LINE
8
BLACK
6
CONTINUOUS
10
1.2382898818897639
20
0.9144531496062992
11
1.234005157480315
21
0.9182938188976377
0
LINE
8
BLACK
6
CONTINUOUS
10
1.234005157480315
20
0.9182938188976377
11
1.2340049212598425
21
0.9182939763779527
0
LINE
8
BLACK
6
CONTINUOUS
10
1.2340049212598425
20
0.9182939763779527
11
1.162466062992126
21
0.9659865748031495
0
LINE
8
BLACK
6
CONTINUOUS
10
1.162466062992126
20
0.9659865748031495
11
1.1623264566929135
21
0.9660788188976378
0
LINE
8
BLACK
6
CONTINUOUS
10
1.1623264566929135
20
0.9660788188976378
11
1.1622972047244093
21
0.9660979133858267
0
LINE
8
BLACK
6
CONTINUOUS
10
1.1622972047244093
20
0.9660979133858267
11
1.162257125984252
21
0.9661242125984252
0
LINE
8
BLACK
6
CONTINUOUS
10
1.162257125984252
20
0.9661242125984252
11
1.162109842519685
21
0.9662197637795276
0
LINE
8
BLACK
6
CONTINUOUS
10
1.162109842519685
20
0.9662197637795276
11
1.1568756299212599
21
0.968610157480315
0
LINE
8
BLACK
6
CONTINUOUS
10
1.1568756299212599
20
0.968610157480315
11
1.1541937007874015
21
0.9693976377952755
0
LINE
8
BLACK
6
CONTINUOUS
10
1.1541937007874015
20
0.9693976377952755
11
1.1484980708661416
21
0.9702165354330708
0
LINE
8
BLACK
6
CONTINUOUS
10
1.1484980708661416
20
0.9702165354330708
11
1.1484979133858269
21
0.9702165354330708
0
LINE
8
BLACK
6
CONTINUOUS
10
1.1484979133858269
20
0.9702165354330708
11
1.0367913385826772
21
0.9702165354330708
0
LINE
8
BLACK
6
CONTINUOUS
10
1.0367913385826772
20
0.9702165354330708
11
1.0341094094488188
21
0.9710040157480315
0
LINE
8
BLACK
6
CONTINUOUS
10
1.0341094094488188
20
0.9710040157480315
11
1.0322789763779527
21
0.9731164566929134
0
LINE
8
BLACK
6
CONTINUOUS
10
1.0322789763779527
20
0.9731164566929134
11
1.0318307086614174
21
0.9751771653543306
0
LINE
8
BLACK
6
CONTINUOUS
10
1.0318307086614174
20
0.9751771653543306
11
1.0318307086614174
21
0.9940861811023621
0
LINE
8
BLACK
6
CONTINUOUS
10
1.0318307086614174
20
0.9940861811023621
11
1.0326181889763779
21
0.9967681102362205
0
LINE
8
BLACK
6
CONTINUOUS
10
1.0326181889763779
20
0.9967681102362205
11
1.0328201574803149
21
0.9970589763779527
0
LINE
8
BLACK
6
CONTINUOUS
10
1.0328201574803149
20
0.9970589763779527
11
1.0352514566929134
21
1.0003067716535432
0
LINE
8
BLACK
6
CONTINUOUS
10
1.0352514566929134
20
1.0003067716535432
11
1.0352515354330709
21
1.000306968503937
0
LINE
8
BLACK
6
CONTINUOUS
10
1.0352515354330709
20
1.000306968503937
11
1.0354980708661417
21
1.0009678740157479
0
LINE
8
BLACK
6
CONTINUOUS
10
1.0354980708661417
20
1.0009678740157479
11
1.0372633464566929
21
1.0057007480314961
0
LINE
8
BLACK
6
CONTINUOUS
10
1.0372633464566929
20
1.0057007480314961
11
1.0372633858267717
21
1.0057009055118109
0
LINE
8
BLACK
6
CONTINUOUS
10
1.0372633858267717
20
1.0057009055118109
11
1.0375196456692912
21
1.0080846456692913
0
LINE
8
BLACK
6
CONTINUOUS
10
1.0375196456692912
20
1.0080846456692913
11
1.03751968503937
21
1.0080853149606299
0
LINE
8
BLACK
6
CONTINUOUS
10
1.03751968503937
20
1.0080853149606299
11
1.03751968503937
21
1.0669146456692913
0
LINE
8
BLACK
6
CONTINUOUS
10
1.03751968503937
20
1.0669146456692913
11
1.0375196456692912
21
1.0669153149606299
0
LINE
8
BLACK
6
CONTINUOUS
10
1.0375196456692912
20
1.0669153149606299
11
1.0372633858267717
21
1.0692990551181103
0
LINE
8
BLACK
6
CONTINUOUS
10
1.0372633858267717
20
1.0692990551181103
11
1.0372633070866142
21
1.0692993700787401
0
LINE
8
BLACK
6
CONTINUOUS
10
1.0372633070866142
20
1.0692993700787401
11
1.0369866141732282
21
1.0700411417322835
0
LINE
8
BLACK
6
CONTINUOUS
10
1.0369866141732282
20
1.0700411417322835
11
1.0352515354330709
21
1.0746930708661417
0
LINE
8
BLACK
6
CONTINUOUS
10
1.0352515354330709
20
1.0746930708661417
11
1.0344715354330709
21
1.0757349999999999
0
LINE
8
BLACK
6
CONTINUOUS
10
1.0344715354330709
20
1.0757349999999999
11
1.0318016141732282
21
1.0793016141732283
0
LINE
8
BLACK
6
CONTINUOUS
10
1.0318016141732282
20
1.0793016141732283
11
1.0271931889763779
21
1.0827514566929133
0
LINE
8
BLACK
6
CONTINUOUS
10
1.0271931889763779
20
1.0827514566929133
11
1.0271931496062991
21
1.0827514566929133
0
LINE
8
BLACK
6
CONTINUOUS
10
1.0271931496062991
20
1.0827514566929133
11
1.0271930708661416
21
1.0827515354330708
0
LINE
8
BLACK
6
CONTINUOUS
10
1.0271930708661416
20
1.0827515354330708
11
1.021799251968504
21
1.0847633464566928
0
LINE
8
BLACK
6
CONTINUOUS
10
1.021799251968504
20
1.0847633464566928
11
1.0217991732283465
21
1.0847633464566928
0
LINE
8
BLACK
6
CONTINUOUS
10
1.0217991732283465
20
1.0847633464566928
11
1.0217990551181102
21
1.0847633858267716
0
LINE
8
BLACK
6
CONTINUOUS
10
1.0217990551181102
20
1.0847633858267716
11
1.01941531496063
21
1.0850196456692913
0
LINE
8
BLACK
6
CONTINUOUS
10
1.01941531496063
20
1.0850196456692913
11
1.019415157480315
21
1.0850196456692913
0
LINE
8
BLACK
6
CONTINUOUS
10
1.019415157480315
20
1.0850196456692913
11
1.0194148818897637
21
1.0850196850393701
0
LINE
8
BLACK
6
CONTINUOUS
10
1.0194148818897637
20
1.0850196850393701
11
0.9805851181102362
21
1.0850196850393701
0
LINE
8
BLACK
6
CONTINUOUS
10
0.9805851181102362
20
1.0850196850393701
11
0.980584842519685
21
1.0850196456692913
0
LINE
8
BLACK
6
CONTINUOUS
10
0.980584842519685
20
1.0850196456692913
11
0.9805846456692913
21
1.0850196456692913
0
LINE
8
BLACK
6
CONTINUOUS
10
0.9805846456692913
20
1.0850196456692913
11
0.978200905511811
21
1.0847633858267716
0
LINE
8
BLACK
6
CONTINUOUS
10
0.978200905511811
20
1.0847633858267716
11
0.978200590551181
21
1.0847633070866141
0
LINE
8
BLACK
6
CONTINUOUS
10
0.978200590551181
20
1.0847633070866141
11
0.9752190551181102
21
1.0836512204724409
0
LINE
8
BLACK
6
CONTINUOUS
10
0.9752190551181102
20
1.0836512204724409
11
0.9728069291338582
21
1.0827515354330708
0
LINE
8
BLACK
6
CONTINUOUS
10
0.9728069291338582
20
1.0827515354330708
11
0.9728068503937007
21
1.082751496062992
0
LINE
8
BLACK
6
CONTINUOUS
10
0.9728068503937007
20
1.082751496062992
11
0.9728067716535432
21
1.0827514566929133
0
LINE
8
BLACK
6
CONTINUOUS
10
0.9728067716535432
20
1.0827514566929133
11
0.9681983464566929
21
1.0793016141732283
0
LINE
8
BLACK
6
CONTINUOUS
10
0.9681983464566929
20
1.0793016141732283
11
0.9664711811023622
21
1.0769943700787401
0
LINE
8
BLACK
6
CONTINUOUS
10
0.9664711811023622
20
1.0769943700787401
11
0.9642335433070865
21
1.0753192913385827
0
LINE
8
BLACK
6
CONTINUOUS
10
0.9642335433070865
20
1.0753192913385827
11
0.9614455118110236
21
1.0751199212598426
0
LINE
8
BLACK
6
CONTINUOUS
10
0.9614455118110236
20
1.0751199212598426
11
0.9589922834645669
21
1.0764594881889764
0
LINE
8
BLACK
6
CONTINUOUS
10
0.9589922834645669
20
1.0764594881889764
11
0.9585288188976377
21
1.0769943700787401
0
LINE
8
BLACK
6
CONTINUOUS
10
0.9585288188976377
20
1.0769943700787401
11
0.9574638976377953
21
1.0784168897637796
0
LINE
8
BLACK
6
CONTINUOUS
10
0.9574638976377953
20
1.0784168897637796
11
0.9568016141732283
21
1.0793016141732283
0
LINE
8
BLACK
6
CONTINUOUS
10
0.9568016141732283
20
1.0793016141732283
11
0.9540940944881889
21
1.0813284251968505
0
LINE
8
BLACK
6
CONTINUOUS
10
0.9540940944881889
20
1.0813284251968505
11
0.952419094488189
21
1.0835659842519685
0
LINE
8
BLACK
6
CONTINUOUS
10
0.952419094488189
20
1.0835659842519685
11
0.9521062992125984
21
1.0852995669291339
0
LINE
8
BLACK
6
CONTINUOUS
10
0.9521062992125984
20
1.0852995669291339
11
0.9521062992125984
21
1.0931019685039369
0
LINE
8
BLACK
6
CONTINUOUS
10
0.9521062992125984
20
1.0931019685039369
11
0.9527129527559055
21
1.0954790944881889
0
LINE
8
BLACK
6
CONTINUOUS
10
0.9527129527559055
20
1.0954790944881889
11
0.9527908661417323
21
1.0956218503937007
0
LINE
8
BLACK
6
CONTINUOUS
10
0.9527908661417323
20
1.0956218503937007
11
0.952790905511811
21
1.0956218897637795
0
LINE
8
BLACK
6
CONTINUOUS
10
0.952790905511811
20
1.0956218897637795
11
0.954802716535433
21
1.1010157086614174
0
LINE
8
BLACK
6
CONTINUOUS
10
0.954802716535433
20
1.1010157086614174
11
0.9548027559055118
21
1.1010158661417322
0
LINE
8
BLACK
6
CONTINUOUS
10
0.9548027559055118
20
1.1010158661417322
11
0.9550590157480314
21
1.1033996062992126
0
LINE
8
BLACK
6
CONTINUOUS
10
0.9550590157480314
20
1.1033996062992126
11
0.9550590551181102
21
1.1034002755905512
0
LINE
8
BLACK
6
CONTINUOUS
10
0.9550590551181102
20
1.1034002755905512
11
0.9550590551181102
21
1.1053149606299213
0
LINE
8
BLACK
6
CONTINUOUS
10
0.9550590551181102
20
1.1053149606299213
11
0.9429133858267716
21
1.1053149606299213
0
LINE
8
BLACK
6
CONTINUOUS
10
0.9429133858267716
20
1.1053149606299213
11
0.9429133858267716
21
1.1624015748031495
0
LINE
8
BLACK
6
CONTINUOUS
10
0.9429133858267716
20
1.1624015748031495
11
0.9606299212598425
21
1.1624015748031495
0
LINE
8
BLACK
6
CONTINUOUS
10
0.9606299212598425
20
1.1624015748031495
11
0.9606299212598425
21
1.1615748031496063
0
LINE
8
BLACK
6
CONTINUOUS
10
0.9606299212598425
20
1.1615748031496063
11
1.0263162598425197
21
1.1615748031496063
0
LINE
8
BLACK
6
CONTINUOUS
10
1.0263162598425197
20
1.1615748031496063
11
1.028998188976378
21
1.1607873228346457
0
LINE
8
BLACK
6
CONTINUOUS
10
1.028998188976378
20
1.1607873228346457
11
1.0302874409448819
21
1.1595869685039371
0
LINE
8
BLACK
6
CONTINUOUS
10
1.0302874409448819
20
1.1595869685039371
11
1.033198346456693
21
1.1556983464566928
0
LINE
8
BLACK
6
CONTINUOUS
10
1.033198346456693
20
1.1556983464566928
11
1.0378067716535433
21
1.1522485039370078
0
LINE
8
BLACK
6
CONTINUOUS
10
1.0378067716535433
20
1.1522485039370078
11
1.0378069685039371
21
1.1522484251968503
0
LINE
8
BLACK
6
CONTINUOUS
10
1.0378069685039371
20
1.1522484251968503
11
1.043200590551181
21
1.1502366535433071
0
LINE
8
BLACK
6
CONTINUOUS
10
1.043200590551181
20
1.1502366535433071
11
1.043200905511811
21
1.1502365748031496
0
LINE
8
BLACK
6
CONTINUOUS
10
1.043200905511811
20
1.1502365748031496
11
1.0455846456692912
21
1.1499803149606298
0
LINE
8
BLACK
6
CONTINUOUS
10
1.0455846456692912
20
1.1499803149606298
11
1.0455851181102362
21
1.1499803149606298
0
LINE
8
BLACK
6
CONTINUOUS
10
1.0455851181102362
20
1.1499803149606298
11
1.1044153149606299
21
1.1499803149606298
0
LINE
8
BLACK
6
CONTINUOUS
10
1.1044153149606299
20
1.1499803149606298
11
1.1067990551181102
21
1.1502365748031496
0
LINE
8
BLACK
6
CONTINUOUS
10
1.1067990551181102
20
1.1502365748031496
11
1.1067993700787402
21
1.1502366535433071
0
LINE
8
BLACK
6
CONTINUOUS
10
1.1067993700787402
20
1.1502366535433071
11
1.1121929921259843
21
1.1522484251968503
0
LINE
8
BLACK
6
CONTINUOUS
10
1.1121929921259843
20
1.1522484251968503
11
1.1121931889763779
21
1.1522485039370078
0
LINE
8
BLACK
6
CONTINUOUS
10
1.1121931889763779
20
1.1522485039370078
11
1.1168016141732284
21
1.1556983464566928
0
LINE
8
BLACK
6
CONTINUOUS
10
1.1168016141732284
20
1.1556983464566928
11
1.1202514566929134
21
1.1603067716535433
0
LINE
8
BLACK
6
CONTINUOUS
10
1.1202514566929134
20
1.1603067716535433
11
1.1202515354330709
21
1.1603069685039369
0
LINE
8
BLACK
6
CONTINUOUS
10
1.1202515354330709
20
1.1603069685039369
11
1.1207244488188977
21
1.1615748031496063
0
LINE
8
BLACK
6
CONTINUOUS
10
1.1207244488188977
20
1.1615748031496063
11
1.1211190551181103
21
1.1626328740157481
0
LINE
8
BLACK
6
CONTINUOUS
10
1.1211190551181103
20
1.1626328740157481
11
1.1222633070866141
21
1.165700590551181
0
LINE
8
BLACK
6
CONTINUOUS
10
1.1222633070866141
20
1.165700590551181
11
1.1222633858267717
21
1.165700905511811
0
LINE
8
BLACK
6
CONTINUOUS
10
1.1222633858267717
20
1.165700905511811
11
1.1225196456692914
21
1.1680846456692913
0
LINE
8
BLACK
6
CONTINUOUS
10
1.1225196456692914
20
1.1680846456692913
11
1.1225196850393702
21
1.1680853149606298
0
LINE
8
BLACK
6
CONTINUOUS
10
1.1225196850393702
20
1.1680853149606298
11
1.1225196850393702
21
1.2069146456692914
0
LINE
8
BLACK
6
CONTINUOUS
10
1.1225196850393702
20
1.2069146456692914
11
1.1225196456692914
21
1.20691531496063
0
LINE
8
BLACK
6
CONTINUOUS
10
1.1225196456692914
20
1.20691531496063
11
1.1222633858267717
21
1.2092990551181102
0
LINE
8
BLACK
6
CONTINUOUS
10
1.1222633858267717
20
1.2092990551181102
11
1.1222633070866141
21
1.2092993700787402
0
LINE
8
BLACK
6
CONTINUOUS
10
1.1222633070866141
20
1.2092993700787402
11
1.1217372440944882
21
1.2107097637795274
0
LINE
8
BLACK
6
CONTINUOUS
10
1.1217372440944882
20
1.2107097637795274
11
1.1202515354330709
21
1.2146930708661416
0
LINE
8
BLACK
6
CONTINUOUS
10
1.1202515354330709
20
1.2146930708661416
11
1.1201416141732283
21
1.2148398818897637
0
LINE
8
BLACK
6
CONTINUOUS
10
1.1201416141732283
20
1.2148398818897637
11
1.1168016141732284
21
1.2193016141732282
0
LINE
8
BLACK
6
CONTINUOUS
10
1.1168016141732284
20
1.2193016141732282
11
1.1121931889763779
21
1.2227514566929134
0
LINE
8
BLACK
6
CONTINUOUS
10
1.1121931889763779
20
1.2227514566929134
11
1.1121931496062991
21
1.2227514566929134
0
LINE
8
BLACK
6
CONTINUOUS
10
1.1121931496062991
20
1.2227514566929134
11
1.1121930708661416
21
1.2227515354330709
0
LINE
8
BLACK
6
CONTINUOUS
10
1.1121930708661416
20
1.2227515354330709
11
1.1067992519685039
21
1.2247633464566929
0
LINE
8
BLACK
6
CONTINUOUS
10
1.1067992519685039
20
1.2247633464566929
11
1.1067991732283464
21
1.2247633464566929
0
LINE
8
BLACK
6
CONTINUOUS
10
1.1067991732283464
20
1.2247633464566929
11
1.1067990551181102
21
1.2247633858267717
0
LINE
8
BLACK
6
CONTINUOUS
10
1.1067990551181102
20
1.2247633858267717
11
1.1044153149606299
21
1.2250196456692912
0
LINE
8
BLACK
6
CONTINUOUS
10
1.1044153149606299
20
1.2250196456692912
11
1.1044151574803149
21
1.2250196456692912
0
LINE
8
BLACK
6
CONTINUOUS
10
1.1044151574803149
20
1.2250196456692912
11
1.1044148818897637
21
1.22501968503937
0
LINE
8
BLACK
6
CONTINUOUS
10
1.1044148818897637
20
1.22501968503937
11
1.0455851181102362
21
1.22501968503937
0
LINE
8
BLACK
6
CONTINUOUS
10
1.0455851181102362
20
1.22501968503937
11
1.045584842519685
21
1.2250196456692912
0
LINE
8
BLACK
6
CONTINUOUS
10
1.045584842519685
20
1.2250196456692912
11
1.0455846456692912
21
1.2250196456692912
0
LINE
8
BLACK
6
CONTINUOUS
10
1.0455846456692912
20
1.2250196456692912
11
1.043200905511811
21
1.2247633858267717
0
LINE
8
BLACK
6
CONTINUOUS
10
1.043200905511811
20
1.2247633858267717
11
1.043200590551181
21
1.2247633070866142
0
LINE
8
BLACK
6
CONTINUOUS
10
1.043200590551181
20
1.2247633070866142
11
1.0401328740157481
21
1.2236190551181103
0
LINE
8
BLACK
6
CONTINUOUS
10
1.0401328740157481
20
1.2236190551181103
11
1.0378069291338583
21
1.2227515354330709
0
LINE
8
BLACK
6
CONTINUOUS
10
1.0378069291338583
20
1.2227515354330709
11
1.0378068503937008
21
1.2227514960629922
0
LINE
8
BLACK
6
CONTINUOUS
10
1.0378068503937008
20
1.2227514960629922
11
1.0378067716535433
21
1.2227514566929134
0
LINE
8
BLACK
6
CONTINUOUS
10
1.0378067716535433
20
1.2227514566929134
11
1.033198346456693
21
1.2193016141732282
0
LINE
8
BLACK
6
CONTINUOUS
10
1.033198346456693
20
1.2193016141732282
11
1.0302874409448819
21
1.2154130314960629
0
LINE
8
BLACK
6
CONTINUOUS
10
1.0302874409448819
20
1.2154130314960629
11
1.0280498425196851
21
1.2137379921259843
0
LINE
8
BLACK
6
CONTINUOUS
10
1.0280498425196851
20
1.2137379921259843
11
1.0263162598425197
21
1.2134251968503937
0
LINE
8
BLACK
6
CONTINUOUS
10
1.0263162598425197
20
1.2134251968503937
11
0.9409098818897638
21
1.2134251968503937
0
LINE
8
BLACK
6
CONTINUOUS
10
0.9409098818897638
20
1.2134251968503937
11
0.9402708267716535
21
1.2134957086614173
0
LINE
8
BLACK
6
CONTINUOUS
10
0.9402708267716535
20
1.2134957086614173
11
0.9402699212598425
21
1.213485905511811
0
LINE
8
BLACK
6
CONTINUOUS
10
0.9402699212598425
20
1.213485905511811
11
0.9399591732283464
21
1.2135152755905512
0
LINE
8
BLACK
6
CONTINUOUS
10
0.9399591732283464
20
1.2135152755905512
11
0.9371705118110236
21
1.2134276377952755
0
LINE
8
BLACK
6
CONTINUOUS
10
0.9371705118110236
20
1.2134276377952755
11
0.93701468503937
21
1.2134251968503937
0
LINE
8
BLACK
6
CONTINUOUS
10
0.93701468503937
20
1.2134251968503937
11
0.9358688188976377
21
1.2134251968503937
0
LINE
8
BLACK
6
CONTINUOUS
10
0.9358688188976377
20
1.2134251968503937
11
0.935695157480315
21
1.2134032283464566
0
LINE
8
BLACK
6
CONTINUOUS
10
0.935695157480315
20
1.2134032283464566
11
0.9352299606299213
21
1.2133666141732282
0
LINE
8
BLACK
6
CONTINUOUS
10
0.9352299606299213
20
1.2133666141732282
11
0.9334121653543307
21
1.2133095275590551
0
LINE
8
BLACK
6
CONTINUOUS
10
0.9334121653543307
20
1.2133095275590551
11
0.9326014173228346
21
1.2130739763779528
0
LINE
8
BLACK
6
CONTINUOUS
10
0.9326014173228346
20
1.2130739763779528
11
0.9318392913385827
21
1.2129161811023621
0
LINE
8
BLACK
6
CONTINUOUS
10
0.9318392913385827
20
1.2129161811023621
11
0.9313177559055118
21
1.2128502755905513
0
LINE
8
BLACK
6
CONTINUOUS
10
0.9313177559055118
20
1.2128502755905513
11
0.9310014173228346
21
1.21281031496063
0
LINE
8
BLACK
6
CONTINUOUS
10
0.9310014173228346
20
1.21281031496063
11
0.9293096850393701
21
1.2121405118110236
0
LINE
8
BLACK
6
CONTINUOUS
10
0.9293096850393701
20
1.2121405118110236
11
0.9288683070866142
21
1.2119894094488188
0
LINE
8
BLACK
6
CONTINUOUS
10
0.9288683070866142
20
1.2119894094488188
11
0.9271220472440944
21
1.2114820866141731
0
LINE
8
BLACK
6
CONTINUOUS
10
0.9271220472440944
20
1.2114820866141731
11
0.9263952362204724
21
1.2110522047244094
0
LINE
8
BLACK
6
CONTINUOUS
10
0.9263952362204724
20
1.2110522047244094
11
0.9256962992125984
21
1.2107098425196849
0
LINE
8
BLACK
6
CONTINUOUS
10
0.9256962992125984
20
1.2107098425196849
11
0.9249111811023621
21
1.2103990157480315
0
LINE
8
BLACK
6
CONTINUOUS
10
0.9249111811023621
20
1.2103990157480315
11
0.9249111417322834
21
1.2103989763779528
0
LINE
8
BLACK
6
CONTINUOUS
10
0.9249111417322834
20
1.2103989763779528
11
0.9234395275590551
21
1.2093298031496063
0
LINE
8
BLACK
6
CONTINUOUS
10
0.9234395275590551
20
1.2093298031496063
11
0.923049251968504
21
1.2090734251968505
0
LINE
8
BLACK
6
CONTINUOUS
10
0.923049251968504
20
1.2090734251968505
11
0.9214839763779528
21
1.2081477165354331
0
LINE
8
BLACK
6
CONTINUOUS
10
0.9214839763779528
20
1.2081477165354331
11
0.9214838582677165
21
1.2081476377952756
0
LINE
8
BLACK
6
CONTINUOUS
10
0.9214838582677165
20
1.2081476377952756
11
0.9208870472440944
21
1.2075508267716535
0
LINE
8
BLACK
6
CONTINUOUS
10
0.9208870472440944
20
1.2075508267716535
11
0.9202952362204724
21
1.2070452755905512
0
LINE
8
BLACK
6
CONTINUOUS
10
0.9202952362204724
20
1.2070452755905512
11
0.9201163385826772
21
1.20691531496063
0
LINE
8
BLACK
6
CONTINUOUS
10
0.9201163385826772
20
1.20691531496063
11
0.9196118897637795
21
1.2065488188976379
0
LINE
8
BLACK
6
CONTINUOUS
10
0.9196118897637795
20
1.2065488188976379
11
0.9184526771653543
21
1.2051475590551182
0
LINE
8
BLACK
6
CONTINUOUS
10
0.9184526771653543
20
1.2051475590551182
11
0.9181381102362205
21
1.2048018503937008
0
LINE
8
BLACK
6
CONTINUOUS
10
0.9181381102362205
20
1.2048018503937008
11
0.9102603149606299
21
1.1969240944881889
0
LINE
8
BLACK
6
CONTINUOUS
10
0.9102603149606299
20
1.1969240944881889
11
0.9097586220472441
21
1.1965222047244095
0
LINE
8
BLACK
6
CONTINUOUS
10
0.9097586220472441
20
1.1965222047244095
11
0.9097649606299213
21
1.1965146062992125
0
LINE
8
BLACK
6
CONTINUOUS
10
0.9097649606299213
20
1.1965146062992125
11
0.9095244488188976
21
1.1963156299212598
0
LINE
8
BLACK
6
CONTINUOUS
10
0.9095244488188976
20
1.1963156299212598
11
0.907613937007874
21
1.1942811417322834
0
LINE
8
BLACK
6
CONTINUOUS
10
0.907613937007874
20
1.1942811417322834
11
0.9075066535433071
21
1.194170433070866
0
LINE
8
BLACK
6
CONTINUOUS
10
0.9075066535433071
20
1.194170433070866
11
0.9066958661417323
21
1.1933596456692912
0
LINE
8
BLACK
6
CONTINUOUS
10
0.9066958661417323
20
1.1933596456692912
11
0.9066955118110236
21
1.1933592519685039
0
LINE
8
BLACK
6
CONTINUOUS
10
0.9066955118110236
20
1.1933592519685039
11
0.9065887007874015
21
1.1932215354330709
0
LINE
8
BLACK
6
CONTINUOUS
10
0.9065887007874015
20
1.1932215354330709
11
0.9062852755905512
21
1.1928662598425197
0
LINE
8
BLACK
6
CONTINUOUS
10
0.9062852755905512
20
1.1928662598425197
11
0.9050404724409449
21
1.1915406692913386
0
LINE
8
BLACK
6
CONTINUOUS
10
0.9050404724409449
20
1.1915406692913386
11
0.9050404330708661
21
1.1915405905511811
0
LINE
8
BLACK
6
CONTINUOUS
10
0.9050404330708661
20
1.1915405905511811
11
0.9050402755905511
21
1.1915403543307086
0
LINE
8
BLACK
6
CONTINUOUS
10
0.9050402755905511
20
1.1915403543307086
11
0.9046336220472441
21
1.1908007086614174
0
LINE
8
BLACK
6
CONTINUOUS
10
0.9046336220472441
20
1.1908007086614174
11
0.9042064173228346
21
1.1901503149606298
0
LINE
8
BLACK
6
CONTINUOUS
10
0.9042064173228346
20
1.1901503149606298
11
0.903688779527559
21
1.1894829527559054
0
LINE
8
BLACK
6
CONTINUOUS
10
0.903688779527559
20
1.1894829527559054
11
0.9029663779527559
21
1.1878135826771654
0
LINE
8
BLACK
6
CONTINUOUS
10
0.9029663779527559
20
1.1878135826771654
11
0.9027608661417322
21
1.1873940944881889
0
LINE
8
BLACK
6
CONTINUOUS
10
0.9027608661417322
20
1.1873940944881889
11
0.9023588582677166
21
1.1866628740157481
0
LINE
8
BLACK
6
CONTINUOUS
10
0.9023588582677166
20
1.1866628740157481
11
0.901884842519685
21
1.1858006299212598
0
LINE
8
BLACK
6
CONTINUOUS
10
0.901884842519685
20
1.1858006299212598
11
0.9017879133858268
21
1.1855557874015747
0
LINE
8
BLACK
6
CONTINUOUS
10
0.9017879133858268
20
1.1855557874015747
11
0.9000684645669291
21
1.1833520866141731
0
LINE
8
BLACK
6
CONTINUOUS
10
0.9000684645669291
20
1.1833520866141731
11
0.8974305511811024
21
1.1824277952755906
0
LINE
8
BLACK
6
CONTINUOUS
10
0.8974305511811024
20
1.1824277952755906
11
0.8971756299212599
21
1.1824212598425197
0
LINE
8
BLACK
6
CONTINUOUS
10
0.8971756299212599
20
1.1824212598425197
11
0.8898174015748032
21
1.1824212598425197
0
LINE
8
BLACK
6
CONTINUOUS
10
0.8898174015748032
20
1.1824212598425197
11
0.8883255118110236
21
1.1822608661417322
0
LINE
8
BLACK
6
CONTINUOUS
10
0.8883255118110236
20
1.1822608661417322
11
0.8872650393700787
21
1.1822608661417322
0
LINE
8
BLACK
6
CONTINUOUS
10
0.8872650393700787
20
1.1822608661417322
11
0.8857731496062992
21
1.1824212598425197
0
LINE
8
BLACK
6
CONTINUOUS
10
0.8857731496062992
20
1.1824212598425197
11
0.8857729921259843
21
1.1824212598425197
0
LINE
8
BLACK
6
CONTINUOUS
10
0.8857729921259843
20
1.1824212598425197
11
0.8802952755905512
21
1.1824212598425197
0
LINE
8
BLACK
6
CONTINUOUS
10
0.8802952755905512
20
1.1824212598425197
11
0.8776133464566929
21
1.1832087401574802
0
LINE
8
BLACK
6
CONTINUOUS
10
0.8776133464566929
20
1.1832087401574802
11
0.8757829133858267
21
1.1853211811023623
0
LINE
8
BLACK
6
CONTINUOUS
10
0.8757829133858267
20
1.1853211811023623
11
0.8753346456692913
21
1.1873818897637796
0
LINE
8
BLACK
6
CONTINUOUS
10
0.8753346456692913
20
1.1873818897637796
11
0.8753346456692913
21
1.1971805511811022
0
LINE
8
BLACK
6
CONTINUOUS
10
0.8753346456692913
20
1.1971805511811022
11
0.8754051968503936
21
1.1978198031496063
0
LINE
8
BLACK
6
CONTINUOUS
10
0.8754051968503936
20
1.1978198031496063
11
0.8753953937007873
21
1.197820748031496
0
LINE
8
BLACK
6
CONTINUOUS
10
0.8753953937007873
20
1.197820748031496
11
0.8754246850393701
21
1.198131062992126
0
LINE
8
BLACK
6
CONTINUOUS
10
0.8754246850393701
20
1.198131062992126
11
0.8754247637795275
21
1.1981313779527558
0
LINE
8
BLACK
6
CONTINUOUS
10
0.8754247637795275
20
1.1981313779527558
11
0.8753370866141732
21
1.2009207874015748
0
LINE
8
BLACK
6
CONTINUOUS
10
0.8753370866141732
20
1.2009207874015748
11
0.8753346456692913
21
1.2010766141732283
0
LINE
8
BLACK
6
CONTINUOUS
10
0.8753346456692913
20
1.2010766141732283
11
0.8753346456692913
21
1.202221653543307
0
LINE
8
BLACK
6
CONTINUOUS
10
0.8753346456692913
20
1.202221653543307
11
0.8753346456692913
21
1.2022217322834645
0
LINE
8
BLACK
6
CONTINUOUS
10
0.8753346456692913
20
1.2022217322834645
11
0.8753127952755906
21
1.2023942913385826
0
LINE
8
BLACK
6
CONTINUOUS
10
0.8753127952755906
20
1.2023942913385826
11
0.875276062992126
21
1.2028608661417322
0
LINE
8
BLACK
6
CONTINUOUS
10
0.875276062992126
20
1.2028608661417322
11
0.8752189763779528
21
1.2046783858267716
0
LINE
8
BLACK
6
CONTINUOUS
10
0.8752189763779528
20
1.2046783858267716
11
0.8749834251968504
21
1.2054890157480316
0
LINE
8
BLACK
6
CONTINUOUS
10
0.8749834251968504
20
1.2054890157480316
11
0.8748256299212598
21
1.2062510236220472
0
LINE
8
BLACK
6
CONTINUOUS
10
0.8748256299212598
20
1.2062510236220472
11
0.8747197637795275
21
1.2070891338582677
0
LINE
8
BLACK
6
CONTINUOUS
10
0.8747197637795275
20
1.2070891338582677
11
0.8740500393700787
21
1.2087805511811023
0
LINE
8
BLACK
6
CONTINUOUS
10
0.8740500393700787
20
1.2087805511811023
11
0.8738990944881889
21
1.2092214173228346
0
LINE
8
BLACK
6
CONTINUOUS
10
0.8738990944881889
20
1.2092214173228346
11
0.8733915354330708
21
1.2109685039370079
0
LINE
8
BLACK
6
CONTINUOUS
10
0.8733915354330708
20
1.2109685039370079
11
0.8729618897637795
21
1.2116949606299212
0
LINE
8
BLACK
6
CONTINUOUS
10
0.8729618897637795
20
1.2116949606299212
11
0.8726192519685039
21
1.2123943307086613
0
LINE
8
BLACK
6
CONTINUOUS
10
0.8726192519685039
20
1.2123943307086613
11
0.8723084645669291
21
1.2131793700787401
0
LINE
8
BLACK
6
CONTINUOUS
10
0.8723084645669291
20
1.2131793700787401
11
0.8712393700787401
21
1.2146507480314961
0
LINE
8
BLACK
6
CONTINUOUS
10
0.8712393700787401
20
1.2146507480314961
11
0.8709831496062992
21
1.2150407874015747
0
LINE
8
BLACK
6
CONTINUOUS
10
0.8709831496062992
20
1.2150407874015747
11
0.8700572047244094
21
1.2166065748031496
0
LINE
8
BLACK
6
CONTINUOUS
10
0.8700572047244094
20
1.2166065748031496
11
0.8694598818897638
21
1.2172038188976377
0
LINE
8
BLACK
6
CONTINUOUS
10
0.8694598818897638
20
1.2172038188976377
11
0.8689544881889764
21
1.2177956299212598
0
LINE
8
BLACK
6
CONTINUOUS
10
0.8689544881889764
20
1.2177956299212598
11
0.8684584645669291
21
1.2184783858267716
0
LINE
8
BLACK
6
CONTINUOUS
10
0.8684584645669291
20
1.2184783858267716
11
0.8684583070866142
21
1.2184786220472441
0
LINE
8
BLACK
6
CONTINUOUS
10
0.8684583070866142
20
1.2184786220472441
11
0.8670564173228347
21
1.2196382677165354
0
LINE
8
BLACK
6
CONTINUOUS
10
0.8670564173228347
20
1.2196382677165354
11
0.8667116929133858
21
1.2199520078740158
0
LINE
8
BLACK
6
CONTINUOUS
10
0.8667116929133858
20
1.2199520078740158
11
0.8204183464566929
21
1.2662453543307086
0
LINE
8
BLACK
6
CONTINUOUS
10
0.8204183464566929
20
1.2662453543307086
11
0.7957429921259842
21
1.2909207086614174
0
LINE
8
BLACK
6
CONTINUOUS
10
0.7957429921259842
20
1.2909207086614174
11
0.7953411417322834
21
1.291422401574803
0
LINE
8
BLACK
6
CONTINUOUS
10
0.7953411417322834
20
1.291422401574803
11
0.7953335039370079
21
1.2914161023622046
0
LINE
8
BLACK
6
CONTINUOUS
10
0.7953335039370079
20
1.2914161023622046
11
0.7951345669291339
21
1.2916564960629922
0
LINE
8
BLACK
6
CONTINUOUS
10
0.7951345669291339
20
1.2916564960629922
11
0.7951344881889764
21
1.2916566929133857
0
LINE
8
BLACK
6
CONTINUOUS
10
0.7951344881889764
20
1.2916566929133857
11
0.7930986220472441
21
1.2935684251968504
0
LINE
8
BLACK
6
CONTINUOUS
10
0.7930986220472441
20
1.2935684251968504
11
0.7929905511811024
21
1.2936731496062992
0
LINE
8
BLACK
6
CONTINUOUS
10
0.7929905511811024
20
1.2936731496062992
11
0.7921784645669291
21
1.2944853149606299
0
LINE
8
BLACK
6
CONTINUOUS
10
0.7921784645669291
20
1.2944853149606299
11
0.792040590551181
21
1.2945922047244094
0
LINE
8
BLACK
6
CONTINUOUS
10
0.792040590551181
20
1.2945922047244094
11
0.7916853937007874
21
1.2948955118110237
0
LINE
8
BLACK
6
CONTINUOUS
10
0.7916853937007874
20
1.2948955118110237
11
0.7903595669291339
21
1.2961406299212599
0
LINE
8
BLACK
6
CONTINUOUS
10
0.7903595669291339
20
1.2961406299212599
11
0.7896191732283464
21
1.2965476377952756
0
LINE
8
BLACK
6
CONTINUOUS
10
0.7896191732283464
20
1.2965476377952756
11
0.7889694094488189
21
1.2969744881889764
0
LINE
8
BLACK
6
CONTINUOUS
10
0.7889694094488189
20
1.2969744881889764
11
0.7883018897637795
21
1.2974922834645668
0
LINE
8
BLACK
6
CONTINUOUS
10
0.7883018897637795
20
1.2974922834645668
11
0.7876767322834646
21
1.2977627952755906
0
LINE
8
BLACK
6
CONTINUOUS
10
0.7876767322834646
20
1.2977627952755906
11
0.7866325196850393
21
1.2982146850393701
0
LINE
8
BLACK
6
CONTINUOUS
10
0.7866325196850393
20
1.2982146850393701
11
0.786212716535433
21
1.2984203543307087
0
LINE
8
BLACK
6
CONTINUOUS
10
0.786212716535433
20
1.2984203543307087
11
0.7846196456692913
21
1.2992961811023622
0
LINE
8
BLACK
6
CONTINUOUS
10
0.7846196456692913
20
1.2992961811023622
11
0.7846196062992126
21
1.2992961811023622
0
LINE
8
BLACK
6
CONTINUOUS
10
0.7846196062992126
20
1.2992961811023622
11
0.7846195669291338
21
1.299296220472441
0
LINE
8
BLACK
6
CONTINUOUS
10
0.7846195669291338
20
1.299296220472441
11
0.7838016535433071
21
1.2995061811023623
0
LINE
8
BLACK
6
CONTINUOUS
10
0.7838016535433071
20
1.2995061811023623
11
0.7830657086614173
21
1.2997581102362203
0
LINE
8
BLACK
6
CONTINUOUS
10
0.7830657086614173
20
1.2997581102362203
11
0.7822903937007873
21
1.3000937007874016
0
LINE
8
BLACK
6
CONTINUOUS
10
0.7822903937007873
20
1.3000937007874016
11
0.7804929527559055
21
1.3003783070866142
0
LINE
8
BLACK
6
CONTINUOUS
10
0.7804929527559055
20
1.3003783070866142
11
0.7800368503937007
21
1.3004727952755906
0
LINE
8
BLACK
6
CONTINUOUS
10
0.7800368503937007
20
1.3004727952755906
11
0.7782751181102362
21
1.3009251968503937
0
LINE
8
BLACK
6
CONTINUOUS
10
0.7782751181102362
20
1.3009251968503937
11
0.7782750393700787
21
1.3009251968503937
0
LINE
8
BLACK
6
CONTINUOUS
10
0.7782750393700787
20
1.3009251968503937
11
0.777430748031496
21
1.3009251968503937
0
LINE
8
BLACK
6
CONTINUOUS
10
0.777430748031496
20
1.3009251968503937
11
0.7766548031496063
21
1.3009862204724409
0
LINE
8
BLACK
6
CONTINUOUS
10
0.7766548031496063
20
1.3009862204724409
11
0.7758207874015748
21
1.3011183464566929
0
LINE
8
BLACK
6
CONTINUOUS
10
0.7758207874015748
20
1.3011183464566929
11
0.7740101968503936
21
1.3009471653543307
0
LINE
8
BLACK
6
CONTINUOUS
10
0.7740101968503936
20
1.3009471653543307
11
0.7735434645669291
21
1.3009251968503937
0
LINE
8
BLACK
6
CONTINUOUS
10
0.7735434645669291
20
1.3009251968503937
11
0.6627932677165355
21
1.3009251968503937
0
LINE
8
BLACK
6
CONTINUOUS
10
0.6627932677165355
20
1.3009251968503937
11
0.6601113385826771
21
1.3017126771653542
0
LINE
8
BLACK
6
CONTINUOUS
10
0.6601113385826771
20
1.3017126771653542
11
0.6592857874015748
21
1.3023779133858266
0
LINE
8
BLACK
6
CONTINUOUS
10
0.6592857874015748
20
1.3023779133858266
11
0.640722716535433
21
1.3209409842519684
0
LINE
8
BLACK
6
CONTINUOUS
10
0.640722716535433
20
1.3209409842519684
11
0.6393832677165354
21
1.323394094488189
0
LINE
8
BLACK
6
CONTINUOUS
10
0.6393832677165354
20
1.323394094488189
11
0.6395826377952756
21
1.3261820866141731
0
LINE
8
BLACK
6
CONTINUOUS
10
0.6395826377952756
20
1.3261820866141731
11
0.6412577165354331
21
1.3284197244094489
0
LINE
8
BLACK
6
CONTINUOUS
10
0.6412577165354331
20
1.3284197244094489
11
0.6443016141732283
21
1.3306983464566928
0
LINE
8
BLACK
6
CONTINUOUS
10
0.6443016141732283
20
1.3306983464566928
11
0.6477514566929133
21
1.3353067716535432
0
LINE
8
BLACK
6
CONTINUOUS
10
0.6477514566929133
20
1.3353067716535432
11
0.6477515354330708
21
1.3353069685039369
0
LINE
8
BLACK
6
CONTINUOUS
10
0.6477515354330708
20
1.3353069685039369
11
0.6479302755905512
21
1.3357861023622046
0
LINE
8
BLACK
6
CONTINUOUS
10
0.6479302755905512
20
1.3357861023622046
11
0.6488934645669291
21
1.3383685039370079
0
LINE
8
BLACK
6
CONTINUOUS
10
0.6488934645669291
20
1.3383685039370079
11
0.6497633070866141
21
1.3407005905511811
0
LINE
8
BLACK
6
CONTINUOUS
10
0.6497633070866141
20
1.3407005905511811
11
0.6497633858267716
21
1.3407009055118111
0
LINE
8
BLACK
6
CONTINUOUS
10
0.6497633858267716
20
1.3407009055118111
11
0.6500196456692913
21
1.3430846456692913
0
LINE
8
BLACK
6
CONTINUOUS
10
0.6500196456692913
20
1.3430846456692913
11
0.65001968503937
21
1.3430853149606299
0
LINE
8
BLACK
6
CONTINUOUS
10
0.65001968503937
20
1.3430853149606299
11
0.65001968503937
21
1.4069146456692914
0
LINE
8
BLACK
6
CONTINUOUS
10
0.65001968503937
20
1.4069146456692914
11
0.6500196456692913
21
1.4069153149606299
0
LINE
8
BLACK
6
CONTINUOUS
10
0.6500196456692913
20
1.4069153149606299
11
0.6497633858267716
21
1.4092990551181102
0
LINE
8
BLACK
6
CONTINUOUS
10
0.6497633858267716
20
1.4092990551181102
11
0.6497633070866141
21
1.4092993700787402
0
LINE
8
BLACK
6
CONTINUOUS
10
0.6497633070866141
20
1.4092993700787402
11
0.648593188976378
21
1.412436496062992
0
LINE
8
BLACK
6
CONTINUOUS
10
0.648593188976378
20
1.412436496062992
11
0.6477515354330708
21
1.4146930708661416
0
LINE
8
BLACK
6
CONTINUOUS
10
0.6477515354330708
20
1.4146930708661416
11
0.6477427952755905
21
1.4147047244094488
0
LINE
8
BLACK
6
CONTINUOUS
10
0.6477427952755905
20
1.4147047244094488
11
0.6443016141732283
21
1.4193016141732284
0
LINE
8
BLACK
6
CONTINUOUS
10
0.6443016141732283
20
1.4193016141732284
11
0.6419943700787402
21
1.4210288188976377
0
LINE
8
BLACK
6
CONTINUOUS
10
0.6419943700787402
20
1.4210288188976377
11
0.6403192913385827
21
1.4232664566929134
0
LINE
8
BLACK
6
CONTINUOUS
10
0.6403192913385827
20
1.4232664566929134
11
0.6401199212598425
21
1.4260544881889763
0
LINE
8
BLACK
6
CONTINUOUS
10
0.6401199212598425
20
1.4260544881889763
11
0.6414594881889764
21
1.428507716535433
0
LINE
8
BLACK
6
CONTINUOUS
10
0.6414594881889764
20
1.428507716535433
11
0.6419943700787402
21
1.4289711811023622
0
LINE
8
BLACK
6
CONTINUOUS
10
0.6419943700787402
20
1.4289711811023622
11
0.6443016141732283
21
1.4306983464566929
0
LINE
8
BLACK
6
CONTINUOUS
10
0.6443016141732283
20
1.4306983464566929
11
0.6477514566929133
21
1.4353067716535433
0
LINE
8
BLACK
6
CONTINUOUS
10
0.6477514566929133
20
1.4353067716535433
11
0.6477515354330708
21
1.435306968503937
0
LINE
8
BLACK
6
CONTINUOUS
10
0.6477515354330708
20
1.435306968503937
11
0.6497633070866141
21
1.4407005905511812
0
LINE
8
BLACK
6
CONTINUOUS
10
0.6497633070866141
20
1.4407005905511812
11
0.6497633858267716
21
1.440700905511811
0
LINE
8
BLACK
6
CONTINUOUS
10
0.6497633858267716
20
1.440700905511811
11
0.6500196456692913
21
1.4430846456692914
0
LINE
8
BLACK
6
CONTINUOUS
10
0.6500196456692913
20
1.4430846456692914
11
0.65001968503937
21
1.44308531496063
0
LINE
8
BLACK
6
CONTINUOUS
10
0.65001968503937
20
1.44308531496063
11
0.65001968503937
21
1.5069146456692912
0
LINE
8
BLACK
6
CONTINUOUS
10
0.65001968503937
20
1.5069146456692912
11
0.6500196456692913
21
1.5069153149606298
0
LINE
8
BLACK
6
CONTINUOUS
10
0.6500196456692913
20
1.5069153149606298
11
0.6497633858267716
21
1.5092990551181102
0
LINE
8
BLACK
6
CONTINUOUS
10
0.6497633858267716
20
1.5092990551181102
11
0.6497633070866141
21
1.50929937007874
0
LINE
8
BLACK
6
CONTINUOUS
10
0.6497633070866141
20
1.50929937007874
11
0.6477757480314961
21
1.5146281102362205
0
LINE
8
BLACK
6
CONTINUOUS
10
0.6477757480314961
20
1.5146281102362205
11
0.6477515354330708
21
1.5146930708661417
0
LINE
8
BLACK
6
CONTINUOUS
10
0.6477515354330708
20
1.5146930708661417
11
0.6443016141732283
21
1.5193016141732283
0
LINE
8
BLACK
6
CONTINUOUS
10
0.6443016141732283
20
1.5193016141732283
11
0.6396930708661417
21
1.5227515354330707
0
LINE
8
BLACK
6
CONTINUOUS
10
0.6396930708661417
20
1.5227515354330707
11
0.6342992519685039
21
1.524763346456693
0
LINE
8
BLACK
6
CONTINUOUS
10
0.6342992519685039
20
1.524763346456693
11
0.6342991732283464
21
1.524763346456693
0
LINE
8
BLACK
6
CONTINUOUS
10
0.6342991732283464
20
1.524763346456693
11
0.6342990551181102
21
1.5247633858267715
0
LINE
8
BLACK
6
CONTINUOUS
10
0.6342990551181102
20
1.5247633858267715
11
0.6319153149606299
21
1.5250196456692913
0
LINE
8
BLACK
6
CONTINUOUS
10
0.6319153149606299
20
1.5250196456692913
11
0.6319151574803149
21
1.5250196456692913
0
LINE
8
BLACK
6
CONTINUOUS
10
0.6319151574803149
20
1.5250196456692913
11
0.6319148818897637
21
1.52501968503937
0
LINE
8
BLACK
6
CONTINUOUS
10
0.6319148818897637
20
1.52501968503937
11
0.5680851181102362
21
1.52501968503937
0
LINE
8
BLACK
6
CONTINUOUS
10
0.5680851181102362
20
1.52501968503937
11
0.5680848425196851
21
1.5250196456692913
0
LINE
8
BLACK
6
CONTINUOUS
10
0.5680848425196851
20
1.5250196456692913
11
0.5680846456692913
21
1.5250196456692913
0
LINE
8
BLACK
6
CONTINUOUS
10
0.5680846456692913
20
1.5250196456692913
11
0.565700905511811
21
1.5247633858267715
0
LINE
8
BLACK
6
CONTINUOUS
10
0.565700905511811
20
1.5247633858267715
11
0.565700590551181
21
1.5247633070866142
0
LINE
8
BLACK
6
CONTINUOUS
10
0.565700590551181
20
1.5247633070866142
11
0.562632874015748
21
1.5236190551181101
0
LINE
8
BLACK
6
CONTINUOUS
10
0.562632874015748
20
1.5236190551181101
11
0.5603069291338583
21
1.5227515354330707
0
LINE
8
BLACK
6
CONTINUOUS
10
0.5603069291338583
20
1.5227515354330707
11
0.5603068503937008
21
1.522751496062992
0
LINE
8
BLACK
6
CONTINUOUS
10
0.5603068503937008
20
1.522751496062992
11
0.5603067716535433
21
1.5227514566929135
0
LINE
8
BLACK
6
CONTINUOUS
10
0.5603067716535433
20
1.5227514566929135
11
0.5556983464566929
21
1.5193016141732283
0
LINE
8
BLACK
6
CONTINUOUS
10
0.5556983464566929
20
1.5193016141732283
11
0.5522485039370079
21
1.5146931889763779
0
LINE
8
BLACK
6
CONTINUOUS
10
0.5522485039370079
20
1.5146931889763779
11
0.5522484251968504
21
1.5146929921259842
0
LINE
8
BLACK
6
CONTINUOUS
10
0.5522484251968504
20
1.5146929921259842
11
0.5502366535433071
21
1.50929937007874
0
LINE
8
BLACK
6
CONTINUOUS
10
0.5502366535433071
20
1.50929937007874
11
0.5502365748031496
21
1.5092990551181102
0
LINE
8
BLACK
6
CONTINUOUS
10
0.5502365748031496
20
1.5092990551181102
11
0.5499803149606299
21
1.5069153149606298
0
LINE
8
BLACK
6
CONTINUOUS
10
0.5499803149606299
20
1.5069153149606298
11
0.5499803149606299
21
1.4430846456692914
0
LINE
8
BLACK
6
CONTINUOUS
10
0.5499803149606299
20
1.4430846456692914
11
0.5502365748031496
21
1.440700905511811
0
LINE
8
BLACK
6
CONTINUOUS
10
0.5502365748031496
20
1.440700905511811
11
0.5502366535433071
21
1.4407005905511812
0
LINE
8
BLACK
6
CONTINUOUS
10
0.5502366535433071
20
1.4407005905511812
11
0.5522484251968504
21
1.435306968503937
0
LINE
8
BLACK
6
CONTINUOUS
10
0.5522484251968504
20
1.435306968503937
11
0.5522485039370079
21
1.4353067716535433
0
LINE
8
BLACK
6
CONTINUOUS
10
0.5522485039370079
20
1.4353067716535433
11
0.5556983858267717
21
1.4306983464566929
0
LINE
8
BLACK
6
CONTINUOUS
10
0.5556983858267717
20
1.4306983464566929
11
0.5580056299212598
21
1.4289711417322835
0
LINE
8
BLACK
6
CONTINUOUS
10
0.5580056299212598
20
1.4289711417322835
11
0.5596806692913385
21
1.4267335039370079
0
LINE
8
BLACK
6
CONTINUOUS
10
0.5596806692913385
20
1.4267335039370079
11
0.5598800393700787
21
1.4239455118110236
0
LINE
8
BLACK
6
CONTINUOUS
10
0.5598800393700787
20
1.4239455118110236
11
0.5585404724409448
21
1.4214922834645669
0
LINE
8
BLACK
6
CONTINUOUS
10
0.5585404724409448
20
1.4214922834645669
11
0.5580056299212598
21
1.4210288582677164
0
LINE
8
BLACK
6
CONTINUOUS
10
0.5580056299212598
20
1.4210288582677164
11
0.5556983858267717
21
1.4193016141732284
0
LINE
8
BLACK
6
CONTINUOUS
10
0.5556983858267717
20
1.4193016141732284
11
0.5539711811023622
21
1.4169943700787402
0
LINE
8
BLACK
6
CONTINUOUS
10
0.5539711811023622
20
1.4169943700787402
11
0.5517335433070866
21
1.4153192913385826
0
LINE
8
BLACK
6
CONTINUOUS
10
0.5517335433070866
20
1.4153192913385826
11
0.5489455118110236
21
1.4151199212598424
0
LINE
8
BLACK
6
CONTINUOUS
10
0.5489455118110236
20
1.4151199212598424
11
0.5464922834645669
21
1.4164594881889763
0
LINE
8
BLACK
6
CONTINUOUS
10
0.5464922834645669
20
1.4164594881889763
11
0.5460288188976378
21
1.4169943700787402
0
LINE
8
BLACK
6
CONTINUOUS
10
0.5460288188976378
20
1.4169943700787402
11
0.5443016141732283
21
1.4193016141732284
0
LINE
8
BLACK
6
CONTINUOUS
10
0.5443016141732283
20
1.4193016141732284
11
0.539693188976378
21
1.4227514566929134
0
LINE
8
BLACK
6
CONTINUOUS
10
0.539693188976378
20
1.4227514566929134
11
0.5396931496062992
21
1.4227514566929134
0
LINE
8
BLACK
6
CONTINUOUS
10
0.5396931496062992
20
1.4227514566929134
11
0.5396930708661417
21
1.4227515354330709
0
LINE
8
BLACK
6
CONTINUOUS
10
0.5396930708661417
20
1.4227515354330709
11
0.5342992519685039
21
1.4247633464566929
0
LINE
8
BLACK
6
CONTINUOUS
10
0.5342992519685039
20
1.4247633464566929
11
0.5342991732283464
21
1.4247633464566929
0
LINE
8
BLACK
6
CONTINUOUS
10
0.5342991732283464
20
1.4247633464566929
11
0.5342990551181103
21
1.4247633858267716
0
LINE
8
BLACK
6
CONTINUOUS
10
0.5342990551181103
20
1.4247633858267716
11
0.5319153149606299
21
1.4250196456692914
0
LINE
8
BLACK
6
CONTINUOUS
10
0.5319153149606299
20
1.4250196456692914
11
0.5319151574803149
21
1.4250196456692914
0
LINE
8
BLACK
6
CONTINUOUS
10
0.5319151574803149
20
1.4250196456692914
11
0.5319148818897638
21
1.4250196850393702
0
LINE
8
BLACK
6
CONTINUOUS
10
0.5319148818897638
20
1.4250196850393702
11
0.4680851181102362
21
1.4250196850393702
0
LINE
8
BLACK
6
CONTINUOUS
10
0.4680851181102362
20
1.4250196850393702
11
0.468084842519685
21
1.4250196456692914
0
LINE
8
BLACK
6
CONTINUOUS
10
0.468084842519685
20
1.4250196456692914
11
0.4680846456692913
21
1.4250196456692914
0
LINE
8
BLACK
6
CONTINUOUS
10
0.4680846456692913
20
1.4250196456692914
11
0.465700905511811
21
1.4247633858267716
0
LINE
8
BLACK
6
CONTINUOUS
10
0.465700905511811
20
1.4247633858267716
11
0.4657005905511811
21
1.4247633070866141
0
LINE
8
BLACK
6
CONTINUOUS
10
0.4657005905511811
20
1.4247633070866141
11
0.4635080708661417
21
1.4239455118110236
0
LINE
8
BLACK
6
CONTINUOUS
10
0.4635080708661417
20
1.4239455118110236
11
0.4603069291338582
21
1.4227515354330709
0
LINE
8
BLACK
6
CONTINUOUS
10
0.4603069291338582
20
1.4227515354330709
11
0.4603068503937008
21
1.4227514960629921
0
LINE
8
BLACK
6
CONTINUOUS
10
0.4603068503937008
20
1.4227514960629921
11
0.4603067716535433
21
1.4227514566929134
0
LINE
8
BLACK
6
CONTINUOUS
10
0.4603067716535433
20
1.4227514566929134
11
0.4556983464566929
21
1.4193016141732284
0
LINE
8
BLACK
6
CONTINUOUS
10
0.4556983464566929
20
1.4193016141732284
11
0.4522485039370079
21
1.4146931889763779
0
LINE
8
BLACK
6
CONTINUOUS
10
0.4522485039370079
20
1.4146931889763779
11
0.4522484251968504
21
1.4146929921259843
0
LINE
8
BLACK
6
CONTINUOUS
10
0.4522484251968504
20
1.4146929921259843
11
0.4502366535433071
21
1.4092993700787402
0
LINE
8
BLACK
6
CONTINUOUS
10
0.4502366535433071
20
1.4092993700787402
11
0.4502365748031496
21
1.4092990551181102
0
LINE
8
BLACK
6
CONTINUOUS
10
0.4502365748031496
20
1.4092990551181102
11
0.4499803149606299
21
1.4069153149606299
0
LINE
8
BLACK
6
CONTINUOUS
10
0.4499803149606299
20
1.4069153149606299
11
0.4499803149606299
21
1.3430846456692913
0
LINE
8
BLACK
6
CONTINUOUS
10
0.4499803149606299
20
1.3430846456692913
11
0.4502365748031496
21
1.3407009055118111
0
LINE
8
BLACK
6
CONTINUOUS
10
0.4502365748031496
20
1.3407009055118111
11
0.4502366535433071
21
1.3407005905511811
0
LINE
8
BLACK
6
CONTINUOUS
10
0.4502366535433071
20
1.3407005905511811
11
0.4522484251968504
21
1.3353069685039369
0
LINE
8
BLACK
6
CONTINUOUS
10
0.4522484251968504
20
1.3353069685039369
11
0.4522485039370079
21
1.3353067716535432
0
LINE
8
BLACK
6
CONTINUOUS
10
0.4522485039370079
20
1.3353067716535432
11
0.4556983464566929
21
1.3306983464566928
0
LINE
8
BLACK
6
CONTINUOUS
10
0.4556983464566929
20
1.3306983464566928
11
0.4603067716535433
21
1.3272485039370079
0
LINE
8
BLACK
6
CONTINUOUS
10
0.4603067716535433
20
1.3272485039370079
11
0.460306968503937
21
1.3272484251968504
0
LINE
8
BLACK
6
CONTINUOUS
10
0.460306968503937
20
1.3272484251968504
11
0.4657005905511811
21
1.3252366535433071
0
LINE
8
BLACK
6
CONTINUOUS
10
0.4657005905511811
20
1.3252366535433071
11
0.465700905511811
21
1.3252365748031496
0
LINE
8
BLACK
6
CONTINUOUS
10
0.465700905511811
20
1.3252365748031496
11
0.4680846456692913
21
1.3249803149606298
0
LINE
8
BLACK
6
CONTINUOUS
10
0.4680846456692913
20
1.3249803149606298
11
0.4680851181102362
21
1.3249803149606298
0
LINE
8
BLACK
6
CONTINUOUS
10
0.4680851181102362
20
1.3249803149606298
11
0.4719055118110236
21
1.3249803149606298
0
LINE
8
BLACK
6
CONTINUOUS
10
0.4719055118110236
20
1.3249803149606298
11
0.4745874409448819
21
1.3241928346456693
0
LINE
8
BLACK
6
CONTINUOUS
10
0.4745874409448819
20
1.3241928346456693
11
0.4761755905511811
21
1.3225444094488188
0
LINE
8
BLACK
6
CONTINUOUS
10
0.4761755905511811
20
1.3225444094488188
11
0.476447874015748
21
1.3220838976377953
0
LINE
8
BLACK
6
CONTINUOUS
10
0.476447874015748
20
1.3220838976377953
11
0.47679
21
1.3213854724409448
0
LINE
8
BLACK
6
CONTINUOUS
10
0.47679
20
1.3213854724409448
11
0.4771008661417322
21
1.3206003149606298
0
LINE
8
BLACK
6
CONTINUOUS
10
0.4771008661417322
20
1.3206003149606298
11
0.4771009448818898
21
1.3206001968503938
0
LINE
8
BLACK
6
CONTINUOUS
10
0.4771009448818898
20
1.3206001968503938
11
0.4781699606299212
21
1.3191288188976378
0
LINE
8
BLACK
6
CONTINUOUS
10
0.4781699606299212
20
1.3191288188976378
11
0.4784264566929134
21
1.3187383070866141
0
LINE
8
BLACK
6
CONTINUOUS
10
0.4784264566929134
20
1.3187383070866141
11
0.4793522047244094
21
1.3171729921259843
0
LINE
8
BLACK
6
CONTINUOUS
10
0.4793522047244094
20
1.3171729921259843
11
0.4799494881889764
21
1.3165756692913386
0
LINE
8
BLACK
6
CONTINUOUS
10
0.4799494881889764
20
1.3165756692913386
11
0.4804547244094488
21
1.3159840944881889
0
LINE
8
BLACK
6
CONTINUOUS
10
0.4804547244094488
20
1.3159840944881889
11
0.480951062992126
21
1.3153009448818898
0
LINE
8
BLACK
6
CONTINUOUS
10
0.480951062992126
20
1.3153009448818898
11
0.4809511023622047
21
1.315300905511811
0
LINE
8
BLACK
6
CONTINUOUS
10
0.4809511023622047
20
1.315300905511811
11
0.4823526771653543
21
1.314141377952756
0
LINE
8
BLACK
6
CONTINUOUS
10
0.4823526771653543
20
1.314141377952756
11
0.482698188976378
21
1.3138269291338582
0
LINE
8
BLACK
6
CONTINUOUS
10
0.482698188976378
20
1.3138269291338582
11
0.5571313779527559
21
1.2393937401574804
0
LINE
8
BLACK
6
CONTINUOUS
10
0.5571313779527559
20
1.2393937401574804
11
0.5575334645669291
21
1.2388919291338583
0
LINE
8
BLACK
6
CONTINUOUS
10
0.5575334645669291
20
1.2388919291338583
11
0.557541062992126
21
1.2388982283464567
0
LINE
8
BLACK
6
CONTINUOUS
10
0.557541062992126
20
1.2388982283464567
11
0.5577398818897638
21
1.2386578740157479
0
LINE
8
BLACK
6
CONTINUOUS
10
0.5577398818897638
20
1.2386578740157479
11
0.5597742519685039
21
1.2367474409448818
0
LINE
8
BLACK
6
CONTINUOUS
10
0.5597742519685039
20
1.2367474409448818
11
0.559886062992126
21
1.2366390944881889
0
LINE
8
BLACK
6
CONTINUOUS
10
0.559886062992126
20
1.2366390944881889
11
0.5606958661417323
21
1.2358292913385827
0
LINE
8
BLACK
6
CONTINUOUS
10
0.5606958661417323
20
1.2358292913385827
11
0.5606959448818898
21
1.2358292519685039
0
LINE
8
BLACK
6
CONTINUOUS
10
0.5606959448818898
20
1.2358292519685039
11
0.5608344094488189
21
1.2357218110236221
0
LINE
8
BLACK
6
CONTINUOUS
10
0.5608344094488189
20
1.2357218110236221
11
0.5611890157480315
21
1.2354188976377953
0
LINE
8
BLACK
6
CONTINUOUS
10
0.5611890157480315
20
1.2354188976377953
11
0.5625147637795276
21
1.2341739763779527
0
LINE
8
BLACK
6
CONTINUOUS
10
0.5625147637795276
20
1.2341739763779527
11
0.562514842519685
21
1.2341738976377952
0
LINE
8
BLACK
6
CONTINUOUS
10
0.562514842519685
20
1.2341738976377952
11
0.563255
21
1.233766968503937
0
LINE
8
BLACK
6
CONTINUOUS
10
0.563255
20
1.233766968503937
11
0.5639051181102362
21
1.2333398818897638
0
LINE
8
BLACK
6
CONTINUOUS
10
0.5639051181102362
20
1.2333398818897638
11
0.5645722834645669
21
1.2328224015748031
0
LINE
8
BLACK
6
CONTINUOUS
10
0.5645722834645669
20
1.2328224015748031
11
0.5645726377952756
21
1.2328222047244095
0
LINE
8
BLACK
6
CONTINUOUS
10
0.5645726377952756
20
1.2328222047244095
11
0.5662414960629921
21
1.2321
0
LINE
8
BLACK
6
CONTINUOUS
10
0.5662414960629921
20
1.2321
11
0.5666609448818898
21
1.2318945275590552
0
LINE
8
BLACK
6
CONTINUOUS
10
0.5666609448818898
20
1.2318945275590552
11
0.5682547637795275
21
1.2310183858267716
0
LINE
8
BLACK
6
CONTINUOUS
10
0.5682547637795275
20
1.2310183858267716
11
0.5682551181102362
21
1.2310182283464566
0
LINE
8
BLACK
6
CONTINUOUS
10
0.5682551181102362
20
1.2310182283464566
11
0.5690726771653544
21
1.230808307086614
0
LINE
8
BLACK
6
CONTINUOUS
10
0.5690726771653544
20
1.230808307086614
11
0.5698088976377953
21
1.2305562598425197
0
LINE
8
BLACK
6
CONTINUOUS
10
0.5698088976377953
20
1.2305562598425197
11
0.570583937007874
21
1.2302208661417322
0
LINE
8
BLACK
6
CONTINUOUS
10
0.570583937007874
20
1.2302208661417322
11
0.5723803937007874
21
1.2299363385826771
0
LINE
8
BLACK
6
CONTINUOUS
10
0.5723803937007874
20
1.2299363385826771
11
0.572837874015748
21
1.2298415748031495
0
LINE
8
BLACK
6
CONTINUOUS
10
0.572837874015748
20
1.2298415748031495
11
0.5745992519685039
21
1.2293893700787402
0
LINE
8
BLACK
6
CONTINUOUS
10
0.5745992519685039
20
1.2293893700787402
11
0.5745992913385827
21
1.2293893700787402
0
LINE
8
BLACK
6
CONTINUOUS
10
0.5745992913385827
20
1.2293893700787402
11
0.5754436614173228
21
1.2293893700787402
0
LINE
8
BLACK
6
CONTINUOUS
10
0.5754436614173228
20
1.2293893700787402
11
0.5762195669291339
21
1.2293283070866141
0
LINE
8
BLACK
6
CONTINUOUS
10
0.5762195669291339
20
1.2293283070866141
11
0.5770536220472441
21
1.2291962204724409
0
LINE
8
BLACK
6
CONTINUOUS
10
0.5770536220472441
20
1.2291962204724409
11
0.5788641732283465
21
1.2293673622047243
0
LINE
8
BLACK
6
CONTINUOUS
10
0.5788641732283465
20
1.2293673622047243
11
0.5793309448818897
21
1.2293893700787402
0
LINE
8
BLACK
6
CONTINUOUS
10
0.5793309448818897
20
1.2293893700787402
11
0.7518921259842519
21
1.2293893700787402
0
LINE
8
BLACK
6
CONTINUOUS
10
0.7518921259842519
20
1.2293893700787402
11
0.7545740551181103
21
1.2286018897637796
0
LINE
8
BLACK
6
CONTINUOUS
10
0.7545740551181103
20
1.2286018897637796
11
0.7553998031496063
21
1.2279364173228347
0
LINE
8
BLACK
6
CONTINUOUS
10
0.7553998031496063
20
1.2279364173228347
11
0.7924466535433071
21
1.1908895669291337
0
LINE
8
BLACK
6
CONTINUOUS
10
0.7924466535433071
20
1.1908895669291337
11
0.7937862598425197
21
1.1884363385826771
0
LINE
8
BLACK
6
CONTINUOUS
10
0.7937862598425197
20
1.1884363385826771
11
0.7935868503937008
21
1.1856483464566929
0
LINE
8
BLACK
6
CONTINUOUS
10
0.7935868503937008
20
1.1856483464566929
11
0.7919117716535433
21
1.1834107086614174
0
LINE
8
BLACK
6
CONTINUOUS
10
0.7919117716535433
20
1.1834107086614174
11
0.789292874015748
21
1.1824338976377953
0
LINE
8
BLACK
6
CONTINUOUS
10
0.789292874015748
20
1.1824338976377953
11
0.7889389763779527
21
1.1824212598425197
0
LINE
8
BLACK
6
CONTINUOUS
10
0.7889389763779527
20
1.1824212598425197
11
0.7874551968503937
21
1.1824212598425197
0
LINE
8
BLACK
6
CONTINUOUS
10
0.7874551968503937
20
1.1824212598425197
11
0.7874549212598425
21
1.1824212204724409
0
LINE
8
BLACK
6
CONTINUOUS
10
0.7874549212598425
20
1.1824212204724409
11
0.7874547244094487
21
1.1824212204724409
0
LINE
8
BLACK
6
CONTINUOUS
10
0.7874547244094487
20
1.1824212204724409
11
0.7850709842519685
21
1.1821649606299212
0
LINE
8
BLACK
6
CONTINUOUS
10
0.7850709842519685
20
1.1821649606299212
11
0.7850706692913386
21
1.1821648818897637
0
LINE
8
BLACK
6
CONTINUOUS
10
0.7850706692913386
20
1.1821648818897637
11
0.7820029527559055
21
1.1810206299212598
0
LINE
8
BLACK
6
CONTINUOUS
10
0.7820029527559055
20
1.1810206299212598
11
0.7796770078740157
21
1.1801531102362204
0
LINE
8
BLACK
6
CONTINUOUS
10
0.7796770078740157
20
1.1801531102362204
11
0.7796769291338582
21
1.1801530708661416
0
LINE
8
BLACK
6
CONTINUOUS
10
0.7796769291338582
20
1.1801530708661416
11
0.7796768503937007
21
1.1801530314960629
0
LINE
8
BLACK
6
CONTINUOUS
10
0.7796768503937007
20
1.1801530314960629
11
0.7750684251968504
21
1.1767031889763779
0
LINE
8
BLACK
6
CONTINUOUS
10
0.7750684251968504
20
1.1767031889763779
11
0.7716185826771653
21
1.1720947637795276
0
LINE
8
BLACK
6
CONTINUOUS
10
0.7716185826771653
20
1.1720947637795276
11
0.7716185039370078
21
1.1720945669291338
0
LINE
8
BLACK
6
CONTINUOUS
10
0.7716185039370078
20
1.1720945669291338
11
0.7696067322834645
21
1.1667009448818897
0
LINE
8
BLACK
6
CONTINUOUS
10
0.7696067322834645
20
1.1667009448818897
11
0.769606653543307
21
1.1667006299212599
0
LINE
8
BLACK
6
CONTINUOUS
10
0.769606653543307
20
1.1667006299212599
11
0.7693503937007874
21
1.1643168897637795
0
LINE
8
BLACK
6
CONTINUOUS
10
0.7693503937007874
20
1.1643168897637795
11
0.7693503937007874
21
1.1033996062992126
0
LINE
8
BLACK
6
CONTINUOUS
10
0.7693503937007874
20
1.1033996062992126
11
0.769606653543307
21
1.1010158661417322
0
LINE
8
BLACK
6
CONTINUOUS
10
0.769606653543307
20
1.1010158661417322
11
0.7696067322834645
21
1.1010155511811024
0
LINE
8
BLACK
6
CONTINUOUS
10
0.7696067322834645
20
1.1010155511811024
11
0.7716185039370078
21
1.0956219291338583
0
LINE
8
BLACK
6
CONTINUOUS
10
0.7716185039370078
20
1.0956219291338583
11
0.7716185826771653
21
1.0956217322834645
0
LINE
8
BLACK
6
CONTINUOUS
10
0.7716185826771653
20
1.0956217322834645
11
0.7750684251968504
21
1.0910133070866141
0
LINE
8
BLACK
6
CONTINUOUS
10
0.7750684251968504
20
1.0910133070866141
11
0.7796768503937007
21
1.0875634645669292
0
LINE
8
BLACK
6
CONTINUOUS
10
0.7796768503937007
20
1.0875634645669292
11
0.7796770472440945
21
1.0875633858267717
0
LINE
8
BLACK
6
CONTINUOUS
10
0.7796770472440945
20
1.0875633858267717
11
0.7850706692913386
21
1.0855516141732284
0
LINE
8
BLACK
6
CONTINUOUS
10
0.7850706692913386
20
1.0855516141732284
11
0.7850709842519685
21
1.0855515354330709
0
LINE
8
BLACK
6
CONTINUOUS
10
0.7850709842519685
20
1.0855515354330709
11
0.7874547244094487
21
1.0852952755905512
0
LINE
8
BLACK
6
CONTINUOUS
10
0.7874547244094487
20
1.0852952755905512
11
0.7874551968503937
21
1.0852952755905512
0
LINE
8
BLACK
6
CONTINUOUS
10
0.7874551968503937
20
1.0852952755905512
11
0.8090012204724409
21
1.0852952755905512
0
LINE
8
BLACK
6
CONTINUOUS
10
0.8090012204724409
20
1.0852952755905512
11
0.8090014960629921
21
1.0852952755905512
0
LINE
8
BLACK
6
CONTINUOUS
10
0.8090014960629921
20
1.0852952755905512
11
0.8090016535433071
21
1.0852952755905512
0
LINE
8
BLACK
6
CONTINUOUS
10
0.8090016535433071
20
1.0852952755905512
11
0.8090021259842519
21
1.0852953149606299
0
LINE
8
BLACK
6
CONTINUOUS
10
0.8090021259842519
20
1.0852953149606299
11
0.8104934645669292
21
1.0854556299212599
0
LINE
8
BLACK
6
CONTINUOUS
10
0.8104934645669292
20
1.0854556299212599
11
0.811553779527559
21
1.0854556299212599
0
LINE
8
BLACK
6
CONTINUOUS
10
0.811553779527559
20
1.0854556299212599
11
0.8130450787401574
21
1.0852953149606299
0
LINE
8
BLACK
6
CONTINUOUS
10
0.8130450787401574
20
1.0852953149606299
11
0.8130455511811023
21
1.0852952755905512
0
LINE
8
BLACK
6
CONTINUOUS
10
0.8130455511811023
20
1.0852952755905512
11
0.8130457480314961
21
1.0852952755905512
0
LINE
8
BLACK
6
CONTINUOUS
10
0.8130457480314961
20
1.0852952755905512
11
0.8130460236220473
21
1.0852952755905512
0
LINE
8
BLACK
6
CONTINUOUS
10
0.8130460236220473
20
1.0852952755905512
11
0.8345917716535433
21
1.0852952755905512
0
LINE
8
BLACK
6
CONTINUOUS
10
0.8345917716535433
20
1.0852952755905512
11
0.8345920472440944
21
1.0852952755905512
0
LINE
8
BLACK
6
CONTINUOUS
10
0.8345920472440944
20
1.0852952755905512
11
0.8345922047244094
21
1.0852952755905512
0
LINE
8
BLACK
6
CONTINUOUS
10
0.8345922047244094
20
1.0852952755905512
11
0.8345926771653543
21
1.0852953149606299
0
LINE
8
BLACK
6
CONTINUOUS
10
0.8345926771653543
20
1.0852953149606299
11
0.8360840157480315
21
1.0854556299212599
0
LINE
8
BLACK
6
CONTINUOUS
10
0.8360840157480315
20
1.0854556299212599
11
0.8371443307086613
21
1.0854556299212599
0
LINE
8
BLACK
6
CONTINUOUS
10
0.8371443307086613
20
1.0854556299212599
11
0.8386356299212598
21
1.0852953149606299
0
LINE
8
BLACK
6
CONTINUOUS
10
0.8386356299212598
20
1.0852953149606299
11
0.8386361023622048
21
1.0852952755905512
0
LINE
8
BLACK
6
CONTINUOUS
10
0.8386361023622048
20
1.0852952755905512
11
0.8386362992125984
21
1.0852952755905512
0
LINE
8
BLACK
6
CONTINUOUS
10
0.8386362992125984
20
1.0852952755905512
11
0.8413871259842519
21
1.0852952755905512
0
LINE
8
BLACK
6
CONTINUOUS
10
0.8413871259842519
20
1.0852952755905512
11
0.8440690551181103
21
1.0845077952755906
0
LINE
8
BLACK
6
CONTINUOUS
10
0.8440690551181103
20
1.0845077952755906
11
0.8458994881889763
21
1.0823953543307085
0
LINE
8
BLACK
6
CONTINUOUS
10
0.8458994881889763
20
1.0823953543307085
11
0.8462972834645669
21
1.0796286614173227
0
LINE
8
BLACK
6
CONTINUOUS
10
0.8462972834645669
20
1.0796286614173227
11
0.8460693700787402
21
1.0786962598425196
0
LINE
8
BLACK
6
CONTINUOUS
10
0.8460693700787402
20
1.0786962598425196
11
0.8437709842519685
21
1.0721278346456693
0
LINE
8
BLACK
6
CONTINUOUS
10
0.8437709842519685
20
1.0721278346456693
11
0.8432042519685039
21
1.0670979527559055
0
LINE
8
BLACK
6
CONTINUOUS
10
0.8432042519685039
20
1.0670979527559055
11
0.8431692913385826
21
1.0667876377952756
0
LINE
8
BLACK
6
CONTINUOUS
10
0.8431692913385826
20
1.0667876377952756
11
0.8431692913385826
21
1.0622866929133858
0
LINE
8
BLACK
6
CONTINUOUS
10
0.8431692913385826
20
1.0622866929133858
11
0.842381811023622
21
1.0596047637795276
0
LINE
8
BLACK
6
CONTINUOUS
10
0.842381811023622
20
1.0596047637795276
11
0.8417163385826771
21
1.0587790157480315
0
LINE
8
BLACK
6
CONTINUOUS
10
0.8417163385826771
20
1.0587790157480315
11
0.7902645275590551
21
1.0073272047244095
0
LINE
8
BLACK
6
CONTINUOUS
10
0.7902645275590551
20
1.0073272047244095
11
0.7851924803149606
21
1.0022551574803149
0
LINE
8
BLACK
6
CONTINUOUS
10
0.7851924803149606
20
1.0022551574803149
11
0.7843836220472441
21
1.0009678740157479
0
LINE
8
BLACK
6
CONTINUOUS
10
0.7843836220472441
20
1.0009678740157479
11
0.7840617322834645
21
1.000514251968504
0
LINE
8
BLACK
6
CONTINUOUS
10
0.7840617322834645
20
1.000514251968504
11
0.7831138582677165
21
0.9993256692913386
0
LINE
8
BLACK
6
CONTINUOUS
10
0.7831138582677165
20
0.9993256692913386
11
0.783113779527559
21
0.9993255118110236
0
LINE
8
BLACK
6
CONTINUOUS
10
0.783113779527559
20
0.9993255118110236
11
0.7824540944881889
21
0.9979556692913386
0
LINE
8
BLACK
6
CONTINUOUS
10
0.7824540944881889
20
0.9979556692913386
11
0.7821850393700788
21
0.9974688582677165
0
LINE
8
BLACK
6
CONTINUOUS
10
0.7821850393700788
20
0.9974688582677165
11
0.7813762598425197
21
0.9961816929133858
0
LINE
8
BLACK
6
CONTINUOUS
10
0.7813762598425197
20
0.9961816929133858
11
0.7812071259842519
21
0.9956983464566929
0
LINE
8
BLACK
6
CONTINUOUS
10
0.7812071259842519
20
0.9956983464566929
11
0.7808741338582676
21
0.9947466929133858
0
LINE
8
BLACK
6
CONTINUOUS
10
0.7808741338582676
20
0.9947466929133858
11
0.7806612598425197
21
0.9942327952755905
0
LINE
8
BLACK
6
CONTINUOUS
10
0.7806612598425197
20
0.9942327952755905
11
0.7800016535433071
21
0.9928631496062992
0
LINE
8
BLACK
6
CONTINUOUS
10
0.7800016535433071
20
0.9928631496062992
11
0.7800015748031496
21
0.9928628346456693
0
LINE
8
BLACK
6
CONTINUOUS
10
0.7800015748031496
20
0.9928628346456693
11
0.779663188976378
21
0.9913805118110236
0
LINE
8
BLACK
6
CONTINUOUS
10
0.779663188976378
20
0.9913805118110236
11
0.779509251968504
21
0.9908462598425196
0
LINE
8
BLACK
6
CONTINUOUS
10
0.779509251968504
20
0.9908462598425196
11
0.7790072440944882
21
0.9894115354330708
0
LINE
8
BLACK
6
CONTINUOUS
10
0.7790072440944882
20
0.9894115354330708
11
0.7790071653543307
21
0.9894112598425197
0
LINE
8
BLACK
6
CONTINUOUS
10
0.7790071653543307
20
0.9894112598425197
11
0.7788369291338583
21
0.9879003149606299
0
LINE
8
BLACK
6
CONTINUOUS
10
0.7788369291338583
20
0.9879003149606299
11
0.7787437401574803
21
0.9873520078740158
0
LINE
8
BLACK
6
CONTINUOUS
10
0.7787437401574803
20
0.9873520078740158
11
0.7784055118110236
21
0.9858700393700787
0
LINE
8
BLACK
6
CONTINUOUS
10
0.7784055118110236
20
0.9858700393700787
11
0.7784055118110236
21
0.9800072834645669
0
LINE
8
BLACK
6
CONTINUOUS
10
0.7784055118110236
20
0.9800072834645669
11
0.777618031496063
21
0.9773253543307087
0
LINE
8
BLACK
6
CONTINUOUS
10
0.777618031496063
20
0.9773253543307087
11
0.7764176771653543
21
0.9760361023622047
0
LINE
8
BLACK
6
CONTINUOUS
10
0.7764176771653543
20
0.9760361023622047
11
0.7723125196850393
21
0.9729629921259842
0
LINE
8
BLACK
6
CONTINUOUS
10
0.7723125196850393
20
0.9729629921259842
11
0.7717445669291338
21
0.9722043307086614
0
LINE
8
BLACK
6
CONTINUOUS
10
0.7717445669291338
20
0.9722043307086614
11
0.7695069291338582
21
0.9705292913385827
0
LINE
8
BLACK
6
CONTINUOUS
10
0.7695069291338582
20
0.9705292913385827
11
0.7677734251968503
21
0.9702165354330708
0
LINE
8
BLACK
6
CONTINUOUS
10
0.7677734251968503
20
0.9702165354330708
11
0.6304312992125984
21
0.9702165354330708
0
LINE
8
BLACK
6
CONTINUOUS
10
0.6304312992125984
20
0.9702165354330708
11
0.627173779527559
21
0.9699523622047244
0
LINE
8
BLACK
6
CONTINUOUS
10
0.627173779527559
20
0.9699523622047244
11
0.6255959842519685
21
0.9696947637795276
0
LINE
8
BLACK
6
CONTINUOUS
10
0.6255959842519685
20
0.9696947637795276
11
0.6224233464566929
21
0.9689090551181102
0
LINE
8
BLACK
6
CONTINUOUS
10
0.6224233464566929
20
0.9689090551181102
11
0.6213223622047244
21
0.9683546456692913
0
LINE
8
BLACK
6
CONTINUOUS
10
0.6213223622047244
20
0.9683546456692913
11
0.6172842125984251
21
0.9663212598425197
0
LINE
8
BLACK
6
CONTINUOUS
10
0.6172842125984251
20
0.9663212598425197
11
0.6172841338582677
21
0.966321220472441
0
LINE
8
BLACK
6
CONTINUOUS
10
0.6172841338582677
20
0.966321220472441
11
0.6172840157480315
21
0.9663211417322835
0
LINE
8
BLACK
6
CONTINUOUS
10
0.6172840157480315
20
0.9663211417322835
11
0.617283937007874
21
0.9663211023622047
0
LINE
8
BLACK
6
CONTINUOUS
10
0.617283937007874
20
0.9663211023622047
11
0.6149917716535432
21
0.9647214960629921
0
LINE
8
BLACK
6
CONTINUOUS
10
0.6149917716535432
20
0.9647214960629921
11
0.6149916929133858
21
0.9647214173228347
0
LINE
8
BLACK
6
CONTINUOUS
10
0.6149916929133858
20
0.9647214173228347
11
0.6149916141732283
21
0.9647213779527559
0
LINE
8
BLACK
6
CONTINUOUS
10
0.6149916141732283
20
0.9647213779527559
11
0.61078968503937
21
0.9607904724409448
0
LINE
8
BLACK
6
CONTINUOUS
10
0.61078968503937
20
0.9607904724409448
11
0.6078653543307087
21
0.9558349212598425
0
LINE
8
BLACK
6
CONTINUOUS
10
0.6078653543307087
20
0.9558349212598425
11
0.6078651968503936
21
0.9558346062992126
0
LINE
8
BLACK
6
CONTINUOUS
10
0.6078651968503936
20
0.9558346062992126
11
0.6067941338582677
21
0.9532312598425197
0
LINE
8
BLACK
6
CONTINUOUS
10
0.6067941338582677
20
0.9532312598425197
11
0.6067699606299213
21
0.9531238188976378
0
LINE
8
BLACK
6
CONTINUOUS
10
0.6067699606299213
20
0.9531238188976378
11
0.6053920866141732
21
0.9476712598425197
0
LINE
8
BLACK
6
CONTINUOUS
10
0.6053920866141732
20
0.9476712598425197
11
0.6050772834645669
21
0.9446760629921259
0
LINE
8
BLACK
6
CONTINUOUS
10
0.6050772834645669
20
0.9446760629921259
11
0.6050436614173228
21
0.9444202755905512
0
LINE
8
BLACK
6
CONTINUOUS
10
0.6050436614173228
20
0.9444202755905512
11
0.6050320078740158
21
0.9443466929133858
0
LINE
8
BLACK
6
CONTINUOUS
10
0.6050320078740158
20
0.9443466929133858
11
0.605031968503937
21
0.9443462598425196
0
LINE
8
BLACK
6
CONTINUOUS
10
0.605031968503937
20
0.9443462598425196
11
0.6050144488188977
21
0.9441235826771653
0
LINE
8
BLACK
6
CONTINUOUS
10
0.6050144488188977
20
0.9441235826771653
11
0.6049824803149606
21
0.9438297637795275
0
LINE
8
BLACK
6
CONTINUOUS
10
0.6049824803149606
20
0.9438297637795275
11
0.6049530708661417
21
0.9436183070866142
0
LINE
8
BLACK
6
CONTINUOUS
10
0.6049530708661417
20
0.9436183070866142
11
0.6049291338582677
21
0.9432667322834646
0
LINE
8
BLACK
6
CONTINUOUS
10
0.6049291338582677
20
0.9432667322834646
11
0.604898031496063
21
0.9429708661417323
0
LINE
8
BLACK
6
CONTINUOUS
10
0.604898031496063
20
0.9429708661417323
11
0.6049018503937008
21
0.9426920078740157
0
LINE
8
BLACK
6
CONTINUOUS
10
0.6049018503937008
20
0.9426920078740157
11
0.6047834645669291
21
0.9411866141732284
0
LINE
8
BLACK
6
CONTINUOUS
10
0.6047834645669291
20
0.9411866141732284
11
0.6047834645669291
21
0.9088135039370079
0
LINE
8
BLACK
6
CONTINUOUS
10
0.6047834645669291
20
0.9088135039370079
11
0.6049008661417322
21
0.9073217716535433
0
LINE
8
BLACK
6
CONTINUOUS
10
0.6049008661417322
20
0.9073217716535433
11
0.6048784645669292
21
0.9072152362204724
0
LINE
8
BLACK
6
CONTINUOUS
10
0.6048784645669292
20
0.9072152362204724
11
0.6049941338582677
21
0.9061149212598425
0
LINE
8
BLACK
6
CONTINUOUS
10
0.6049941338582677
20
0.9061149212598425
11
0.6050059842519685
21
0.9059858267716535
0
LINE
8
BLACK
6
CONTINUOUS
10
0.6050059842519685
20
0.9059858267716535
11
0.6050323228346457
21
0.9056509842519684
0
LINE
8
BLACK
6
CONTINUOUS
10
0.6050323228346457
20
0.9056509842519684
11
0.6050435433070867
21
0.9055801968503937
0
LINE
8
BLACK
6
CONTINUOUS
10
0.6050435433070867
20
0.9055801968503937
11
0.6050772834645669
21
0.9053238188976378
0
LINE
8
BLACK
6
CONTINUOUS
10
0.6050772834645669
20
0.9053238188976378
11
0.6054175196850393
21
0.9020867322834646
0
LINE
8
BLACK
6
CONTINUOUS
10
0.6054175196850393
20
0.9020867322834646
11
0.6057480314960629
21
0.9
0
LINE
8
BLACK
6
CONTINUOUS
10
0.6057480314960629
20
0.9
11
0.6054175196850393
21
0.8979133464566929
0
LINE
8
BLACK
6
CONTINUOUS
10
0.6054175196850393
20
0.8979133464566929
11
0.6050773228346457
21
0.8946763779527559
0
LINE
8
BLACK
6
CONTINUOUS
10
0.6050773228346457
20
0.8946763779527559
11
0.6050435826771653
21
0.89442
0
LINE
8
BLACK
6
CONTINUOUS
10
0.6050435826771653
20
0.89442
11
0.6050321259842519
21
0.8943477559055117
0
LINE
8
BLACK
6
CONTINUOUS
10
0.6050321259842519
20
0.8943477559055117
11
0.6050320078740158
21
0.8943467322834645
0
LINE
8
BLACK
6
CONTINUOUS
10
0.6050320078740158
20
0.8943467322834645
11
0.6050144094488189
21
0.8941231889763779
0
LINE
8
BLACK
6
CONTINUOUS
10
0.6050144094488189
20
0.8941231889763779
11
0.6049825196850394
21
0.8938301574803149
0
LINE
8
BLACK
6
CONTINUOUS
10
0.6049825196850394
20
0.8938301574803149
11
0.6049530708661417
21
0.8936184251968504
0
LINE
8
BLACK
6
CONTINUOUS
10
0.6049530708661417
20
0.8936184251968504
11
0.6049291338582677
21
0.893266653543307
0
LINE
8
BLACK
6
CONTINUOUS
10
0.6049291338582677
20
0.893266653543307
11
0.604898031496063
21
0.8929707874015748
0
LINE
8
BLACK
6
CONTINUOUS
10
0.604898031496063
20
0.8929707874015748
11
0.6049018503937008
21
0.8926919291338582
0
LINE
8
BLACK
6
CONTINUOUS
10
0.6049018503937008
20
0.8926919291338582
11
0.6047834645669291
21
0.8911866141732283
0
LINE
8
BLACK
6
CONTINUOUS
10
0.6047834645669291
20
0.8911866141732283
11
0.6047834645669291
21
0.8799602362204724
0
LINE
8
BLACK
6
CONTINUOUS
10
0.6047834645669291
20
0.8799602362204724
11
0.6052454724409448
21
0.8756631496062992
0
LINE
8
BLACK
6
CONTINUOUS
10
0.6052454724409448
20
0.8756631496062992
11
0.6052454724409448
21
0.8756629921259842
0
LINE
8
BLACK
6
CONTINUOUS
10
0.6052454724409448
20
0.8756629921259842
11
0.6056935826771653
21
0.8736031102362205
0
LINE
8
BLACK
6
CONTINUOUS
10
0.6056935826771653
20
0.8736031102362205
11
0.6056938188976377
21
0.8736022834645669
0
LINE
8
BLACK
6
CONTINUOUS
10
0.6056938188976377
20
0.8736022834645669
11
0.6070585826771654
21
0.8695017716535433
0
LINE
8
BLACK
6
CONTINUOUS
10
0.6070585826771654
20
0.8695017716535433
11
0.6101696850393701
21
0.8646608267716536
0
LINE
8
BLACK
6
CONTINUOUS
10
0.6101696850393701
20
0.8646608267716536
11
0.6119124409448818
21
0.8626495669291339
0
LINE
8
BLACK
6
CONTINUOUS
10
0.6119124409448818
20
0.8626495669291339
11
0.6119840551181103
21
0.8625622047244095
0
LINE
8
BLACK
6
CONTINUOUS
10
0.6119840551181103
20
0.8625622047244095
11
0.6163487401574803
21
0.8587802755905511
0
LINE
8
BLACK
6
CONTINUOUS
10
0.6163487401574803
20
0.8587802755905511
11
0.6163488582677166
21
0.8587801968503936
0
LINE
8
BLACK
6
CONTINUOUS
10
0.6163488582677166
20
0.8587801968503936
11
0.6215830708661417
21
0.8563898031496063
0
LINE
8
BLACK
6
CONTINUOUS
10
0.6215830708661417
20
0.8563898031496063
11
0.6242646456692913
21
0.8556024409448819
0
LINE
8
BLACK
6
CONTINUOUS
10
0.6242646456692913
20
0.8556024409448819
11
0.6242649212598425
21
0.8556023622047244
0
LINE
8
BLACK
6
CONTINUOUS
10
0.6242649212598425
20
0.8556023622047244
11
0.6261635433070866
21
0.8553293700787401
0
LINE
8
BLACK
6
CONTINUOUS
10
0.6261635433070866
20
0.8553293700787401
11
0.6299606299212598
21
0.8547834645669291
0
LINE
8
BLACK
6
CONTINUOUS
10
0.6299606299212598
20
0.8547834645669291
11
0.7747617322834646
21
0.8547834645669291
0
LINE
8
BLACK
6
CONTINUOUS
10
0.7747617322834646
20
0.8547834645669291
11
0.776553779527559
21
0.8543261023622047
0
LINE
8
BLACK
6
CONTINUOUS
10
0.776553779527559
20
0.8543261023622047
11
0.7765887007874016
21
0.85441968503937
0
LINE
8
BLACK
6
CONTINUOUS
10
0.7765887007874016
20
0.85441968503937
11
0.7823147637795276
21
0.8522838976377952
0
LINE
8
BLACK
6
CONTINUOUS
10
0.7823147637795276
20
0.8522838976377952
11
0.7823150787401575
21
0.8522838188976378
0
LINE
8
BLACK
6
CONTINUOUS
10
0.7823150787401575
20
0.8522838188976378
11
0.7846988188976378
21
0.8520275590551181
0
LINE
8
BLACK
6
CONTINUOUS
10
0.7846988188976378
20
0.8520275590551181
11
0.7846992913385826
21
0.8520275590551181
0
LINE
8
BLACK
6
CONTINUOUS
10
0.7846992913385826
20
0.8520275590551181
11
0.8357735826771653
21
0.8520275590551181
0
LINE
8
BLACK
6
CONTINUOUS
10
0.8357735826771653
20
0.8520275590551181
11
0.8381573228346456
21
0.8522838188976378
0
LINE
8
BLACK
6
CONTINUOUS
10
0.8381573228346456
20
0.8522838188976378
11
0.8381576377952755
21
0.8522838976377952
0
LINE
8
BLACK
6
CONTINUOUS
10
0.8381576377952755
20
0.8522838976377952
11
0.8435512598425197
21
0.8542956692913386
0
LINE
8
BLACK
6
CONTINUOUS
10
0.8435512598425197
20
0.8542956692913386
11
0.8435514566929133
21
0.854295748031496
0
LINE
8
BLACK
6
CONTINUOUS
10
0.8435514566929133
20
0.854295748031496
11
0.8481598818897638
21
0.857745590551181
0
LINE
8
BLACK
6
CONTINUOUS
10
0.8481598818897638
20
0.857745590551181
11
0.8516097244094488
21
0.8623540157480315
0
LINE
8
BLACK
6
CONTINUOUS
10
0.8516097244094488
20
0.8623540157480315
11
0.8516098031496063
21
0.8623542125984252
0
LINE
8
BLACK
6
CONTINUOUS
10
0.8516098031496063
20
0.8623542125984252
11
0.85172
21
0.8626495669291339
0
LINE
8
BLACK
6
CONTINUOUS
10
0.85172
20
0.8626495669291339
11
0.8536216141732283
21
0.8677479921259842
0
LINE
8
BLACK
6
CONTINUOUS
10
0.8536216141732283
20
0.8677479921259842
11
0.8536216535433071
21
0.8677481496062992
0
LINE
8
BLACK
6
CONTINUOUS
10
0.8536216535433071
20
0.8677481496062992
11
0.8538779133858267
21
0.8701318897637795
0
LINE
8
BLACK
6
CONTINUOUS
10
0.8538779133858267
20
0.8701318897637795
11
0.8538779527559055
21
0.8701325590551181
0
LINE
8
BLACK
6
CONTINUOUS
10
0.8538779527559055
20
0.8701325590551181
11
0.8538779527559055
21
0.9605760629921259
0
LINE
8
BLACK
6
CONTINUOUS
10
0.8538779527559055
20
0.9605760629921259
11
0.8538779133858267
21
0.9605767322834645
0
LINE
8
BLACK
6
CONTINUOUS
10
0.8538779133858267
20
0.9605767322834645
11
0.8536216535433071
21
0.9629604724409448
0
LINE
8
BLACK
6
CONTINUOUS
10
0.8536216535433071
20
0.9629604724409448
11
0.8536215748031496
21
0.9629607874015748
0
LINE
8
BLACK
6
CONTINUOUS
10
0.8536215748031496
20
0.9629607874015748
11
0.8524924409448819
21
0.9659880314960629
0
LINE
8
BLACK
6
CONTINUOUS
10
0.8524924409448819
20
0.9659880314960629
11
0.8516098031496063
21
0.9683544881889764
0
LINE
8
BLACK
6
CONTINUOUS
10
0.8516098031496063
20
0.9683544881889764
11
0.8497816929133858
21
0.9707964960629921
0
LINE
8
BLACK
6
CONTINUOUS
10
0.8497816929133858
20
0.9707964960629921
11
0.8488048818897638
21
0.9734153937007873
0
LINE
8
BLACK
6
CONTINUOUS
10
0.8488048818897638
20
0.9734153937007873
11
0.8493990157480314
21
0.9761466535433071
0
LINE
8
BLACK
6
CONTINUOUS
10
0.8493990157480314
20
0.9761466535433071
11
0.8502451968503937
21
0.9772770078740157
0
LINE
8
BLACK
6
CONTINUOUS
10
0.8502451968503937
20
0.9772770078740157
11
0.8798152362204724
21
1.0068470472440945
0
LINE
8
BLACK
6
CONTINUOUS
10
0.8798152362204724
20
1.0068470472440945
11
0.8822684645669291
21
1.0081866535433071
0
LINE
8
BLACK
6
CONTINUOUS
10
0.8822684645669291
20
1.0081866535433071
11
0.8850564566929133
21
1.0079872440944881
0
LINE
8
BLACK
6
CONTINUOUS
10
0.8850564566929133
20
1.0079872440944881
11
0.887294094488189
21
1.0063121653543308
0
LINE
8
BLACK
6
CONTINUOUS
10
0.887294094488189
20
1.0063121653543308
11
0.887970748031496
21
1.0050729921259842
0
LINE
8
BLACK
6
CONTINUOUS
10
0.887970748031496
20
1.0050729921259842
11
0.8897484645669291
21
1.0003068897637795
0
LINE
8
BLACK
6
CONTINUOUS
10
0.8897484645669291
20
1.0003068897637795
11
0.8897485039370079
21
1.0003067716535432
0
LINE
8
BLACK
6
CONTINUOUS
10
0.8897485039370079
20
1.0003067716535432
11
0.8931983464566929
21
0.9956983464566929
0
LINE
8
BLACK
6
CONTINUOUS
10
0.8931983464566929
20
0.9956983464566929
11
0.8978067716535433
21
0.9922485039370078
0
LINE
8
BLACK
6
CONTINUOUS
10
0.8978067716535433
20
0.9922485039370078
11
0.897806968503937
21
0.9922484251968504
0
LINE
8
BLACK
6
CONTINUOUS
10
0.897806968503937
20
0.9922484251968504
11
0.9032005905511811
21
0.990236653543307
0
LINE
8
BLACK
6
CONTINUOUS
10
0.9032005905511811
20
0.990236653543307
11
0.903200905511811
21
0.9902365748031496
0
LINE
8
BLACK
6
CONTINUOUS
10
0.903200905511811
20
0.9902365748031496
11
0.9055846456692913
21
0.9899803149606299
0
LINE
8
BLACK
6
CONTINUOUS
10
0.9055846456692913
20
0.9899803149606299
11
0.9055851181102362
21
0.9899803149606299
0
LINE
8
BLACK
6
CONTINUOUS
10
0.9055851181102362
20
0.9899803149606299
11
0.9444153149606299
21
0.9899803149606299
0
LINE
8
BLACK
6
CONTINUOUS
10
0.9444153149606299
20
0.9899803149606299
11
0.9467990551181102
21
0.9902365748031496
0
LINE
8
BLACK
6
CONTINUOUS
10
0.9467990551181102
20
0.9902365748031496
11
0.9467993700787402
21
0.990236653543307
0
LINE
8
BLACK
6
CONTINUOUS
10
0.9467993700787402
20
0.990236653543307
11
0.9521929921259842
21
0.9922484251968504
0
LINE
8
BLACK
6
CONTINUOUS
10
0.9521929921259842
20
0.9922484251968504
11
0.9521931889763779
21
0.9922485039370078
0
LINE
8
BLACK
6
CONTINUOUS
10
0.9521931889763779
20
0.9922485039370078
11
0.9568016141732283
21
0.9956983464566929
0
LINE
8
BLACK
6
CONTINUOUS
10
0.9568016141732283
20
0.9956983464566929
11
0.9585288188976377
21
0.9980056299212599
0
LINE
8
BLACK
6
CONTINUOUS
10
0.9585288188976377
20
0.9980056299212599
11
0.9607664566929134
21
0.9996807086614173
0
LINE
8
BLACK
6
CONTINUOUS
10
0.9607664566929134
20
0.9996807086614173
11
0.9635544881889764
21
0.9998800787401575
0
LINE
8
BLACK
6
CONTINUOUS
10
0.9635544881889764
20
0.9998800787401575
11
0.966007716535433
21
0.9985405118110235
0
LINE
8
BLACK
6
CONTINUOUS
10
0.966007716535433
20
0.9985405118110235
11
0.9664711811023622
21
0.9980056299212599
0
LINE
8
BLACK
6
CONTINUOUS
10
0.9664711811023622
20
0.9980056299212599
11
0.967179842519685
21
0.9970589763779527
0
LINE
8
BLACK
6
CONTINUOUS
10
0.967179842519685
20
0.9970589763779527
11
0.968156653543307
21
0.9944400787401575
0
LINE
8
BLACK
6
CONTINUOUS
10
0.968156653543307
20
0.9944400787401575
11
0.9681692913385826
21
0.9940861811023621
0
LINE
8
BLACK
6
CONTINUOUS
10
0.9681692913385826
20
0.9940861811023621
11
0.9681692913385826
21
0.9835608267716536
0
LINE
8
BLACK
6
CONTINUOUS
10
0.9681692913385826
20
0.9835608267716536
11
0.967381811023622
21
0.9808788976377952
0
LINE
8
BLACK
6
CONTINUOUS
10
0.967381811023622
20
0.9808788976377952
11
0.9652693700787401
21
0.9790484645669291
0
LINE
8
BLACK
6
CONTINUOUS
10
0.9652693700787401
20
0.9790484645669291
11
0.9637388582677165
21
0.9786286220472441
0
LINE
8
BLACK
6
CONTINUOUS
10
0.9637388582677165
20
0.9786286220472441
11
0.9630405118110236
21
0.9785535433070865
0
LINE
8
BLACK
6
CONTINUOUS
10
0.9630405118110236
20
0.9785535433070865
11
0.9618426377952756
21
0.9784248031496062
0
LINE
8
BLACK
6
CONTINUOUS
10
0.9618426377952756
20
0.9784248031496062
11
0.9618423228346457
21
0.9784247244094488
0
LINE
8
BLACK
6
CONTINUOUS
10
0.9618423228346457
20
0.9784247244094488
11
0.9588948818897638
21
0.9773253543307087
0
LINE
8
BLACK
6
CONTINUOUS
10
0.9588948818897638
20
0.9773253543307087
11
0.9564486614173228
21
0.9764129527559054
0
LINE
8
BLACK
6
CONTINUOUS
10
0.9564486614173228
20
0.9764129527559054
11
0.9564485826771654
21
0.9764129133858267
0
LINE
8
BLACK
6
CONTINUOUS
10
0.9564485826771654
20
0.9764129133858267
11
0.9564485039370079
21
0.9764128740157481
0
LINE
8
BLACK
6
CONTINUOUS
10
0.9564485039370079
20
0.9764128740157481
11
0.9518400787401574
21
0.972963031496063
0
LINE
8
BLACK
6
CONTINUOUS
10
0.9518400787401574
20
0.972963031496063
11
0.9483902362204725
21
0.9683546062992126
0
LINE
8
BLACK
6
CONTINUOUS
10
0.9483902362204725
20
0.9683546062992126
11
0.948390157480315
21
0.9683544094488189
0
LINE
8
BLACK
6
CONTINUOUS
10
0.948390157480315
20
0.9683544094488189
11
0.9463783858267716
21
0.9629607874015748
0
LINE
8
BLACK
6
CONTINUOUS
10
0.9463783858267716
20
0.9629607874015748
11
0.9463783070866142
21
0.9629604724409448
0
LINE
8
BLACK
6
CONTINUOUS
10
0.9463783070866142
20
0.9629604724409448
11
0.9461220472440944
21
0.9605767322834645
0
LINE
8
BLACK
6
CONTINUOUS
10
0.9461220472440944
20
0.9605767322834645
11
0.9461220472440944
21
0.8701318897637795
0
LINE
8
BLACK
6
CONTINUOUS
10
0.9461220472440944
20
0.8701318897637795
11
0.9463783070866142
21
0.8677481496062992
0
LINE
8
BLACK
6
CONTINUOUS
10
0.9463783070866142
20
0.8677481496062992
11
0.9463783858267716
21
0.8677478346456693
0
LINE
8
BLACK
6
CONTINUOUS
10
0.9463783858267716
20
0.8677478346456693
11
0.948390157480315
21
0.8623542125984252
0
LINE
8
BLACK
6
CONTINUOUS
10
0.948390157480315
20
0.8623542125984252
11
0.9483902362204725
21
0.8623540157480315
0
LINE
8
BLACK
6
CONTINUOUS
10
0.9483902362204725
20
0.8623540157480315
11
0.9518400787401574
21
0.857745590551181
0
LINE
8
BLACK
6
CONTINUOUS
10
0.9518400787401574
20
0.857745590551181
11
0.9527956692913385
21
0.8570302755905511
0
LINE
8
BLACK
6
CONTINUOUS
10
0.9527956692913385
20
0.8570302755905511
11
0.9544707086614173
21
0.8547926377952756
0
LINE
8
BLACK
6
CONTINUOUS
10
0.9544707086614173
20
0.8547926377952756
11
0.9547834645669291
21
0.8530591338582677
0
LINE
8
BLACK
6
CONTINUOUS
10
0.9547834645669291
20
0.8530591338582677
11
0.9547834645669291
21
0.8520540551181102
0
LINE
8
BLACK
6
CONTINUOUS
10
0.9547834645669291
20
0.8520540551181102
11
0.9548991732283464
21
0.8498948425196851
0
LINE
8
BLACK
6
CONTINUOUS
10
0.9548991732283464
20
0.8498948425196851
11
0.9548993307086614
21
0.8498927952755906
0
LINE
8
BLACK
6
CONTINUOUS
10
0.9548993307086614
20
0.8498927952755906
11
0.9550125196850393
21
0.8488399606299213
0
LINE
8
BLACK
6
CONTINUOUS
10
0.9550125196850393
20
0.8488399606299213
11
0.9550125984251968
21
0.8488395275590551
0
LINE
8
BLACK
6
CONTINUOUS
10
0.9550125984251968
20
0.8488395275590551
11
0.9553588188976377
21
0.8467029527559055
0
LINE
8
BLACK
6
CONTINUOUS
10
0.9553588188976377
20
0.8467029527559055
11
0.955358937007874
21
0.8467024803149606
0
LINE
8
BLACK
6
CONTINUOUS
10
0.955358937007874
20
0.8467024803149606
11
0.95736968503937
21
0.8413115748031496
0
LINE
8
BLACK
6
CONTINUOUS
10
0.95736968503937
20
0.8413115748031496
11
0.957369842519685
21
0.8413111811023621
0
LINE
8
BLACK
6
CONTINUOUS
10
0.957369842519685
20
0.8413111811023621
11
0.9587094881889764
21
0.8388579133858267
0
LINE
8
BLACK
6
CONTINUOUS
10
0.9587094881889764
20
0.8388579133858267
11
0.9621575590551181
21
0.834251968503937
0
LINE
8
BLACK
6
CONTINUOUS
10
0.9621575590551181
20
0.834251968503937
11
0.9621579527559055
21
0.8342514960629921
0
LINE
8
BLACK
6
CONTINUOUS
10
0.9621579527559055
20
0.8342514960629921
11
0.9677246456692913
21
0.828684842519685
0
LINE
8
BLACK
6
CONTINUOUS
10
0.9677246456692913
20
0.828684842519685
11
0.9690642519685039
21
0.8262316141732283
0
LINE
8
BLACK
6
CONTINUOUS
10
0.9690642519685039
20
0.8262316141732283
11
0.968864842519685
21
0.8234436220472441
0
LINE
8
BLACK
6
CONTINUOUS
10
0.968864842519685
20
0.8234436220472441
11
0.9671897637795276
21
0.8212059842519684
0
LINE
8
BLACK
6
CONTINUOUS
10
0.9671897637795276
20
0.8212059842519684
11
0.9645708661417323
21
0.8202291732283464
0
LINE
8
BLACK
6
CONTINUOUS
10
0.9645708661417323
20
0.8202291732283464
11
0.964216968503937
21
0.8202165354330708
0
LINE
8
BLACK
6
CONTINUOUS
10
0.964216968503937
20
0.8202165354330708
11
0.7799606299212598
21
0.8202165354330708
0
LINE
8
BLACK
6
CONTINUOUS
10
0.7799606299212598
20
0.8202165354330708
11
0.7799602755905511
21
0.8202164960629921
0
LINE
8
BLACK
6
CONTINUOUS
10
0.7799602755905511
20
0.8202164960629921
11
0.7799602362204724
21
0.8202164960629921
0
LINE
8
BLACK
6
CONTINUOUS
10
0.7799602362204724
20
0.8202164960629921
11
0.7797163779527558
21
0.8201902755905511
0
LINE
8
BLACK
6
CONTINUOUS
10
0.7797163779527558
20
0.8201902755905511
11
0.7756634251968504
21
0.8197545669291338
0
LINE
8
BLACK
6
CONTINUOUS
10
0.7756634251968504
20
0.8197545669291338
11
0.7756630708661417
21
0.8197544881889763
0
LINE
8
BLACK
6
CONTINUOUS
10
0.7756630708661417
20
0.8197544881889763
11
0.7756629921259842
21
0.8197544881889763
0
LINE
8
BLACK
6
CONTINUOUS
10
0.7756629921259842
20
0.8197544881889763
11
0.7742387007874015
21
0.8194446456692913
0
LINE
8
BLACK
6
CONTINUOUS
10
0.7742387007874015
20
0.8194446456692913
11
0.773602716535433
21
0.8193062992125985
0
LINE
8
BLACK
6
CONTINUOUS
10
0.773602716535433
20
0.8193062992125985
11
0.7715383070866142
21
0.8186191732283464
0
LINE
8
BLACK
6
CONTINUOUS
10
0.7715383070866142
20
0.8186191732283464
11
0.7695017716535433
21
0.8179413779527559
0
LINE
8
BLACK
6
CONTINUOUS
10
0.7695017716535433
20
0.8179413779527559
11
0.7695016929133858
21
0.8179413385826771
0
LINE
8
BLACK
6
CONTINUOUS
10
0.7695016929133858
20
0.8179413385826771
11
0.7646609448818897
21
0.8148303937007874
0
LINE
8
BLACK
6
CONTINUOUS
10
0.7646609448818897
20
0.8148303937007874
11
0.7646608661417322
21
0.8148303149606299
0
LINE
8
BLACK
6
CONTINUOUS
10
0.7646608661417322
20
0.8148303149606299
11
0.7646607874015748
21
0.8148302755905512
0
LINE
8
BLACK
6
CONTINUOUS
10
0.7646607874015748
20
0.8148302755905512
11
0.7626496062992126
21
0.8130875590551181
0
LINE
8
BLACK
6
CONTINUOUS
10
0.7626496062992126
20
0.8130875590551181
11
0.7625620866141732
21
0.813015748031496
0
LINE
8
BLACK
6
CONTINUOUS
10
0.7625620866141732
20
0.813015748031496
11
0.7587802755905512
21
0.808651220472441
0
LINE
8
BLACK
6
CONTINUOUS
10
0.7587802755905512
20
0.808651220472441
11
0.7587801968503937
21
0.8086511023622047
0
LINE
8
BLACK
6
CONTINUOUS
10
0.7587801968503937
20
0.8086511023622047
11
0.7563898031496062
21
0.8034168897637796
0
LINE
8
BLACK
6
CONTINUOUS
10
0.7563898031496062
20
0.8034168897637796
11
0.7561074803149607
21
0.8024553149606299
0
LINE
8
BLACK
6
CONTINUOUS
10
0.7561074803149607
20
0.8024553149606299
11
0.7556023622047244
21
0.800735
0
LINE
8
BLACK
6
CONTINUOUS
10
0.7556023622047244
20
0.800735
11
0.7547834645669291
21
0.7950393700787401
0
LINE
8
BLACK
6
CONTINUOUS
10
0.7547834645669291
20
0.7950393700787401
11
0.7547834645669291
21
0.7950392125984251
0
LINE
8
BLACK
6
CONTINUOUS
10
0.7547834645669291
20
0.7950392125984251
11
0.7547834645669291
21
0.5270542125984252
0
LINE
8
BLACK
6
CONTINUOUS
10
0.7547834645669291
20
0.5270542125984252
11
0.7547834251968504
21
0.5270542125984252
0
LINE
8
BLACK
6
CONTINUOUS
10
0.7547834251968504
20
0.5270542125984252
11
0.7548992519685039
21
0.5248938976377953
0
LINE
8
BLACK
6
CONTINUOUS
10
0.7548992519685039
20
0.5248938976377953
11
0.7550127559055118
21
0.5238383858267717
0
LINE
8
BLACK
6
CONTINUOUS
10
0.7550127559055118
20
0.5238383858267717
11
0.755012874015748
21
0.5238377165354331
0
LINE
8
BLACK
6
CONTINUOUS
10
0.755012874015748
20
0.5238377165354331
11
0.7553588188976378
21
0.5217029921259843
0
LINE
8
BLACK
6
CONTINUOUS
10
0.7553588188976378
20
0.5217029921259843
11
0.7573697637795276
21
0.5163114173228346
0
LINE
8
BLACK
6
CONTINUOUS
10
0.7573697637795276
20
0.5163114173228346
11
0.7587092913385827
21
0.5138582677165354
0
LINE
8
BLACK
6
CONTINUOUS
10
0.7587092913385827
20
0.5138582677165354
11
0.7621578346456692
21
0.5092516141732283
0
LINE
8
BLACK
6
CONTINUOUS
10
0.7621578346456692
20
0.5092516141732283
11
0.7621579527559055
21
0.5092514960629921
0
LINE
8
BLACK
6
CONTINUOUS
10
0.7621579527559055
20
0.5092514960629921
11
0.7679214960629921
21
0.5034879921259843
0
LINE
8
BLACK
6
CONTINUOUS
10
0.7679214960629921
20
0.5034879921259843
11
0.7692611023622047
21
0.5010347637795275
0
LINE
8
BLACK
6
CONTINUOUS
10
0.7692611023622047
20
0.5010347637795275
11
0.7690616929133858
21
0.4982467716535433
0
LINE
8
BLACK
6
CONTINUOUS
10
0.7690616929133858
20
0.4982467716535433
11
0.7673866141732283
21
0.4960091338582677
0
LINE
8
BLACK
6
CONTINUOUS
10
0.7673866141732283
20
0.4960091338582677
11
0.7647677165354331
21
0.4950323228346457
0
LINE
8
BLACK
6
CONTINUOUS
10
0.7647677165354331
20
0.4950323228346457
11
0.7644138188976378
21
0.49501968503937
0
LINE
8
BLACK
6
CONTINUOUS
10
0.7644138188976378
20
0.49501968503937
11
0.7299408661417323
21
0.49501968503937
0
LINE
8
BLACK
6
CONTINUOUS
10
0.7299408661417323
20
0.49501968503937
11
0.727258937007874
21
0.4958071653543307
0
LINE
8
BLACK
6
CONTINUOUS
10
0.727258937007874
20
0.4958071653543307
11
0.7254285039370079
21
0.4979196062992126
0
LINE
8
BLACK
6
CONTINUOUS
10
0.7254285039370079
20
0.4979196062992126
11
0.7250307086614173
21
0.5006862992125984
0
LINE
8
BLACK
6
CONTINUOUS
10
0.7250307086614173
20
0.5006862992125984
11
0.7261918897637795
21
0.5032288188976378
0
LINE
8
BLACK
6
CONTINUOUS
10
0.7261918897637795
20
0.5032288188976378
11
0.7269680708661417
21
0.5039514960629922
0
LINE
8
BLACK
6
CONTINUOUS
10
0.7269680708661417
20
0.5039514960629922
11
0.7293016141732284
21
0.5056983464566929
0
LINE
8
BLACK
6
CONTINUOUS
10
0.7293016141732284
20
0.5056983464566929
11
0.7327514566929134
21
0.5103067716535433
0
LINE
8
BLACK
6
CONTINUOUS
10
0.7327514566929134
20
0.5103067716535433
11
0.7327515354330708
21
0.510306968503937
0
LINE
8
BLACK
6
CONTINUOUS
10
0.7327515354330708
20
0.510306968503937
11
0.7329582283464566
21
0.510861062992126
0
LINE
8
BLACK
6
CONTINUOUS
10
0.7329582283464566
20
0.510861062992126
11
0.7340761417322834
21
0.5138582677165354
0
LINE
8
BLACK
6
CONTINUOUS
10
0.7340761417322834
20
0.5138582677165354
11
0.7347633070866142
21
0.5157005905511811
0
LINE
8
BLACK
6
CONTINUOUS
10
0.7347633070866142
20
0.5157005905511811
11
0.7347633858267716
21
0.515700905511811
0
LINE
8
BLACK
6
CONTINUOUS
10
0.7347633858267716
20
0.515700905511811
11
0.7350196456692913
21
0.5180846456692914
0
LINE
8
BLACK
6
CONTINUOUS
10
0.7350196456692913
20
0.5180846456692914
11
0.7350196850393701
21
0.5180853149606299
0
LINE
8
BLACK
6
CONTINUOUS
10
0.7350196850393701
20
0.5180853149606299
11
0.7350196850393701
21
0.5569146456692913
0
LINE
8
BLACK
6
CONTINUOUS
10
0.7350196850393701
20
0.5569146456692913
11
0.7350196456692913
21
0.55691531496063
0
LINE
8
BLACK
6
CONTINUOUS
10
0.7350196456692913
20
0.55691531496063
11
0.7347633858267716
21
0.5592990551181102
0
LINE
8
BLACK
6
CONTINUOUS
10
0.7347633858267716
20
0.5592990551181102
11
0.7347633070866142
21
0.5592993700787402
0
LINE
8
BLACK
6
CONTINUOUS
10
0.7347633070866142
20
0.5592993700787402
11
0.7341797244094488
21
0.5608640157480315
0
LINE
8
BLACK
6
CONTINUOUS
10
0.7341797244094488
20
0.5608640157480315
11
0.7327515354330708
21
0.5646930708661417
0
LINE
8
BLACK
6
CONTINUOUS
10
0.7327515354330708
20
0.5646930708661417
11
0.7293016141732284
21
0.5693016141732283
0
LINE
8
BLACK
6
CONTINUOUS
10
0.7293016141732284
20
0.5693016141732283
11
0.7246930708661418
21
0.5727515354330709
0
LINE
8
BLACK
6
CONTINUOUS
10
0.7246930708661418
20
0.5727515354330709
11
0.719299251968504
21
0.5747633464566929
0
LINE
8
BLACK
6
CONTINUOUS
10
0.719299251968504
20
0.5747633464566929
11
0.7192991732283465
21
0.5747633464566929
0
LINE
8
BLACK
6
CONTINUOUS
10
0.7192991732283465
20
0.5747633464566929
11
0.7192990551181102
21
0.5747633858267717
0
LINE
8
BLACK
6
CONTINUOUS
10
0.7192990551181102
20
0.5747633858267717
11
0.7169153149606299
21
0.5750196456692913
0
LINE
8
BLACK
6
CONTINUOUS
10
0.7169153149606299
20
0.5750196456692913
11
0.716915157480315
21
0.5750196456692913
0
LINE
8
BLACK
6
CONTINUOUS
10
0.716915157480315
20
0.5750196456692913
11
0.7169148818897637
21
0.5750196850393701
0
LINE
8
BLACK
6
CONTINUOUS
10
0.7169148818897637
20
0.5750196850393701
11
0.6580851181102362
21
0.5750196850393701
0
LINE
8
BLACK
6
CONTINUOUS
10
0.6580851181102362
20
0.5750196850393701
11
0.658084842519685
21
0.5750196456692913
0
LINE
8
BLACK
6
CONTINUOUS
10
0.658084842519685
20
0.5750196456692913
11
0.6580846456692914
21
0.5750196456692913
0
LINE
8
BLACK
6
CONTINUOUS
10
0.6580846456692914
20
0.5750196456692913
11
0.655700905511811
21
0.5747633858267717
0
LINE
8
BLACK
6
CONTINUOUS
10
0.655700905511811
20
0.5747633858267717
11
0.6557005905511811
21
0.5747633070866142
0
LINE
8
BLACK
6
CONTINUOUS
10
0.6557005905511811
20
0.5747633070866142
11
0.652632874015748
21
0.5736190551181102
0
LINE
8
BLACK
6
CONTINUOUS
10
0.652632874015748
20
0.5736190551181102
11
0.6503069291338582
21
0.5727515354330709
0
LINE
8
BLACK
6
CONTINUOUS
10
0.6503069291338582
20
0.5727515354330709
11
0.6503068503937007
21
0.5727514960629921
0
LINE
8
BLACK
6
CONTINUOUS
10
0.6503068503937007
20
0.5727514960629921
11
0.6503067716535433
21
0.5727514566929134
0
LINE
8
BLACK
6
CONTINUOUS
10
0.6503067716535433
20
0.5727514566929134
11
0.6456983464566929
21
0.5693016141732283
0
LINE
8
BLACK
6
CONTINUOUS
10
0.6456983464566929
20
0.5693016141732283
11
0.6422485039370078
21
0.564693188976378
0
LINE
8
BLACK
6
CONTINUOUS
10
0.6422485039370078
20
0.564693188976378
11
0.6422484251968503
21
0.5646929921259842
0
LINE
8
BLACK
6
CONTINUOUS
10
0.6422484251968503
20
0.5646929921259842
11
0.6402366535433071
21
0.5592993700787402
0
LINE
8
BLACK
6
CONTINUOUS
10
0.6402366535433071
20
0.5592993700787402
11
0.6402365748031495
21
0.5592990551181102
0
LINE
8
BLACK
6
CONTINUOUS
10
0.6402365748031495
20
0.5592990551181102
11
0.6399803149606299
21
0.55691531496063
0
LINE
8
BLACK
6
CONTINUOUS
10
0.6399803149606299
20
0.55691531496063
11
0.6399803149606299
21
0.5205861023622047
0
LINE
8
BLACK
6
CONTINUOUS
10
0.6399803149606299
20
0.5205861023622047
11
0.6391928346456692
21
0.5179041732283465
0
LINE
8
BLACK
6
CONTINUOUS
10
0.6391928346456692
20
0.5179041732283465
11
0.6370803937007874
21
0.5160737401574803
0
LINE
8
BLACK
6
CONTINUOUS
10
0.6370803937007874
20
0.5160737401574803
11
0.6343137007874016
21
0.5156759448818897
0
LINE
8
BLACK
6
CONTINUOUS
10
0.6343137007874016
20
0.5156759448818897
11
0.6317711811023622
21
0.5168371259842519
0
LINE
8
BLACK
6
CONTINUOUS
10
0.6317711811023622
20
0.5168371259842519
11
0.6315123228346456
21
0.5170781102362204
0
LINE
8
BLACK
6
CONTINUOUS
10
0.6315123228346456
20
0.5170781102362204
11
0.6016694094488189
21
0.5469209842519684
0
LINE
8
BLACK
6
CONTINUOUS
10
0.6016694094488189
20
0.5469209842519684
11
0.600329842519685
21
0.5493742125984252
0
LINE
8
BLACK
6
CONTINUOUS
10
0.600329842519685
20
0.5493742125984252
11
0.6002164960629921
21
0.5504286614173228
0
LINE
8
BLACK
6
CONTINUOUS
10
0.6002164960629921
20
0.5504286614173228
11
0.6002164960629921
21
0.5750196850393701
0
LINE
8
BLACK
6
CONTINUOUS
10
0.6002164960629921
20
0.5750196850393701
11
0.6002165354330709
21
0.6679452362204724
0
LINE
8
BLACK
6
CONTINUOUS
10
0.6002165354330709
20
0.6679452362204724
11
0.600100748031496
21
0.6701059448818898
0
LINE
8
BLACK
6
CONTINUOUS
10
0.600100748031496
20
0.6701059448818898
11
0.6000583070866141
21
0.6705005905511811
0
LINE
8
BLACK
6
CONTINUOUS
10
0.6000583070866141
20
0.6705005905511811
11
0.5999874409448819
21
0.6711599606299212
0
LINE
8
BLACK
6
CONTINUOUS
10
0.5999874409448819
20
0.6711599606299212
11
0.5999874015748031
21
0.6711603937007874
0
LINE
8
BLACK
6
CONTINUOUS
10
0.5999874015748031
20
0.6711603937007874
11
0.5996411023622047
21
0.673297283464567
0
LINE
8
BLACK
6
CONTINUOUS
10
0.5996411023622047
20
0.673297283464567
11
0.5976301574803149
21
0.6786886614173229
0
LINE
8
BLACK
6
CONTINUOUS
10
0.5976301574803149
20
0.6786886614173229
11
0.5962905511811023
21
0.6811418897637795
0
LINE
8
BLACK
6
CONTINUOUS
10
0.5962905511811023
20
0.6811418897637795
11
0.5928422834645669
21
0.6857481889763779
0
LINE
8
BLACK
6
CONTINUOUS
10
0.5928422834645669
20
0.6857481889763779
11
0.5724568503937008
21
0.7061335039370079
0
LINE
8
BLACK
6
CONTINUOUS
10
0.5724568503937008
20
0.7061335039370079
11
0.5711173228346457
21
0.7085867716535433
0
LINE
8
BLACK
6
CONTINUOUS
10
0.5711173228346457
20
0.7085867716535433
11
0.571003937007874
21
0.7096412204724409
0
LINE
8
BLACK
6
CONTINUOUS
10
0.571003937007874
20
0.7096412204724409
11
0.571003937007874
21
0.7096988188976378
0
LINE
8
BLACK
6
CONTINUOUS
10
0.571003937007874
20
0.7096988188976378
11
0.571003937007874
21
0.941087874015748
0
LINE
8
BLACK
6
CONTINUOUS
10
0.571003937007874
20
0.941087874015748
11
0.5710038976377952
21
0.9410885433070866
0
LINE
8
BLACK
6
CONTINUOUS
10
0.5710038976377952
20
0.9410885433070866
11
0.5707476377952756
21
0.9434722834645669
0
LINE
8
BLACK
6
CONTINUOUS
10
0.5707476377952756
20
0.9434722834645669
11
0.5707475984251968
21
0.9434723228346457
0
LINE
8
BLACK
6
CONTINUOUS
10
0.5707475984251968
20
0.9434723228346457
11
0.5707475984251968
21
0.9434724803149606
0
LINE
8
BLACK
6
CONTINUOUS
10
0.5707475984251968
20
0.9434724803149606
11
0.5704558661417323
21
0.9442545275590551
0
LINE
8
BLACK
6
CONTINUOUS
10
0.5704558661417323
20
0.9442545275590551
11
0.5701715354330709
21
0.9454579133858267
0
LINE
8
BLACK
6
CONTINUOUS
10
0.5701715354330709
20
0.9454579133858267
11
0.5697545275590551
21
0.9493367716535432
0
LINE
8
BLACK
6
CONTINUOUS
10
0.5697545275590551
20
0.9493367716535432
11
0.5697544881889763
21
0.949336968503937
0
LINE
8
BLACK
6
CONTINUOUS
10
0.5697544881889763
20
0.949336968503937
11
0.5693063779527558
21
0.9513968503937008
0
LINE
8
BLACK
6
CONTINUOUS
10
0.5693063779527558
20
0.9513968503937008
11
0.5693062992125985
21
0.9513972834645669
0
LINE
8
BLACK
6
CONTINUOUS
10
0.5693062992125985
20
0.9513972834645669
11
0.5679413385826771
21
0.9554983070866142
0
LINE
8
BLACK
6
CONTINUOUS
10
0.5679413385826771
20
0.9554983070866142
11
0.5648303937007874
21
0.9603390551181102
0
LINE
8
BLACK
6
CONTINUOUS
10
0.5648303937007874
20
0.9603390551181102
11
0.563086811023622
21
0.9623512204724409
0
LINE
8
BLACK
6
CONTINUOUS
10
0.563086811023622
20
0.9623512204724409
11
0.5630156692913386
21
0.9624379527559055
0
LINE
8
BLACK
6
CONTINUOUS
10
0.5630156692913386
20
0.9624379527559055
11
0.5599993700787401
21
0.9650514960629921
0
LINE
8
BLACK
6
CONTINUOUS
10
0.5599993700787401
20
0.9650514960629921
11
0.5586511417322835
21
0.9662197637795276
0
LINE
8
BLACK
6
CONTINUOUS
10
0.5586511417322835
20
0.9662197637795276
11
0.5534169291338582
21
0.968610157480315
0
LINE
8
BLACK
6
CONTINUOUS
10
0.5534169291338582
20
0.968610157480315
11
0.550735
21
0.9693976377952755
0
LINE
8
BLACK
6
CONTINUOUS
10
0.550735
20
0.9693976377952755
11
0.5450393700787401
21
0.9702165354330708
0
LINE
8
BLACK
6
CONTINUOUS
10
0.5450393700787401
20
0.9702165354330708
11
0.5450392125984251
21
0.9702165354330708
0
LINE
8
BLACK
6
CONTINUOUS
10
0.5450392125984251
20
0.9702165354330708
11
0.4104287401574803
21
0.9702165354330708
0
LINE
8
BLACK
6
CONTINUOUS
10
0.4104287401574803
20
0.9702165354330708
11
0.407746811023622
21
0.9710040157480315
0
LINE
8
BLACK
6
CONTINUOUS
10
0.407746811023622
20
0.9710040157480315
11
0.406921062992126
21
0.9716694488188976
0
LINE
8
BLACK
6
CONTINUOUS
10
0.406921062992126
20
0.9716694488188976
11
0.3995420078740157
21
0.9790484645669291
0
LINE
8
BLACK
6
CONTINUOUS
10
0.3995420078740157
20
0.9790484645669291
11
0.3966694488188977
21
0.9819209448818897
0
LINE
8
BLACK
6
CONTINUOUS
10
0.3966694488188977
20
0.9819209448818897
11
0.3953299212598425
21
0.9843741732283464
0
LINE
8
BLACK
6
CONTINUOUS
10
0.3953299212598425
20
0.9843741732283464
11
0.3952165354330708
21
0.9854286614173228
0
LINE
8
BLACK
6
CONTINUOUS
10
0.3952165354330708
20
0.9854286614173228
11
0.3952165354330708
21
1.0700391338582678
0
LINE
8
BLACK
6
CONTINUOUS
10
0.3952165354330708
20
1.0700391338582678
11
0.3952164960629921
21
1.0700397244094488
0
LINE
8
BLACK
6
CONTINUOUS
10
0.3952164960629921
20
1.0700397244094488
11
0.3949920078740157
21
1.0721278346456693
0
LINE
8
BLACK
6
CONTINUOUS
10
0.3949920078740157
20
1.0721278346456693
11
0.3947545669291339
21
1.0743365748031495
0
LINE
8
BLACK
6
CONTINUOUS
10
0.3947545669291339
20
1.0743365748031495
11
0.3943062992125984
21
1.076397283464567
0
LINE
8
BLACK
6
CONTINUOUS
10
0.3943062992125984
20
1.076397283464567
11
0.3929413385826772
21
1.0804983070866141
0
LINE
8
BLACK
6
CONTINUOUS
10
0.3929413385826772
20
1.0804983070866141
11
0.3898303937007874
21
1.0853390551181101
0
LINE
8
BLACK
6
CONTINUOUS
10
0.3898303937007874
20
1.0853390551181101
11
0.388086811023622
21
1.0873512204724409
0
LINE
8
BLACK
6
CONTINUOUS
10
0.388086811023622
20
1.0873512204724409
11
0.3880156692913386
21
1.0874379527559055
0
LINE
8
BLACK
6
CONTINUOUS
10
0.3880156692913386
20
1.0874379527559055
11
0.3836512204724409
21
1.0912196850393701
0
LINE
8
BLACK
6
CONTINUOUS
10
0.3836512204724409
20
1.0912196850393701
11
0.3836511417322834
21
1.0912197637795276
0
LINE
8
BLACK
6
CONTINUOUS
10
0.3836511417322834
20
1.0912197637795276
11
0.3784169291338583
21
1.093610157480315
0
LINE
8
BLACK
6
CONTINUOUS
10
0.3784169291338583
20
1.093610157480315
11
0.375735
21
1.0943976377952755
0
LINE
8
BLACK
6
CONTINUOUS
10
0.375735
20
1.0943976377952755
11
0.3700393700787402
21
1.0952165354330707
0
LINE
8
BLACK
6
CONTINUOUS
10
0.3700393700787402
20
1.0952165354330707
11
0.2799606299212599
21
1.0952165354330707
0
LINE
8
BLACK
6
CONTINUOUS
10
0.2799606299212599
20
1.0952165354330707
11
0.2799602755905512
21
1.0952164960629922
0
LINE
8
BLACK
6
CONTINUOUS
10
0.2799602755905512
20
1.0952164960629922
11
0.2799602362204724
21
1.0952164960629922
0
LINE
8
BLACK
6
CONTINUOUS
10
0.2799602362204724
20
1.0952164960629922
11
0.2797163779527559
21
1.0951902755905512
0
LINE
8
BLACK
6
CONTINUOUS
10
0.2797163779527559
20
1.0951902755905512
11
0.2756634251968504
21
1.0947545669291339
0
LINE
8
BLACK
6
CONTINUOUS
10
0.2756634251968504
20
1.0947545669291339
11
0.2756630708661417
21
1.0947544881889764
0
LINE
8
BLACK
6
CONTINUOUS
10
0.2756630708661417
20
1.0947544881889764
11
0.2756629921259842
21
1.0947544881889764
0
LINE
8
BLACK
6
CONTINUOUS
10
0.2756629921259842
20
1.0947544881889764
11
0.2742387007874016
21
1.0944446456692913
0
LINE
8
BLACK
6
CONTINUOUS
10
0.2742387007874016
20
1.0944446456692913
11
0.2736027165354331
21
1.0943062992125985
0
LINE
8
BLACK
6
CONTINUOUS
10
0.2736027165354331
20
1.0943062992125985
11
0.2715383070866142
21
1.0936191732283465
0
LINE
8
BLACK
6
CONTINUOUS
10
0.2715383070866142
20
1.0936191732283465
11
0.2695017716535433
21
1.0929413779527559
0
LINE
8
BLACK
6
CONTINUOUS
10
0.2695017716535433
20
1.0929413779527559
11
0.2695016929133858
21
1.0929413385826772
0
LINE
8
BLACK
6
CONTINUOUS
10
0.2695016929133858
20
1.0929413385826772
11
0.2646609448818897
21
1.0898303937007874
0
LINE
8
BLACK
6
CONTINUOUS
10
0.2646609448818897
20
1.0898303937007874
11
0.2646608661417323
21
1.0898303149606299
0
LINE
8
BLACK
6
CONTINUOUS
10
0.2646608661417323
20
1.0898303149606299
11
0.2646607874015748
21
1.0898302755905511
0
LINE
8
BLACK
6
CONTINUOUS
10
0.2646607874015748
20
1.0898302755905511
11
0.2626496062992126
21
1.088087559055118
0
LINE
8
BLACK
6
CONTINUOUS
10
0.2626496062992126
20
1.088087559055118
11
0.2625620866141732
21
1.088015748031496
0
LINE
8
BLACK
6
CONTINUOUS
10
0.2625620866141732
20
1.088015748031496
11
0.2587802755905512
21
1.0836512204724409
0
LINE
8
BLACK
6
CONTINUOUS
10
0.2587802755905512
20
1.0836512204724409
11
0.2587801968503937
21
1.0836511023622046
0
LINE
8
BLACK
6
CONTINUOUS
10
0.2587801968503937
20
1.0836511023622046
11
0.2563898031496063
21
1.0784168897637796
0
LINE
8
BLACK
6
CONTINUOUS
10
0.2563898031496063
20
1.0784168897637796
11
0.255972125984252
21
1.0769943700787401
0
LINE
8
BLACK
6
CONTINUOUS
10
0.255972125984252
20
1.0769943700787401
11
0.2556023622047244
21
1.0757349999999999
0
LINE
8
BLACK
6
CONTINUOUS
10
0.2556023622047244
20
1.0757349999999999
11
0.2547834645669291
21
1.0700393700787401
0
LINE
8
BLACK
6
CONTINUOUS
10
0.2547834645669291
20
1.0700393700787401
11
0.2547834645669291
21
1.0700392125984253
0
LINE
8
BLACK
6
CONTINUOUS
10
0.2547834645669291
20
1.0700392125984253
11
0.2547834645669291
21
0.8604286220472441
0
LINE
8
BLACK
6
CONTINUOUS
10
0.2547834645669291
20
0.8604286220472441
11
0.2539959842519685
21
0.8577466929133858
0
LINE
8
BLACK
6
CONTINUOUS
10
0.2539959842519685
20
0.8577466929133858
11
0.2533305118110236
21
0.8569209448818897
0
LINE
8
BLACK
6
CONTINUOUS
10
0.2533305118110236
20
0.8569209448818897
11
0.2180790551181102
21
0.8216694881889763
0
LINE
8
BLACK
6
CONTINUOUS
10
0.2180790551181102
20
0.8216694881889763
11
0.2156258267716535
21
0.8203298818897637
0
LINE
8
BLACK
6
CONTINUOUS
10
0.2156258267716535
20
0.8203298818897637
11
0.2145713779527559
21
0.8202165354330708
0
LINE
8
BLACK
6
CONTINUOUS
10
0.2145713779527559
20
0.8202165354330708
11
0.1299606299212598
21
0.8202165354330708
0
LINE
8
BLACK
6
CONTINUOUS
10
0.1299606299212598
20
0.8202165354330708
11
0.1299602755905512
21
0.8202164960629921
0
LINE
8
BLACK
6
CONTINUOUS
10
0.1299602755905512
20
0.8202164960629921
11
0.1299602362204724
21
0.8202164960629921
0
LINE
8
BLACK
6
CONTINUOUS
10
0.1299602362204724
20
0.8202164960629921
11
0.1297163779527559
21
0.8201902755905511
0
LINE
8
BLACK
6
CONTINUOUS
10
0.1297163779527559
20
0.8201902755905511
11
0.1256634251968504
21
0.8197545669291338
0
LINE
8
BLACK
6
CONTINUOUS
10
0.1256634251968504
20
0.8197545669291338
11
0.1256630708661417
21
0.8197544881889763
0
LINE
8
BLACK
6
CONTINUOUS
10
0.1256630708661417
20
0.8197544881889763
11
0.1256629921259843
21
0.8197544881889763
0
LINE
8
BLACK
6
CONTINUOUS
10
0.1256629921259843
20
0.8197544881889763
11
0.1242387007874016
21
0.8194446456692913
0
LINE
8
BLACK
6
CONTINUOUS
10
0.1242387007874016
20
0.8194446456692913
11
0.1236027165354331
21
0.8193062992125985
0
LINE
8
BLACK
6
CONTINUOUS
10
0.1236027165354331
20
0.8193062992125985
11
0.1215383070866142
21
0.8186191732283464
0
LINE
8
BLACK
6
CONTINUOUS
10
0.1215383070866142
20
0.8186191732283464
11
0.1195017716535433
21
0.8179413779527559
0
LINE
8
BLACK
6
CONTINUOUS
10
0.1195017716535433
20
0.8179413779527559
11
0.1195016929133858
21
0.8179413385826771
0
LINE
8
BLACK
6
CONTINUOUS
10
0.1195016929133858
20
0.8179413385826771
11
0.1146609448818898
21
0.8148303937007874
0
LINE
8
BLACK
6
CONTINUOUS
10
0.1146609448818898
20
0.8148303937007874
11
0.1146608661417323
21
0.8148303149606299
0
LINE
8
BLACK
6
CONTINUOUS
10
0.1146608661417323
20
0.8148303149606299
11
0.1146607874015748
21
0.8148302755905512
0
LINE
8
BLACK
6
CONTINUOUS
10
0.1146607874015748
20
0.8148302755905512
11
0.1126496062992126
21
0.8130875590551181
0
LINE
8
BLACK
6
CONTINUOUS
10
0.1126496062992126
20
0.8130875590551181
11
0.1125620866141732
21
0.813015748031496
0
LINE
8
BLACK
6
CONTINUOUS
10
0.1125620866141732
20
0.813015748031496
11
0.1087802755905512
21
0.808651220472441
0
LINE
8
BLACK
6
CONTINUOUS
10
0.1087802755905512
20
0.808651220472441
11
0.1087801968503937
21
0.8086511023622047
0
LINE
8
BLACK
6
CONTINUOUS
10
0.1087801968503937
20
0.8086511023622047
11
0.1063898031496063
21
0.8034168897637796
0
LINE
8
BLACK
6
CONTINUOUS
10
0.1063898031496063
20
0.8034168897637796
11
0.1061074803149606
21
0.8024553149606299
0
LINE
8
BLACK
6
CONTINUOUS
10
0.1061074803149606
20
0.8024553149606299
11
0.1056023622047244
21
0.800735
0
LINE
8
BLACK
6
CONTINUOUS
10
0.1056023622047244
20
0.800735
11
0.1047834645669291
21
0.7950393700787401
0
LINE
8
BLACK
6
CONTINUOUS
10
0.1047834645669291
20
0.7950393700787401
11
0.1047834645669291
21
0.7950392125984251
0
LINE
8
BLACK
6
CONTINUOUS
10
0.1047834645669291
20
0.7950392125984251
11
0.1047834645669291
21
0.7874136220472441
0
LINE
8
BLACK
6
CONTINUOUS
10
0.1047834645669291
20
0.7874136220472441
11
0.1041766141732283
21
0.7850361417322834
0
LINE
8
BLACK
6
CONTINUOUS
10
0.1041766141732283
20
0.7850361417322834
11
0.1040983858267717
21
0.7848929133858268
0
LINE
8
BLACK
6
CONTINUOUS
10
0.1040983858267717
20
0.7848929133858268
11
0.1020866535433071
21
0.7794993700787402
0
LINE
8
BLACK
6
CONTINUOUS
10
0.1020866535433071
20
0.7794993700787402
11
0.1020865748031496
21
0.7794990551181102
0
LINE
8
BLACK
6
CONTINUOUS
10
0.1020865748031496
20
0.7794990551181102
11
0.1018303149606299
21
0.7771153149606299
0
LINE
8
BLACK
6
CONTINUOUS
10
0.1018303149606299
20
0.7771153149606299
11
0.1018303149606299
21
0.6728846456692913
0
LINE
8
BLACK
6
CONTINUOUS
10
0.1018303149606299
20
0.6728846456692913
11
0.1020865748031496
21
0.670500905511811
0
LINE
8
BLACK
6
CONTINUOUS
10
1.4215172047244093
20
0.3277701181102362
11
1.5328393307086614
21
0.3277701181102362
0
LINE
8
BLACK
6
CONTINUOUS
10
1.5328393307086614
20
0.3277701181102362
11
1.5328393307086614
21
0.8465335826771654
0
LINE
8
BLACK
6
CONTINUOUS
10
1.5328393307086614
20
0.8465335826771654
11
1.4215172047244093
21
0.8465335826771654
0
LINE
8
BLACK
6
CONTINUOUS
10
1.4215172047244093
20
0.8465335826771654
11
1.4215172047244093
21
0.3277701181102362
0
LINE
8
BLACK
6
CONTINUOUS
10
0.6099609842519685
20
0.7073150787401574
11
0.6099610629921259
21
0.7073147637795275
0
LINE
8
BLACK
6
CONTINUOUS
10
0.6099610629921259
20
0.7073147637795275
11
0.6119728346456693
21
0.7019211417322835
0
LINE
8
BLACK
6
CONTINUOUS
10
0.6119728346456693
20
0.7019211417322835
11
0.6119729133858267
21
0.7019209448818897
0
LINE
8
BLACK
6
CONTINUOUS
10
0.6119729133858267
20
0.7019209448818897
11
0.6154227559055118
21
0.6973125196850394
0
LINE
8
BLACK
6
CONTINUOUS
10
0.6154227559055118
20
0.6973125196850394
11
0.6200311811023622
21
0.6938626771653543
0
LINE
8
BLACK
6
CONTINUOUS
10
0.6200311811023622
20
0.6938626771653543
11
0.6200313779527559
21
0.6938625984251968
0
LINE
8
BLACK
6
CONTINUOUS
10
0.6200313779527559
20
0.6938625984251968
11
0.625425
21
0.6918508267716535
0
LINE
8
BLACK
6
CONTINUOUS
10
0.625425
20
0.6918508267716535
11
0.6254253149606299
21
0.691850748031496
0
LINE
8
BLACK
6
CONTINUOUS
10
0.6254253149606299
20
0.691850748031496
11
0.6278090551181102
21
0.6915944881889764
0
LINE
8
BLACK
6
CONTINUOUS
10
0.6278090551181102
20
0.6915944881889764
11
0.6278095275590551
21
0.6915944881889764
0
LINE
8
BLACK
6
CONTINUOUS
10
0.6278095275590551
20
0.6915944881889764
11
0.7182538976377952
21
0.6915944881889764
0
LINE
8
BLACK
6
CONTINUOUS
10
0.7182538976377952
20
0.6915944881889764
11
0.7206376377952756
21
0.691850748031496
0
LINE
8
BLACK
6
CONTINUOUS
10
0.7206376377952756
20
0.691850748031496
11
0.7206379527559055
21
0.6918508267716535
0
LINE
8
BLACK
6
CONTINUOUS
10
0.7206379527559055
20
0.6918508267716535
11
0.7260315748031496
21
0.6938625984251968
0
LINE
8
BLACK
6
CONTINUOUS
10
0.7260315748031496
20
0.6938625984251968
11
0.7260317716535433
21
0.6938626771653543
0
LINE
8
BLACK
6
CONTINUOUS
10
0.7260317716535433
20
0.6938626771653543
11
0.7306401968503937
21
0.6973125196850394
0
LINE
8
BLACK
6
CONTINUOUS
10
0.7306401968503937
20
0.6973125196850394
11
0.7340900393700788
21
0.7019209448818897
0
LINE
8
BLACK
6
CONTINUOUS
10
0.7340900393700788
20
0.7019209448818897
11
0.7340901181102362
21
0.7019211417322835
0
LINE
8
BLACK
6
CONTINUOUS
10
0.7340901181102362
20
0.7019211417322835
11
0.7361018897637795
21
0.7073147637795275
0
LINE
8
BLACK
6
CONTINUOUS
10
0.7361018897637795
20
0.7073147637795275
11
0.7361019685039369
21
0.7073150787401574
0
LINE
8
BLACK
6
CONTINUOUS
10
0.7361019685039369
20
0.7073150787401574
11
0.7363582283464567
21
0.7096988188976378
0
LINE
8
BLACK
6
CONTINUOUS
10
0.7363582283464567
20
0.7096988188976378
11
0.7363582677165355
21
0.7096994881889763
0
LINE
8
BLACK
6
CONTINUOUS
10
0.7363582677165355
20
0.7096994881889763
11
0.7363582677165355
21
0.7607729133858268
0
LINE
8
BLACK
6
CONTINUOUS
10
0.7363582677165355
20
0.7607729133858268
11
0.7363582283464567
21
0.7607735826771653
0
LINE
8
BLACK
6
CONTINUOUS
10
0.7363582283464567
20
0.7607735826771653
11
0.7361019685039369
21
0.7631573228346457
0
LINE
8
BLACK
6
CONTINUOUS
10
0.7361019685039369
20
0.7631573228346457
11
0.7361018897637795
21
0.7631576377952756
0
LINE
8
BLACK
6
CONTINUOUS
10
0.7361018897637795
20
0.7631576377952756
11
0.7358251968503937
21
0.7638994094488188
0
LINE
8
BLACK
6
CONTINUOUS
10
0.7358251968503937
20
0.7638994094488188
11
0.7340901181102362
21
0.7685513385826771
0
LINE
8
BLACK
6
CONTINUOUS
10
0.7340901181102362
20
0.7685513385826771
11
0.7306401968503937
21
0.7731598818897638
0
LINE
8
BLACK
6
CONTINUOUS
10
0.7306401968503937
20
0.7731598818897638
11
0.7260316535433071
21
0.7766098031496063
0
LINE
8
BLACK
6
CONTINUOUS
10
0.7260316535433071
20
0.7766098031496063
11
0.7206378346456693
21
0.7786216141732283
0
LINE
8
BLACK
6
CONTINUOUS
10
0.7206378346456693
20
0.7786216141732283
11
0.7206377559055118
21
0.7786216141732283
0
LINE
8
BLACK
6
CONTINUOUS
10
0.7206377559055118
20
0.7786216141732283
11
0.7206376377952756
21
0.778621653543307
0
LINE
8
BLACK
6
CONTINUOUS
10
0.7206376377952756
20
0.778621653543307
11
0.7182538976377952
21
0.7788779133858268
0
LINE
8
BLACK
6
CONTINUOUS
10
0.7182538976377952
20
0.7788779133858268
11
0.7182537401574803
21
0.7788779133858268
0
LINE
8
BLACK
6
CONTINUOUS
10
0.7182537401574803
20
0.7788779133858268
11
0.7182534645669291
21
0.7788779527559055
0
LINE
8
BLACK
6
CONTINUOUS
10
0.7182534645669291
20
0.7788779527559055
11
0.6278095275590551
21
0.7788779527559055
0
LINE
8
BLACK
6
CONTINUOUS
10
0.6278095275590551
20
0.7788779527559055
11
0.6278092519685039
21
0.7788779133858268
0
LINE
8
BLACK
6
CONTINUOUS
10
0.6278092519685039
20
0.7788779133858268
11
0.6278090551181102
21
0.7788779133858268
0
LINE
8
BLACK
6
CONTINUOUS
10
0.6278090551181102
20
0.7788779133858268
11
0.6254253149606299
21
0.778621653543307
0
LINE
8
BLACK
6
CONTINUOUS
10
0.6254253149606299
20
0.778621653543307
11
0.625425
21
0.7786215748031496
0
LINE
8
BLACK
6
CONTINUOUS
10
0.625425
20
0.7786215748031496
11
0.6223572834645669
21
0.7774773228346457
0
LINE
8
BLACK
6
CONTINUOUS
10
0.6223572834645669
20
0.7774773228346457
11
0.6200313385826771
21
0.7766098031496063
0
LINE
8
BLACK
6
CONTINUOUS
10
0.6200313385826771
20
0.7766098031496063
11
0.6200312598425197
21
0.7766097637795275
0
LINE
8
BLACK
6
CONTINUOUS
10
0.6200312598425197
20
0.7766097637795275
11
0.6200311811023622
21
0.7766097244094488
0
LINE
8
BLACK
6
CONTINUOUS
10
0.6200311811023622
20
0.7766097244094488
11
0.6154227559055118
21
0.7731598818897638
0
LINE
8
BLACK
6
CONTINUOUS
10
0.6154227559055118
20
0.7731598818897638
11
0.6119729133858267
21
0.7685514566929134
0
LINE
8
BLACK
6
CONTINUOUS
10
0.6119729133858267
20
0.7685514566929134
11
0.6119728346456693
21
0.7685512598425197
0
LINE
8
BLACK
6
CONTINUOUS
10
0.6119728346456693
20
0.7685512598425197
11
0.6099610629921259
21
0.7631576377952756
0
LINE
8
BLACK
6
CONTINUOUS
10
0.6099610629921259
20
0.7631576377952756
11
0.6099609842519685
21
0.7631573228346457
0
LINE
8
BLACK
6
CONTINUOUS
10
0.6099609842519685
20
0.7631573228346457
11
0.6097047244094488
21
0.7607735826771653
0
LINE
8
BLACK
6
CONTINUOUS
10
0.6097047244094488
20
0.7607735826771653
11
0.6097047244094488
21
0.7096988188976378
0
LINE
8
BLACK
6
CONTINUOUS
10
0.6097047244094488
20
0.7096988188976378
11
0.6099609842519685
21
0.7073150787401574
0
LINE
8
BLACK
6
CONTINUOUS
10
1.4215172047244093
20
0.8681071653543306
11
1.5328393307086614
21
0.8681071653543306
0
LINE
8
BLACK
6
CONTINUOUS
10
1.5328393307086614
20
0.8681071653543306
11
1.5328393307086614
21
1.2662453543307086
0
LINE
8
BLACK
6
CONTINUOUS
10
1.5328393307086614
20
1.2662453543307086
11
1.4215172047244093
21
1.2662453543307086
0
LINE
8
BLACK
6
CONTINUOUS
10
1.4215172047244093
20
1.2662453543307086
11
1.4215172047244093
21
0.8681071653543306
0
LINE
8
BLACK
6
CONTINUOUS
10
0.6777365748031496
20
1.440700905511811
11
0.677736653543307
21
1.4407005905511812
0
LINE
8
BLACK
6
CONTINUOUS
10
0.677736653543307
20
1.4407005905511812
11
0.6797484251968504
21
1.435306968503937
0
LINE
8
BLACK
6
CONTINUOUS
10
0.6797484251968504
20
1.435306968503937
11
0.6797485039370078
21
1.4353067716535433
0
LINE
8
BLACK
6
CONTINUOUS
10
0.6797485039370078
20
1.4353067716535433
11
0.6831983464566929
21
1.4306983464566929
0
LINE
8
BLACK
6
CONTINUOUS
10
0.6831983464566929
20
1.4306983464566929
11
0.6878067716535433
21
1.4272485039370078
0
LINE
8
BLACK
6
CONTINUOUS
10
0.6878067716535433
20
1.4272485039370078
11
0.687806968503937
21
1.4272484251968505
0
LINE
8
BLACK
6
CONTINUOUS
10
0.687806968503937
20
1.4272484251968505
11
0.6932005905511811
21
1.425236653543307
0
LINE
8
BLACK
6
CONTINUOUS
10
0.6932005905511811
20
1.425236653543307
11
0.693200905511811
21
1.4252365748031495
0
LINE
8
BLACK
6
CONTINUOUS
10
0.693200905511811
20
1.4252365748031495
11
0.6955846456692913
21
1.4249803149606299
0
LINE
8
BLACK
6
CONTINUOUS
10
0.6955846456692913
20
1.4249803149606299
11
0.6955851181102362
21
1.4249803149606299
0
LINE
8
BLACK
6
CONTINUOUS
10
0.6955851181102362
20
1.4249803149606299
11
0.7338011417322835
21
1.4249803149606299
0
LINE
8
BLACK
6
CONTINUOUS
10
0.7338011417322835
20
1.4249803149606299
11
0.7364830708661417
21
1.4241928346456694
0
LINE
8
BLACK
6
CONTINUOUS
10
0.7364830708661417
20
1.4241928346456694
11
0.7373088582677165
21
1.4235273622047244
0
LINE
8
BLACK
6
CONTINUOUS
10
0.7373088582677165
20
1.4235273622047244
11
0.7567570866141732
21
1.4040790551181102
0
LINE
8
BLACK
6
CONTINUOUS
10
0.7567570866141732
20
1.4040790551181102
11
0.7571590551181102
21
1.4035773622047243
0
LINE
8
BLACK
6
CONTINUOUS
10
0.7571590551181102
20
1.4035773622047243
11
0.757166653543307
21
1.4035836614173227
0
LINE
8
BLACK
6
CONTINUOUS
10
0.757166653543307
20
1.4035836614173227
11
0.7573654724409449
21
1.4033433070866141
0
LINE
8
BLACK
6
CONTINUOUS
10
0.7573654724409449
20
1.4033433070866141
11
0.7593998425196851
21
1.401432874015748
0
LINE
8
BLACK
6
CONTINUOUS
10
0.7593998425196851
20
1.401432874015748
11
0.7595116535433071
21
1.4013245275590551
0
LINE
8
BLACK
6
CONTINUOUS
10
0.7595116535433071
20
1.4013245275590551
11
0.7603214566929134
21
1.4005147244094487
0
LINE
8
BLACK
6
CONTINUOUS
10
0.7603214566929134
20
1.4005147244094487
11
0.7603215354330708
21
1.4005146850393702
0
LINE
8
BLACK
6
CONTINUOUS
10
0.7603215354330708
20
1.4005146850393702
11
0.76046
21
1.4004072440944881
0
LINE
8
BLACK
6
CONTINUOUS
10
0.76046
20
1.4004072440944881
11
0.7608146062992126
21
1.4001043307086614
0
LINE
8
BLACK
6
CONTINUOUS
10
0.7608146062992126
20
1.4001043307086614
11
0.7621403543307086
21
1.3988594094488189
0
LINE
8
BLACK
6
CONTINUOUS
10
0.7621403543307086
20
1.3988594094488189
11
0.7621404330708661
21
1.3988593307086614
0
LINE
8
BLACK
6
CONTINUOUS
10
0.7621404330708661
20
1.3988593307086614
11
0.7628805905511811
21
1.3984524015748032
0
LINE
8
BLACK
6
CONTINUOUS
10
0.7628805905511811
20
1.3984524015748032
11
0.7635307086614173
21
1.3980253149606299
0
LINE
8
BLACK
6
CONTINUOUS
10
0.7635307086614173
20
1.3980253149606299
11
0.764197874015748
21
1.3975078346456693
0
LINE
8
BLACK
6
CONTINUOUS
10
0.764197874015748
20
1.3975078346456693
11
0.7641982283464567
21
1.3975076377952755
0
LINE
8
BLACK
6
CONTINUOUS
10
0.7641982283464567
20
1.3975076377952755
11
0.7658670866141732
21
1.396785433070866
0
LINE
8
BLACK
6
CONTINUOUS
10
0.7658670866141732
20
1.396785433070866
11
0.7662865748031495
21
1.3965799212598424
0
LINE
8
BLACK
6
CONTINUOUS
10
0.7662865748031495
20
1.3965799212598424
11
0.7667794488188976
21
1.3963089763779528
0
LINE
8
BLACK
6
CONTINUOUS
10
0.7667794488188976
20
1.3963089763779528
11
0.76875031496063
21
1.3943269291338583
0
LINE
8
BLACK
6
CONTINUOUS
10
0.76875031496063
20
1.3943269291338583
11
0.7693503937007874
21
1.3919618897637795
0
LINE
8
BLACK
6
CONTINUOUS
10
0.7693503937007874
20
1.3919618897637795
11
0.7693503937007874
21
1.3356830708661418
0
LINE
8
BLACK
6
CONTINUOUS
10
0.7693503937007874
20
1.3356830708661418
11
0.769606653543307
21
1.3332993307086614
0
LINE
8
BLACK
6
CONTINUOUS
10
0.769606653543307
20
1.3332993307086614
11
0.7696067322834645
21
1.3332990157480316
0
LINE
8
BLACK
6
CONTINUOUS
10
0.7696067322834645
20
1.3332990157480316
11
0.7716185039370078
21
1.3279053937007874
0
LINE
8
BLACK
6
CONTINUOUS
10
0.7716185039370078
20
1.3279053937007874
11
0.7716185826771653
21
1.3279051968503937
0
LINE
8
BLACK
6
CONTINUOUS
10
0.7716185826771653
20
1.3279051968503937
11
0.7750684251968504
21
1.3232967716535433
0
LINE
8
BLACK
6
CONTINUOUS
10
0.7750684251968504
20
1.3232967716535433
11
0.7796768503937007
21
1.3198469291338581
0
LINE
8
BLACK
6
CONTINUOUS
10
0.7796768503937007
20
1.3198469291338581
11
0.7796770472440945
21
1.3198468503937009
0
LINE
8
BLACK
6
CONTINUOUS
10
0.7796770472440945
20
1.3198468503937009
11
0.7850706692913386
21
1.3178350787401574
0
LINE
8
BLACK
6
CONTINUOUS
10
0.7850706692913386
20
1.3178350787401574
11
0.7850709842519685
21
1.3178349999999999
0
LINE
8
BLACK
6
CONTINUOUS
10
0.7850709842519685
20
1.3178349999999999
11
0.7874547244094487
21
1.3175787401574803
0
LINE
8
BLACK
6
CONTINUOUS
10
0.7874547244094487
20
1.3175787401574803
11
0.7874551968503937
21
1.3175787401574803
0
LINE
8
BLACK
6
CONTINUOUS
10
0.7874551968503937
20
1.3175787401574803
11
0.8090012204724409
21
1.3175787401574803
0
LINE
8
BLACK
6
CONTINUOUS
10
0.8090012204724409
20
1.3175787401574803
11
0.8090014960629921
21
1.3175787401574803
0
LINE
8
BLACK
6
CONTINUOUS
10
0.8090014960629921
20
1.3175787401574803
11
0.8090016535433071
21
1.3175787401574803
0
LINE
8
BLACK
6
CONTINUOUS
10
0.8090016535433071
20
1.3175787401574803
11
0.8090021259842519
21
1.3175787795275591
0
LINE
8
BLACK
6
CONTINUOUS
10
0.8090021259842519
20
1.3175787795275591
11
0.8104934645669292
21
1.317739094488189
0
LINE
8
BLACK
6
CONTINUOUS
10
0.8104934645669292
20
1.317739094488189
11
0.811553779527559
21
1.317739094488189
0
LINE
8
BLACK
6
CONTINUOUS
10
0.811553779527559
20
1.317739094488189
11
0.8130450787401574
21
1.3175787795275591
0
LINE
8
BLACK
6
CONTINUOUS
10
0.8130450787401574
20
1.3175787795275591
11
0.8130455511811023
21
1.3175787401574803
0
LINE
8
BLACK
6
CONTINUOUS
10
0.8130455511811023
20
1.3175787401574803
11
0.8130457480314961
21
1.3175787401574803
0
LINE
8
BLACK
6
CONTINUOUS
10
0.8130457480314961
20
1.3175787401574803
11
0.8130460236220473
21
1.3175787401574803
0
LINE
8
BLACK
6
CONTINUOUS
10
0.8130460236220473
20
1.3175787401574803
11
0.8345917716535433
21
1.3175787401574803
0
LINE
8
BLACK
6
CONTINUOUS
10
0.8345917716535433
20
1.3175787401574803
11
0.8345920472440944
21
1.3175787401574803
0
LINE
8
BLACK
6
CONTINUOUS
10
0.8345920472440944
20
1.3175787401574803
11
0.8345922047244094
21
1.3175787401574803
0
LINE
8
BLACK
6
CONTINUOUS
10
0.8345922047244094
20
1.3175787401574803
11
0.8345926771653543
21
1.3175787795275591
0
LINE
8
BLACK
6
CONTINUOUS
10
0.8345926771653543
20
1.3175787795275591
11
0.8360840157480315
21
1.317739094488189
0
LINE
8
BLACK
6
CONTINUOUS
10
0.8360840157480315
20
1.317739094488189
11
0.8371443307086613
21
1.317739094488189
0
LINE
8
BLACK
6
CONTINUOUS
10
0.8371443307086613
20
1.317739094488189
11
0.8386356299212598
21
1.3175787795275591
0
LINE
8
BLACK
6
CONTINUOUS
10
0.8386356299212598
20
1.3175787795275591
11
0.8386361023622048
21
1.3175787401574803
0
LINE
8
BLACK
6
CONTINUOUS
10
0.8386361023622048
20
1.3175787401574803
11
0.8386362992125984
21
1.3175787401574803
0
LINE
8
BLACK
6
CONTINUOUS
10
0.8386362992125984
20
1.3175787401574803
11
0.8386365748031496
21
1.3175787401574803
0
LINE
8
BLACK
6
CONTINUOUS
10
0.8386365748031496
20
1.3175787401574803
11
0.8601823228346457
21
1.3175787401574803
0
LINE
8
BLACK
6
CONTINUOUS
10
0.8601823228346457
20
1.3175787401574803
11
0.8601825984251968
21
1.3175787401574803
0
LINE
8
BLACK
6
CONTINUOUS
10
0.8601825984251968
20
1.3175787401574803
11
0.8601827559055117
21
1.3175787401574803
0
LINE
8
BLACK
6
CONTINUOUS
10
0.8601827559055117
20
1.3175787401574803
11
0.8601832283464567
21
1.3175787795275591
0
LINE
8
BLACK
6
CONTINUOUS
10
0.8601832283464567
20
1.3175787795275591
11
0.8616745669291338
21
1.317739094488189
0
LINE
8
BLACK
6
CONTINUOUS
10
0.8616745669291338
20
1.317739094488189
11
0.8627348818897638
21
1.317739094488189
0
LINE
8
BLACK
6
CONTINUOUS
10
0.8627348818897638
20
1.317739094488189
11
0.8642261811023622
21
1.3175787795275591
0
LINE
8
BLACK
6
CONTINUOUS
10
0.8642261811023622
20
1.3175787795275591
11
0.8642266535433071
21
1.3175787401574803
0
LINE
8
BLACK
6
CONTINUOUS
10
0.8642266535433071
20
1.3175787401574803
11
0.8642268503937007
21
1.3175787401574803
0
LINE
8
BLACK
6
CONTINUOUS
10
0.8642268503937007
20
1.3175787401574803
11
0.864227125984252
21
1.3175787401574803
0
LINE
8
BLACK
6
CONTINUOUS
10
0.864227125984252
20
1.3175787401574803
11
0.885772874015748
21
1.3175787401574803
0
LINE
8
BLACK
6
CONTINUOUS
10
0.885772874015748
20
1.3175787401574803
11
0.8857731496062992
21
1.3175787401574803
0
LINE
8
BLACK
6
CONTINUOUS
10
0.8857731496062992
20
1.3175787401574803
11
0.8857733070866142
21
1.3175787401574803
0
LINE
8
BLACK
6
CONTINUOUS
10
0.8857733070866142
20
1.3175787401574803
11
0.885773779527559
21
1.3175787795275591
0
LINE
8
BLACK
6
CONTINUOUS
10
0.885773779527559
20
1.3175787795275591
11
0.8872651181102362
21
1.317739094488189
0
LINE
8
BLACK
6
CONTINUOUS
10
0.8872651181102362
20
1.317739094488189
11
0.8883254330708661
21
1.317739094488189
0
LINE
8
BLACK
6
CONTINUOUS
10
0.8883254330708661
20
1.317739094488189
11
0.8898167322834646
21
1.3175787795275591
0
LINE
8
BLACK
6
CONTINUOUS
10
0.8898167322834646
20
1.3175787795275591
11
0.8898172047244094
21
1.3175787401574803
0
LINE
8
BLACK
6
CONTINUOUS
10
0.8898172047244094
20
1.3175787401574803
11
0.8898174015748032
21
1.3175787401574803
0
LINE
8
BLACK
6
CONTINUOUS
10
0.8898174015748032
20
1.3175787401574803
11
0.8898176771653543
21
1.3175787401574803
0
LINE
8
BLACK
6
CONTINUOUS
10
0.8898176771653543
20
1.3175787401574803
11
0.9113634251968503
21
1.3175787401574803
0
LINE
8
BLACK
6
CONTINUOUS
10
0.9113634251968503
20
1.3175787401574803
11
0.9113637007874016
21
1.3175787401574803
0
LINE
8
BLACK
6
CONTINUOUS
10
0.9113637007874016
20
1.3175787401574803
11
0.9113638582677165
21
1.3175787401574803
0
LINE
8
BLACK
6
CONTINUOUS
10
0.9113638582677165
20
1.3175787401574803
11
0.9113643307086614
21
1.3175787795275591
0
LINE
8
BLACK
6
CONTINUOUS
10
0.9113643307086614
20
1.3175787795275591
11
0.9128556692913385
21
1.317739094488189
0
LINE
8
BLACK
6
CONTINUOUS
10
0.9128556692913385
20
1.317739094488189
11
0.9139159842519685
21
1.317739094488189
0
LINE
8
BLACK
6
CONTINUOUS
10
0.9139159842519685
20
1.317739094488189
11
0.9154072834645669
21
1.3175787795275591
0
LINE
8
BLACK
6
CONTINUOUS
10
0.9154072834645669
20
1.3175787795275591
11
0.9154077559055118
21
1.3175787401574803
0
LINE
8
BLACK
6
CONTINUOUS
10
0.9154077559055118
20
1.3175787401574803
11
0.9154079527559055
21
1.3175787401574803
0
LINE
8
BLACK
6
CONTINUOUS
10
0.9154079527559055
20
1.3175787401574803
11
0.9154082283464566
21
1.3175787401574803
0
LINE
8
BLACK
6
CONTINUOUS
10
0.9154082283464566
20
1.3175787401574803
11
0.9369539763779527
21
1.3175787401574803
0
LINE
8
BLACK
6
CONTINUOUS
10
0.9369539763779527
20
1.3175787401574803
11
0.9369542519685039
21
1.3175787401574803
0
LINE
8
BLACK
6
CONTINUOUS
10
0.9369542519685039
20
1.3175787401574803
11
0.9369544094488189
21
1.3175787401574803
0
LINE
8
BLACK
6
CONTINUOUS
10
0.9369544094488189
20
1.3175787401574803
11
0.9369548818897637
21
1.3175787795275591
0
LINE
8
BLACK
6
CONTINUOUS
10
0.9369548818897637
20
1.3175787795275591
11
0.938446220472441
21
1.317739094488189
0
LINE
8
BLACK
6
CONTINUOUS
10
0.938446220472441
20
1.317739094488189
11
0.9395065354330708
21
1.317739094488189
0
LINE
8
BLACK
6
CONTINUOUS
10
0.9395065354330708
20
1.317739094488189
11
0.9409978346456692
21
1.3175787795275591
0
LINE
8
BLACK
6
CONTINUOUS
10
0.9409978346456692
20
1.3175787795275591
11
0.9409983070866141
21
1.3175787401574803
0
LINE
8
BLACK
6
CONTINUOUS
10
0.9409983070866141
20
1.3175787401574803
11
0.9409985039370079
21
1.3175787401574803
0
LINE
8
BLACK
6
CONTINUOUS
10
0.9409985039370079
20
1.3175787401574803
11
0.9409987795275591
21
1.3175787401574803
0
LINE
8
BLACK
6
CONTINUOUS
10
0.9409987795275591
20
1.3175787401574803
11
0.9625452362204724
21
1.3175787401574803
0
LINE
8
BLACK
6
CONTINUOUS
10
0.9625452362204724
20
1.3175787401574803
11
0.9649289763779527
21
1.3178349999999999
0
LINE
8
BLACK
6
CONTINUOUS
10
0.9649289763779527
20
1.3178349999999999
11
0.9649292913385826
21
1.3178350787401574
0
LINE
8
BLACK
6
CONTINUOUS
10
0.9649292913385826
20
1.3178350787401574
11
0.9703229133858268
21
1.3198468503937009
0
LINE
8
BLACK
6
CONTINUOUS
10
0.9703229133858268
20
1.3198468503937009
11
0.9703231102362204
21
1.3198469291338581
0
LINE
8
BLACK
6
CONTINUOUS
10
0.9703231102362204
20
1.3198469291338581
11
0.9749315354330709
21
1.3232967716535433
0
LINE
8
BLACK
6
CONTINUOUS
10
0.9749315354330709
20
1.3232967716535433
11
0.9783813779527559
21
1.3279051968503937
0
LINE
8
BLACK
6
CONTINUOUS
10
0.9783813779527559
20
1.3279051968503937
11
0.9783814566929133
21
1.3279053937007874
0
LINE
8
BLACK
6
CONTINUOUS
10
0.9783814566929133
20
1.3279053937007874
11
0.9803932283464567
21
1.3332990157480316
0
LINE
8
BLACK
6
CONTINUOUS
10
0.9803932283464567
20
1.3332990157480316
11
0.9803933070866141
21
1.3332993307086614
0
LINE
8
BLACK
6
CONTINUOUS
10
0.9803933070866141
20
1.3332993307086614
11
0.9806606299212598
21
1.3357861023622046
0
LINE
8
BLACK
6
CONTINUOUS
10
0.9806606299212598
20
1.3357861023622046
11
0.9817302362204724
21
1.3383685039370079
0
LINE
8
BLACK
6
CONTINUOUS
10
0.9817302362204724
20
1.3383685039370079
11
0.9840262204724409
21
1.3399626377952756
0
LINE
8
BLACK
6
CONTINUOUS
10
0.9840262204724409
20
1.3399626377952756
11
0.9855928346456693
21
1.3402165354330708
0
LINE
8
BLACK
6
CONTINUOUS
10
0.9855928346456693
20
1.3402165354330708
11
1.0244730314960631
21
1.3402165354330708
0
LINE
8
BLACK
6
CONTINUOUS
10
1.0244730314960631
20
1.3402165354330708
11
1.0271549606299213
21
1.3394290551181103
0
LINE
8
BLACK
6
CONTINUOUS
10
1.0271549606299213
20
1.3394290551181103
11
1.0289853937007873
21
1.3373166141732282
0
LINE
8
BLACK
6
CONTINUOUS
10
1.0289853937007873
20
1.3373166141732282
11
1.0291208661417321
21
1.3369894881889763
0
LINE
8
BLACK
6
CONTINUOUS
10
1.0291208661417321
20
1.3369894881889763
11
1.0297484251968503
21
1.3353068897637794
0
LINE
8
BLACK
6
CONTINUOUS
10
1.0297484251968503
20
1.3353068897637794
11
1.033198346456693
21
1.3306983464566928
0
LINE
8
BLACK
6
CONTINUOUS
10
1.033198346456693
20
1.3306983464566928
11
1.0378067716535433
21
1.3272485039370079
0
LINE
8
BLACK
6
CONTINUOUS
10
1.0378067716535433
20
1.3272485039370079
11
1.0378069685039371
21
1.3272484251968504
0
LINE
8
BLACK
6
CONTINUOUS
10
1.0378069685039371
20
1.3272484251968504
11
1.043200590551181
21
1.3252366535433071
0
LINE
8
BLACK
6
CONTINUOUS
10
1.043200590551181
20
1.3252366535433071
11
1.043200905511811
21
1.3252365748031496
0
LINE
8
BLACK
6
CONTINUOUS
10
1.043200905511811
20
1.3252365748031496
11
1.0455846456692912
21
1.3249803149606298
0
LINE
8
BLACK
6
CONTINUOUS
10
1.0455846456692912
20
1.3249803149606298
11
1.0455851181102362
21
1.3249803149606298
0
LINE
8
BLACK
6
CONTINUOUS
10
1.0455851181102362
20
1.3249803149606298
11
1.1044153149606299
21
1.3249803149606298
0
LINE
8
BLACK
6
CONTINUOUS
10
1.1044153149606299
20
1.3249803149606298
11
1.1067990551181102
21
1.3252365748031496
0
LINE
8
BLACK
6
CONTINUOUS
10
1.1067990551181102
20
1.3252365748031496
11
1.1067993700787402
21
1.3252366535433071
0
LINE
8
BLACK
6
CONTINUOUS
10
1.1067993700787402
20
1.3252366535433071
11
1.1121929921259843
21
1.3272484251968504
0
LINE
8
BLACK
6
CONTINUOUS
10
1.1121929921259843
20
1.3272484251968504
11
1.1121931889763779
21
1.3272485039370079
0
LINE
8
BLACK
6
CONTINUOUS
10
1.1121931889763779
20
1.3272485039370079
11
1.1168016141732284
21
1.3306983464566928
0
LINE
8
BLACK
6
CONTINUOUS
10
1.1168016141732284
20
1.3306983464566928
11
1.1202514566929134
21
1.3353067716535432
0
LINE
8
BLACK
6
CONTINUOUS
10
1.1202514566929134
20
1.3353067716535432
11
1.1202515354330709
21
1.3353069685039369
0
LINE
8
BLACK
6
CONTINUOUS
10
1.1202515354330709
20
1.3353069685039369
11
1.1204302755905511
21
1.3357861023622046
0
LINE
8
BLACK
6
CONTINUOUS
10
1.1204302755905511
20
1.3357861023622046
11
1.121393464566929
21
1.3383685039370079
0
LINE
8
BLACK
6
CONTINUOUS
10
1.121393464566929
20
1.3383685039370079
11
1.1222633070866141
21
1.3407005905511811
0
LINE
8
BLACK
6
CONTINUOUS
10
1.1222633070866141
20
1.3407005905511811
11
1.1222633858267717
21
1.3407009055118111
0
LINE
8
BLACK
6
CONTINUOUS
10
1.1222633858267717
20
1.3407009055118111
11
1.1225196456692914
21
1.3430846456692913
0
LINE
8
BLACK
6
CONTINUOUS
10
1.1225196456692914
20
1.3430846456692913
11
1.1225196850393702
21
1.3430853149606299
0
LINE
8
BLACK
6
CONTINUOUS
10
1.1225196850393702
20
1.3430853149606299
11
1.1225196850393702
21
1.3819146456692912
0
LINE
8
BLACK
6
CONTINUOUS
10
1.1225196850393702
20
1.3819146456692912
11
1.1225196456692914
21
1.3819153149606298
0
LINE
8
BLACK
6
CONTINUOUS
10
1.1225196456692914
20
1.3819153149606298
11
1.1222633858267717
21
1.3842990551181102
0
LINE
8
BLACK
6
CONTINUOUS
10
1.1222633858267717
20
1.3842990551181102
11
1.1222633070866141
21
1.38429937007874
0
LINE
8
BLACK
6
CONTINUOUS
10
1.1222633070866141
20
1.38429937007874
11
1.1219866141732284
21
1.3850411417322834
0
LINE
8
BLACK
6
CONTINUOUS
10
1.1219866141732284
20
1.3850411417322834
11
1.1202515354330709
21
1.3896930708661417
0
LINE
8
BLACK
6
CONTINUOUS
10
1.1202515354330709
20
1.3896930708661417
11
1.1168016141732284
21
1.3943016141732283
0
LINE
8
BLACK
6
CONTINUOUS
10
1.1168016141732284
20
1.3943016141732283
11
1.1167677952755906
21
1.3943269291338583
0
LINE
8
BLACK
6
CONTINUOUS
10
1.1167677952755906
20
1.3943269291338583
11
1.1144943700787402
21
1.3960288188976377
0
LINE
8
BLACK
6
CONTINUOUS
10
1.1144943700787402
20
1.3960288188976377
11
1.1128192913385826
21
1.3982664566929133
0
LINE
8
BLACK
6
CONTINUOUS
10
1.1128192913385826
20
1.3982664566929133
11
1.1126199212598424
21
1.4010544881889764
0
LINE
8
BLACK
6
CONTINUOUS
10
1.1126199212598424
20
1.4010544881889764
11
1.1139594881889763
21
1.403507716535433
0
LINE
8
BLACK
6
CONTINUOUS
10
1.1139594881889763
20
1.403507716535433
11
1.1144943700787402
21
1.4039711811023621
0
LINE
8
BLACK
6
CONTINUOUS
10
1.1144943700787402
20
1.4039711811023621
11
1.1168016141732284
21
1.4056983464566928
0
LINE
8
BLACK
6
CONTINUOUS
10
1.1168016141732284
20
1.4056983464566928
11
1.1202514566929134
21
1.4103067716535433
0
LINE
8
BLACK
6
CONTINUOUS
10
1.1202514566929134
20
1.4103067716535433
11
1.1202515354330709
21
1.4103069685039369
0
LINE
8
BLACK
6
CONTINUOUS
10
1.1202515354330709
20
1.4103069685039369
11
1.1222633070866141
21
1.415700590551181
0
LINE
8
BLACK
6
CONTINUOUS
10
1.1222633070866141
20
1.415700590551181
11
1.1222633858267717
21
1.415700905511811
0
LINE
8
BLACK
6
CONTINUOUS
10
1.1222633858267717
20
1.415700905511811
11
1.1225196456692914
21
1.4180846456692913
0
LINE
8
BLACK
6
CONTINUOUS
10
1.1225196456692914
20
1.4180846456692913
11
1.1225196850393702
21
1.4180853149606298
0
LINE
8
BLACK
6
CONTINUOUS
10
1.1225196850393702
20
1.4180853149606298
11
1.1225196850393702
21
1.4569146456692914
0
LINE
8
BLACK
6
CONTINUOUS
10
1.1225196850393702
20
1.4569146456692914
11
1.1225196456692914
21
1.45691531496063
0
LINE
8
BLACK
6
CONTINUOUS
10
1.1225196456692914
20
1.45691531496063
11
1.1222633858267717
21
1.4592990551181102
0
LINE
8
BLACK
6
CONTINUOUS
10
1.1222633858267717
20
1.4592990551181102
11
1.1222633070866141
21
1.4592993700787402
0
LINE
8
BLACK
6
CONTINUOUS
10
1.1222633070866141
20
1.4592993700787402
11
1.1219866141732284
21
1.4600411417322834
0
LINE
8
BLACK
6
CONTINUOUS
10
1.1219866141732284
20
1.4600411417322834
11
1.1202515354330709
21
1.4646930708661416
0
LINE
8
BLACK
6
CONTINUOUS
10
1.1202515354330709
20
1.4646930708661416
11
1.1168016141732284
21
1.4693016141732282
0
LINE
8
BLACK
6
CONTINUOUS
10
1.1168016141732284
20
1.4693016141732282
11
1.1158262992125985
21
1.4700317322834646
0
LINE
8
BLACK
6
CONTINUOUS
10
1.1158262992125985
20
1.4700317322834646
11
1.1144943700787402
21
1.4710288188976377
0
LINE
8
BLACK
6
CONTINUOUS
10
1.1144943700787402
20
1.4710288188976377
11
1.1128192913385826
21
1.4732664566929135
0
LINE
8
BLACK
6
CONTINUOUS
10
1.1128192913385826
20
1.4732664566929135
11
1.1126199212598424
21
1.4760544881889763
0
LINE
8
BLACK
6
CONTINUOUS
10
1.1126199212598424
20
1.4760544881889763
11
1.1139594881889763
21
1.478507716535433
0
LINE
8
BLACK
6
CONTINUOUS
10
1.1139594881889763
20
1.478507716535433
11
1.1144943700787402
21
1.4789711811023623
0
LINE
8
BLACK
6
CONTINUOUS
10
1.1144943700787402
20
1.4789711811023623
11
1.1168016141732284
21
1.480698346456693
0
LINE
8
BLACK
6
CONTINUOUS
10
1.1168016141732284
20
1.480698346456693
11
1.1202514566929134
21
1.4853067716535433
0
LINE
8
BLACK
6
CONTINUOUS
10
1.1202514566929134
20
1.4853067716535433
11
1.1202515354330709
21
1.4853069685039371
0
LINE
8
BLACK
6
CONTINUOUS
10
1.1202515354330709
20
1.4853069685039371
11
1.1222633070866141
21
1.490700590551181
0
LINE
8
BLACK
6
CONTINUOUS
10
1.1222633070866141
20
1.490700590551181
11
1.1222633858267717
21
1.490700905511811
0
LINE
8
BLACK
6
CONTINUOUS
10
1.1222633858267717
20
1.490700905511811
11
1.1225196456692914
21
1.4930846456692912
0
LINE
8
BLACK
6
CONTINUOUS
10
1.1225196456692914
20
1.4930846456692912
11
1.1225196850393702
21
1.4930853149606298
0
LINE
8
BLACK
6
CONTINUOUS
10
1.1225196850393702
20
1.4930853149606298
11
1.1225196850393702
21
1.5319146456692914
0
LINE
8
BLACK
6
CONTINUOUS
10
1.1225196850393702
20
1.5319146456692914
11
1.1225196456692914
21
1.5319153149606299
0
LINE
8
BLACK
6
CONTINUOUS
10
1.1225196456692914
20
1.5319153149606299
11
1.1222633858267717
21
1.5342990551181102
0
LINE
8
BLACK
6
CONTINUOUS
10
1.1222633858267717
20
1.5342990551181102
11
1.1222633070866141
21
1.5342993700787402
0
LINE
8
BLACK
6
CONTINUOUS
10
1.1222633070866141
20
1.5342993700787402
11
1.1217109055118111
21
1.5357803543307087
0
LINE
8
BLACK
6
CONTINUOUS
10
1.1217109055118111
20
1.5357803543307087
11
1.1202515354330709
21
1.5396930708661416
0
LINE
8
BLACK
6
CONTINUOUS
10
1.1202515354330709
20
1.5396930708661416
11
1.1168016141732284
21
1.5443016141732284
0
LINE
8
BLACK
6
CONTINUOUS
10
1.1168016141732284
20
1.5443016141732284
11
1.1121930708661416
21
1.5477515354330709
0
LINE
8
BLACK
6
CONTINUOUS
10
1.1121930708661416
20
1.5477515354330709
11
1.1067992519685039
21
1.5497633464566929
0
LINE
8
BLACK
6
CONTINUOUS
10
1.1067992519685039
20
1.5497633464566929
11
1.1067991732283464
21
1.5497633464566929
0
LINE
8
BLACK
6
CONTINUOUS
10
1.1067991732283464
20
1.5497633464566929
11
1.1067990551181102
21
1.5497633858267716
0
LINE
8
BLACK
6
CONTINUOUS
10
1.1067990551181102
20
1.5497633858267716
11
1.1044153149606299
21
1.5500196456692914
0
LINE
8
BLACK
6
CONTINUOUS
10
1.1044153149606299
20
1.5500196456692914
11
1.1044151574803149
21
1.5500196456692914
0
LINE
8
BLACK
6
CONTINUOUS
10
1.1044151574803149
20
1.5500196456692914
11
1.1044148818897637
21
1.5500196850393702
0
LINE
8
BLACK
6
CONTINUOUS
10
1.1044148818897637
20
1.5500196850393702
11
1.0455851181102362
21
1.5500196850393702
0
LINE
8
BLACK
6
CONTINUOUS
10
1.0455851181102362
20
1.5500196850393702
11
1.045584842519685
21
1.5500196456692914
0
LINE
8
BLACK
6
CONTINUOUS
10
1.045584842519685
20
1.5500196456692914
11
1.0455846456692912
21
1.5500196456692914
0
LINE
8
BLACK
6
CONTINUOUS
10
1.0455846456692912
20
1.5500196456692914
11
1.043200905511811
21
1.5497633858267716
0
LINE
8
BLACK
6
CONTINUOUS
10
1.043200905511811
20
1.5497633858267716
11
1.043200590551181
21
1.5497633070866141
0
LINE
8
BLACK
6
CONTINUOUS
10
1.043200590551181
20
1.5497633070866141
11
1.0401328740157481
21
1.5486190551181103
0
LINE
8
BLACK
6
CONTINUOUS
10
1.0401328740157481
20
1.5486190551181103
11
1.0378069291338583
21
1.5477515354330709
0
LINE
8
BLACK
6
CONTINUOUS
10
1.0378069291338583
20
1.5477515354330709
11
1.0378068503937008
21
1.5477514960629921
0
LINE
8
BLACK
6
CONTINUOUS
10
1.0378068503937008
20
1.5477514960629921
11
1.0378067716535433
21
1.5477514566929134
0
LINE
8
BLACK
6
CONTINUOUS
10
1.0378067716535433
20
1.5477514566929134
11
1.033198346456693
21
1.5443016141732284
0
LINE
8
BLACK
6
CONTINUOUS
10
1.033198346456693
20
1.5443016141732284
11
1.0297485039370078
21
1.5396931889763779
0
LINE
8
BLACK
6
CONTINUOUS
10
1.0297485039370078
20
1.5396931889763779
11
1.029748464566929
21
1.5396930708661416
0
LINE
8
BLACK
6
CONTINUOUS
10
1.029748464566929
20
1.5396930708661416
11
1.0294879921259843
21
1.5389947244094488
0
LINE
8
BLACK
6
CONTINUOUS
10
1.0294879921259843
20
1.5389947244094488
11
1.0278129133858267
21
1.5367571259842518
0
LINE
8
BLACK
6
CONTINUOUS
10
1.0278129133858267
20
1.5367571259842518
11
1.0251939763779527
21
1.5357803543307087
0
LINE
8
BLACK
6
CONTINUOUS
10
1.0251939763779527
20
1.5357803543307087
11
1.024840157480315
21
1.5357677165354331
0
LINE
8
BLACK
6
CONTINUOUS
10
1.024840157480315
20
1.5357677165354331
11
1.0212406692913385
21
1.5357677165354331
0
LINE
8
BLACK
6
CONTINUOUS
10
1.0212406692913385
20
1.5357677165354331
11
1.0138862992125983
21
1.5342044881889763
0
LINE
8
BLACK
6
CONTINUOUS
10
1.0138862992125983
20
1.5342044881889763
11
1.0070176377952755
21
1.5311463779527559
0
LINE
8
BLACK
6
CONTINUOUS
10
1.0070176377952755
20
1.5311463779527559
11
1.0070175984251968
21
1.5311463385826771
0
LINE
8
BLACK
6
CONTINUOUS
10
1.0070175984251968
20
1.5311463385826771
11
1.0009348031496064
21
1.5267269291338583
0
LINE
8
BLACK
6
CONTINUOUS
10
1.0009348031496064
20
1.5267269291338583
11
0.9959041338582677
21
1.5211398031496062
0
LINE
8
BLACK
6
CONTINUOUS
10
0.9959041338582677
20
1.5211398031496062
11
0.9959038582677165
21
1.5211394094488189
0
LINE
8
BLACK
6
CONTINUOUS
10
0.9959038582677165
20
1.5211394094488189
11
0.9932614566929133
21
1.5165626377952754
0
LINE
8
BLACK
6
CONTINUOUS
10
0.9932614566929133
20
1.5165626377952754
11
0.9921446062992125
21
1.514628188976378
0
LINE
8
BLACK
6
CONTINUOUS
10
0.9921446062992125
20
1.514628188976378
11
0.9910049606299213
21
1.5111208661417324
0
LINE
8
BLACK
6
CONTINUOUS
10
0.9910049606299213
20
1.5111208661417324
11
0.9898211417322834
21
1.5074774409448819
0
LINE
8
BLACK
6
CONTINUOUS
10
0.9898211417322834
20
1.5074774409448819
11
0.9894074803149606
21
1.5035415748031495
0
LINE
8
BLACK
6
CONTINUOUS
10
0.9894074803149606
20
1.5035415748031495
11
0.9883439763779527
21
1.500956653543307
0
LINE
8
BLACK
6
CONTINUOUS
10
0.9883439763779527
20
1.500956653543307
11
0.9860517716535433
21
1.4993570866141732
0
LINE
8
BLACK
6
CONTINUOUS
10
0.9860517716535433
20
1.4993570866141732
11
0.9832586614173228
21
1.4992506692913385
0
LINE
8
BLACK
6
CONTINUOUS
10
0.9832586614173228
20
1.4992506692913385
11
0.9827406692913385
21
1.4994122047244094
0
LINE
8
BLACK
6
CONTINUOUS
10
0.9827406692913385
20
1.4994122047244094
11
0.9817992519685039
21
1.4997633464566928
0
LINE
8
BLACK
6
CONTINUOUS
10
0.9817992519685039
20
1.4997633464566928
11
0.9817990944881889
21
1.4997633464566928
0
LINE
8
BLACK
6
CONTINUOUS
10
0.9817990944881889
20
1.4997633464566928
11
0.9817990551181102
21
1.4997633858267716
0
LINE
8
BLACK
6
CONTINUOUS
10
0.9817990551181102
20
1.4997633858267716
11
0.9794153149606299
21
1.5000196456692914
0
LINE
8
BLACK
6
CONTINUOUS
10
0.9794153149606299
20
1.5000196456692914
11
0.9794151574803149
21
1.5000196456692914
0
LINE
8
BLACK
6
CONTINUOUS
10
0.9794151574803149
20
1.5000196456692914
11
0.9794148818897638
21
1.5000196850393701
0
LINE
8
BLACK
6
CONTINUOUS
10
0.9794148818897638
20
1.5000196850393701
11
0.9205851181102362
21
1.5000196850393701
0
LINE
8
BLACK
6
CONTINUOUS
10
0.9205851181102362
20
1.5000196850393701
11
0.920584842519685
21
1.5000196456692914
0
LINE
8
BLACK
6
CONTINUOUS
10
0.920584842519685
20
1.5000196456692914
11
0.9205846456692913
21
1.5000196456692914
0
LINE
8
BLACK
6
CONTINUOUS
10
0.9205846456692913
20
1.5000196456692914
11
0.918200905511811
21
1.4997633858267716
0
LINE
8
BLACK
6
CONTINUOUS
10
0.918200905511811
20
1.4997633858267716
11
0.9182005905511811
21
1.4997633070866141
0
LINE
8
BLACK
6
CONTINUOUS
10
0.9182005905511811
20
1.4997633070866141
11
0.9142335826771654
21
1.4982836614173227
0
LINE
8
BLACK
6
CONTINUOUS
10
0.9142335826771654
20
1.4982836614173227
11
0.9114455905511811
21
1.4980842125984251
0
LINE
8
BLACK
6
CONTINUOUS
10
0.9114455905511811
20
1.4980842125984251
11
0.9107664173228346
21
1.4982836614173227
0
LINE
8
BLACK
6
CONTINUOUS
10
0.9107664173228346
20
1.4982836614173227
11
0.9067993700787401
21
1.4997633070866141
0
LINE
8
BLACK
6
CONTINUOUS
10
0.9067993700787401
20
1.4997633070866141
11
0.9067993307086614
21
1.4997633070866141
0
LINE
8
BLACK
6
CONTINUOUS
10
0.9067993307086614
20
1.4997633070866141
11
0.9067992519685039
21
1.4997633464566928
0
LINE
8
BLACK
6
CONTINUOUS
10
0.9067992519685039
20
1.4997633464566928
11
0.9067991732283465
21
1.4997633464566928
0
LINE
8
BLACK
6
CONTINUOUS
10
0.9067991732283465
20
1.4997633464566928
11
0.9067990551181102
21
1.4997633858267716
0
LINE
8
BLACK
6
CONTINUOUS
10
0.9067990551181102
20
1.4997633858267716
11
0.9044153149606299
21
1.5000196456692914
0
LINE
8
BLACK
6
CONTINUOUS
10
0.9044153149606299
20
1.5000196456692914
11
0.904415157480315
21
1.5000196456692914
0
LINE
8
BLACK
6
CONTINUOUS
10
0.904415157480315
20
1.5000196456692914
11
0.9044148818897637
21
1.5000196850393701
0
LINE
8
BLACK
6
CONTINUOUS
10
0.9044148818897637
20
1.5000196850393701
11
0.8455851181102362
21
1.5000196850393701
0
LINE
8
BLACK
6
CONTINUOUS
10
0.8455851181102362
20
1.5000196850393701
11
0.845584842519685
21
1.5000196456692914
0
LINE
8
BLACK
6
CONTINUOUS
10
0.845584842519685
20
1.5000196456692914
11
0.8455846456692914
21
1.5000196456692914
0
LINE
8
BLACK
6
CONTINUOUS
10
0.8455846456692914
20
1.5000196456692914
11
0.843200905511811
21
1.4997633858267716
0
LINE
8
BLACK
6
CONTINUOUS
10
0.843200905511811
20
1.4997633858267716
11
0.8432005905511811
21
1.4997633070866141
0
LINE
8
BLACK
6
CONTINUOUS
10
0.8432005905511811
20
1.4997633070866141
11
0.8392335826771653
21
1.4982836614173227
0
LINE
8
BLACK
6
CONTINUOUS
10
0.8392335826771653
20
1.4982836614173227
11
0.8364455905511811
21
1.4980842125984251
0
LINE
8
BLACK
6
CONTINUOUS
10
0.8364455905511811
20
1.4980842125984251
11
0.8357664173228346
21
1.4982836614173227
0
LINE
8
BLACK
6
CONTINUOUS
10
0.8357664173228346
20
1.4982836614173227
11
0.8317993700787402
21
1.4997633070866141
0
LINE
8
BLACK
6
CONTINUOUS
10
0.8317993700787402
20
1.4997633070866141
11
0.8317993307086614
21
1.4997633070866141
0
LINE
8
BLACK
6
CONTINUOUS
10
0.8317993307086614
20
1.4997633070866141
11
0.8317992519685039
21
1.4997633464566928
0
LINE
8
BLACK
6
CONTINUOUS
10
0.8317992519685039
20
1.4997633464566928
11
0.8317991732283464
21
1.4997633464566928
0
LINE
8
BLACK
6
CONTINUOUS
10
0.8317991732283464
20
1.4997633464566928
11
0.8317990551181103
21
1.4997633858267716
0
LINE
8
BLACK
6
CONTINUOUS
10
0.8317990551181103
20
1.4997633858267716
11
0.8294153149606299
21
1.5000196456692914
0
LINE
8
BLACK
6
CONTINUOUS
10
0.8294153149606299
20
1.5000196456692914
11
0.8294151574803149
21
1.5000196456692914
0
LINE
8
BLACK
6
CONTINUOUS
10
0.8294151574803149
20
1.5000196456692914
11
0.8294148818897638
21
1.5000196850393701
0
LINE
8
BLACK
6
CONTINUOUS
10
0.8294148818897638
20
1.5000196850393701
11
0.7705851181102362
21
1.5000196850393701
0
LINE
8
BLACK
6
CONTINUOUS
10
0.7705851181102362
20
1.5000196850393701
11
0.7705848425196851
21
1.5000196456692914
0
LINE
8
BLACK
6
CONTINUOUS
10
0.7705848425196851
20
1.5000196456692914
11
0.7705846456692913
21
1.5000196456692914
0
LINE
8
BLACK
6
CONTINUOUS
10
0.7705846456692913
20
1.5000196456692914
11
0.768200905511811
21
1.4997633858267716
0
LINE
8
BLACK
6
CONTINUOUS
10
0.768200905511811
20
1.4997633858267716
11
0.7682005905511811
21
1.4997633070866141
0
LINE
8
BLACK
6
CONTINUOUS
10
0.7682005905511811
20
1.4997633070866141
11
0.7642335826771653
21
1.4982836614173227
0
LINE
8
BLACK
6
CONTINUOUS
10
0.7642335826771653
20
1.4982836614173227
11
0.7614455905511811
21
1.4980842125984251
0
LINE
8
BLACK
6
CONTINUOUS
10
0.7614455905511811
20
1.4980842125984251
11
0.7607664173228347
21
1.4982836614173227
0
LINE
8
BLACK
6
CONTINUOUS
10
0.7607664173228347
20
1.4982836614173227
11
0.7567993700787401
21
1.4997633070866141
0
LINE
8
BLACK
6
CONTINUOUS
10
0.7567993700787401
20
1.4997633070866141
11
0.7567993307086615
21
1.4997633070866141
0
LINE
8
BLACK
6
CONTINUOUS
10
0.7567993307086615
20
1.4997633070866141
11
0.7567992519685039
21
1.4997633464566928
0
LINE
8
BLACK
6
CONTINUOUS
10
0.7567992519685039
20
1.4997633464566928
11
0.7567991732283464
21
1.4997633464566928
0
LINE
8
BLACK
6
CONTINUOUS
10
0.7567991732283464
20
1.4997633464566928
11
0.7567990551181102
21
1.4997633858267716
0
LINE
8
BLACK
6
CONTINUOUS
10
0.7567990551181102
20
1.4997633858267716
11
0.7544153149606299
21
1.5000196456692914
0
LINE
8
BLACK
6
CONTINUOUS
10
0.7544153149606299
20
1.5000196456692914
11
0.754415157480315
21
1.5000196456692914
0
LINE
8
BLACK
6
CONTINUOUS
10
0.754415157480315
20
1.5000196456692914
11
0.7544148818897638
21
1.5000196850393701
0
LINE
8
BLACK
6
CONTINUOUS
10
0.7544148818897638
20
1.5000196850393701
11
0.6955851181102362
21
1.5000196850393701
0
LINE
8
BLACK
6
CONTINUOUS
10
0.6955851181102362
20
1.5000196850393701
11
0.695584842519685
21
1.5000196456692914
0
LINE
8
BLACK
6
CONTINUOUS
10
0.695584842519685
20
1.5000196456692914
11
0.6955846456692913
21
1.5000196456692914
0
LINE
8
BLACK
6
CONTINUOUS
10
0.6955846456692913
20
1.5000196456692914
11
0.693200905511811
21
1.4997633858267716
0
LINE
8
BLACK
6
CONTINUOUS
10
0.693200905511811
20
1.4997633858267716
11
0.6932005905511811
21
1.4997633070866141
0
LINE
8
BLACK
6
CONTINUOUS
10
0.6932005905511811
20
1.4997633070866141
11
0.690132874015748
21
1.4986190551181102
0
LINE
8
BLACK
6
CONTINUOUS
10
0.690132874015748
20
1.4986190551181102
11
0.6878069291338582
21
1.4977515354330708
0
LINE
8
BLACK
6
CONTINUOUS
10
0.6878069291338582
20
1.4977515354330708
11
0.6878068503937008
21
1.4977514960629921
0
LINE
8
BLACK
6
CONTINUOUS
10
0.6878068503937008
20
1.4977514960629921
11
0.6878067716535433
21
1.4977514566929133
0
LINE
8
BLACK
6
CONTINUOUS
10
0.6878067716535433
20
1.4977514566929133
11
0.6831983464566929
21
1.4943016141732284
0
LINE
8
BLACK
6
CONTINUOUS
10
0.6831983464566929
20
1.4943016141732284
11
0.6797485039370078
21
1.4896931889763778
0
LINE
8
BLACK
6
CONTINUOUS
10
0.6797485039370078
20
1.4896931889763778
11
0.6797484251968504
21
1.4896929921259843
0
LINE
8
BLACK
6
CONTINUOUS
10
0.6797484251968504
20
1.4896929921259843
11
0.677736653543307
21
1.4842993700787401
0
LINE
8
BLACK
6
CONTINUOUS
10
0.677736653543307
20
1.4842993700787401
11
0.6777365748031496
21
1.4842990551181101
0
LINE
8
BLACK
6
CONTINUOUS
10
0.6777365748031496
20
1.4842990551181101
11
0.6774803149606299
21
1.4819153149606299
0
LINE
8
BLACK
6
CONTINUOUS
10
0.6774803149606299
20
1.4819153149606299
11
0.6774803149606299
21
1.4430846456692914
0
LINE
8
BLACK
6
CONTINUOUS
10
0.6774803149606299
20
1.4430846456692914
11
0.6777365748031496
21
1.440700905511811
0
CIRCLE
8
BLACK
10
0.325
20
1.0249999999999999
40
0.0068897637795276
0
CIRCLE
8
BLACK
10
0.5218503937007873
20
1.0249999999999999
40
0.0068897637795276
0
CIRCLE
8
BLACK
10
0.5
20
1.4749999999999999
40
0.0068897637795276
0
CIRCLE
8
BLACK
10
0.5
20
1.375
40
0.0068897637795276
0
CIRCLE
8
BLACK
10
0.6
20
1.4749999999999999
40
0.0068897637795276
0
CIRCLE
8
BLACK
10
0.6
20
1.375
40
0.0068897637795276
0
CIRCLE
8
BLACK
10
1.3999999999999999
20
0.2
40
0.0068897637795276
0
CIRCLE
8
BLACK
10
1.3999999999999999
20
1.3999999999999999
40
0.0068897637795276
0
CIRCLE
8
BLACK
10
0.2
20
0.2
40
0.0068897637795276
0
CIRCLE
8
BLACK
10
0.2
20
1.3999999999999999
40
0.0068897637795276
0
CIRCLE
8
BLACK
10
0.7
20
0.2031496062992126
40
0.0068897637795276
0
CIRCLE
8
BLACK
10
0.7
20
0.4
40
0.0068897637795276
0
CIRCLE
8
BLACK
10
1.0999999999999999
20
0.2031496062992126
40
0.0068897637795276
0
CIRCLE
8
BLACK
10
1.0999999999999999
20
0.4
40
0.0068897637795276
0
CIRCLE
8
BLACK
10
0.9
20
0.2031496062992126
40
0.0068897637795276
0
CIRCLE
8
BLACK
10
0.9
20
0.4
40
0.0068897637795276
0
CIRCLE
8
BLACK
10
0.5
20
0.2031496062992126
40
0.0068897637795276
0
CIRCLE
8
BLACK
10
0.5
20
0.4
40
0.0068897637795276
0
CIRCLE
8
BLACK
10
1.0249999999999999
20
1.5
40
0.0078740157480315
0
CIRCLE
8
BLACK
10
1.0999999999999999
20
1.0800000000000001
40
0.0078740157480315
0
CIRCLE
8
BLACK
10
1.1199999999999999
20
0.52
40
0.0078740157480315
0
CIRCLE
8
BLACK
10
0.38
20
0.4
40
0.0078740157480315
0
CIRCLE
8
BLACK
10
1.25
20
0.49
40
0.0078740157480315
0
CIRCLE
8
BLACK
10
0.9199999999999999
20
0.95
40
0.0078740157480315
0
CIRCLE
8
BLACK
10
0.38
20
0.5
40
0.0078740157480315
0
CIRCLE
8
BLACK
10
1.25
20
0.45
40
0.0078740157480315
0
CIRCLE
8
BLACK
10
1.0700000000000001
20
0.52
40
0.0078740157480315
0
CIRCLE
8
BLACK
10
0.34
20
0.5
40
0.0078740157480315
0
CIRCLE
8
BLACK
10
1.1499999999999999
20
1.04
40
0.0078740157480315
0
CIRCLE
8
BLACK
10
0.8099999999999999
20
1.0600000000000001
40
0.0078740157480315
0
CIRCLE
8
BLACK
10
0.3
20
0.5599999999999999
40
0.0078740157480315
0
CIRCLE
8
BLACK
10
1.21
20
0.39
40
0.0078740157480315
0
CIRCLE
8
BLACK
10
1.1499999999999999
20
1.53
40
0.0078740157480315
0
CIRCLE
8
BLACK
10
0.61
20
1.0999999999999999
40
0.0078740157480315
0
CIRCLE
8
BLACK
10
0.73
20
0.66
40
0.0078740157480315
0
CIRCLE
8
BLACK
10
0.63
20
0.66
40
0.0078740157480315
0
CIRCLE
8
BLACK
10
1.0900000000000001
20
0.75
40
0.0078740157480315
0
CIRCLE
8
BLACK
10
1.0999999999999999
20
1.04
40
0.0078740157480315
0
CIRCLE
8
BLACK
10
1.1499999999999999
20
1.1299999999999999
40
0.0078740157480315
0
CIRCLE
8
BLACK
10
0.34
20
0.45
40
0.0078740157480315
0
CIRCLE
8
BLACK
10
0.88
20
0.91
40
0.0078740157480315
0
CIRCLE
8
BLACK
10
1.1399999999999999
20
0.65
40
0.0078740157480315
0
CIRCLE
8
BLACK
10
0.59
20
0.75
40
0.0078740157480315
0
CIRCLE
8
BLACK
10
1.25
20
0.59
40
0.0078740157480315
0
CIRCLE
8
BLACK
10
1.0900000000000001
20
0.65
40
0.0078740157480315
0
CIRCLE
8
BLACK
10
0.61
20
1.02
40
0.0078740157480315
0
CIRCLE
8
BLACK
10
1.24
20
0.75
40
0.0078740157480315
0
CIRCLE
8
BLACK
10
1.0600000000000001
20
1.04
40
0.0078740157480315
0
CIRCLE
8
BLACK
10
0.3
20
0.4
40
0.0078740157480315
0
CIRCLE
8
BLACK
10
1.24
20
0.7
40
0.0078740157480315
0
CIRCLE
8
BLACK
10
0.6899999999999999
20
1.0999999999999999
40
0.0078740157480315
0
CIRCLE
8
BLACK
10
0.59
20
0.7999999999999999
40
0.0078740157480315
0
CIRCLE
8
BLACK
10
1.1899999999999999
20
0.75
40
0.0078740157480315
0
CIRCLE
8
BLACK
10
1.1499999999999999
20
1.45
40
0.0078740157480315
0
CIRCLE
8
BLACK
10
0.34
20
0.4
40
0.0078740157480315
0
CIRCLE
8
BLACK
10
0.3
20
0.5
40
0.0078740157480315
0
CIRCLE
8
BLACK
10
1.1699999999999999
20
0.52
40
0.0078740157480315
0
CIRCLE
8
BLACK
10
0.59
20
0.9
40
0.0078740157480315
0
CIRCLE
8
BLACK
10
1.25
20
0.54
40
0.0078740157480315
0
CIRCLE
8
BLACK
10
0.6899999999999999
20
1.0600000000000001
40
0.0078740157480315
0
CIRCLE
8
BLACK
10
0.88
20
0.95
40
0.0078740157480315
0
CIRCLE
8
BLACK
10
0.65
20
1.0600000000000001
40
0.0078740157480315
0
CIRCLE
8
BLACK
10
0.6899999999999999
20
1.02
40
0.0078740157480315
0
CIRCLE
8
BLACK
10
1.1499999999999999
20
1.3300000000000001
40
0.0078740157480315
0
CIRCLE
8
BLACK
10
1.1499999999999999
20
1.3699999999999999
40
0.0078740157480315
0
CIRCLE
8
BLACK
10
1.1399999999999999
20
0.7
40
0.0078740157480315
0
CIRCLE
8
BLACK
10
0.59
20
0.95
40
0.0078740157480315
0
CIRCLE
8
BLACK
10
0.9199999999999999
20
0.91
40
0.0078740157480315
0
CIRCLE
8
BLACK
10
1.24
20
0.65
40
0.0078740157480315
0
CIRCLE
8
BLACK
10
0.65
20
1.02
40
0.0078740157480315
0
CIRCLE
8
BLACK
10
1.21
20
0.45
40
0.0078740157480315
0
CIRCLE
8
BLACK
10
1.0900000000000001
20
0.7
40
0.0078740157480315
0
CIRCLE
8
BLACK
10
0.3
20
0.45
40
0.0078740157480315
0
CIRCLE
8
BLACK
10
0.67
20
1.53
40
0.0078740157480315
0
CIRCLE
8
BLACK
10
1.1399999999999999
20
0.75
40
0.0078740157480315
0
CIRCLE
8
BLACK
10
0.65
20
1.0999999999999999
40
0.0078740157480315
0
CIRCLE
8
BLACK
10
1.1899999999999999
20
0.65
40
0.0078740157480315
0
CIRCLE
8
BLACK
10
1.1899999999999999
20
0.7
40
0.0078740157480315
0
CIRCLE
8
BLACK
10
1.1499999999999999
20
1.28
40
0.0078740157480315
0
CIRCLE
8
BLACK
10
0.61
20
1.0600000000000001
40
0.0078740157480315
0
CIRCLE
8
BLACK
10
1.1499999999999999
20
1.49
40
0.0078740157480315
0
CIRCLE
8
BLACK
10
0.38
20
0.45
40
0.0078740157480315
0
CIRCLE
8
BLACK
10
0.6799999999999999
20
0.66
40
0.0078740157480315
0
CIRCLE
8
BLACK
10
1.1499999999999999
20
1.0900000000000001
40
0.0078740157480315
0
CIRCLE
8
BLACK
10
1.21
20
0.33
40
0.0078740157480315
0
CIRCLE
8
BLACK
10
1.0600000000000001
20
1.0800000000000001
40
0.0078740157480315
0
CIRCLE
8
BLACK
10
1.02
20
1.1299999999999999
40
0.0078740157480315
0
CIRCLE
8
BLACK
10
0.59
20
0.85
40
0.0078740157480315
  0
ENDSEC
  0
EOF
