  0
SECTION
  2
HEADER
  9
$ANGBASE
  50
0.0
  9
$ANGDIR
  70
1
  9
$MEASUREMENT
  70
0
  0
ENDSEC
  0
SECTION
  2
TABLES
  0
TABLE
  2
LTYPE
  70
4
  0
LTYPE
  5
40F
  2
CONTINUOUS
  70
0
  3
Solid line
  72
65
  73
0
  40
0.0
  0
LTYPE
  5
410
  2
DASHDOT
 70
0
  3
Dash Dot ____ _ ____ _
 72
65
 73
4
 40
2.0
 49
1.25
 49
-0.25
 49
0.25
 49
-0.25
  0
LTYPE
  5
411
  2
DASHED
 70
0
  3
Dashed __ __ __ __ __
 72
65
 73
2
 40
0.75
 49
0.5
 49
-0.25
  0
LTYPE
  5
43B
  2
DOTTED
 70
0
  3
Dotted .  .  .  .
 72
65
 73
2
 40
0.2
 49
0.0
 49
-0.2
  0
ENDTAB
  0
TABLE
  2
STYLE
  70
4
  0
STYLE
  2
KICAD
  70
0
  40
0
  41
1
  42
1
  50
0
  71
0
  3
isocp.shx
  0
STYLE
  2
KICADB
  70
0
  40
0
  41
1
  42
1
  50
0
  71
0
  3
isocp.shx
  0
STYLE
  2
KICADI
  70
0
  40
0
  41
1
  42
1
  50
15
  71
0
  3
isocp.shx
  0
STYLE
  2
KICADBI
  70
0
  40
0
  41
1
  42
1
  50
15
  71
0
  3
isocp.shx
  0
ENDTAB
  0
TABLE
  2
LAYER
  70
1
  0
LAYER
  2
BLACK
  70
0
  62
7
  6
CONTINUOUS
  0
ENDTAB
  0
ENDSEC
  0
SECTION
  2
ENTITIES
0
LINE
8
BLACK
6
CONTINUOUS
10
1.079903503937008
20
0.1085098818897638
11
1.0812546850393701
21
0.1082334251968504
0
LINE
8
BLACK
6
CONTINUOUS
10
1.0812546850393701
20
0.1082334251968504
11
1.0869689763779526
21
0.1053762992125984
0
LINE
8
BLACK
6
CONTINUOUS
10
1.0869689763779526
20
0.1053762992125984
11
1.0876917716535432
21
0.1047353149606299
0
LINE
8
BLACK
6
CONTINUOUS
10
1.0876917716535432
20
0.1047353149606299
11
1.0885283858267716
21
0.1042523228346457
0
LINE
8
BLACK
6
CONTINUOUS
10
1.0885283858267716
20
0.1042523228346457
11
1.0913855118110236
21
0.101395157480315
0
LINE
8
BLACK
6
CONTINUOUS
10
1.0913855118110236
20
0.101395157480315
11
1.0918684251968505
21
0.1005586614173228
0
LINE
8
BLACK
6
CONTINUOUS
10
1.0918684251968505
20
0.1005586614173228
11
1.0925094094488188
21
0.0998358661417323
0
LINE
8
BLACK
6
CONTINUOUS
10
1.0925094094488188
20
0.0998358661417323
11
1.0953665748031496
21
0.0941215748031496
0
LINE
8
BLACK
6
CONTINUOUS
10
1.0953665748031496
20
0.0941215748031496
11
1.0956430708661418
21
0.0927702362204724
0
LINE
8
BLACK
6
CONTINUOUS
10
1.0956430708661418
20
0.0927702362204724
11
1.0960000000000001
21
0.0914382677165354
0
LINE
8
BLACK
6
CONTINUOUS
10
1.0960000000000001
20
0.0914382677165354
11
1.0960000000000001
21
0.0828668503937008
0
LINE
8
BLACK
6
CONTINUOUS
10
1.0960000000000001
20
0.0828668503937008
11
1.0956430708661418
21
0.081534842519685
0
LINE
8
BLACK
6
CONTINUOUS
10
1.0956430708661418
20
0.081534842519685
11
1.0953665748031496
21
0.0801835433070866
0
LINE
8
BLACK
6
CONTINUOUS
10
1.0953665748031496
20
0.0801835433070866
11
1.0925094094488188
21
0.0744692519685039
0
LINE
8
BLACK
6
CONTINUOUS
10
1.0925094094488188
20
0.0744692519685039
11
1.0918684251968505
21
0.0737464173228346
0
LINE
8
BLACK
6
CONTINUOUS
10
1.0918684251968505
20
0.0737464173228346
11
1.0913854724409449
21
0.0729099212598425
0
LINE
8
BLACK
6
CONTINUOUS
10
1.0913854724409449
20
0.0729099212598425
11
1.0885283464566928
21
0.0700527952755906
0
LINE
8
BLACK
6
CONTINUOUS
10
1.0885283464566928
20
0.0700527952755906
11
1.087691811023622
21
0.0695698031496063
0
LINE
8
BLACK
6
CONTINUOUS
10
1.087691811023622
20
0.0695698031496063
11
1.0869690157480314
21
0.0689288582677165
0
LINE
8
BLACK
6
CONTINUOUS
10
1.0869690157480314
20
0.0689288582677165
11
1.0812547244094488
21
0.0660716929133858
0
LINE
8
BLACK
6
CONTINUOUS
10
1.0812547244094488
20
0.0660716929133858
11
1.0799033858267717
21
0.065795157480315
0
LINE
8
BLACK
6
CONTINUOUS
10
1.0799033858267717
20
0.065795157480315
11
1.0785714173228347
21
0.0654382677165354
0
LINE
8
BLACK
6
CONTINUOUS
10
1.0785714173228347
20
0.0654382677165354
11
1.0617142913385826
21
0.0654382677165354
0
LINE
8
BLACK
6
CONTINUOUS
10
1.0617142913385826
20
0.0654382677165354
11
1.0617142913385826
21
0.0428668503937008
0
LINE
8
BLACK
6
CONTINUOUS
10
1.0617142913385826
20
0.0428668503937008
11
1.0609104330708661
21
0.0398668503937008
0
LINE
8
BLACK
6
CONTINUOUS
10
1.0609104330708661
20
0.0398668503937008
11
1.0587142913385827
21
0.0376707086614173
0
LINE
8
BLACK
6
CONTINUOUS
10
1.0587142913385827
20
0.0376707086614173
11
1.0557142913385826
21
0.0368668503937008
0
LINE
8
BLACK
6
CONTINUOUS
10
1.0557142913385826
20
0.0368668503937008
11
1.0527142913385827
21
0.0376707086614173
0
LINE
8
BLACK
6
CONTINUOUS
10
1.0527142913385827
20
0.0376707086614173
11
1.0505181496062992
21
0.0398668503937008
0
LINE
8
BLACK
6
CONTINUOUS
10
1.0505181496062992
20
0.0398668503937008
11
1.0497142913385826
21
0.0428668503937008
0
LINE
8
BLACK
6
CONTINUOUS
10
1.0497142913385826
20
0.0428668503937008
11
1.0497142913385826
21
0.1028668503937008
0
LINE
8
BLACK
6
CONTINUOUS
10
1.0497142913385826
20
0.1028668503937008
11
1.0505181496062992
21
0.1058668503937008
0
LINE
8
BLACK
6
CONTINUOUS
10
1.0505181496062992
20
0.1058668503937008
11
1.0527142913385827
21
0.1080629921259842
0
LINE
8
BLACK
6
CONTINUOUS
10
1.0527142913385827
20
0.1080629921259842
11
1.0557142913385826
21
0.1088668503937008
0
LINE
8
BLACK
6
CONTINUOUS
10
1.0557142913385826
20
0.1088668503937008
11
1.0785714173228347
21
0.1088668503937008
0
LINE
8
BLACK
6
CONTINUOUS
10
1.0785714173228347
20
0.1088668503937008
11
1.079903503937008
21
0.1085098818897638
0
LINE
8
BLACK
6
CONTINUOUS
10
1.0617142913385826
20
0.0774382677165354
11
1.0771549606299213
21
0.0774382677165354
0
LINE
8
BLACK
6
CONTINUOUS
10
1.0771549606299213
20
0.0774382677165354
11
1.0807315748031496
21
0.0792265748031496
0
LINE
8
BLACK
6
CONTINUOUS
10
1.0807315748031496
20
0.0792265748031496
11
1.0822116535433071
21
0.0807066535433071
0
LINE
8
BLACK
6
CONTINUOUS
10
1.0822116535433071
20
0.0807066535433071
11
1.0840000000000001
21
0.0842833070866142
0
LINE
8
BLACK
6
CONTINUOUS
10
1.0840000000000001
20
0.0842833070866142
11
1.0840000000000001
21
0.0900217716535433
0
LINE
8
BLACK
6
CONTINUOUS
10
1.0840000000000001
20
0.0900217716535433
11
1.0822116535433071
21
0.0935983858267717
0
LINE
8
BLACK
6
CONTINUOUS
10
1.0822116535433071
20
0.0935983858267717
11
1.0807315354330709
21
0.0950785826771653
0
LINE
8
BLACK
6
CONTINUOUS
10
1.0807315354330709
20
0.0950785826771653
11
1.0771550000000001
21
0.0968668503937008
0
LINE
8
BLACK
6
CONTINUOUS
10
1.0771550000000001
20
0.0968668503937008
11
1.0617142913385826
21
0.0968668503937008
0
LINE
8
BLACK
6
CONTINUOUS
10
1.0617142913385826
20
0.0968668503937008
11
1.0617142913385826
21
0.0774382677165354
0
LINE
8
BLACK
6
CONTINUOUS
10
1.137046377952756
20
0.1085098818897638
11
1.1383975590551181
21
0.1082334251968504
0
LINE
8
BLACK
6
CONTINUOUS
10
1.1383975590551181
20
0.1082334251968504
11
1.1441118503937007
21
0.1053762992125984
0
LINE
8
BLACK
6
CONTINUOUS
10
1.1441118503937007
20
0.1053762992125984
11
1.1448346456692913
21
0.1047353149606299
0
LINE
8
BLACK
6
CONTINUOUS
10
1.1448346456692913
20
0.1047353149606299
11
1.1456712598425196
21
0.1042523228346457
0
LINE
8
BLACK
6
CONTINUOUS
10
1.1456712598425196
20
0.1042523228346457
11
1.1485283858267716
21
0.101395157480315
0
LINE
8
BLACK
6
CONTINUOUS
10
1.1485283858267716
20
0.101395157480315
11
1.1490113385826772
21
0.1005585826771653
0
LINE
8
BLACK
6
CONTINUOUS
10
1.1490113385826772
20
0.1005585826771653
11
1.1496522834645668
21
0.0998358267716535
0
LINE
8
BLACK
6
CONTINUOUS
10
1.1496522834645668
20
0.0998358267716535
11
1.1525094094488189
21
0.0941215354330709
0
LINE
8
BLACK
6
CONTINUOUS
10
1.1525094094488189
20
0.0941215354330709
11
1.1527858661417323
21
0.0927703543307087
0
LINE
8
BLACK
6
CONTINUOUS
10
1.1527858661417323
20
0.0927703543307087
11
1.1531428346456694
21
0.0914382677165354
0
LINE
8
BLACK
6
CONTINUOUS
10
1.1531428346456694
20
0.0914382677165354
11
1.1531428346456694
21
0.0857240157480315
0
LINE
8
BLACK
6
CONTINUOUS
10
1.1531428346456694
20
0.0857240157480315
11
1.1528928346456693
21
0.0847909842519685
0
LINE
8
BLACK
6
CONTINUOUS
10
1.1528928346456693
20
0.0847909842519685
11
1.1528349606299213
21
0.0838266929133858
0
LINE
8
BLACK
6
CONTINUOUS
10
1.1528349606299213
20
0.0838266929133858
11
1.1499777952755905
21
0.0752551968503937
0
LINE
8
BLACK
6
CONTINUOUS
10
1.1499777952755905
20
0.0752551968503937
11
1.1492179133858267
21
0.0741042913385827
0
LINE
8
BLACK
6
CONTINUOUS
10
1.1492179133858267
20
0.0741042913385827
11
1.1485283464566929
21
0.0729099212598425
0
LINE
8
BLACK
6
CONTINUOUS
10
1.1485283464566929
20
0.0729099212598425
11
1.1244852755905512
21
0.0488668503937008
0
LINE
8
BLACK
6
CONTINUOUS
10
1.1244852755905512
20
0.0488668503937008
11
1.1471428346456694
21
0.0488668503937008
0
LINE
8
BLACK
6
CONTINUOUS
10
1.1471428346456694
20
0.0488668503937008
11
1.1501428346456692
21
0.0480629921259842
0
LINE
8
BLACK
6
CONTINUOUS
10
1.1501428346456692
20
0.0480629921259842
11
1.1523389763779528
21
0.0458668503937008
0
LINE
8
BLACK
6
CONTINUOUS
10
1.1523389763779528
20
0.0458668503937008
11
1.1531428346456694
21
0.0428668503937008
0
LINE
8
BLACK
6
CONTINUOUS
10
1.1531428346456694
20
0.0428668503937008
11
1.1523389763779528
21
0.0398668503937008
0
LINE
8
BLACK
6
CONTINUOUS
10
1.1523389763779528
20
0.0398668503937008
11
1.1501428346456692
21
0.0376707086614173
0
LINE
8
BLACK
6
CONTINUOUS
10
1.1501428346456692
20
0.0376707086614173
11
1.1471428346456694
21
0.0368668503937008
0
LINE
8
BLACK
6
CONTINUOUS
10
1.1471428346456694
20
0.0368668503937008
11
1.1099999999999999
21
0.0368668503937008
0
LINE
8
BLACK
6
CONTINUOUS
10
1.1099999999999999
20
0.0368668503937008
11
1.1092370078740157
21
0.0370712992125984
0
LINE
8
BLACK
6
CONTINUOUS
10
1.1092370078740157
20
0.0370712992125984
11
1.1084470866141731
21
0.0370712992125984
0
LINE
8
BLACK
6
CONTINUOUS
10
1.1084470866141731
20
0.0370712992125984
11
1.1077629527559054
21
0.0374662598425197
0
LINE
8
BLACK
6
CONTINUOUS
10
1.1077629527559054
20
0.0374662598425197
11
1.107
21
0.0376707086614173
0
LINE
8
BLACK
6
CONTINUOUS
10
1.107
20
0.0376707086614173
11
1.1064414566929133
21
0.0382292125984252
0
LINE
8
BLACK
6
CONTINUOUS
10
1.1064414566929133
20
0.0382292125984252
11
1.1057573622047243
21
0.0386242125984252
0
LINE
8
BLACK
6
CONTINUOUS
10
1.1057573622047243
20
0.0386242125984252
11
1.1053623622047244
21
0.0393083070866142
0
LINE
8
BLACK
6
CONTINUOUS
10
1.1053623622047244
20
0.0393083070866142
11
1.1048038582677164
21
0.0398668503937008
0
LINE
8
BLACK
6
CONTINUOUS
10
1.1048038582677164
20
0.0398668503937008
11
1.104599409448819
21
0.0406298031496063
0
LINE
8
BLACK
6
CONTINUOUS
10
1.104599409448819
20
0.0406298031496063
11
1.1042044488188976
21
0.041313937007874
0
LINE
8
BLACK
6
CONTINUOUS
10
1.1042044488188976
20
0.041313937007874
11
1.1042044488188976
21
0.0421038188976378
0
LINE
8
BLACK
6
CONTINUOUS
10
1.1042044488188976
20
0.0421038188976378
11
1.1039999999999999
21
0.0428668503937008
0
LINE
8
BLACK
6
CONTINUOUS
10
1.1039999999999999
20
0.0428668503937008
11
1.1042044488188976
21
0.043629842519685
0
LINE
8
BLACK
6
CONTINUOUS
10
1.1042044488188976
20
0.043629842519685
11
1.1042044488188976
21
0.0444197637795276
0
LINE
8
BLACK
6
CONTINUOUS
10
1.1042044488188976
20
0.0444197637795276
11
1.104599409448819
21
0.0451038582677165
0
LINE
8
BLACK
6
CONTINUOUS
10
1.104599409448819
20
0.0451038582677165
11
1.1048038582677164
21
0.0458668503937008
0
LINE
8
BLACK
6
CONTINUOUS
10
1.1048038582677164
20
0.0458668503937008
11
1.1053623622047244
21
0.0464253543307087
0
LINE
8
BLACK
6
CONTINUOUS
10
1.1053623622047244
20
0.0464253543307087
11
1.1057573622047243
21
0.0471094881889764
0
LINE
8
BLACK
6
CONTINUOUS
10
1.1057573622047243
20
0.0471094881889764
11
1.1390414960629922
21
0.0803936220472441
0
LINE
8
BLACK
6
CONTINUOUS
10
1.1390414960629922
20
0.0803936220472441
11
1.1411428346456693
21
0.0866975984251969
0
LINE
8
BLACK
6
CONTINUOUS
10
1.1411428346456693
20
0.0866975984251969
11
1.1411428346456693
21
0.0900218503937008
0
LINE
8
BLACK
6
CONTINUOUS
10
1.1411428346456693
20
0.0900218503937008
11
1.1393545669291338
21
0.0935983858267717
0
LINE
8
BLACK
6
CONTINUOUS
10
1.1393545669291338
20
0.0935983858267717
11
1.1378744094488189
21
0.0950785826771653
0
LINE
8
BLACK
6
CONTINUOUS
10
1.1378744094488189
20
0.0950785826771653
11
1.1342978740157481
21
0.0968668503937008
0
LINE
8
BLACK
6
CONTINUOUS
10
1.1342978740157481
20
0.0968668503937008
11
1.1228449999999999
21
0.0968668503937008
0
LINE
8
BLACK
6
CONTINUOUS
10
1.1228449999999999
20
0.0968668503937008
11
1.1192683858267716
21
0.0950785433070866
0
LINE
8
BLACK
6
CONTINUOUS
10
1.1192683858267716
20
0.0950785433070866
11
1.1170997637795275
21
0.0929099212598425
0
LINE
8
BLACK
6
CONTINUOUS
10
1.1170997637795275
20
0.0929099212598425
11
1.1144100393700787
21
0.0913570078740158
0
LINE
8
BLACK
6
CONTINUOUS
10
1.1144100393700787
20
0.0913570078740158
11
1.1113042125984252
21
0.0913570078740158
0
LINE
8
BLACK
6
CONTINUOUS
10
1.1113042125984252
20
0.0913570078740158
11
1.1086144881889763
21
0.0929099212598425
0
LINE
8
BLACK
6
CONTINUOUS
10
1.1086144881889763
20
0.0929099212598425
11
1.1070615748031496
21
0.0955996456692913
0
LINE
8
BLACK
6
CONTINUOUS
10
1.1070615748031496
20
0.0955996456692913
11
1.1070615748031496
21
0.0987054724409449
0
LINE
8
BLACK
6
CONTINUOUS
10
1.1070615748031496
20
0.0987054724409449
11
1.1086144881889763
21
0.1013951968503937
0
LINE
8
BLACK
6
CONTINUOUS
10
1.1086144881889763
20
0.1013951968503937
11
1.1114716535433071
21
0.1042523622047244
0
LINE
8
BLACK
6
CONTINUOUS
10
1.1114716535433071
20
0.1042523622047244
11
1.1123082283464567
21
0.1047353543307087
0
LINE
8
BLACK
6
CONTINUOUS
10
1.1123082283464567
20
0.1047353543307087
11
1.1130310236220473
21
0.1053762992125984
0
LINE
8
BLACK
6
CONTINUOUS
10
1.1130310236220473
20
0.1053762992125984
11
1.1187453149606299
21
0.1082334251968504
0
LINE
8
BLACK
6
CONTINUOUS
10
1.1187453149606299
20
0.1082334251968504
11
1.1200964566929135
21
0.1085098818897638
0
LINE
8
BLACK
6
CONTINUOUS
10
1.1200964566929135
20
0.1085098818897638
11
1.1214285826771653
21
0.1088668503937008
0
LINE
8
BLACK
6
CONTINUOUS
10
1.1214285826771653
20
0.1088668503937008
11
1.1357142913385827
21
0.1088668503937008
0
LINE
8
BLACK
6
CONTINUOUS
10
1.1357142913385827
20
0.1088668503937008
11
1.137046377952756
21
0.1085098818897638
0
LINE
8
BLACK
6
CONTINUOUS
10
1.175
20
0.1281496062992126
11
1.0249999999999999
21
0.1281496062992126
0
LINE
8
BLACK
6
CONTINUOUS
10
1.0249999999999999
20
0.1281496062992126
11
1.0249999999999999
21
0.2781496062992126
0
LINE
8
BLACK
6
CONTINUOUS
10
1.0249999999999999
20
0.2781496062992126
11
1.175
21
0.2781496062992126
0
LINE
8
BLACK
6
CONTINUOUS
10
1.175
20
0.2781496062992126
11
1.175
21
0.1281496062992126
0
LINE
8
BLACK
6
CONTINUOUS
10
0.8799035039370079
20
0.1085098818897638
11
0.8812546850393701
21
0.1082334251968504
0
LINE
8
BLACK
6
CONTINUOUS
10
0.8812546850393701
20
0.1082334251968504
11
0.8869689763779527
21
0.1053762992125984
0
LINE
8
BLACK
6
CONTINUOUS
10
0.8869689763779527
20
0.1053762992125984
11
0.8876917716535433
21
0.1047353149606299
0
LINE
8
BLACK
6
CONTINUOUS
10
0.8876917716535433
20
0.1047353149606299
11
0.8885283858267716
21
0.1042523228346457
0
LINE
8
BLACK
6
CONTINUOUS
10
0.8885283858267716
20
0.1042523228346457
11
0.8913855118110237
21
0.101395157480315
0
LINE
8
BLACK
6
CONTINUOUS
10
0.8913855118110237
20
0.101395157480315
11
0.8918684251968504
21
0.1005586614173228
0
LINE
8
BLACK
6
CONTINUOUS
10
0.8918684251968504
20
0.1005586614173228
11
0.8925094094488188
21
0.0998358661417323
0
LINE
8
BLACK
6
CONTINUOUS
10
0.8925094094488188
20
0.0998358661417323
11
0.8953665748031496
21
0.0941215748031496
0
LINE
8
BLACK
6
CONTINUOUS
10
0.8953665748031496
20
0.0941215748031496
11
0.8956430708661417
21
0.0927702362204724
0
LINE
8
BLACK
6
CONTINUOUS
10
0.8956430708661417
20
0.0927702362204724
11
0.896
21
0.0914382677165354
0
LINE
8
BLACK
6
CONTINUOUS
10
0.896
20
0.0914382677165354
11
0.896
21
0.0828668503937008
0
LINE
8
BLACK
6
CONTINUOUS
10
0.896
20
0.0828668503937008
11
0.8956430708661417
21
0.081534842519685
0
LINE
8
BLACK
6
CONTINUOUS
10
0.8956430708661417
20
0.081534842519685
11
0.8953665748031496
21
0.0801835433070866
0
LINE
8
BLACK
6
CONTINUOUS
10
0.8953665748031496
20
0.0801835433070866
11
0.8925094094488188
21
0.0744692519685039
0
LINE
8
BLACK
6
CONTINUOUS
10
0.8925094094488188
20
0.0744692519685039
11
0.8918684251968504
21
0.0737464173228346
0
LINE
8
BLACK
6
CONTINUOUS
10
0.8918684251968504
20
0.0737464173228346
11
0.8913854724409449
21
0.0729099212598425
0
LINE
8
BLACK
6
CONTINUOUS
10
0.8913854724409449
20
0.0729099212598425
11
0.8885283464566929
21
0.0700527952755906
0
LINE
8
BLACK
6
CONTINUOUS
10
0.8885283464566929
20
0.0700527952755906
11
0.887691811023622
21
0.0695698031496063
0
LINE
8
BLACK
6
CONTINUOUS
10
0.887691811023622
20
0.0695698031496063
11
0.8869690157480314
21
0.0689288582677165
0
LINE
8
BLACK
6
CONTINUOUS
10
0.8869690157480314
20
0.0689288582677165
11
0.8812547244094489
21
0.0660716929133858
0
LINE
8
BLACK
6
CONTINUOUS
10
0.8812547244094489
20
0.0660716929133858
11
0.8799033858267716
21
0.065795157480315
0
LINE
8
BLACK
6
CONTINUOUS
10
0.8799033858267716
20
0.065795157480315
11
0.8785714173228346
21
0.0654382677165354
0
LINE
8
BLACK
6
CONTINUOUS
10
0.8785714173228346
20
0.0654382677165354
11
0.8617142913385827
21
0.0654382677165354
0
LINE
8
BLACK
6
CONTINUOUS
10
0.8617142913385827
20
0.0654382677165354
11
0.8617142913385827
21
0.0428668503937008
0
LINE
8
BLACK
6
CONTINUOUS
10
0.8617142913385827
20
0.0428668503937008
11
0.8609104330708661
21
0.0398668503937008
0
LINE
8
BLACK
6
CONTINUOUS
10
0.8609104330708661
20
0.0398668503937008
11
0.8587142913385827
21
0.0376707086614173
0
LINE
8
BLACK
6
CONTINUOUS
10
0.8587142913385827
20
0.0376707086614173
11
0.8557142913385827
21
0.0368668503937008
0
LINE
8
BLACK
6
CONTINUOUS
10
0.8557142913385827
20
0.0368668503937008
11
0.8527142913385827
21
0.0376707086614173
0
LINE
8
BLACK
6
CONTINUOUS
10
0.8527142913385827
20
0.0376707086614173
11
0.8505181496062992
21
0.0398668503937008
0
LINE
8
BLACK
6
CONTINUOUS
10
0.8505181496062992
20
0.0398668503937008
11
0.8497142913385827
21
0.0428668503937008
0
LINE
8
BLACK
6
CONTINUOUS
10
0.8497142913385827
20
0.0428668503937008
11
0.8497142913385827
21
0.1028668503937008
0
LINE
8
BLACK
6
CONTINUOUS
10
0.8497142913385827
20
0.1028668503937008
11
0.8505181496062992
21
0.1058668503937008
0
LINE
8
BLACK
6
CONTINUOUS
10
0.8505181496062992
20
0.1058668503937008
11
0.8527142913385827
21
0.1080629921259842
0
LINE
8
BLACK
6
CONTINUOUS
10
0.8527142913385827
20
0.1080629921259842
11
0.8557142913385827
21
0.1088668503937008
0
LINE
8
BLACK
6
CONTINUOUS
10
0.8557142913385827
20
0.1088668503937008
11
0.8785714173228346
21
0.1088668503937008
0
LINE
8
BLACK
6
CONTINUOUS
10
0.8785714173228346
20
0.1088668503937008
11
0.8799035039370079
21
0.1085098818897638
0
LINE
8
BLACK
6
CONTINUOUS
10
0.8617142913385827
20
0.0774382677165354
11
0.8771549606299213
21
0.0774382677165354
0
LINE
8
BLACK
6
CONTINUOUS
10
0.8771549606299213
20
0.0774382677165354
11
0.8807315748031496
21
0.0792265748031496
0
LINE
8
BLACK
6
CONTINUOUS
10
0.8807315748031496
20
0.0792265748031496
11
0.8822116535433071
21
0.0807066535433071
0
LINE
8
BLACK
6
CONTINUOUS
10
0.8822116535433071
20
0.0807066535433071
11
0.884
21
0.0842833070866142
0
LINE
8
BLACK
6
CONTINUOUS
10
0.884
20
0.0842833070866142
11
0.884
21
0.0900217716535433
0
LINE
8
BLACK
6
CONTINUOUS
10
0.884
20
0.0900217716535433
11
0.8822116535433071
21
0.0935983858267717
0
LINE
8
BLACK
6
CONTINUOUS
10
0.8822116535433071
20
0.0935983858267717
11
0.8807315354330708
21
0.0950785826771653
0
LINE
8
BLACK
6
CONTINUOUS
10
0.8807315354330708
20
0.0950785826771653
11
0.877155
21
0.0968668503937008
0
LINE
8
BLACK
6
CONTINUOUS
10
0.877155
20
0.0968668503937008
11
0.8617142913385827
21
0.0968668503937008
0
LINE
8
BLACK
6
CONTINUOUS
10
0.8617142913385827
20
0.0968668503937008
11
0.8617142913385827
21
0.0774382677165354
0
LINE
8
BLACK
6
CONTINUOUS
10
0.9290401968503936
20
0.1114161417322835
11
0.9316320472440944
21
0.109704842519685
0
LINE
8
BLACK
6
CONTINUOUS
10
0.9316320472440944
20
0.109704842519685
11
0.9330210236220472
21
0.1069269291338583
0
LINE
8
BLACK
6
CONTINUOUS
10
0.9330210236220472
20
0.1069269291338583
11
0.9328349212598425
21
0.1038266535433071
0
LINE
8
BLACK
6
CONTINUOUS
10
0.9328349212598425
20
0.1038266535433071
11
0.9211816535433071
21
0.0688668503937008
0
LINE
8
BLACK
6
CONTINUOUS
10
0.9211816535433071
20
0.0688668503937008
11
0.9354285826771653
21
0.0688668503937008
0
LINE
8
BLACK
6
CONTINUOUS
10
0.9354285826771653
20
0.0688668503937008
11
0.9354285826771653
21
0.0828668503937008
0
LINE
8
BLACK
6
CONTINUOUS
10
0.9354285826771653
20
0.0828668503937008
11
0.9362324409448819
21
0.0858668503937008
0
LINE
8
BLACK
6
CONTINUOUS
10
0.9362324409448819
20
0.0858668503937008
11
0.9384285826771653
21
0.0880629921259842
0
LINE
8
BLACK
6
CONTINUOUS
10
0.9384285826771653
20
0.0880629921259842
11
0.9414285826771653
21
0.0888668503937008
0
LINE
8
BLACK
6
CONTINUOUS
10
0.9414285826771653
20
0.0888668503937008
11
0.9444285826771653
21
0.0880629921259842
0
LINE
8
BLACK
6
CONTINUOUS
10
0.9444285826771653
20
0.0880629921259842
11
0.9466247244094488
21
0.0858668503937008
0
LINE
8
BLACK
6
CONTINUOUS
10
0.9466247244094488
20
0.0858668503937008
11
0.9474285826771653
21
0.0828668503937008
0
LINE
8
BLACK
6
CONTINUOUS
10
0.9474285826771653
20
0.0828668503937008
11
0.9474285826771653
21
0.0688668503937008
0
LINE
8
BLACK
6
CONTINUOUS
10
0.9474285826771653
20
0.0688668503937008
11
0.95
21
0.0688668503937008
0
LINE
8
BLACK
6
CONTINUOUS
10
0.95
20
0.0688668503937008
11
0.953
21
0.0680629921259843
0
LINE
8
BLACK
6
CONTINUOUS
10
0.953
20
0.0680629921259843
11
0.9551961417322834
21
0.0658668503937008
0
LINE
8
BLACK
6
CONTINUOUS
10
0.9551961417322834
20
0.0658668503937008
11
0.956
21
0.0628668503937008
0
LINE
8
BLACK
6
CONTINUOUS
10
0.956
20
0.0628668503937008
11
0.9551961417322834
21
0.0598668503937008
0
LINE
8
BLACK
6
CONTINUOUS
10
0.9551961417322834
20
0.0598668503937008
11
0.953
21
0.0576707086614173
0
LINE
8
BLACK
6
CONTINUOUS
10
0.953
20
0.0576707086614173
11
0.95
21
0.0568668503937008
0
LINE
8
BLACK
6
CONTINUOUS
10
0.95
20
0.0568668503937008
11
0.9474285826771653
21
0.0568668503937008
0
LINE
8
BLACK
6
CONTINUOUS
10
0.9474285826771653
20
0.0568668503937008
11
0.9474285826771653
21
0.0428668503937008
0
LINE
8
BLACK
6
CONTINUOUS
10
0.9474285826771653
20
0.0428668503937008
11
0.9466247244094488
21
0.0398668503937008
0
LINE
8
BLACK
6
CONTINUOUS
10
0.9466247244094488
20
0.0398668503937008
11
0.9444285826771653
21
0.0376707086614173
0
LINE
8
BLACK
6
CONTINUOUS
10
0.9444285826771653
20
0.0376707086614173
11
0.9414285826771653
21
0.0368668503937008
0
LINE
8
BLACK
6
CONTINUOUS
10
0.9414285826771653
20
0.0368668503937008
11
0.9384285826771653
21
0.0376707086614173
0
LINE
8
BLACK
6
CONTINUOUS
10
0.9384285826771653
20
0.0376707086614173
11
0.9362324409448819
21
0.0398668503937008
0
LINE
8
BLACK
6
CONTINUOUS
10
0.9362324409448819
20
0.0398668503937008
11
0.9354285826771653
21
0.0428668503937008
0
LINE
8
BLACK
6
CONTINUOUS
10
0.9354285826771653
20
0.0428668503937008
11
0.9354285826771653
21
0.0568668503937008
0
LINE
8
BLACK
6
CONTINUOUS
10
0.9354285826771653
20
0.0568668503937008
11
0.9128571259842519
21
0.0568668503937008
0
LINE
8
BLACK
6
CONTINUOUS
10
0.9128571259842519
20
0.0568668503937008
11
0.9119239763779527
21
0.0571168503937008
0
LINE
8
BLACK
6
CONTINUOUS
10
0.9119239763779527
20
0.0571168503937008
11
0.9109597637795276
21
0.0571747637795276
0
LINE
8
BLACK
6
CONTINUOUS
10
0.9109597637795276
20
0.0571747637795276
11
0.9104486614173228
21
0.0575121653543307
0
LINE
8
BLACK
6
CONTINUOUS
10
0.9104486614173228
20
0.0575121653543307
11
0.9098571259842519
21
0.0576707086614173
0
LINE
8
BLACK
6
CONTINUOUS
10
0.9098571259842519
20
0.0576707086614173
11
0.9091740551181102
21
0.0583537401574803
0
LINE
8
BLACK
6
CONTINUOUS
10
0.9091740551181102
20
0.0583537401574803
11
0.9083679133858268
21
0.0588860236220472
0
LINE
8
BLACK
6
CONTINUOUS
10
0.9083679133858268
20
0.0588860236220472
11
0.9080940157480315
21
0.0594338188976378
0
LINE
8
BLACK
6
CONTINUOUS
10
0.9080940157480315
20
0.0594338188976378
11
0.9076609842519685
21
0.0598668503937008
0
LINE
8
BLACK
6
CONTINUOUS
10
0.9076609842519685
20
0.0598668503937008
11
0.9074109448818898
21
0.0607998818897638
0
LINE
8
BLACK
6
CONTINUOUS
10
0.9074109448818898
20
0.0607998818897638
11
0.906978937007874
21
0.0616639763779528
0
LINE
8
BLACK
6
CONTINUOUS
10
0.906978937007874
20
0.0616639763779528
11
0.9070156299212598
21
0.0622752755905512
0
LINE
8
BLACK
6
CONTINUOUS
10
0.9070156299212598
20
0.0622752755905512
11
0.9068571259842519
21
0.0628668503937008
0
LINE
8
BLACK
6
CONTINUOUS
10
0.9068571259842519
20
0.0628668503937008
11
0.9071071259842519
21
0.0637999606299213
0
LINE
8
BLACK
6
CONTINUOUS
10
0.9071071259842519
20
0.0637999606299213
11
0.9071650393700788
21
0.0647642125984252
0
LINE
8
BLACK
6
CONTINUOUS
10
0.9071650393700788
20
0.0647642125984252
11
0.9214507480314961
21
0.1076214173228346
0
LINE
8
BLACK
6
CONTINUOUS
10
0.9214507480314961
20
0.1076214173228346
11
0.9231620472440945
21
0.1102132283464567
0
LINE
8
BLACK
6
CONTINUOUS
10
0.9231620472440945
20
0.1102132283464567
11
0.9259399606299212
21
0.1116022047244094
0
LINE
8
BLACK
6
CONTINUOUS
10
0.9259399606299212
20
0.1116022047244094
11
0.9290401968503936
21
0.1114161417322835
0
LINE
8
BLACK
6
CONTINUOUS
10
0.975
20
0.1281496062992126
11
0.825
21
0.1281496062992126
0
LINE
8
BLACK
6
CONTINUOUS
10
0.825
20
0.1281496062992126
11
0.825
21
0.2781496062992126
0
LINE
8
BLACK
6
CONTINUOUS
10
0.825
20
0.2781496062992126
11
0.975
21
0.2781496062992126
0
LINE
8
BLACK
6
CONTINUOUS
10
0.975
20
0.2781496062992126
11
0.975
21
0.1281496062992126
0
LINE
8
BLACK
6
CONTINUOUS
10
0.6799035039370078
20
0.1085098818897638
11
0.68125468503937
21
0.1082334251968504
0
LINE
8
BLACK
6
CONTINUOUS
10
0.68125468503937
20
0.1082334251968504
11
0.6869689763779527
21
0.1053762992125984
0
LINE
8
BLACK
6
CONTINUOUS
10
0.6869689763779527
20
0.1053762992125984
11
0.6876917716535433
21
0.1047353149606299
0
LINE
8
BLACK
6
CONTINUOUS
10
0.6876917716535433
20
0.1047353149606299
11
0.6885283858267717
21
0.1042523228346457
0
LINE
8
BLACK
6
CONTINUOUS
10
0.6885283858267717
20
0.1042523228346457
11
0.6913855118110236
21
0.101395157480315
0
LINE
8
BLACK
6
CONTINUOUS
10
0.6913855118110236
20
0.101395157480315
11
0.6918684251968503
21
0.1005586614173228
0
LINE
8
BLACK
6
CONTINUOUS
10
0.6918684251968503
20
0.1005586614173228
11
0.6925094094488189
21
0.0998358661417323
0
LINE
8
BLACK
6
CONTINUOUS
10
0.6925094094488189
20
0.0998358661417323
11
0.6953665748031496
21
0.0941215748031496
0
LINE
8
BLACK
6
CONTINUOUS
10
0.6953665748031496
20
0.0941215748031496
11
0.6956430708661417
21
0.0927702362204724
0
LINE
8
BLACK
6
CONTINUOUS
10
0.6956430708661417
20
0.0927702362204724
11
0.696
21
0.0914382677165354
0
LINE
8
BLACK
6
CONTINUOUS
10
0.696
20
0.0914382677165354
11
0.696
21
0.0828668503937008
0
LINE
8
BLACK
6
CONTINUOUS
10
0.696
20
0.0828668503937008
11
0.6956430708661417
21
0.081534842519685
0
LINE
8
BLACK
6
CONTINUOUS
10
0.6956430708661417
20
0.081534842519685
11
0.6953665748031496
21
0.0801835433070866
0
LINE
8
BLACK
6
CONTINUOUS
10
0.6953665748031496
20
0.0801835433070866
11
0.6925094094488189
21
0.0744692519685039
0
LINE
8
BLACK
6
CONTINUOUS
10
0.6925094094488189
20
0.0744692519685039
11
0.6918684251968503
21
0.0737464173228346
0
LINE
8
BLACK
6
CONTINUOUS
10
0.6918684251968503
20
0.0737464173228346
11
0.6913854724409448
21
0.0729099212598425
0
LINE
8
BLACK
6
CONTINUOUS
10
0.6913854724409448
20
0.0729099212598425
11
0.6885283464566929
21
0.0700527952755906
0
LINE
8
BLACK
6
CONTINUOUS
10
0.6885283464566929
20
0.0700527952755906
11
0.687691811023622
21
0.0695698031496063
0
LINE
8
BLACK
6
CONTINUOUS
10
0.687691811023622
20
0.0695698031496063
11
0.6869690157480315
21
0.0689288582677165
0
LINE
8
BLACK
6
CONTINUOUS
10
0.6869690157480315
20
0.0689288582677165
11
0.6812547244094488
21
0.0660716929133858
0
LINE
8
BLACK
6
CONTINUOUS
10
0.6812547244094488
20
0.0660716929133858
11
0.6799033858267717
21
0.065795157480315
0
LINE
8
BLACK
6
CONTINUOUS
10
0.6799033858267717
20
0.065795157480315
11
0.6785714173228347
21
0.0654382677165354
0
LINE
8
BLACK
6
CONTINUOUS
10
0.6785714173228347
20
0.0654382677165354
11
0.6617142913385826
21
0.0654382677165354
0
LINE
8
BLACK
6
CONTINUOUS
10
0.6617142913385826
20
0.0654382677165354
11
0.6617142913385826
21
0.0428668503937008
0
LINE
8
BLACK
6
CONTINUOUS
10
0.6617142913385826
20
0.0428668503937008
11
0.6609104330708662
21
0.0398668503937008
0
LINE
8
BLACK
6
CONTINUOUS
10
0.6609104330708662
20
0.0398668503937008
11
0.6587142913385826
21
0.0376707086614173
0
LINE
8
BLACK
6
CONTINUOUS
10
0.6587142913385826
20
0.0376707086614173
11
0.6557142913385826
21
0.0368668503937008
0
LINE
8
BLACK
6
CONTINUOUS
10
0.6557142913385826
20
0.0368668503937008
11
0.6527142913385826
21
0.0376707086614173
0
LINE
8
BLACK
6
CONTINUOUS
10
0.6527142913385826
20
0.0376707086614173
11
0.6505181496062992
21
0.0398668503937008
0
LINE
8
BLACK
6
CONTINUOUS
10
0.6505181496062992
20
0.0398668503937008
11
0.6497142913385827
21
0.0428668503937008
0
LINE
8
BLACK
6
CONTINUOUS
10
0.6497142913385827
20
0.0428668503937008
11
0.6497142913385827
21
0.1028668503937008
0
LINE
8
BLACK
6
CONTINUOUS
10
0.6497142913385827
20
0.1028668503937008
11
0.6505181496062992
21
0.1058668503937008
0
LINE
8
BLACK
6
CONTINUOUS
10
0.6505181496062992
20
0.1058668503937008
11
0.6527142913385826
21
0.1080629921259842
0
LINE
8
BLACK
6
CONTINUOUS
10
0.6527142913385826
20
0.1080629921259842
11
0.6557142913385826
21
0.1088668503937008
0
LINE
8
BLACK
6
CONTINUOUS
10
0.6557142913385826
20
0.1088668503937008
11
0.6785714173228347
21
0.1088668503937008
0
LINE
8
BLACK
6
CONTINUOUS
10
0.6785714173228347
20
0.1088668503937008
11
0.6799035039370078
21
0.1085098818897638
0
LINE
8
BLACK
6
CONTINUOUS
10
0.6617142913385826
20
0.0774382677165354
11
0.6771549606299212
21
0.0774382677165354
0
LINE
8
BLACK
6
CONTINUOUS
10
0.6771549606299212
20
0.0774382677165354
11
0.6807315748031496
21
0.0792265748031496
0
LINE
8
BLACK
6
CONTINUOUS
10
0.6807315748031496
20
0.0792265748031496
11
0.682211653543307
21
0.0807066535433071
0
LINE
8
BLACK
6
CONTINUOUS
10
0.682211653543307
20
0.0807066535433071
11
0.6839999999999999
21
0.0842833070866142
0
LINE
8
BLACK
6
CONTINUOUS
10
0.6839999999999999
20
0.0842833070866142
11
0.6839999999999999
21
0.0900217716535433
0
LINE
8
BLACK
6
CONTINUOUS
10
0.6839999999999999
20
0.0900217716535433
11
0.682211653543307
21
0.0935983858267717
0
LINE
8
BLACK
6
CONTINUOUS
10
0.682211653543307
20
0.0935983858267717
11
0.6807315354330709
21
0.0950785826771653
0
LINE
8
BLACK
6
CONTINUOUS
10
0.6807315354330709
20
0.0950785826771653
11
0.677155
21
0.0968668503937008
0
LINE
8
BLACK
6
CONTINUOUS
10
0.677155
20
0.0968668503937008
11
0.6617142913385826
21
0.0968668503937008
0
LINE
8
BLACK
6
CONTINUOUS
10
0.6617142913385826
20
0.0968668503937008
11
0.6617142913385826
21
0.0774382677165354
0
LINE
8
BLACK
6
CONTINUOUS
10
0.7477153543307087
20
0.1087134251968504
11
0.7483068110236221
21
0.108752874015748
0
LINE
8
BLACK
6
CONTINUOUS
10
0.7483068110236221
20
0.108752874015748
11
0.7491911023622047
21
0.1083179921259843
0
LINE
8
BLACK
6
CONTINUOUS
10
0.7491911023622047
20
0.1083179921259843
11
0.7501428346456692
21
0.1080629921259842
0
LINE
8
BLACK
6
CONTINUOUS
10
0.7501428346456692
20
0.1080629921259842
11
0.7505618897637795
21
0.1076438976377953
0
LINE
8
BLACK
6
CONTINUOUS
10
0.7505618897637795
20
0.1076438976377953
11
0.7510938582677165
21
0.1073823228346457
0
LINE
8
BLACK
6
CONTINUOUS
10
0.7510938582677165
20
0.1073823228346457
11
0.7516422440944882
21
0.1065635433070866
0
LINE
8
BLACK
6
CONTINUOUS
10
0.7516422440944882
20
0.1065635433070866
11
0.7523389763779528
21
0.1058668503937008
0
LINE
8
BLACK
6
CONTINUOUS
10
0.7523389763779528
20
0.1058668503937008
11
0.7524923622047244
21
0.1052942913385827
0
LINE
8
BLACK
6
CONTINUOUS
10
0.7524923622047244
20
0.1052942913385827
11
0.7528222440944882
21
0.1048018503937008
0
LINE
8
BLACK
6
CONTINUOUS
10
0.7528222440944882
20
0.1048018503937008
11
0.7528877952755906
21
0.1038186220472441
0
LINE
8
BLACK
6
CONTINUOUS
10
0.7528877952755906
20
0.1038186220472441
11
0.7531428346456692
21
0.1028668503937008
0
LINE
8
BLACK
6
CONTINUOUS
10
0.7531428346456692
20
0.1028668503937008
11
0.7529894094488189
21
0.1022943307086614
0
LINE
8
BLACK
6
CONTINUOUS
10
0.7529894094488189
20
0.1022943307086614
11
0.7530288582677165
21
0.1017029133858268
0
LINE
8
BLACK
6
CONTINUOUS
10
0.7530288582677165
20
0.1017029133858268
11
0.7525939763779528
21
0.1008185826771654
0
LINE
8
BLACK
6
CONTINUOUS
10
0.7525939763779528
20
0.1008185826771654
11
0.7523389763779528
21
0.0998668503937008
0
LINE
8
BLACK
6
CONTINUOUS
10
0.7523389763779528
20
0.0998668503937008
11
0.7519198818897638
21
0.0994477559055118
0
LINE
8
BLACK
6
CONTINUOUS
10
0.7519198818897638
20
0.0994477559055118
11
0.7516583070866142
21
0.0989158267716535
0
LINE
8
BLACK
6
CONTINUOUS
10
0.7516583070866142
20
0.0989158267716535
11
0.7393809448818898
21
0.0848845669291339
0
LINE
8
BLACK
6
CONTINUOUS
10
0.7393809448818898
20
0.0848845669291339
11
0.7441118897637795
21
0.0825191338582677
0
LINE
8
BLACK
6
CONTINUOUS
10
0.7441118897637795
20
0.0825191338582677
11
0.7448346850393701
21
0.0818781496062992
0
LINE
8
BLACK
6
CONTINUOUS
10
0.7448346850393701
20
0.0818781496062992
11
0.7456712204724409
21
0.0813951968503937
0
LINE
8
BLACK
6
CONTINUOUS
10
0.7456712204724409
20
0.0813951968503937
11
0.7485283464566929
21
0.0785380708661417
0
LINE
8
BLACK
6
CONTINUOUS
10
0.7485283464566929
20
0.0785380708661417
11
0.7490113385826771
21
0.0777014566929134
0
LINE
8
BLACK
6
CONTINUOUS
10
0.7490113385826771
20
0.0777014566929134
11
0.7496522834645669
21
0.0769787007874016
0
LINE
8
BLACK
6
CONTINUOUS
10
0.7496522834645669
20
0.0769787007874016
11
0.7525094094488188
21
0.0712644094488189
0
LINE
8
BLACK
6
CONTINUOUS
10
0.7525094094488188
20
0.0712644094488189
11
0.7527858661417323
21
0.0699132283464567
0
LINE
8
BLACK
6
CONTINUOUS
10
0.7527858661417323
20
0.0699132283464567
11
0.7531428346456692
21
0.0685811417322835
0
LINE
8
BLACK
6
CONTINUOUS
10
0.7531428346456692
20
0.0685811417322835
11
0.7531428346456692
21
0.0542954330708661
0
LINE
8
BLACK
6
CONTINUOUS
10
0.7531428346456692
20
0.0542954330708661
11
0.7527858661417323
21
0.0529633070866142
0
LINE
8
BLACK
6
CONTINUOUS
10
0.7527858661417323
20
0.0529633070866142
11
0.7525094094488188
21
0.0516121653543307
0
LINE
8
BLACK
6
CONTINUOUS
10
0.7525094094488188
20
0.0516121653543307
11
0.7496522834645669
21
0.045897874015748
0
LINE
8
BLACK
6
CONTINUOUS
10
0.7496522834645669
20
0.045897874015748
11
0.7490113385826771
21
0.0451750787401575
0
LINE
8
BLACK
6
CONTINUOUS
10
0.7490113385826771
20
0.0451750787401575
11
0.7485283464566929
21
0.0443385039370079
0
LINE
8
BLACK
6
CONTINUOUS
10
0.7485283464566929
20
0.0443385039370079
11
0.7456712204724409
21
0.0414813779527559
0
LINE
8
BLACK
6
CONTINUOUS
10
0.7456712204724409
20
0.0414813779527559
11
0.7448346850393701
21
0.0409983858267716
0
LINE
8
BLACK
6
CONTINUOUS
10
0.7448346850393701
20
0.0409983858267716
11
0.7441118897637795
21
0.0403574409448819
0
LINE
8
BLACK
6
CONTINUOUS
10
0.7441118897637795
20
0.0403574409448819
11
0.7383975984251968
21
0.0375002755905512
0
LINE
8
BLACK
6
CONTINUOUS
10
0.7383975984251968
20
0.0375002755905512
11
0.7370462598425197
21
0.0372237401574803
0
LINE
8
BLACK
6
CONTINUOUS
10
0.7370462598425197
20
0.0372237401574803
11
0.7357142913385827
21
0.0368668503937008
0
LINE
8
BLACK
6
CONTINUOUS
10
0.7357142913385827
20
0.0368668503937008
11
0.7185714173228346
21
0.0368668503937008
0
LINE
8
BLACK
6
CONTINUOUS
10
0.7185714173228346
20
0.0368668503937008
11
0.7172394094488189
21
0.0372237401574803
0
LINE
8
BLACK
6
CONTINUOUS
10
0.7172394094488189
20
0.0372237401574803
11
0.7158881102362205
21
0.0375002755905512
0
LINE
8
BLACK
6
CONTINUOUS
10
0.7158881102362205
20
0.0375002755905512
11
0.7101738188976378
21
0.0403574409448819
0
LINE
8
BLACK
6
CONTINUOUS
10
0.7101738188976378
20
0.0403574409448819
11
0.7094509842519685
21
0.0409983858267716
0
LINE
8
BLACK
6
CONTINUOUS
10
0.7094509842519685
20
0.0409983858267716
11
0.7086144881889763
21
0.0414813779527559
0
LINE
8
BLACK
6
CONTINUOUS
10
0.7086144881889763
20
0.0414813779527559
11
0.7057573622047244
21
0.0443385039370079
0
LINE
8
BLACK
6
CONTINUOUS
10
0.7057573622047244
20
0.0443385039370079
11
0.7042044488188977
21
0.0470282283464567
0
LINE
8
BLACK
6
CONTINUOUS
10
0.7042044488188977
20
0.0470282283464567
11
0.7042044488188977
21
0.0501340551181102
0
LINE
8
BLACK
6
CONTINUOUS
10
0.7042044488188977
20
0.0501340551181102
11
0.7057573622047244
21
0.0528237795275591
0
LINE
8
BLACK
6
CONTINUOUS
10
0.7057573622047244
20
0.0528237795275591
11
0.7084470866141732
21
0.0543766929133858
0
LINE
8
BLACK
6
CONTINUOUS
10
0.7084470866141732
20
0.0543766929133858
11
0.7115529133858267
21
0.0543766929133858
0
LINE
8
BLACK
6
CONTINUOUS
10
0.7115529133858267
20
0.0543766929133858
11
0.7142426377952755
21
0.0528237795275591
0
LINE
8
BLACK
6
CONTINUOUS
10
0.7142426377952755
20
0.0528237795275591
11
0.7164112204724409
21
0.050655157480315
0
LINE
8
BLACK
6
CONTINUOUS
10
0.7164112204724409
20
0.050655157480315
11
0.719987874015748
21
0.0488668503937008
0
LINE
8
BLACK
6
CONTINUOUS
10
0.719987874015748
20
0.0488668503937008
11
0.7342978346456692
21
0.0488668503937008
0
LINE
8
BLACK
6
CONTINUOUS
10
0.7342978346456692
20
0.0488668503937008
11
0.7378744488188976
21
0.050655157480315
0
LINE
8
BLACK
6
CONTINUOUS
10
0.7378744488188976
20
0.050655157480315
11
0.7393545275590551
21
0.0521352362204724
0
LINE
8
BLACK
6
CONTINUOUS
10
0.7393545275590551
20
0.0521352362204724
11
0.7411428346456693
21
0.055711811023622
0
LINE
8
BLACK
6
CONTINUOUS
10
0.7411428346456693
20
0.055711811023622
11
0.7411428346456693
21
0.0671647244094488
0
LINE
8
BLACK
6
CONTINUOUS
10
0.7411428346456693
20
0.0671647244094488
11
0.7393545275590551
21
0.0707412992125984
0
LINE
8
BLACK
6
CONTINUOUS
10
0.7393545275590551
20
0.0707412992125984
11
0.7378744488188976
21
0.0722213779527559
0
LINE
8
BLACK
6
CONTINUOUS
10
0.7378744488188976
20
0.0722213779527559
11
0.7342978346456692
21
0.0740097244094488
0
LINE
8
BLACK
6
CONTINUOUS
10
0.7342978346456692
20
0.0740097244094488
11
0.7271428346456693
21
0.0740097244094488
0
LINE
8
BLACK
6
CONTINUOUS
10
0.7271428346456693
20
0.0740097244094488
11
0.72657031496063
21
0.0741631102362205
0
LINE
8
BLACK
6
CONTINUOUS
10
0.72657031496063
20
0.0741631102362205
11
0.7259788976377952
21
0.0741237007874016
0
LINE
8
BLACK
6
CONTINUOUS
10
0.7259788976377952
20
0.0741237007874016
11
0.7250945669291339
21
0.0745585433070866
0
LINE
8
BLACK
6
CONTINUOUS
10
0.7250945669291339
20
0.0745585433070866
11
0.7241428346456693
21
0.0748135826771654
0
LINE
8
BLACK
6
CONTINUOUS
10
0.7241428346456693
20
0.0748135826771654
11
0.7237237401574803
21
0.0752326377952756
0
LINE
8
BLACK
6
CONTINUOUS
10
0.7237237401574803
20
0.0752326377952756
11
0.7231918110236221
21
0.0754942519685039
0
LINE
8
BLACK
6
CONTINUOUS
10
0.7231918110236221
20
0.0754942519685039
11
0.7226434251968504
21
0.0763129527559055
0
LINE
8
BLACK
6
CONTINUOUS
10
0.7226434251968504
20
0.0763129527559055
11
0.7219466929133858
21
0.0770097244094488
0
LINE
8
BLACK
6
CONTINUOUS
10
0.7219466929133858
20
0.0770097244094488
11
0.7217932677165354
21
0.0775822834645669
0
LINE
8
BLACK
6
CONTINUOUS
10
0.7217932677165354
20
0.0775822834645669
11
0.7214634251968504
21
0.0780747637795276
0
LINE
8
BLACK
6
CONTINUOUS
10
0.7214634251968504
20
0.0780747637795276
11
0.7213978740157481
21
0.079057874015748
0
LINE
8
BLACK
6
CONTINUOUS
10
0.7213978740157481
20
0.079057874015748
11
0.7211428346456693
21
0.0800097244094488
0
LINE
8
BLACK
6
CONTINUOUS
10
0.7211428346456693
20
0.0800097244094488
11
0.7212962204724409
21
0.0805822047244095
0
LINE
8
BLACK
6
CONTINUOUS
10
0.7212962204724409
20
0.0805822047244095
11
0.721256811023622
21
0.0811736614173228
0
LINE
8
BLACK
6
CONTINUOUS
10
0.721256811023622
20
0.0811736614173228
11
0.7216916535433071
21
0.0820579527559055
0
LINE
8
BLACK
6
CONTINUOUS
10
0.7216916535433071
20
0.0820579527559055
11
0.7219466929133858
21
0.0830097244094488
0
LINE
8
BLACK
6
CONTINUOUS
10
0.7219466929133858
20
0.0830097244094488
11
0.722365748031496
21
0.083428779527559
0
LINE
8
BLACK
6
CONTINUOUS
10
0.722365748031496
20
0.083428779527559
11
0.7226273622047243
21
0.0839607480314961
0
LINE
8
BLACK
6
CONTINUOUS
10
0.7226273622047243
20
0.0839607480314961
11
0.7339202362204724
21
0.0968668503937008
0
LINE
8
BLACK
6
CONTINUOUS
10
0.7339202362204724
20
0.0968668503937008
11
0.71
21
0.0968668503937008
0
LINE
8
BLACK
6
CONTINUOUS
10
0.71
20
0.0968668503937008
11
0.707
21
0.0976707086614173
0
LINE
8
BLACK
6
CONTINUOUS
10
0.707
20
0.0976707086614173
11
0.7048038582677165
21
0.0998668503937008
0
LINE
8
BLACK
6
CONTINUOUS
10
0.7048038582677165
20
0.0998668503937008
11
0.704
21
0.1028668503937008
0
LINE
8
BLACK
6
CONTINUOUS
10
0.704
20
0.1028668503937008
11
0.7048038582677165
21
0.1058668503937008
0
LINE
8
BLACK
6
CONTINUOUS
10
0.7048038582677165
20
0.1058668503937008
11
0.707
21
0.1080629921259842
0
LINE
8
BLACK
6
CONTINUOUS
10
0.707
20
0.1080629921259842
11
0.71
21
0.1088668503937008
0
LINE
8
BLACK
6
CONTINUOUS
10
0.71
20
0.1088668503937008
11
0.7471428346456693
21
0.1088668503937008
0
LINE
8
BLACK
6
CONTINUOUS
10
0.7471428346456693
20
0.1088668503937008
11
0.7477153543307087
21
0.1087134251968504
0
LINE
8
BLACK
6
CONTINUOUS
10
0.775
20
0.1281496062992126
11
0.625
21
0.1281496062992126
0
LINE
8
BLACK
6
CONTINUOUS
10
0.625
20
0.1281496062992126
11
0.625
21
0.2781496062992126
0
LINE
8
BLACK
6
CONTINUOUS
10
0.625
20
0.2781496062992126
11
0.775
21
0.2781496062992126
0
LINE
8
BLACK
6
CONTINUOUS
10
0.775
20
0.2781496062992126
11
0.775
21
0.1281496062992126
0
LINE
8
BLACK
6
CONTINUOUS
10
0.4799035039370079
20
0.1085098818897638
11
0.4812546850393701
21
0.1082334251968504
0
LINE
8
BLACK
6
CONTINUOUS
10
0.4812546850393701
20
0.1082334251968504
11
0.4869689763779527
21
0.1053762992125984
0
LINE
8
BLACK
6
CONTINUOUS
10
0.4869689763779527
20
0.1053762992125984
11
0.4876917716535433
21
0.1047353149606299
0
LINE
8
BLACK
6
CONTINUOUS
10
0.4876917716535433
20
0.1047353149606299
11
0.4885283858267717
21
0.1042523228346457
0
LINE
8
BLACK
6
CONTINUOUS
10
0.4885283858267717
20
0.1042523228346457
11
0.4913855118110236
21
0.101395157480315
0
LINE
8
BLACK
6
CONTINUOUS
10
0.4913855118110236
20
0.101395157480315
11
0.4918684251968504
21
0.1005586614173228
0
LINE
8
BLACK
6
CONTINUOUS
10
0.4918684251968504
20
0.1005586614173228
11
0.4925094094488189
21
0.0998358661417323
0
LINE
8
BLACK
6
CONTINUOUS
10
0.4925094094488189
20
0.0998358661417323
11
0.4953665748031496
21
0.0941215748031496
0
LINE
8
BLACK
6
CONTINUOUS
10
0.4953665748031496
20
0.0941215748031496
11
0.4956430708661417
21
0.0927702362204724
0
LINE
8
BLACK
6
CONTINUOUS
10
0.4956430708661417
20
0.0927702362204724
11
0.496
21
0.0914382677165354
0
LINE
8
BLACK
6
CONTINUOUS
10
0.496
20
0.0914382677165354
11
0.496
21
0.0828668503937008
0
LINE
8
BLACK
6
CONTINUOUS
10
0.496
20
0.0828668503937008
11
0.4956430708661417
21
0.081534842519685
0
LINE
8
BLACK
6
CONTINUOUS
10
0.4956430708661417
20
0.081534842519685
11
0.4953665748031496
21
0.0801835433070866
0
LINE
8
BLACK
6
CONTINUOUS
10
0.4953665748031496
20
0.0801835433070866
11
0.4925094094488189
21
0.0744692519685039
0
LINE
8
BLACK
6
CONTINUOUS
10
0.4925094094488189
20
0.0744692519685039
11
0.4918684251968504
21
0.0737464173228346
0
LINE
8
BLACK
6
CONTINUOUS
10
0.4918684251968504
20
0.0737464173228346
11
0.4913854724409449
21
0.0729099212598425
0
LINE
8
BLACK
6
CONTINUOUS
10
0.4913854724409449
20
0.0729099212598425
11
0.4885283464566929
21
0.0700527952755906
0
LINE
8
BLACK
6
CONTINUOUS
10
0.4885283464566929
20
0.0700527952755906
11
0.487691811023622
21
0.0695698031496063
0
LINE
8
BLACK
6
CONTINUOUS
10
0.487691811023622
20
0.0695698031496063
11
0.4869690157480315
21
0.0689288582677165
0
LINE
8
BLACK
6
CONTINUOUS
10
0.4869690157480315
20
0.0689288582677165
11
0.4812547244094488
21
0.0660716929133858
0
LINE
8
BLACK
6
CONTINUOUS
10
0.4812547244094488
20
0.0660716929133858
11
0.4799033858267717
21
0.065795157480315
0
LINE
8
BLACK
6
CONTINUOUS
10
0.4799033858267717
20
0.065795157480315
11
0.4785714173228346
21
0.0654382677165354
0
LINE
8
BLACK
6
CONTINUOUS
10
0.4785714173228346
20
0.0654382677165354
11
0.4617142913385827
21
0.0654382677165354
0
LINE
8
BLACK
6
CONTINUOUS
10
0.4617142913385827
20
0.0654382677165354
11
0.4617142913385827
21
0.0428668503937008
0
LINE
8
BLACK
6
CONTINUOUS
10
0.4617142913385827
20
0.0428668503937008
11
0.4609104330708662
21
0.0398668503937008
0
LINE
8
BLACK
6
CONTINUOUS
10
0.4609104330708662
20
0.0398668503937008
11
0.4587142913385827
21
0.0376707086614173
0
LINE
8
BLACK
6
CONTINUOUS
10
0.4587142913385827
20
0.0376707086614173
11
0.4557142913385827
21
0.0368668503937008
0
LINE
8
BLACK
6
CONTINUOUS
10
0.4557142913385827
20
0.0368668503937008
11
0.4527142913385827
21
0.0376707086614173
0
LINE
8
BLACK
6
CONTINUOUS
10
0.4527142913385827
20
0.0376707086614173
11
0.4505181496062992
21
0.0398668503937008
0
LINE
8
BLACK
6
CONTINUOUS
10
0.4505181496062992
20
0.0398668503937008
11
0.4497142913385827
21
0.0428668503937008
0
LINE
8
BLACK
6
CONTINUOUS
10
0.4497142913385827
20
0.0428668503937008
11
0.4497142913385827
21
0.1028668503937008
0
LINE
8
BLACK
6
CONTINUOUS
10
0.4497142913385827
20
0.1028668503937008
11
0.4505181496062992
21
0.1058668503937008
0
LINE
8
BLACK
6
CONTINUOUS
10
0.4505181496062992
20
0.1058668503937008
11
0.4527142913385827
21
0.1080629921259842
0
LINE
8
BLACK
6
CONTINUOUS
10
0.4527142913385827
20
0.1080629921259842
11
0.4557142913385827
21
0.1088668503937008
0
LINE
8
BLACK
6
CONTINUOUS
10
0.4557142913385827
20
0.1088668503937008
11
0.4785714173228346
21
0.1088668503937008
0
LINE
8
BLACK
6
CONTINUOUS
10
0.4785714173228346
20
0.1088668503937008
11
0.4799035039370079
21
0.1085098818897638
0
LINE
8
BLACK
6
CONTINUOUS
10
0.4617142913385827
20
0.0774382677165354
11
0.4771549606299212
21
0.0774382677165354
0
LINE
8
BLACK
6
CONTINUOUS
10
0.4771549606299212
20
0.0774382677165354
11
0.4807315748031496
21
0.0792265748031496
0
LINE
8
BLACK
6
CONTINUOUS
10
0.4807315748031496
20
0.0792265748031496
11
0.4822116535433071
21
0.0807066535433071
0
LINE
8
BLACK
6
CONTINUOUS
10
0.4822116535433071
20
0.0807066535433071
11
0.484
21
0.0842833070866142
0
LINE
8
BLACK
6
CONTINUOUS
10
0.484
20
0.0842833070866142
11
0.484
21
0.0900217716535433
0
LINE
8
BLACK
6
CONTINUOUS
10
0.484
20
0.0900217716535433
11
0.4822116535433071
21
0.0935983858267717
0
LINE
8
BLACK
6
CONTINUOUS
10
0.4822116535433071
20
0.0935983858267717
11
0.4807315354330708
21
0.0950785826771653
0
LINE
8
BLACK
6
CONTINUOUS
10
0.4807315354330708
20
0.0950785826771653
11
0.477155
21
0.0968668503937008
0
LINE
8
BLACK
6
CONTINUOUS
10
0.477155
20
0.0968668503937008
11
0.4617142913385827
21
0.0968668503937008
0
LINE
8
BLACK
6
CONTINUOUS
10
0.4617142913385827
20
0.0968668503937008
11
0.4617142913385827
21
0.0774382677165354
0
LINE
8
BLACK
6
CONTINUOUS
10
0.5301916141732284
20
0.1088154724409449
11
0.5303861417322835
21
0.1088544094488189
0
LINE
8
BLACK
6
CONTINUOUS
10
0.5303861417322835
20
0.1088544094488189
11
0.5316805511811024
21
0.1084165354330709
0
LINE
8
BLACK
6
CONTINUOUS
10
0.5316805511811024
20
0.1084165354330709
11
0.533
21
0.1080629921259842
0
LINE
8
BLACK
6
CONTINUOUS
10
0.533
20
0.1080629921259842
11
0.5331401968503937
21
0.1079227559055118
0
LINE
8
BLACK
6
CONTINUOUS
10
0.5331401968503937
20
0.1079227559055118
11
0.5333282283464567
21
0.1078591732283465
0
LINE
8
BLACK
6
CONTINUOUS
10
0.5333282283464567
20
0.1078591732283465
11
0.5342302755905511
21
0.1068326771653543
0
LINE
8
BLACK
6
CONTINUOUS
10
0.5342302755905511
20
0.1068326771653543
11
0.5351961417322835
21
0.1058668503937008
0
LINE
8
BLACK
6
CONTINUOUS
10
0.5351961417322835
20
0.1058668503937008
11
0.5352474803149606
21
0.1056751968503937
0
LINE
8
BLACK
6
CONTINUOUS
10
0.5352474803149606
20
0.1056751968503937
11
0.5353784645669292
21
0.1055261811023622
0
LINE
8
BLACK
6
CONTINUOUS
10
0.5353784645669292
20
0.1055261811023622
11
0.5356463779527559
21
0.1041864173228346
0
LINE
8
BLACK
6
CONTINUOUS
10
0.5356463779527559
20
0.1041864173228346
11
0.536
21
0.1028668503937008
0
LINE
8
BLACK
6
CONTINUOUS
10
0.536
20
0.1028668503937008
11
0.536
21
0.0488668503937008
0
LINE
8
BLACK
6
CONTINUOUS
10
0.536
20
0.0488668503937008
11
0.5471428346456693
21
0.0488668503937008
0
LINE
8
BLACK
6
CONTINUOUS
10
0.5471428346456693
20
0.0488668503937008
11
0.5501428346456693
21
0.0480629921259842
0
LINE
8
BLACK
6
CONTINUOUS
10
0.5501428346456693
20
0.0480629921259842
11
0.5523389763779527
21
0.0458668503937008
0
LINE
8
BLACK
6
CONTINUOUS
10
0.5523389763779527
20
0.0458668503937008
11
0.5531428346456693
21
0.0428668503937008
0
LINE
8
BLACK
6
CONTINUOUS
10
0.5531428346456693
20
0.0428668503937008
11
0.5523389763779527
21
0.0398668503937008
0
LINE
8
BLACK
6
CONTINUOUS
10
0.5523389763779527
20
0.0398668503937008
11
0.5501428346456693
21
0.0376707086614173
0
LINE
8
BLACK
6
CONTINUOUS
10
0.5501428346456693
20
0.0376707086614173
11
0.5471428346456693
21
0.0368668503937008
0
LINE
8
BLACK
6
CONTINUOUS
10
0.5471428346456693
20
0.0368668503937008
11
0.53
21
0.0368668503937008
0
LINE
8
BLACK
6
CONTINUOUS
10
0.53
20
0.0368668503937008
11
0.5128571259842519
21
0.0368668503937008
0
LINE
8
BLACK
6
CONTINUOUS
10
0.5128571259842519
20
0.0368668503937008
11
0.5098571259842519
21
0.0376707086614173
0
LINE
8
BLACK
6
CONTINUOUS
10
0.5098571259842519
20
0.0376707086614173
11
0.5076609842519685
21
0.0398668503937008
0
LINE
8
BLACK
6
CONTINUOUS
10
0.5076609842519685
20
0.0398668503937008
11
0.5068571259842519
21
0.0428668503937008
0
LINE
8
BLACK
6
CONTINUOUS
10
0.5068571259842519
20
0.0428668503937008
11
0.5076609842519685
21
0.0458668503937008
0
LINE
8
BLACK
6
CONTINUOUS
10
0.5076609842519685
20
0.0458668503937008
11
0.5098571259842519
21
0.0480629921259842
0
LINE
8
BLACK
6
CONTINUOUS
10
0.5098571259842519
20
0.0480629921259842
11
0.5128571259842519
21
0.0488668503937008
0
LINE
8
BLACK
6
CONTINUOUS
10
0.5128571259842519
20
0.0488668503937008
11
0.524
21
0.0488668503937008
0
LINE
8
BLACK
6
CONTINUOUS
10
0.524
20
0.0488668503937008
11
0.524
21
0.0855244488188976
0
LINE
8
BLACK
6
CONTINUOUS
10
0.524
20
0.0855244488188976
11
0.5228140551181102
21
0.0843385039370079
0
LINE
8
BLACK
6
CONTINUOUS
10
0.5228140551181102
20
0.0843385039370079
11
0.5219774803149606
21
0.0838555118110236
0
LINE
8
BLACK
6
CONTINUOUS
10
0.5219774803149606
20
0.0838555118110236
11
0.5212546850393701
21
0.0832145669291339
0
LINE
8
BLACK
6
CONTINUOUS
10
0.5212546850393701
20
0.0832145669291339
11
0.5155403937007874
21
0.0803574409448819
0
LINE
8
BLACK
6
CONTINUOUS
10
0.5155403937007874
20
0.0803574409448819
11
0.5124975984251968
21
0.0797348031496063
0
LINE
8
BLACK
6
CONTINUOUS
10
0.5124975984251968
20
0.0797348031496063
11
0.5095511811023622
21
0.080716968503937
0
LINE
8
BLACK
6
CONTINUOUS
10
0.5095511811023622
20
0.080716968503937
11
0.5074905511811023
21
0.0830407480314961
0
LINE
8
BLACK
6
CONTINUOUS
10
0.5074905511811023
20
0.0830407480314961
11
0.5068679133858267
21
0.0860835433070866
0
LINE
8
BLACK
6
CONTINUOUS
10
0.5068679133858267
20
0.0860835433070866
11
0.5078500787401574
21
0.0890299606299213
0
LINE
8
BLACK
6
CONTINUOUS
10
0.5078500787401574
20
0.0890299606299213
11
0.5101738582677166
21
0.0910905905511811
0
LINE
8
BLACK
6
CONTINUOUS
10
0.5101738582677166
20
0.0910905905511811
11
0.5150172834645669
21
0.0935122834645669
0
LINE
8
BLACK
6
CONTINUOUS
10
0.5150172834645669
20
0.0935122834645669
11
0.5196229921259843
21
0.0981179921259843
0
LINE
8
BLACK
6
CONTINUOUS
10
0.5196229921259843
20
0.0981179921259843
11
0.5250077165354331
21
0.1061950787401575
0
LINE
8
BLACK
6
CONTINUOUS
10
0.5250077165354331
20
0.1061950787401575
11
0.5260339763779528
21
0.107096968503937
0
LINE
8
BLACK
6
CONTINUOUS
10
0.5260339763779528
20
0.107096968503937
11
0.527
21
0.1080629921259842
0
LINE
8
BLACK
6
CONTINUOUS
10
0.527
20
0.1080629921259842
11
0.5271916141732284
21
0.1081143307086614
0
LINE
8
BLACK
6
CONTINUOUS
10
0.5271916141732284
20
0.1081143307086614
11
0.5273406692913386
21
0.1082453149606299
0
LINE
8
BLACK
6
CONTINUOUS
10
0.5273406692913386
20
0.1082453149606299
11
0.5286803937007873
21
0.1085132283464567
0
LINE
8
BLACK
6
CONTINUOUS
10
0.5286803937007873
20
0.1085132283464567
11
0.53
21
0.1088668503937008
0
LINE
8
BLACK
6
CONTINUOUS
10
0.53
20
0.1088668503937008
11
0.5301916141732284
21
0.1088154724409449
0
LINE
8
BLACK
6
CONTINUOUS
10
0.575
20
0.1281496062992126
11
0.425
21
0.1281496062992126
0
LINE
8
BLACK
6
CONTINUOUS
10
0.425
20
0.1281496062992126
11
0.425
21
0.2781496062992126
0
LINE
8
BLACK
6
CONTINUOUS
10
0.425
20
0.2781496062992126
11
0.575
21
0.2781496062992126
0
LINE
8
BLACK
6
CONTINUOUS
10
0.575
20
0.2781496062992126
11
0.575
21
0.1281496062992126
0
LINE
8
BLACK
6
CONTINUOUS
10
1.1594583070866142
20
0.6784791338582677
11
1.159567874015748
21
0.6784984645669291
0
LINE
8
BLACK
6
CONTINUOUS
10
1.159567874015748
20
0.6784984645669291
11
1.1596641732283464
21
0.6784428346456692
0
LINE
8
BLACK
6
CONTINUOUS
10
1.1596641732283464
20
0.6784428346456692
11
1.1601044094488189
21
0.6783652362204724
0
LINE
8
BLACK
6
CONTINUOUS
10
1.1601044094488189
20
0.6783652362204724
11
1.160778937007874
21
0.6777992125984251
0
LINE
8
BLACK
6
CONTINUOUS
10
1.160778937007874
20
0.6777992125984251
11
1.1613170472440946
21
0.6774885433070866
0
LINE
8
BLACK
6
CONTINUOUS
10
1.1613170472440946
20
0.6774885433070866
11
1.1613908267716535
21
0.677285748031496
0
LINE
8
BLACK
6
CONTINUOUS
10
1.1613908267716535
20
0.677285748031496
11
1.161651653543307
21
0.6770669291338582
0
LINE
8
BLACK
6
CONTINUOUS
10
1.161651653543307
20
0.6770669291338582
11
1.1618218503937008
21
0.6761015354330708
0
LINE
8
BLACK
6
CONTINUOUS
10
1.1618218503937008
20
0.6761015354330708
11
1.162007874015748
21
0.6755905511811023
0
LINE
8
BLACK
6
CONTINUOUS
10
1.162007874015748
20
0.6755905511811023
11
1.162007874015748
21
0.5771692913385826
0
LINE
8
BLACK
6
CONTINUOUS
10
1.162007874015748
20
0.5771692913385826
11
1.1619599212598426
21
0.5768973622047244
0
LINE
8
BLACK
6
CONTINUOUS
10
1.1619599212598426
20
0.5768973622047244
11
1.1620024015748032
21
0.5766565354330708
0
LINE
8
BLACK
6
CONTINUOUS
10
1.1620024015748032
20
0.5766565354330708
11
1.1618801181102363
21
0.5764447244094488
0
LINE
8
BLACK
6
CONTINUOUS
10
1.1618801181102363
20
0.5764447244094488
11
1.1618298031496064
21
0.5761593700787402
0
LINE
8
BLACK
6
CONTINUOUS
10
1.1618298031496064
20
0.5761593700787402
11
1.161462874015748
21
0.5757220866141732
0
LINE
8
BLACK
6
CONTINUOUS
10
1.161462874015748
20
0.5757220866141732
11
1.1609924803149605
21
0.5749073622047244
0
LINE
8
BLACK
6
CONTINUOUS
10
1.1609924803149605
20
0.5749073622047244
11
1.160685433070866
21
0.5747955905511811
0
LINE
8
BLACK
6
CONTINUOUS
10
1.160685433070866
20
0.5747955905511811
11
1.160531496062992
21
0.5746121259842519
0
LINE
8
BLACK
6
CONTINUOUS
10
1.160531496062992
20
0.5746121259842519
11
1.1598522834645668
21
0.5744923228346457
0
LINE
8
BLACK
6
CONTINUOUS
10
1.1598522834645668
20
0.5744923228346457
11
1.1590944881889764
21
0.5742165354330708
0
LINE
8
BLACK
6
CONTINUOUS
10
1.1590944881889764
20
0.5742165354330708
11
1.0409055118110235
21
0.5742165354330708
0
LINE
8
BLACK
6
CONTINUOUS
10
1.0409055118110235
20
0.5742165354330708
11
1.040541653543307
21
0.5742806692913386
0
LINE
8
BLACK
6
CONTINUOUS
10
1.040541653543307
20
0.5742806692913386
11
1.0404321259842519
21
0.5742613779527559
0
LINE
8
BLACK
6
CONTINUOUS
10
1.0404321259842519
20
0.5742613779527559
11
1.0403357874015748
21
0.574316968503937
0
LINE
8
BLACK
6
CONTINUOUS
10
1.0403357874015748
20
0.574316968503937
11
1.0398955905511811
21
0.5743946062992126
0
LINE
8
BLACK
6
CONTINUOUS
10
1.0398955905511811
20
0.5743946062992126
11
1.0392210236220472
21
0.5749605905511811
0
LINE
8
BLACK
6
CONTINUOUS
10
1.0392210236220472
20
0.5749605905511811
11
1.0386829527559054
21
0.5752712992125985
0
LINE
8
BLACK
6
CONTINUOUS
10
1.0386829527559054
20
0.5752712992125985
11
1.0386091338582677
21
0.5754740551181102
0
LINE
8
BLACK
6
CONTINUOUS
10
1.0386091338582677
20
0.5754740551181102
11
1.0383483464566929
21
0.5756929133858267
0
LINE
8
BLACK
6
CONTINUOUS
10
1.0383483464566929
20
0.5756929133858267
11
1.0381781102362204
21
0.5766582677165354
0
LINE
8
BLACK
6
CONTINUOUS
10
1.0381781102362204
20
0.5766582677165354
11
1.0379921259842519
21
0.5771692913385826
0
LINE
8
BLACK
6
CONTINUOUS
10
1.0379921259842519
20
0.5771692913385826
11
1.0379921259842519
21
0.6755905511811023
0
LINE
8
BLACK
6
CONTINUOUS
10
1.0379921259842519
20
0.6755905511811023
11
1.0380400393700788
21
0.6758624409448819
0
LINE
8
BLACK
6
CONTINUOUS
10
1.0380400393700788
20
0.6758624409448819
11
1.0379975984251968
21
0.6761033070866141
0
LINE
8
BLACK
6
CONTINUOUS
10
1.0379975984251968
20
0.6761033070866141
11
1.0381198425196849
21
0.6763150787401575
0
LINE
8
BLACK
6
CONTINUOUS
10
1.0381198425196849
20
0.6763150787401575
11
1.0381701968503936
21
0.6766004724409449
0
LINE
8
BLACK
6
CONTINUOUS
10
1.0381701968503936
20
0.6766004724409449
11
1.0385370866141732
21
0.6770377165354331
0
LINE
8
BLACK
6
CONTINUOUS
10
1.0385370866141732
20
0.6770377165354331
11
1.0390075196850392
21
0.6778524803149606
0
LINE
8
BLACK
6
CONTINUOUS
10
1.0390075196850392
20
0.6778524803149606
11
1.0393145275590552
21
0.6779642125984252
0
LINE
8
BLACK
6
CONTINUOUS
10
1.0393145275590552
20
0.6779642125984252
11
1.039468503937008
21
0.678147716535433
0
LINE
8
BLACK
6
CONTINUOUS
10
1.039468503937008
20
0.678147716535433
11
1.0401476771653544
21
0.6782674803149606
0
LINE
8
BLACK
6
CONTINUOUS
10
1.0401476771653544
20
0.6782674803149606
11
1.0409055118110235
21
0.6785433070866141
0
LINE
8
BLACK
6
CONTINUOUS
10
1.0409055118110235
20
0.6785433070866141
11
1.1590944881889764
21
0.6785433070866141
0
LINE
8
BLACK
6
CONTINUOUS
10
1.1590944881889764
20
0.6785433070866141
11
1.1594583070866142
21
0.6784791338582677
0
LINE
8
BLACK
6
CONTINUOUS
10
1.0438976377952756
20
0.6726377952755905
11
1.0438976377952756
21
0.5801220472440944
0
LINE
8
BLACK
6
CONTINUOUS
10
1.0438976377952756
20
0.5801220472440944
11
1.1561023622047244
21
0.5801220472440944
0
LINE
8
BLACK
6
CONTINUOUS
10
1.1561023622047244
20
0.5801220472440944
11
1.1561023622047244
21
0.6726377952755905
0
LINE
8
BLACK
6
CONTINUOUS
10
1.1561023622047244
20
0.6726377952755905
11
1.0438976377952756
21
0.6726377952755905
0
LINE
8
BLACK
6
CONTINUOUS
10
0.9594583070866142
20
0.6784791338582677
11
0.9595678740157481
21
0.6784984645669291
0
LINE
8
BLACK
6
CONTINUOUS
10
0.9595678740157481
20
0.6784984645669291
11
0.9596641732283464
21
0.6784428346456692
0
LINE
8
BLACK
6
CONTINUOUS
10
0.9596641732283464
20
0.6784428346456692
11
0.9601044094488189
21
0.6783652362204724
0
LINE
8
BLACK
6
CONTINUOUS
10
0.9601044094488189
20
0.6783652362204724
11
0.960778937007874
21
0.6777992125984251
0
LINE
8
BLACK
6
CONTINUOUS
10
0.960778937007874
20
0.6777992125984251
11
0.9613170472440945
21
0.6774885433070866
0
LINE
8
BLACK
6
CONTINUOUS
10
0.9613170472440945
20
0.6774885433070866
11
0.9613908267716536
21
0.677285748031496
0
LINE
8
BLACK
6
CONTINUOUS
10
0.9613908267716536
20
0.677285748031496
11
0.9616516535433071
21
0.6770669291338582
0
LINE
8
BLACK
6
CONTINUOUS
10
0.9616516535433071
20
0.6770669291338582
11
0.9618218503937007
21
0.6761015354330708
0
LINE
8
BLACK
6
CONTINUOUS
10
0.9618218503937007
20
0.6761015354330708
11
0.9620078740157481
21
0.6755905511811023
0
LINE
8
BLACK
6
CONTINUOUS
10
0.9620078740157481
20
0.6755905511811023
11
0.9620078740157481
21
0.5771692913385826
0
LINE
8
BLACK
6
CONTINUOUS
10
0.9620078740157481
20
0.5771692913385826
11
0.9619599212598425
21
0.5768973622047244
0
LINE
8
BLACK
6
CONTINUOUS
10
0.9619599212598425
20
0.5768973622047244
11
0.9620024015748031
21
0.5766565354330708
0
LINE
8
BLACK
6
CONTINUOUS
10
0.9620024015748031
20
0.5766565354330708
11
0.9618801181102362
21
0.5764447244094488
0
LINE
8
BLACK
6
CONTINUOUS
10
0.9618801181102362
20
0.5764447244094488
11
0.9618298031496063
21
0.5761593700787402
0
LINE
8
BLACK
6
CONTINUOUS
10
0.9618298031496063
20
0.5761593700787402
11
0.961462874015748
21
0.5757220866141732
0
LINE
8
BLACK
6
CONTINUOUS
10
0.961462874015748
20
0.5757220866141732
11
0.9609924803149607
21
0.5749073622047244
0
LINE
8
BLACK
6
CONTINUOUS
10
0.9609924803149607
20
0.5749073622047244
11
0.9606854330708661
21
0.5747955905511811
0
LINE
8
BLACK
6
CONTINUOUS
10
0.9606854330708661
20
0.5747955905511811
11
0.9605314960629922
21
0.5746121259842519
0
LINE
8
BLACK
6
CONTINUOUS
10
0.9605314960629922
20
0.5746121259842519
11
0.9598522834645669
21
0.5744923228346457
0
LINE
8
BLACK
6
CONTINUOUS
10
0.9598522834645669
20
0.5744923228346457
11
0.9590944881889764
21
0.5742165354330708
0
LINE
8
BLACK
6
CONTINUOUS
10
0.9590944881889764
20
0.5742165354330708
11
0.8409055118110236
21
0.5742165354330708
0
LINE
8
BLACK
6
CONTINUOUS
10
0.8409055118110236
20
0.5742165354330708
11
0.8405416535433071
21
0.5742806692913386
0
LINE
8
BLACK
6
CONTINUOUS
10
0.8405416535433071
20
0.5742806692913386
11
0.840432125984252
21
0.5742613779527559
0
LINE
8
BLACK
6
CONTINUOUS
10
0.840432125984252
20
0.5742613779527559
11
0.8403357874015748
21
0.574316968503937
0
LINE
8
BLACK
6
CONTINUOUS
10
0.8403357874015748
20
0.574316968503937
11
0.8398955905511811
21
0.5743946062992126
0
LINE
8
BLACK
6
CONTINUOUS
10
0.8398955905511811
20
0.5743946062992126
11
0.8392210236220472
21
0.5749605905511811
0
LINE
8
BLACK
6
CONTINUOUS
10
0.8392210236220472
20
0.5749605905511811
11
0.8386829527559055
21
0.5752712992125985
0
LINE
8
BLACK
6
CONTINUOUS
10
0.8386829527559055
20
0.5752712992125985
11
0.8386091338582677
21
0.5754740551181102
0
LINE
8
BLACK
6
CONTINUOUS
10
0.8386091338582677
20
0.5754740551181102
11
0.8383483464566929
21
0.5756929133858267
0
LINE
8
BLACK
6
CONTINUOUS
10
0.8383483464566929
20
0.5756929133858267
11
0.8381781102362205
21
0.5766582677165354
0
LINE
8
BLACK
6
CONTINUOUS
10
0.8381781102362205
20
0.5766582677165354
11
0.837992125984252
21
0.5771692913385826
0
LINE
8
BLACK
6
CONTINUOUS
10
0.837992125984252
20
0.5771692913385826
11
0.837992125984252
21
0.6755905511811023
0
LINE
8
BLACK
6
CONTINUOUS
10
0.837992125984252
20
0.6755905511811023
11
0.8380400393700788
21
0.6758624409448819
0
LINE
8
BLACK
6
CONTINUOUS
10
0.8380400393700788
20
0.6758624409448819
11
0.8379975984251968
21
0.6761033070866141
0
LINE
8
BLACK
6
CONTINUOUS
10
0.8379975984251968
20
0.6761033070866141
11
0.838119842519685
21
0.6763150787401575
0
LINE
8
BLACK
6
CONTINUOUS
10
0.838119842519685
20
0.6763150787401575
11
0.8381701968503937
21
0.6766004724409449
0
LINE
8
BLACK
6
CONTINUOUS
10
0.8381701968503937
20
0.6766004724409449
11
0.8385370866141733
21
0.6770377165354331
0
LINE
8
BLACK
6
CONTINUOUS
10
0.8385370866141733
20
0.6770377165354331
11
0.8390075196850394
21
0.6778524803149606
0
LINE
8
BLACK
6
CONTINUOUS
10
0.8390075196850394
20
0.6778524803149606
11
0.8393145275590551
21
0.6779642125984252
0
LINE
8
BLACK
6
CONTINUOUS
10
0.8393145275590551
20
0.6779642125984252
11
0.8394685039370079
21
0.678147716535433
0
LINE
8
BLACK
6
CONTINUOUS
10
0.8394685039370079
20
0.678147716535433
11
0.8401476771653543
21
0.6782674803149606
0
LINE
8
BLACK
6
CONTINUOUS
10
0.8401476771653543
20
0.6782674803149606
11
0.8409055118110236
21
0.6785433070866141
0
LINE
8
BLACK
6
CONTINUOUS
10
0.8409055118110236
20
0.6785433070866141
11
0.9590944881889764
21
0.6785433070866141
0
LINE
8
BLACK
6
CONTINUOUS
10
0.9590944881889764
20
0.6785433070866141
11
0.9594583070866142
21
0.6784791338582677
0
LINE
8
BLACK
6
CONTINUOUS
10
0.8438976377952756
20
0.6726377952755905
11
0.8438976377952756
21
0.5801220472440944
0
LINE
8
BLACK
6
CONTINUOUS
10
0.8438976377952756
20
0.5801220472440944
11
0.9561023622047244
21
0.5801220472440944
0
LINE
8
BLACK
6
CONTINUOUS
10
0.9561023622047244
20
0.5801220472440944
11
0.9561023622047244
21
0.6726377952755905
0
LINE
8
BLACK
6
CONTINUOUS
10
0.9561023622047244
20
0.6726377952755905
11
0.8438976377952756
21
0.6726377952755905
0
LINE
8
BLACK
6
CONTINUOUS
10
0.7594583070866141
20
0.6784791338582677
11
0.759567874015748
21
0.6784984645669291
0
LINE
8
BLACK
6
CONTINUOUS
10
0.759567874015748
20
0.6784984645669291
11
0.7596641732283465
21
0.6784428346456692
0
LINE
8
BLACK
6
CONTINUOUS
10
0.7596641732283465
20
0.6784428346456692
11
0.7601044094488189
21
0.6783652362204724
0
LINE
8
BLACK
6
CONTINUOUS
10
0.7601044094488189
20
0.6783652362204724
11
0.760778937007874
21
0.6777992125984251
0
LINE
8
BLACK
6
CONTINUOUS
10
0.760778937007874
20
0.6777992125984251
11
0.7613170472440944
21
0.6774885433070866
0
LINE
8
BLACK
6
CONTINUOUS
10
0.7613170472440944
20
0.6774885433070866
11
0.7613908267716535
21
0.677285748031496
0
LINE
8
BLACK
6
CONTINUOUS
10
0.7613908267716535
20
0.677285748031496
11
0.7616516535433071
21
0.6770669291338582
0
LINE
8
BLACK
6
CONTINUOUS
10
0.7616516535433071
20
0.6770669291338582
11
0.7618218503937008
21
0.6761015354330708
0
LINE
8
BLACK
6
CONTINUOUS
10
0.7618218503937008
20
0.6761015354330708
11
0.762007874015748
21
0.6755905511811023
0
LINE
8
BLACK
6
CONTINUOUS
10
0.762007874015748
20
0.6755905511811023
11
0.762007874015748
21
0.5771692913385826
0
LINE
8
BLACK
6
CONTINUOUS
10
0.762007874015748
20
0.5771692913385826
11
0.7619599212598425
21
0.5768973622047244
0
LINE
8
BLACK
6
CONTINUOUS
10
0.7619599212598425
20
0.5768973622047244
11
0.7620024015748031
21
0.5766565354330708
0
LINE
8
BLACK
6
CONTINUOUS
10
0.7620024015748031
20
0.5766565354330708
11
0.7618801181102361
21
0.5764447244094488
0
LINE
8
BLACK
6
CONTINUOUS
10
0.7618801181102361
20
0.5764447244094488
11
0.7618298031496062
21
0.5761593700787402
0
LINE
8
BLACK
6
CONTINUOUS
10
0.7618298031496062
20
0.5761593700787402
11
0.761462874015748
21
0.5757220866141732
0
LINE
8
BLACK
6
CONTINUOUS
10
0.761462874015748
20
0.5757220866141732
11
0.7609924803149606
21
0.5749073622047244
0
LINE
8
BLACK
6
CONTINUOUS
10
0.7609924803149606
20
0.5749073622047244
11
0.7606854330708661
21
0.5747955905511811
0
LINE
8
BLACK
6
CONTINUOUS
10
0.7606854330708661
20
0.5747955905511811
11
0.7605314960629921
21
0.5746121259842519
0
LINE
8
BLACK
6
CONTINUOUS
10
0.7605314960629921
20
0.5746121259842519
11
0.7598522834645669
21
0.5744923228346457
0
LINE
8
BLACK
6
CONTINUOUS
10
0.7598522834645669
20
0.5744923228346457
11
0.7590944881889764
21
0.5742165354330708
0
LINE
8
BLACK
6
CONTINUOUS
10
0.7590944881889764
20
0.5742165354330708
11
0.6409055118110236
21
0.5742165354330708
0
LINE
8
BLACK
6
CONTINUOUS
10
0.6409055118110236
20
0.5742165354330708
11
0.6405416535433071
21
0.5742806692913386
0
LINE
8
BLACK
6
CONTINUOUS
10
0.6405416535433071
20
0.5742806692913386
11
0.6404321259842519
21
0.5742613779527559
0
LINE
8
BLACK
6
CONTINUOUS
10
0.6404321259842519
20
0.5742613779527559
11
0.6403357874015748
21
0.574316968503937
0
LINE
8
BLACK
6
CONTINUOUS
10
0.6403357874015748
20
0.574316968503937
11
0.6398955905511811
21
0.5743946062992126
0
LINE
8
BLACK
6
CONTINUOUS
10
0.6398955905511811
20
0.5743946062992126
11
0.6392210236220472
21
0.5749605905511811
0
LINE
8
BLACK
6
CONTINUOUS
10
0.6392210236220472
20
0.5749605905511811
11
0.6386829527559055
21
0.5752712992125985
0
LINE
8
BLACK
6
CONTINUOUS
10
0.6386829527559055
20
0.5752712992125985
11
0.6386091338582677
21
0.5754740551181102
0
LINE
8
BLACK
6
CONTINUOUS
10
0.6386091338582677
20
0.5754740551181102
11
0.6383483464566929
21
0.5756929133858267
0
LINE
8
BLACK
6
CONTINUOUS
10
0.6383483464566929
20
0.5756929133858267
11
0.6381781102362205
21
0.5766582677165354
0
LINE
8
BLACK
6
CONTINUOUS
10
0.6381781102362205
20
0.5766582677165354
11
0.6379921259842519
21
0.5771692913385826
0
LINE
8
BLACK
6
CONTINUOUS
10
0.6379921259842519
20
0.5771692913385826
11
0.6379921259842519
21
0.6755905511811023
0
LINE
8
BLACK
6
CONTINUOUS
10
0.6379921259842519
20
0.6755905511811023
11
0.6380400393700787
21
0.6758624409448819
0
LINE
8
BLACK
6
CONTINUOUS
10
0.6380400393700787
20
0.6758624409448819
11
0.6379975984251969
21
0.6761033070866141
0
LINE
8
BLACK
6
CONTINUOUS
10
0.6379975984251969
20
0.6761033070866141
11
0.638119842519685
21
0.6763150787401575
0
LINE
8
BLACK
6
CONTINUOUS
10
0.638119842519685
20
0.6763150787401575
11
0.6381701968503937
21
0.6766004724409449
0
LINE
8
BLACK
6
CONTINUOUS
10
0.6381701968503937
20
0.6766004724409449
11
0.6385370866141732
21
0.6770377165354331
0
LINE
8
BLACK
6
CONTINUOUS
10
0.6385370866141732
20
0.6770377165354331
11
0.6390075196850393
21
0.6778524803149606
0
LINE
8
BLACK
6
CONTINUOUS
10
0.6390075196850393
20
0.6778524803149606
11
0.6393145275590552
21
0.6779642125984252
0
LINE
8
BLACK
6
CONTINUOUS
10
0.6393145275590552
20
0.6779642125984252
11
0.6394685039370078
21
0.678147716535433
0
LINE
8
BLACK
6
CONTINUOUS
10
0.6394685039370078
20
0.678147716535433
11
0.6401476771653544
21
0.6782674803149606
0
LINE
8
BLACK
6
CONTINUOUS
10
0.6401476771653544
20
0.6782674803149606
11
0.6409055118110236
21
0.6785433070866141
0
LINE
8
BLACK
6
CONTINUOUS
10
0.6409055118110236
20
0.6785433070866141
11
0.7590944881889764
21
0.6785433070866141
0
LINE
8
BLACK
6
CONTINUOUS
10
0.7590944881889764
20
0.6785433070866141
11
0.7594583070866141
21
0.6784791338582677
0
LINE
8
BLACK
6
CONTINUOUS
10
0.6438976377952755
20
0.6726377952755905
11
0.6438976377952755
21
0.5801220472440944
0
LINE
8
BLACK
6
CONTINUOUS
10
0.6438976377952755
20
0.5801220472440944
11
0.7561023622047244
21
0.5801220472440944
0
LINE
8
BLACK
6
CONTINUOUS
10
0.7561023622047244
20
0.5801220472440944
11
0.7561023622047244
21
0.6726377952755905
0
LINE
8
BLACK
6
CONTINUOUS
10
0.7561023622047244
20
0.6726377952755905
11
0.6438976377952755
21
0.6726377952755905
0
LINE
8
BLACK
6
CONTINUOUS
10
0.5594583070866141
20
0.6784791338582677
11
0.559567874015748
21
0.6784984645669291
0
LINE
8
BLACK
6
CONTINUOUS
10
0.559567874015748
20
0.6784984645669291
11
0.5596641732283465
21
0.6784428346456692
0
LINE
8
BLACK
6
CONTINUOUS
10
0.5596641732283465
20
0.6784428346456692
11
0.5601044094488189
21
0.6783652362204724
0
LINE
8
BLACK
6
CONTINUOUS
10
0.5601044094488189
20
0.6783652362204724
11
0.560778937007874
21
0.6777992125984251
0
LINE
8
BLACK
6
CONTINUOUS
10
0.560778937007874
20
0.6777992125984251
11
0.5613170472440945
21
0.6774885433070866
0
LINE
8
BLACK
6
CONTINUOUS
10
0.5613170472440945
20
0.6774885433070866
11
0.5613908267716535
21
0.677285748031496
0
LINE
8
BLACK
6
CONTINUOUS
10
0.5613908267716535
20
0.677285748031496
11
0.561651653543307
21
0.6770669291338582
0
LINE
8
BLACK
6
CONTINUOUS
10
0.561651653543307
20
0.6770669291338582
11
0.5618218503937008
21
0.6761015354330708
0
LINE
8
BLACK
6
CONTINUOUS
10
0.5618218503937008
20
0.6761015354330708
11
0.562007874015748
21
0.6755905511811023
0
LINE
8
BLACK
6
CONTINUOUS
10
0.562007874015748
20
0.6755905511811023
11
0.562007874015748
21
0.5771692913385826
0
LINE
8
BLACK
6
CONTINUOUS
10
0.562007874015748
20
0.5771692913385826
11
0.5619599212598425
21
0.5768973622047244
0
LINE
8
BLACK
6
CONTINUOUS
10
0.5619599212598425
20
0.5768973622047244
11
0.5620024015748032
21
0.5766565354330708
0
LINE
8
BLACK
6
CONTINUOUS
10
0.5620024015748032
20
0.5766565354330708
11
0.5618801181102362
21
0.5764447244094488
0
LINE
8
BLACK
6
CONTINUOUS
10
0.5618801181102362
20
0.5764447244094488
11
0.5618298031496063
21
0.5761593700787402
0
LINE
8
BLACK
6
CONTINUOUS
10
0.5618298031496063
20
0.5761593700787402
11
0.561462874015748
21
0.5757220866141732
0
LINE
8
BLACK
6
CONTINUOUS
10
0.561462874015748
20
0.5757220866141732
11
0.5609924803149606
21
0.5749073622047244
0
LINE
8
BLACK
6
CONTINUOUS
10
0.5609924803149606
20
0.5749073622047244
11
0.5606854330708662
21
0.5747955905511811
0
LINE
8
BLACK
6
CONTINUOUS
10
0.5606854330708662
20
0.5747955905511811
11
0.5605314960629921
21
0.5746121259842519
0
LINE
8
BLACK
6
CONTINUOUS
10
0.5605314960629921
20
0.5746121259842519
11
0.5598522834645669
21
0.5744923228346457
0
LINE
8
BLACK
6
CONTINUOUS
10
0.5598522834645669
20
0.5744923228346457
11
0.5590944881889763
21
0.5742165354330708
0
LINE
8
BLACK
6
CONTINUOUS
10
0.5590944881889763
20
0.5742165354330708
11
0.4409055118110236
21
0.5742165354330708
0
LINE
8
BLACK
6
CONTINUOUS
10
0.4409055118110236
20
0.5742165354330708
11
0.4405416535433071
21
0.5742806692913386
0
LINE
8
BLACK
6
CONTINUOUS
10
0.4405416535433071
20
0.5742806692913386
11
0.440432125984252
21
0.5742613779527559
0
LINE
8
BLACK
6
CONTINUOUS
10
0.440432125984252
20
0.5742613779527559
11
0.4403357874015748
21
0.574316968503937
0
LINE
8
BLACK
6
CONTINUOUS
10
0.4403357874015748
20
0.574316968503937
11
0.4398955905511811
21
0.5743946062992126
0
LINE
8
BLACK
6
CONTINUOUS
10
0.4398955905511811
20
0.5743946062992126
11
0.4392210236220472
21
0.5749605905511811
0
LINE
8
BLACK
6
CONTINUOUS
10
0.4392210236220472
20
0.5749605905511811
11
0.4386829527559055
21
0.5752712992125985
0
LINE
8
BLACK
6
CONTINUOUS
10
0.4386829527559055
20
0.5752712992125985
11
0.4386091338582677
21
0.5754740551181102
0
LINE
8
BLACK
6
CONTINUOUS
10
0.4386091338582677
20
0.5754740551181102
11
0.4383483464566929
21
0.5756929133858267
0
LINE
8
BLACK
6
CONTINUOUS
10
0.4383483464566929
20
0.5756929133858267
11
0.4381781102362204
21
0.5766582677165354
0
LINE
8
BLACK
6
CONTINUOUS
10
0.4381781102362204
20
0.5766582677165354
11
0.437992125984252
21
0.5771692913385826
0
LINE
8
BLACK
6
CONTINUOUS
10
0.437992125984252
20
0.5771692913385826
11
0.437992125984252
21
0.6755905511811023
0
LINE
8
BLACK
6
CONTINUOUS
10
0.437992125984252
20
0.6755905511811023
11
0.4380400393700787
21
0.6758624409448819
0
LINE
8
BLACK
6
CONTINUOUS
10
0.4380400393700787
20
0.6758624409448819
11
0.4379975984251969
21
0.6761033070866141
0
LINE
8
BLACK
6
CONTINUOUS
10
0.4379975984251969
20
0.6761033070866141
11
0.4381198425196851
21
0.6763150787401575
0
LINE
8
BLACK
6
CONTINUOUS
10
0.4381198425196851
20
0.6763150787401575
11
0.4381701968503937
21
0.6766004724409449
0
LINE
8
BLACK
6
CONTINUOUS
10
0.4381701968503937
20
0.6766004724409449
11
0.4385370866141732
21
0.6770377165354331
0
LINE
8
BLACK
6
CONTINUOUS
10
0.4385370866141732
20
0.6770377165354331
11
0.4390075196850394
21
0.6778524803149606
0
LINE
8
BLACK
6
CONTINUOUS
10
0.4390075196850394
20
0.6778524803149606
11
0.4393145275590551
21
0.6779642125984252
0
LINE
8
BLACK
6
CONTINUOUS
10
0.4393145275590551
20
0.6779642125984252
11
0.4394685039370079
21
0.678147716535433
0
LINE
8
BLACK
6
CONTINUOUS
10
0.4394685039370079
20
0.678147716535433
11
0.4401476771653543
21
0.6782674803149606
0
LINE
8
BLACK
6
CONTINUOUS
10
0.4401476771653543
20
0.6782674803149606
11
0.4409055118110236
21
0.6785433070866141
0
LINE
8
BLACK
6
CONTINUOUS
10
0.4409055118110236
20
0.6785433070866141
11
0.5590944881889763
21
0.6785433070866141
0
LINE
8
BLACK
6
CONTINUOUS
10
0.5590944881889763
20
0.6785433070866141
11
0.5594583070866141
21
0.6784791338582677
0
LINE
8
BLACK
6
CONTINUOUS
10
0.4438976377952756
20
0.6726377952755905
11
0.4438976377952756
21
0.5801220472440944
0
LINE
8
BLACK
6
CONTINUOUS
10
0.4438976377952756
20
0.5801220472440944
11
0.5561023622047244
21
0.5801220472440944
0
LINE
8
BLACK
6
CONTINUOUS
10
0.5561023622047244
20
0.5801220472440944
11
0.5561023622047244
21
0.6726377952755905
0
LINE
8
BLACK
6
CONTINUOUS
10
0.5561023622047244
20
0.6726377952755905
11
0.4438976377952756
21
0.6726377952755905
0
LINE
8
BLACK
6
CONTINUOUS
10
0.5791236614173229
20
0.6981646456692914
11
0.5792529133858267
21
0.6981874409448818
0
LINE
8
BLACK
6
CONTINUOUS
10
0.5792529133858267
20
0.6981874409448818
11
0.5793664960629921
21
0.698121811023622
0
LINE
8
BLACK
6
CONTINUOUS
10
0.5793664960629921
20
0.698121811023622
11
0.5797500787401575
21
0.6980542125984252
0
LINE
8
BLACK
6
CONTINUOUS
10
0.5797500787401575
20
0.6980542125984252
11
0.5803377559055118
21
0.6975610629921259
0
LINE
8
BLACK
6
CONTINUOUS
10
0.5803377559055118
20
0.6975610629921259
11
0.5810020866141732
21
0.6971775196850394
0
LINE
8
BLACK
6
CONTINUOUS
10
0.5810020866141732
20
0.6971775196850394
11
0.581093188976378
21
0.6969271653543307
0
LINE
8
BLACK
6
CONTINUOUS
10
0.581093188976378
20
0.6969271653543307
11
0.5812973228346456
21
0.696755905511811
0
LINE
8
BLACK
6
CONTINUOUS
10
0.5812973228346456
20
0.696755905511811
11
0.5814305511811023
21
0.6960003149606299
0
LINE
8
BLACK
6
CONTINUOUS
10
0.5814305511811023
20
0.6960003149606299
11
0.5816929133858267
21
0.6952795275590551
0
LINE
8
BLACK
6
CONTINUOUS
10
0.5816929133858267
20
0.6952795275590551
11
0.5816929133858267
21
0.5998031496062992
0
LINE
8
BLACK
6
CONTINUOUS
10
0.5816929133858267
20
0.5998031496062992
11
0.5984251968503936
21
0.5998031496062992
0
LINE
8
BLACK
6
CONTINUOUS
10
0.5984251968503936
20
0.5998031496062992
11
0.5988087007874016
21
0.5997355118110236
0
LINE
8
BLACK
6
CONTINUOUS
10
0.5988087007874016
20
0.5997355118110236
11
0.5989379527559054
21
0.5997583070866142
0
LINE
8
BLACK
6
CONTINUOUS
10
0.5989379527559054
20
0.5997583070866142
11
0.5990515354330709
21
0.5996926771653543
0
LINE
8
BLACK
6
CONTINUOUS
10
0.5990515354330709
20
0.5996926771653543
11
0.5994351181102362
21
0.5996250787401575
0
LINE
8
BLACK
6
CONTINUOUS
10
0.5994351181102362
20
0.5996250787401575
11
0.5999314566929134
21
0.5992085826771654
0
LINE
8
BLACK
6
CONTINUOUS
10
0.5999314566929134
20
0.5992085826771654
11
0.6000984251968504
21
0.5994075590551181
0
LINE
8
BLACK
6
CONTINUOUS
10
0.6000984251968504
20
0.5994075590551181
11
0.6008539763779528
21
0.5995407874015748
0
LINE
8
BLACK
6
CONTINUOUS
10
0.6008539763779528
20
0.5995407874015748
11
0.6015748031496063
21
0.5998031496062992
0
LINE
8
BLACK
6
CONTINUOUS
10
0.6015748031496063
20
0.5998031496062992
11
0.6183070866141732
21
0.5998031496062992
0
LINE
8
BLACK
6
CONTINUOUS
10
0.6183070866141732
20
0.5998031496062992
11
0.6183070866141732
21
0.6953149606299213
0
LINE
8
BLACK
6
CONTINUOUS
10
0.6183070866141732
20
0.6953149606299213
11
0.6183715748031496
21
0.695680748031496
0
LINE
8
BLACK
6
CONTINUOUS
10
0.6183715748031496
20
0.695680748031496
11
0.6183519291338583
21
0.6957922834645669
0
LINE
8
BLACK
6
CONTINUOUS
10
0.6183519291338583
20
0.6957922834645669
11
0.6184085039370079
21
0.6958903149606299
0
LINE
8
BLACK
6
CONTINUOUS
10
0.6184085039370079
20
0.6958903149606299
11
0.618485157480315
21
0.6963248818897637
0
LINE
8
BLACK
6
CONTINUOUS
10
0.618485157480315
20
0.6963248818897637
11
0.6190438582677166
21
0.6969907086614173
0
LINE
8
BLACK
6
CONTINUOUS
10
0.6190438582677166
20
0.6969907086614173
11
0.6193618503937007
21
0.6975414566929133
0
LINE
8
BLACK
6
CONTINUOUS
10
0.6193618503937007
20
0.6975414566929133
11
0.6195693700787401
21
0.697616968503937
0
LINE
8
BLACK
6
CONTINUOUS
10
0.6195693700787401
20
0.697616968503937
11
0.6197834645669291
21
0.697872125984252
0
LINE
8
BLACK
6
CONTINUOUS
10
0.6197834645669291
20
0.697872125984252
11
0.6207278346456693
21
0.6980386220472441
0
LINE
8
BLACK
6
CONTINUOUS
10
0.6207278346456693
20
0.6980386220472441
11
0.621259842519685
21
0.6982322834645669
0
LINE
8
BLACK
6
CONTINUOUS
10
0.621259842519685
20
0.6982322834645669
11
0.778740157480315
21
0.6982322834645669
0
LINE
8
BLACK
6
CONTINUOUS
10
0.778740157480315
20
0.6982322834645669
11
0.7791236614173228
21
0.6981646456692914
0
LINE
8
BLACK
6
CONTINUOUS
10
0.7791236614173228
20
0.6981646456692914
11
0.7792529133858268
21
0.6981874409448818
0
LINE
8
BLACK
6
CONTINUOUS
10
0.7792529133858268
20
0.6981874409448818
11
0.7793664960629921
21
0.698121811023622
0
LINE
8
BLACK
6
CONTINUOUS
10
0.7793664960629921
20
0.698121811023622
11
0.7797500787401574
21
0.6980542125984252
0
LINE
8
BLACK
6
CONTINUOUS
10
0.7797500787401574
20
0.6980542125984252
11
0.7803377559055118
21
0.6975610629921259
0
LINE
8
BLACK
6
CONTINUOUS
10
0.7803377559055118
20
0.6975610629921259
11
0.7810020866141733
21
0.6971775196850394
0
LINE
8
BLACK
6
CONTINUOUS
10
0.7810020866141733
20
0.6971775196850394
11
0.7810931889763779
21
0.6969271653543307
0
LINE
8
BLACK
6
CONTINUOUS
10
0.7810931889763779
20
0.6969271653543307
11
0.7812973228346457
21
0.696755905511811
0
LINE
8
BLACK
6
CONTINUOUS
10
0.7812973228346457
20
0.696755905511811
11
0.7814305511811024
21
0.6960003149606299
0
LINE
8
BLACK
6
CONTINUOUS
10
0.7814305511811024
20
0.6960003149606299
11
0.7816929133858268
21
0.6952795275590551
0
LINE
8
BLACK
6
CONTINUOUS
10
0.7816929133858268
20
0.6952795275590551
11
0.7816929133858268
21
0.5998031496062992
0
LINE
8
BLACK
6
CONTINUOUS
10
0.7816929133858268
20
0.5998031496062992
11
0.7984251968503937
21
0.5998031496062992
0
LINE
8
BLACK
6
CONTINUOUS
10
0.7984251968503937
20
0.5998031496062992
11
0.7988087007874015
21
0.5997355118110236
0
LINE
8
BLACK
6
CONTINUOUS
10
0.7988087007874015
20
0.5997355118110236
11
0.7989379527559055
21
0.5997583070866142
0
LINE
8
BLACK
6
CONTINUOUS
10
0.7989379527559055
20
0.5997583070866142
11
0.7990515354330708
21
0.5996926771653543
0
LINE
8
BLACK
6
CONTINUOUS
10
0.7990515354330708
20
0.5996926771653543
11
0.7994351181102362
21
0.5996250787401575
0
LINE
8
BLACK
6
CONTINUOUS
10
0.7994351181102362
20
0.5996250787401575
11
0.7999314566929133
21
0.5992085826771654
0
LINE
8
BLACK
6
CONTINUOUS
10
0.7999314566929133
20
0.5992085826771654
11
0.8000984251968504
21
0.5994075590551181
0
LINE
8
BLACK
6
CONTINUOUS
10
0.8000984251968504
20
0.5994075590551181
11
0.8008539763779527
21
0.5995407874015748
0
LINE
8
BLACK
6
CONTINUOUS
10
0.8008539763779527
20
0.5995407874015748
11
0.8015748031496063
21
0.5998031496062992
0
LINE
8
BLACK
6
CONTINUOUS
10
0.8015748031496063
20
0.5998031496062992
11
0.8183070866141732
21
0.5998031496062992
0
LINE
8
BLACK
6
CONTINUOUS
10
0.8183070866141732
20
0.5998031496062992
11
0.8183070866141732
21
0.6953149606299213
0
LINE
8
BLACK
6
CONTINUOUS
10
0.8183070866141732
20
0.6953149606299213
11
0.8183715748031496
21
0.695680748031496
0
LINE
8
BLACK
6
CONTINUOUS
10
0.8183715748031496
20
0.695680748031496
11
0.8183519291338582
21
0.6957922834645669
0
LINE
8
BLACK
6
CONTINUOUS
10
0.8183519291338582
20
0.6957922834645669
11
0.8184085039370078
21
0.6958903149606299
0
LINE
8
BLACK
6
CONTINUOUS
10
0.8184085039370078
20
0.6958903149606299
11
0.8184851574803149
21
0.6963248818897637
0
LINE
8
BLACK
6
CONTINUOUS
10
0.8184851574803149
20
0.6963248818897637
11
0.8190438582677165
21
0.6969907086614173
0
LINE
8
BLACK
6
CONTINUOUS
10
0.8190438582677165
20
0.6969907086614173
11
0.8193618503937008
21
0.6975414566929133
0
LINE
8
BLACK
6
CONTINUOUS
10
0.8193618503937008
20
0.6975414566929133
11
0.8195693700787401
21
0.697616968503937
0
LINE
8
BLACK
6
CONTINUOUS
10
0.8195693700787401
20
0.697616968503937
11
0.8197834645669291
21
0.697872125984252
0
LINE
8
BLACK
6
CONTINUOUS
10
0.8197834645669291
20
0.697872125984252
11
0.8207278346456692
21
0.6980386220472441
0
LINE
8
BLACK
6
CONTINUOUS
10
0.8207278346456692
20
0.6980386220472441
11
0.821259842519685
21
0.6982322834645669
0
LINE
8
BLACK
6
CONTINUOUS
10
0.821259842519685
20
0.6982322834645669
11
0.978740157480315
21
0.6982322834645669
0
LINE
8
BLACK
6
CONTINUOUS
10
0.978740157480315
20
0.6982322834645669
11
0.9791236614173228
21
0.6981646456692914
0
LINE
8
BLACK
6
CONTINUOUS
10
0.9791236614173228
20
0.6981646456692914
11
0.9792529133858268
21
0.6981874409448818
0
LINE
8
BLACK
6
CONTINUOUS
10
0.9792529133858268
20
0.6981874409448818
11
0.9793664960629921
21
0.698121811023622
0
LINE
8
BLACK
6
CONTINUOUS
10
0.9793664960629921
20
0.698121811023622
11
0.9797500787401574
21
0.6980542125984252
0
LINE
8
BLACK
6
CONTINUOUS
10
0.9797500787401574
20
0.6980542125984252
11
0.9803377559055118
21
0.6975610629921259
0
LINE
8
BLACK
6
CONTINUOUS
10
0.9803377559055118
20
0.6975610629921259
11
0.9810020866141732
21
0.6971775196850394
0
LINE
8
BLACK
6
CONTINUOUS
10
0.9810020866141732
20
0.6971775196850394
11
0.981093188976378
21
0.6969271653543307
0
LINE
8
BLACK
6
CONTINUOUS
10
0.981093188976378
20
0.6969271653543307
11
0.9812973228346457
21
0.696755905511811
0
LINE
8
BLACK
6
CONTINUOUS
10
0.9812973228346457
20
0.696755905511811
11
0.9814305511811023
21
0.6960003149606299
0
LINE
8
BLACK
6
CONTINUOUS
10
0.9814305511811023
20
0.6960003149606299
11
0.9816929133858268
21
0.6952795275590551
0
LINE
8
BLACK
6
CONTINUOUS
10
0.9816929133858268
20
0.6952795275590551
11
0.9816929133858268
21
0.5998031496062992
0
LINE
8
BLACK
6
CONTINUOUS
10
0.9816929133858268
20
0.5998031496062992
11
0.9984251968503937
21
0.5998031496062992
0
LINE
8
BLACK
6
CONTINUOUS
10
0.9984251968503937
20
0.5998031496062992
11
0.9988087007874016
21
0.5997355118110236
0
LINE
8
BLACK
6
CONTINUOUS
10
0.9988087007874016
20
0.5997355118110236
11
0.9989379527559055
21
0.5997583070866142
0
LINE
8
BLACK
6
CONTINUOUS
10
0.9989379527559055
20
0.5997583070866142
11
0.9990515354330708
21
0.5996926771653543
0
LINE
8
BLACK
6
CONTINUOUS
10
0.9990515354330708
20
0.5996926771653543
11
0.9994351181102362
21
0.5996250787401575
0
LINE
8
BLACK
6
CONTINUOUS
10
0.9994351181102362
20
0.5996250787401575
11
0.9999314566929134
21
0.5992085826771654
0
LINE
8
BLACK
6
CONTINUOUS
10
0.9999314566929134
20
0.5992085826771654
11
1.0000984251968503
21
0.5994075590551181
0
LINE
8
BLACK
6
CONTINUOUS
10
1.0000984251968503
20
0.5994075590551181
11
1.0008539763779527
21
0.5995407874015748
0
LINE
8
BLACK
6
CONTINUOUS
10
1.0008539763779527
20
0.5995407874015748
11
1.0015748031496063
21
0.5998031496062992
0
LINE
8
BLACK
6
CONTINUOUS
10
1.0015748031496063
20
0.5998031496062992
11
1.0183070866141732
21
0.5998031496062992
0
LINE
8
BLACK
6
CONTINUOUS
10
1.0183070866141732
20
0.5998031496062992
11
1.0183070866141732
21
0.6953149606299213
0
LINE
8
BLACK
6
CONTINUOUS
10
1.0183070866141732
20
0.6953149606299213
11
1.0183715748031497
21
0.695680748031496
0
LINE
8
BLACK
6
CONTINUOUS
10
1.0183715748031497
20
0.695680748031496
11
1.0183519291338583
21
0.6957922834645669
0
LINE
8
BLACK
6
CONTINUOUS
10
1.0183519291338583
20
0.6957922834645669
11
1.0184085039370079
21
0.6958903149606299
0
LINE
8
BLACK
6
CONTINUOUS
10
1.0184085039370079
20
0.6958903149606299
11
1.0184851574803149
21
0.6963248818897637
0
LINE
8
BLACK
6
CONTINUOUS
10
1.0184851574803149
20
0.6963248818897637
11
1.0190438582677166
21
0.6969907086614173
0
LINE
8
BLACK
6
CONTINUOUS
10
1.0190438582677166
20
0.6969907086614173
11
1.0193618503937008
21
0.6975414566929133
0
LINE
8
BLACK
6
CONTINUOUS
10
1.0193618503937008
20
0.6975414566929133
11
1.01956937007874
21
0.697616968503937
0
LINE
8
BLACK
6
CONTINUOUS
10
1.01956937007874
20
0.697616968503937
11
1.019783464566929
21
0.697872125984252
0
LINE
8
BLACK
6
CONTINUOUS
10
1.019783464566929
20
0.697872125984252
11
1.0207278346456692
21
0.6980386220472441
0
LINE
8
BLACK
6
CONTINUOUS
10
1.0207278346456692
20
0.6980386220472441
11
1.021259842519685
21
0.6982322834645669
0
LINE
8
BLACK
6
CONTINUOUS
10
1.021259842519685
20
0.6982322834645669
11
1.1787401574803149
21
0.6982322834645669
0
LINE
8
BLACK
6
CONTINUOUS
10
1.1787401574803149
20
0.6982322834645669
11
1.1791236614173228
21
0.6981646456692914
0
LINE
8
BLACK
6
CONTINUOUS
10
1.1791236614173228
20
0.6981646456692914
11
1.1792529133858267
21
0.6981874409448818
0
LINE
8
BLACK
6
CONTINUOUS
10
1.1792529133858267
20
0.6981874409448818
11
1.1793664960629922
21
0.698121811023622
0
LINE
8
BLACK
6
CONTINUOUS
10
1.1793664960629922
20
0.698121811023622
11
1.1797500787401574
21
0.6980542125984252
0
LINE
8
BLACK
6
CONTINUOUS
10
1.1797500787401574
20
0.6980542125984252
11
1.1803377559055117
21
0.6975610629921259
0
LINE
8
BLACK
6
CONTINUOUS
10
1.1803377559055117
20
0.6975610629921259
11
1.1810020866141733
21
0.6971775196850394
0
LINE
8
BLACK
6
CONTINUOUS
10
1.1810020866141733
20
0.6971775196850394
11
1.1810931889763778
21
0.6969271653543307
0
LINE
8
BLACK
6
CONTINUOUS
10
1.1810931889763778
20
0.6969271653543307
11
1.1812973228346457
21
0.696755905511811
0
LINE
8
BLACK
6
CONTINUOUS
10
1.1812973228346457
20
0.696755905511811
11
1.1814305511811023
21
0.6960003149606299
0
LINE
8
BLACK
6
CONTINUOUS
10
1.1814305511811023
20
0.6960003149606299
11
1.1816929133858267
21
0.6952795275590551
0
LINE
8
BLACK
6
CONTINUOUS
10
1.1816929133858267
20
0.6952795275590551
11
1.1816929133858267
21
0.5998031496062992
0
LINE
8
BLACK
6
CONTINUOUS
10
1.1816929133858267
20
0.5998031496062992
11
1.1984251968503936
21
0.5998031496062992
0
LINE
8
BLACK
6
CONTINUOUS
10
1.1984251968503936
20
0.5998031496062992
11
1.1988087007874015
21
0.5997355118110236
0
LINE
8
BLACK
6
CONTINUOUS
10
1.1988087007874015
20
0.5997355118110236
11
1.1989379527559054
21
0.5997583070866142
0
LINE
8
BLACK
6
CONTINUOUS
10
1.1989379527559054
20
0.5997583070866142
11
1.1990515354330709
21
0.5996926771653543
0
LINE
8
BLACK
6
CONTINUOUS
10
1.1990515354330709
20
0.5996926771653543
11
1.1994351181102363
21
0.5996250787401575
0
LINE
8
BLACK
6
CONTINUOUS
10
1.1994351181102363
20
0.5996250787401575
11
1.2000227952755904
21
0.5991319291338583
0
LINE
8
BLACK
6
CONTINUOUS
10
1.2000227952755904
20
0.5991319291338583
11
1.200687125984252
21
0.5987483858267716
0
LINE
8
BLACK
6
CONTINUOUS
10
1.200687125984252
20
0.5987483858267716
11
1.2007782283464568
21
0.598498031496063
0
LINE
8
BLACK
6
CONTINUOUS
10
1.2007782283464568
20
0.598498031496063
11
1.2009823622047244
21
0.5983267716535433
0
LINE
8
BLACK
6
CONTINUOUS
10
1.2009823622047244
20
0.5983267716535433
11
1.201115590551181
21
0.5975711811023622
0
LINE
8
BLACK
6
CONTINUOUS
10
1.201115590551181
20
0.5975711811023622
11
1.2013779527559054
21
0.5968503937007874
0
LINE
8
BLACK
6
CONTINUOUS
10
1.2013779527559054
20
0.5968503937007874
11
1.2013779527559054
21
0.3606299212598425
0
LINE
8
BLACK
6
CONTINUOUS
10
1.2013779527559054
20
0.3606299212598425
11
1.2013779527559054
21
0.0062992125984252
0
LINE
8
BLACK
6
CONTINUOUS
10
1.2013779527559054
20
0.0062992125984252
11
1.2013122834645669
21
0.005926811023622
0
LINE
8
BLACK
6
CONTINUOUS
10
1.2013122834645669
20
0.005926811023622
11
1.2013370472440945
21
0.0057864566929134
0
LINE
8
BLACK
6
CONTINUOUS
10
1.2013370472440945
20
0.0057864566929134
11
1.2012657480314961
21
0.0056629921259843
0
LINE
8
BLACK
6
CONTINUOUS
10
1.2012657480314961
20
0.0056629921259843
11
1.2011998818897638
21
0.0052892913385827
0
LINE
8
BLACK
6
CONTINUOUS
10
1.2011998818897638
20
0.0052892913385827
11
1.2007193700787402
21
0.0047166141732283
0
LINE
8
BLACK
6
CONTINUOUS
10
1.2007193700787402
20
0.0047166141732283
11
1.2003271259842518
21
0.0040372834645669
0
LINE
8
BLACK
6
CONTINUOUS
10
1.2003271259842518
20
0.0040372834645669
11
1.2000711023622046
21
0.003944094488189
0
LINE
8
BLACK
6
CONTINUOUS
10
1.2000711023622046
20
0.003944094488189
11
1.1999015748031496
21
0.0037420472440945
0
LINE
8
BLACK
6
CONTINUOUS
10
1.1999015748031496
20
0.0037420472440945
11
1.1991536220472441
21
0.003610157480315
0
LINE
8
BLACK
6
CONTINUOUS
10
1.1991536220472441
20
0.003610157480315
11
1.1984291338582678
21
0.0033464566929134
0
LINE
8
BLACK
6
CONTINUOUS
10
1.1984291338582678
20
0.0033464566929134
11
1.0015708661417322
21
0.0033464566929134
0
LINE
8
BLACK
6
CONTINUOUS
10
1.0015708661417322
20
0.0033464566929134
11
1.0011892913385827
21
0.0034137007874016
0
LINE
8
BLACK
6
CONTINUOUS
10
1.0011892913385827
20
0.0034137007874016
11
1.0010620472440945
21
0.0033912992125984
0
LINE
8
BLACK
6
CONTINUOUS
10
1.0010620472440945
20
0.0033912992125984
11
1.000950157480315
21
0.0034558661417323
0
LINE
8
BLACK
6
CONTINUOUS
10
1.000950157480315
20
0.0034558661417323
11
1.0005609448818897
21
0.0035245275590551
0
LINE
8
BLACK
6
CONTINUOUS
10
1.0005609448818897
20
0.0035245275590551
11
1.0000668897637794
21
0.0039390551181102
0
LINE
8
BLACK
6
CONTINUOUS
10
1.0000668897637794
20
0.0039390551181102
11
0.9999015748031496
21
0.0037420472440945
0
LINE
8
BLACK
6
CONTINUOUS
10
0.9999015748031496
20
0.0037420472440945
11
0.9991536220472441
21
0.003610157480315
0
LINE
8
BLACK
6
CONTINUOUS
10
0.9991536220472441
20
0.003610157480315
11
0.9984291338582677
21
0.0033464566929134
0
LINE
8
BLACK
6
CONTINUOUS
10
0.9984291338582677
20
0.0033464566929134
11
0.8015708661417322
21
0.0033464566929134
0
LINE
8
BLACK
6
CONTINUOUS
10
0.8015708661417322
20
0.0033464566929134
11
0.8011892913385826
21
0.0034137007874016
0
LINE
8
BLACK
6
CONTINUOUS
10
0.8011892913385826
20
0.0034137007874016
11
0.8010620472440945
21
0.0033912992125984
0
LINE
8
BLACK
6
CONTINUOUS
10
0.8010620472440945
20
0.0033912992125984
11
0.800950157480315
21
0.0034558661417323
0
LINE
8
BLACK
6
CONTINUOUS
10
0.800950157480315
20
0.0034558661417323
11
0.8005609448818898
21
0.0035245275590551
0
LINE
8
BLACK
6
CONTINUOUS
10
0.8005609448818898
20
0.0035245275590551
11
0.8000668897637795
21
0.0039390551181102
0
LINE
8
BLACK
6
CONTINUOUS
10
0.8000668897637795
20
0.0039390551181102
11
0.7999015748031496
21
0.0037420472440945
0
LINE
8
BLACK
6
CONTINUOUS
10
0.7999015748031496
20
0.0037420472440945
11
0.799153622047244
21
0.003610157480315
0
LINE
8
BLACK
6
CONTINUOUS
10
0.799153622047244
20
0.003610157480315
11
0.7984291338582677
21
0.0033464566929134
0
LINE
8
BLACK
6
CONTINUOUS
10
0.7984291338582677
20
0.0033464566929134
11
0.6015708661417323
21
0.0033464566929134
0
LINE
8
BLACK
6
CONTINUOUS
10
0.6015708661417323
20
0.0033464566929134
11
0.6011892913385827
21
0.0034137007874016
0
LINE
8
BLACK
6
CONTINUOUS
10
0.6011892913385827
20
0.0034137007874016
11
0.6010620472440945
21
0.0033912992125984
0
LINE
8
BLACK
6
CONTINUOUS
10
0.6010620472440945
20
0.0033912992125984
11
0.600950157480315
21
0.0034558661417323
0
LINE
8
BLACK
6
CONTINUOUS
10
0.600950157480315
20
0.0034558661417323
11
0.6005609448818897
21
0.0035245275590551
0
LINE
8
BLACK
6
CONTINUOUS
10
0.6005609448818897
20
0.0035245275590551
11
0.6000668897637795
21
0.0039390551181102
0
LINE
8
BLACK
6
CONTINUOUS
10
0.6000668897637795
20
0.0039390551181102
11
0.5999015748031495
21
0.0037420472440945
0
LINE
8
BLACK
6
CONTINUOUS
10
0.5999015748031495
20
0.0037420472440945
11
0.5991536220472441
21
0.003610157480315
0
LINE
8
BLACK
6
CONTINUOUS
10
0.5991536220472441
20
0.003610157480315
11
0.5984291338582677
21
0.0033464566929134
0
LINE
8
BLACK
6
CONTINUOUS
10
0.5984291338582677
20
0.0033464566929134
11
0.4015708661417323
21
0.0033464566929134
0
LINE
8
BLACK
6
CONTINUOUS
10
0.4015708661417323
20
0.0033464566929134
11
0.4011892913385827
21
0.0034137007874016
0
LINE
8
BLACK
6
CONTINUOUS
10
0.4011892913385827
20
0.0034137007874016
11
0.4010620472440945
21
0.0033912992125984
0
LINE
8
BLACK
6
CONTINUOUS
10
0.4010620472440945
20
0.0033912992125984
11
0.4009501574803149
21
0.0034558661417323
0
LINE
8
BLACK
6
CONTINUOUS
10
0.4009501574803149
20
0.0034558661417323
11
0.4005609448818898
21
0.0035245275590551
0
LINE
8
BLACK
6
CONTINUOUS
10
0.4005609448818898
20
0.0035245275590551
11
0.3999645669291338
21
0.0040249212598425
0
LINE
8
BLACK
6
CONTINUOUS
10
0.3999645669291338
20
0.0040249212598425
11
0.399312874015748
21
0.0044012204724409
0
LINE
8
BLACK
6
CONTINUOUS
10
0.399312874015748
20
0.0044012204724409
11
0.3992234645669291
21
0.0046467716535433
0
LINE
8
BLACK
6
CONTINUOUS
10
0.3992234645669291
20
0.0046467716535433
11
0.3990137007874016
21
0.0048228346456693
0
LINE
8
BLACK
6
CONTINUOUS
10
0.3990137007874016
20
0.0048228346456693
11
0.3988767322834645
21
0.0055993700787402
0
LINE
8
BLACK
6
CONTINUOUS
10
0.3988767322834645
20
0.0055993700787402
11
0.3986220472440945
21
0.0062992125984252
0
LINE
8
BLACK
6
CONTINUOUS
10
0.3986220472440945
20
0.0062992125984252
11
0.3986220472440945
21
0.3606299212598425
0
LINE
8
BLACK
6
CONTINUOUS
10
0.3986220472440945
20
0.3606299212598425
11
0.3986220472440945
21
0.5968503937007874
0
LINE
8
BLACK
6
CONTINUOUS
10
0.3986220472440945
20
0.5968503937007874
11
0.3986896456692913
21
0.5972338976377952
0
LINE
8
BLACK
6
CONTINUOUS
10
0.3986896456692913
20
0.5972338976377952
11
0.3986668897637795
21
0.5973631496062992
0
LINE
8
BLACK
6
CONTINUOUS
10
0.3986668897637795
20
0.5973631496062992
11
0.3987324803149606
21
0.5974767322834645
0
LINE
8
BLACK
6
CONTINUOUS
10
0.3987324803149606
20
0.5974767322834645
11
0.3988001181102362
21
0.5978603149606299
0
LINE
8
BLACK
6
CONTINUOUS
10
0.3988001181102362
20
0.5978603149606299
11
0.3992932283464567
21
0.5984479921259842
0
LINE
8
BLACK
6
CONTINUOUS
10
0.3992932283464567
20
0.5984479921259842
11
0.399676811023622
21
0.5991123228346457
0
LINE
8
BLACK
6
CONTINUOUS
10
0.399676811023622
20
0.5991123228346457
11
0.399927125984252
21
0.5992034251968503
0
LINE
8
BLACK
6
CONTINUOUS
10
0.399927125984252
20
0.5992034251968503
11
0.4000984251968504
21
0.5994075590551181
0
LINE
8
BLACK
6
CONTINUOUS
10
0.4000984251968504
20
0.5994075590551181
11
0.4008539763779527
21
0.5995407874015748
0
LINE
8
BLACK
6
CONTINUOUS
10
0.4008539763779527
20
0.5995407874015748
11
0.4015748031496063
21
0.5998031496062992
0
LINE
8
BLACK
6
CONTINUOUS
10
0.4015748031496063
20
0.5998031496062992
11
0.4183070866141732
21
0.5998031496062992
0
LINE
8
BLACK
6
CONTINUOUS
10
0.4183070866141732
20
0.5998031496062992
11
0.4183070866141732
21
0.6953149606299213
0
LINE
8
BLACK
6
CONTINUOUS
10
0.4183070866141732
20
0.6953149606299213
11
0.4183715748031496
21
0.695680748031496
0
LINE
8
BLACK
6
CONTINUOUS
10
0.4183715748031496
20
0.695680748031496
11
0.4183519291338583
21
0.6957922834645669
0
LINE
8
BLACK
6
CONTINUOUS
10
0.4183519291338583
20
0.6957922834645669
11
0.4184085039370078
21
0.6958903149606299
0
LINE
8
BLACK
6
CONTINUOUS
10
0.4184085039370078
20
0.6958903149606299
11
0.418485157480315
21
0.6963248818897637
0
LINE
8
BLACK
6
CONTINUOUS
10
0.418485157480315
20
0.6963248818897637
11
0.4190438582677165
21
0.6969907086614173
0
LINE
8
BLACK
6
CONTINUOUS
10
0.4190438582677165
20
0.6969907086614173
11
0.4193618503937008
21
0.6975414566929133
0
LINE
8
BLACK
6
CONTINUOUS
10
0.4193618503937008
20
0.6975414566929133
11
0.4195693700787401
21
0.697616968503937
0
LINE
8
BLACK
6
CONTINUOUS
10
0.4195693700787401
20
0.697616968503937
11
0.4197834645669291
21
0.697872125984252
0
LINE
8
BLACK
6
CONTINUOUS
10
0.4197834645669291
20
0.697872125984252
11
0.4207278346456693
21
0.6980386220472441
0
LINE
8
BLACK
6
CONTINUOUS
10
0.4207278346456693
20
0.6980386220472441
11
0.421259842519685
21
0.6982322834645669
0
LINE
8
BLACK
6
CONTINUOUS
10
0.421259842519685
20
0.6982322834645669
11
0.5787401574803149
21
0.6982322834645669
0
LINE
8
BLACK
6
CONTINUOUS
10
0.5787401574803149
20
0.6982322834645669
11
0.5791236614173229
21
0.6981646456692914
0
LINE
8
BLACK
6
CONTINUOUS
10
1.175
20
0.3576771653543307
11
1.175
21
0.3438937007874016
0
LINE
8
BLACK
6
CONTINUOUS
10
1.175
20
0.3438937007874016
11
1.1787401574803149
21
0.3438937007874016
0
LINE
8
BLACK
6
CONTINUOUS
10
1.1787401574803149
20
0.3438937007874016
11
1.1791236614173228
21
0.343826062992126
0
LINE
8
BLACK
6
CONTINUOUS
10
1.1791236614173228
20
0.343826062992126
11
1.1792529133858267
21
0.3438488582677166
0
LINE
8
BLACK
6
CONTINUOUS
10
1.1792529133858267
20
0.3438488582677166
11
1.1793664960629922
21
0.3437832283464567
0
LINE
8
BLACK
6
CONTINUOUS
10
1.1793664960629922
20
0.3437832283464567
11
1.1797500787401574
21
0.3437156299212598
0
LINE
8
BLACK
6
CONTINUOUS
10
1.1797500787401574
20
0.3437156299212598
11
1.1803377559055117
21
0.3432224803149606
0
LINE
8
BLACK
6
CONTINUOUS
10
1.1803377559055117
20
0.3432224803149606
11
1.1810020866141733
21
0.342838937007874
0
LINE
8
BLACK
6
CONTINUOUS
10
1.1810020866141733
20
0.342838937007874
11
1.1810931889763778
21
0.3425885826771654
0
LINE
8
BLACK
6
CONTINUOUS
10
1.1810931889763778
20
0.3425885826771654
11
1.1812973228346457
21
0.3424173228346457
0
LINE
8
BLACK
6
CONTINUOUS
10
1.1812973228346457
20
0.3424173228346457
11
1.1814305511811023
21
0.3416617322834646
0
LINE
8
BLACK
6
CONTINUOUS
10
1.1814305511811023
20
0.3416617322834646
11
1.1816929133858267
21
0.3409409448818898
0
LINE
8
BLACK
6
CONTINUOUS
10
1.1816929133858267
20
0.3409409448818898
11
1.1816929133858267
21
0.0259803149606299
0
LINE
8
BLACK
6
CONTINUOUS
10
1.1816929133858267
20
0.0259803149606299
11
1.1816252755905512
21
0.0255967716535433
0
LINE
8
BLACK
6
CONTINUOUS
10
1.1816252755905512
20
0.0255967716535433
11
1.1816480708661417
21
0.0254675590551181
0
LINE
8
BLACK
6
CONTINUOUS
10
1.1816480708661417
20
0.0254675590551181
11
1.1815824409448819
21
0.025353937007874
0
LINE
8
BLACK
6
CONTINUOUS
10
1.1815824409448819
20
0.025353937007874
11
1.1815148425196851
21
0.0249703937007874
0
LINE
8
BLACK
6
CONTINUOUS
10
1.1815148425196851
20
0.0249703937007874
11
1.1810216929133859
21
0.0243826771653543
0
LINE
8
BLACK
6
CONTINUOUS
10
1.1810216929133859
20
0.0243826771653543
11
1.1806381496062992
21
0.0237183858267717
0
LINE
8
BLACK
6
CONTINUOUS
10
1.1806381496062992
20
0.0237183858267717
11
1.1803877952755906
21
0.0236272440944882
0
LINE
8
BLACK
6
CONTINUOUS
10
1.1803877952755906
20
0.0236272440944882
11
1.1802165354330709
21
0.0234231496062992
0
LINE
8
BLACK
6
CONTINUOUS
10
1.1802165354330709
20
0.0234231496062992
11
1.1794609448818898
21
0.0232898818897638
0
LINE
8
BLACK
6
CONTINUOUS
10
1.1794609448818898
20
0.0232898818897638
11
1.1787401574803149
21
0.0230275590551181
0
LINE
8
BLACK
6
CONTINUOUS
10
1.1787401574803149
20
0.0230275590551181
11
1.021259842519685
21
0.0230275590551181
0
LINE
8
BLACK
6
CONTINUOUS
10
1.021259842519685
20
0.0230275590551181
11
1.0208762992125984
21
0.023095157480315
0
LINE
8
BLACK
6
CONTINUOUS
10
1.0208762992125984
20
0.023095157480315
11
1.0207470866141732
21
0.0230724015748031
0
LINE
8
BLACK
6
CONTINUOUS
10
1.0207470866141732
20
0.0230724015748031
11
1.020633464566929
21
0.0231379921259843
0
LINE
8
BLACK
6
CONTINUOUS
10
1.020633464566929
20
0.0231379921259843
11
1.0202499212598426
21
0.0232056299212598
0
LINE
8
BLACK
6
CONTINUOUS
10
1.0202499212598426
20
0.0232056299212598
11
1.0196622047244095
21
0.0236987401574803
0
LINE
8
BLACK
6
CONTINUOUS
10
1.0196622047244095
20
0.0236987401574803
11
1.0189979133858267
21
0.0240823228346457
0
LINE
8
BLACK
6
CONTINUOUS
10
1.0189979133858267
20
0.0240823228346457
11
1.0189067716535434
21
0.0243326377952756
0
LINE
8
BLACK
6
CONTINUOUS
10
1.0189067716535434
20
0.0243326377952756
11
1.0187026771653542
21
0.024503937007874
0
LINE
8
BLACK
6
CONTINUOUS
10
1.0187026771653542
20
0.024503937007874
11
1.0185694094488189
21
0.0252594881889764
0
LINE
8
BLACK
6
CONTINUOUS
10
1.0185694094488189
20
0.0252594881889764
11
1.0183070866141732
21
0.0259803149606299
0
LINE
8
BLACK
6
CONTINUOUS
10
1.0183070866141732
20
0.0259803149606299
11
1.0183070866141732
21
0.3409409448818898
0
LINE
8
BLACK
6
CONTINUOUS
10
1.0183070866141732
20
0.3409409448818898
11
1.01837468503937
21
0.3413244488188976
0
LINE
8
BLACK
6
CONTINUOUS
10
1.01837468503937
20
0.3413244488188976
11
1.0183519291338583
21
0.3414537007874016
0
LINE
8
BLACK
6
CONTINUOUS
10
1.0183519291338583
20
0.3414537007874016
11
1.0184175196850394
21
0.3415672834645669
0
LINE
8
BLACK
6
CONTINUOUS
10
1.0184175196850394
20
0.3415672834645669
11
1.0184851574803149
21
0.3419508661417323
0
LINE
8
BLACK
6
CONTINUOUS
10
1.0184851574803149
20
0.3419508661417323
11
1.0189782677165353
21
0.3425385433070866
0
LINE
8
BLACK
6
CONTINUOUS
10
1.0189782677165353
20
0.3425385433070866
11
1.0193618503937008
21
0.343202874015748
0
LINE
8
BLACK
6
CONTINUOUS
10
1.0193618503937008
20
0.343202874015748
11
1.0196121653543306
21
0.3432939763779527
0
LINE
8
BLACK
6
CONTINUOUS
10
1.0196121653543306
20
0.3432939763779527
11
1.019783464566929
21
0.3434981102362205
0
LINE
8
BLACK
6
CONTINUOUS
10
1.019783464566929
20
0.3434981102362205
11
1.0205390157480314
21
0.3436313385826771
0
LINE
8
BLACK
6
CONTINUOUS
10
1.0205390157480314
20
0.3436313385826771
11
1.021259842519685
21
0.3438937007874016
0
LINE
8
BLACK
6
CONTINUOUS
10
1.021259842519685
20
0.3438937007874016
11
1.0249999999999999
21
0.3438937007874016
0
LINE
8
BLACK
6
CONTINUOUS
10
1.0249999999999999
20
0.3438937007874016
11
1.0249999999999999
21
0.3576771653543307
0
LINE
8
BLACK
6
CONTINUOUS
10
1.0249999999999999
20
0.3576771653543307
11
1.0045275590551181
21
0.3576771653543307
0
LINE
8
BLACK
6
CONTINUOUS
10
1.0045275590551181
20
0.3576771653543307
11
1.0045275590551181
21
0.009251968503937
0
LINE
8
BLACK
6
CONTINUOUS
10
1.0045275590551181
20
0.009251968503937
11
1.1954724409448818
21
0.009251968503937
0
LINE
8
BLACK
6
CONTINUOUS
10
1.1954724409448818
20
0.009251968503937
11
1.1954724409448818
21
0.3576771653543307
0
LINE
8
BLACK
6
CONTINUOUS
10
1.1954724409448818
20
0.3576771653543307
11
1.175
21
0.3576771653543307
0
LINE
8
BLACK
6
CONTINUOUS
10
0.975
20
0.3576771653543307
11
0.975
21
0.3438937007874016
0
LINE
8
BLACK
6
CONTINUOUS
10
0.975
20
0.3438937007874016
11
0.978740157480315
21
0.3438937007874016
0
LINE
8
BLACK
6
CONTINUOUS
10
0.978740157480315
20
0.3438937007874016
11
0.9791236614173228
21
0.343826062992126
0
LINE
8
BLACK
6
CONTINUOUS
10
0.9791236614173228
20
0.343826062992126
11
0.9792529133858268
21
0.3438488582677166
0
LINE
8
BLACK
6
CONTINUOUS
10
0.9792529133858268
20
0.3438488582677166
11
0.9793664960629921
21
0.3437832283464567
0
LINE
8
BLACK
6
CONTINUOUS
10
0.9793664960629921
20
0.3437832283464567
11
0.9797500787401574
21
0.3437156299212598
0
LINE
8
BLACK
6
CONTINUOUS
10
0.9797500787401574
20
0.3437156299212598
11
0.9803377559055118
21
0.3432224803149606
0
LINE
8
BLACK
6
CONTINUOUS
10
0.9803377559055118
20
0.3432224803149606
11
0.9810020866141732
21
0.342838937007874
0
LINE
8
BLACK
6
CONTINUOUS
10
0.9810020866141732
20
0.342838937007874
11
0.981093188976378
21
0.3425885826771654
0
LINE
8
BLACK
6
CONTINUOUS
10
0.981093188976378
20
0.3425885826771654
11
0.9812973228346457
21
0.3424173228346457
0
LINE
8
BLACK
6
CONTINUOUS
10
0.9812973228346457
20
0.3424173228346457
11
0.9814305511811023
21
0.3416617322834646
0
LINE
8
BLACK
6
CONTINUOUS
10
0.9814305511811023
20
0.3416617322834646
11
0.9816929133858268
21
0.3409409448818898
0
LINE
8
BLACK
6
CONTINUOUS
10
0.9816929133858268
20
0.3409409448818898
11
0.9816929133858268
21
0.0259803149606299
0
LINE
8
BLACK
6
CONTINUOUS
10
0.9816929133858268
20
0.0259803149606299
11
0.9816252755905511
21
0.0255967716535433
0
LINE
8
BLACK
6
CONTINUOUS
10
0.9816252755905511
20
0.0255967716535433
11
0.9816480708661417
21
0.0254675590551181
0
LINE
8
BLACK
6
CONTINUOUS
10
0.9816480708661417
20
0.0254675590551181
11
0.9815824409448819
21
0.025353937007874
0
LINE
8
BLACK
6
CONTINUOUS
10
0.9815824409448819
20
0.025353937007874
11
0.981514842519685
21
0.0249703937007874
0
LINE
8
BLACK
6
CONTINUOUS
10
0.981514842519685
20
0.0249703937007874
11
0.9810216929133858
21
0.0243826771653543
0
LINE
8
BLACK
6
CONTINUOUS
10
0.9810216929133858
20
0.0243826771653543
11
0.9806381496062991
21
0.0237183858267717
0
LINE
8
BLACK
6
CONTINUOUS
10
0.9806381496062991
20
0.0237183858267717
11
0.9803877952755905
21
0.0236272440944882
0
LINE
8
BLACK
6
CONTINUOUS
10
0.9803877952755905
20
0.0236272440944882
11
0.9802165354330709
21
0.0234231496062992
0
LINE
8
BLACK
6
CONTINUOUS
10
0.9802165354330709
20
0.0234231496062992
11
0.9794609448818897
21
0.0232898818897638
0
LINE
8
BLACK
6
CONTINUOUS
10
0.9794609448818897
20
0.0232898818897638
11
0.978740157480315
21
0.0230275590551181
0
LINE
8
BLACK
6
CONTINUOUS
10
0.978740157480315
20
0.0230275590551181
11
0.821259842519685
21
0.0230275590551181
0
LINE
8
BLACK
6
CONTINUOUS
10
0.821259842519685
20
0.0230275590551181
11
0.8208762992125984
21
0.023095157480315
0
LINE
8
BLACK
6
CONTINUOUS
10
0.8208762992125984
20
0.023095157480315
11
0.8207470866141732
21
0.0230724015748031
0
LINE
8
BLACK
6
CONTINUOUS
10
0.8207470866141732
20
0.0230724015748031
11
0.8206334645669291
21
0.0231379921259843
0
LINE
8
BLACK
6
CONTINUOUS
10
0.8206334645669291
20
0.0231379921259843
11
0.8202499212598425
21
0.0232056299212598
0
LINE
8
BLACK
6
CONTINUOUS
10
0.8202499212598425
20
0.0232056299212598
11
0.8196622047244094
21
0.0236987401574803
0
LINE
8
BLACK
6
CONTINUOUS
10
0.8196622047244094
20
0.0236987401574803
11
0.8189979133858267
21
0.0240823228346457
0
LINE
8
BLACK
6
CONTINUOUS
10
0.8189979133858267
20
0.0240823228346457
11
0.8189067716535433
21
0.0243326377952756
0
LINE
8
BLACK
6
CONTINUOUS
10
0.8189067716535433
20
0.0243326377952756
11
0.8187026771653543
21
0.024503937007874
0
LINE
8
BLACK
6
CONTINUOUS
10
0.8187026771653543
20
0.024503937007874
11
0.8185694094488188
21
0.0252594881889764
0
LINE
8
BLACK
6
CONTINUOUS
10
0.8185694094488188
20
0.0252594881889764
11
0.8183070866141732
21
0.0259803149606299
0
LINE
8
BLACK
6
CONTINUOUS
10
0.8183070866141732
20
0.0259803149606299
11
0.8183070866141732
21
0.3409409448818898
0
LINE
8
BLACK
6
CONTINUOUS
10
0.8183070866141732
20
0.3409409448818898
11
0.8183746850393701
21
0.3413244488188976
0
LINE
8
BLACK
6
CONTINUOUS
10
0.8183746850393701
20
0.3413244488188976
11
0.8183519291338582
21
0.3414537007874016
0
LINE
8
BLACK
6
CONTINUOUS
10
0.8183519291338582
20
0.3414537007874016
11
0.8184175196850394
21
0.3415672834645669
0
LINE
8
BLACK
6
CONTINUOUS
10
0.8184175196850394
20
0.3415672834645669
11
0.8184851574803149
21
0.3419508661417323
0
LINE
8
BLACK
6
CONTINUOUS
10
0.8184851574803149
20
0.3419508661417323
11
0.8189782677165354
21
0.3425385433070866
0
LINE
8
BLACK
6
CONTINUOUS
10
0.8189782677165354
20
0.3425385433070866
11
0.8193618503937008
21
0.343202874015748
0
LINE
8
BLACK
6
CONTINUOUS
10
0.8193618503937008
20
0.343202874015748
11
0.8196121653543307
21
0.3432939763779527
0
LINE
8
BLACK
6
CONTINUOUS
10
0.8196121653543307
20
0.3432939763779527
11
0.8197834645669291
21
0.3434981102362205
0
LINE
8
BLACK
6
CONTINUOUS
10
0.8197834645669291
20
0.3434981102362205
11
0.8205390157480315
21
0.3436313385826771
0
LINE
8
BLACK
6
CONTINUOUS
10
0.8205390157480315
20
0.3436313385826771
11
0.821259842519685
21
0.3438937007874016
0
LINE
8
BLACK
6
CONTINUOUS
10
0.821259842519685
20
0.3438937007874016
11
0.825
21
0.3438937007874016
0
LINE
8
BLACK
6
CONTINUOUS
10
0.825
20
0.3438937007874016
11
0.825
21
0.3576771653543307
0
LINE
8
BLACK
6
CONTINUOUS
10
0.825
20
0.3576771653543307
11
0.8045275590551181
21
0.3576771653543307
0
LINE
8
BLACK
6
CONTINUOUS
10
0.8045275590551181
20
0.3576771653543307
11
0.8045275590551181
21
0.009251968503937
0
LINE
8
BLACK
6
CONTINUOUS
10
0.8045275590551181
20
0.009251968503937
11
0.9954724409448819
21
0.009251968503937
0
LINE
8
BLACK
6
CONTINUOUS
10
0.9954724409448819
20
0.009251968503937
11
0.9954724409448819
21
0.3576771653543307
0
LINE
8
BLACK
6
CONTINUOUS
10
0.9954724409448819
20
0.3576771653543307
11
0.975
21
0.3576771653543307
0
LINE
8
BLACK
6
CONTINUOUS
10
0.775
20
0.3576771653543307
11
0.775
21
0.3438937007874016
0
LINE
8
BLACK
6
CONTINUOUS
10
0.775
20
0.3438937007874016
11
0.778740157480315
21
0.3438937007874016
0
LINE
8
BLACK
6
CONTINUOUS
10
0.778740157480315
20
0.3438937007874016
11
0.7791236614173228
21
0.343826062992126
0
LINE
8
BLACK
6
CONTINUOUS
10
0.7791236614173228
20
0.343826062992126
11
0.7792529133858268
21
0.3438488582677166
0
LINE
8
BLACK
6
CONTINUOUS
10
0.7792529133858268
20
0.3438488582677166
11
0.7793664960629921
21
0.3437832283464567
0
LINE
8
BLACK
6
CONTINUOUS
10
0.7793664960629921
20
0.3437832283464567
11
0.7797500787401574
21
0.3437156299212598
0
LINE
8
BLACK
6
CONTINUOUS
10
0.7797500787401574
20
0.3437156299212598
11
0.7803377559055118
21
0.3432224803149606
0
LINE
8
BLACK
6
CONTINUOUS
10
0.7803377559055118
20
0.3432224803149606
11
0.7810020866141733
21
0.342838937007874
0
LINE
8
BLACK
6
CONTINUOUS
10
0.7810020866141733
20
0.342838937007874
11
0.7810931889763779
21
0.3425885826771654
0
LINE
8
BLACK
6
CONTINUOUS
10
0.7810931889763779
20
0.3425885826771654
11
0.7812973228346457
21
0.3424173228346457
0
LINE
8
BLACK
6
CONTINUOUS
10
0.7812973228346457
20
0.3424173228346457
11
0.7814305511811024
21
0.3416617322834646
0
LINE
8
BLACK
6
CONTINUOUS
10
0.7814305511811024
20
0.3416617322834646
11
0.7816929133858268
21
0.3409409448818898
0
LINE
8
BLACK
6
CONTINUOUS
10
0.7816929133858268
20
0.3409409448818898
11
0.7816929133858268
21
0.0259803149606299
0
LINE
8
BLACK
6
CONTINUOUS
10
0.7816929133858268
20
0.0259803149606299
11
0.7816252755905512
21
0.0255967716535433
0
LINE
8
BLACK
6
CONTINUOUS
10
0.7816252755905512
20
0.0255967716535433
11
0.7816480708661417
21
0.0254675590551181
0
LINE
8
BLACK
6
CONTINUOUS
10
0.7816480708661417
20
0.0254675590551181
11
0.7815824409448818
21
0.025353937007874
0
LINE
8
BLACK
6
CONTINUOUS
10
0.7815824409448818
20
0.025353937007874
11
0.7815148425196851
21
0.0249703937007874
0
LINE
8
BLACK
6
CONTINUOUS
10
0.7815148425196851
20
0.0249703937007874
11
0.7810216929133859
21
0.0243826771653543
0
LINE
8
BLACK
6
CONTINUOUS
10
0.7810216929133859
20
0.0243826771653543
11
0.7806381496062992
21
0.0237183858267717
0
LINE
8
BLACK
6
CONTINUOUS
10
0.7806381496062992
20
0.0237183858267717
11
0.7803877952755905
21
0.0236272440944882
0
LINE
8
BLACK
6
CONTINUOUS
10
0.7803877952755905
20
0.0236272440944882
11
0.7802165354330709
21
0.0234231496062992
0
LINE
8
BLACK
6
CONTINUOUS
10
0.7802165354330709
20
0.0234231496062992
11
0.7794609448818898
21
0.0232898818897638
0
LINE
8
BLACK
6
CONTINUOUS
10
0.7794609448818898
20
0.0232898818897638
11
0.778740157480315
21
0.0230275590551181
0
LINE
8
BLACK
6
CONTINUOUS
10
0.778740157480315
20
0.0230275590551181
11
0.621259842519685
21
0.0230275590551181
0
LINE
8
BLACK
6
CONTINUOUS
10
0.621259842519685
20
0.0230275590551181
11
0.6208762992125985
21
0.023095157480315
0
LINE
8
BLACK
6
CONTINUOUS
10
0.6208762992125985
20
0.023095157480315
11
0.6207470866141732
21
0.0230724015748031
0
LINE
8
BLACK
6
CONTINUOUS
10
0.6207470866141732
20
0.0230724015748031
11
0.6206334645669291
21
0.0231379921259843
0
LINE
8
BLACK
6
CONTINUOUS
10
0.6206334645669291
20
0.0231379921259843
11
0.6202499212598425
21
0.0232056299212598
0
LINE
8
BLACK
6
CONTINUOUS
10
0.6202499212598425
20
0.0232056299212598
11
0.6196622047244095
21
0.0236987401574803
0
LINE
8
BLACK
6
CONTINUOUS
10
0.6196622047244095
20
0.0236987401574803
11
0.6189979133858268
21
0.0240823228346457
0
LINE
8
BLACK
6
CONTINUOUS
10
0.6189979133858268
20
0.0240823228346457
11
0.6189067716535432
21
0.0243326377952756
0
LINE
8
BLACK
6
CONTINUOUS
10
0.6189067716535432
20
0.0243326377952756
11
0.6187026771653543
21
0.024503937007874
0
LINE
8
BLACK
6
CONTINUOUS
10
0.6187026771653543
20
0.024503937007874
11
0.6185694094488189
21
0.0252594881889764
0
LINE
8
BLACK
6
CONTINUOUS
10
0.6185694094488189
20
0.0252594881889764
11
0.6183070866141732
21
0.0259803149606299
0
LINE
8
BLACK
6
CONTINUOUS
10
0.6183070866141732
20
0.0259803149606299
11
0.6183070866141732
21
0.3409409448818898
0
LINE
8
BLACK
6
CONTINUOUS
10
0.6183070866141732
20
0.3409409448818898
11
0.6183746850393701
21
0.3413244488188976
0
LINE
8
BLACK
6
CONTINUOUS
10
0.6183746850393701
20
0.3413244488188976
11
0.6183519291338583
21
0.3414537007874016
0
LINE
8
BLACK
6
CONTINUOUS
10
0.6183519291338583
20
0.3414537007874016
11
0.6184175196850393
21
0.3415672834645669
0
LINE
8
BLACK
6
CONTINUOUS
10
0.6184175196850393
20
0.3415672834645669
11
0.618485157480315
21
0.3419508661417323
0
LINE
8
BLACK
6
CONTINUOUS
10
0.618485157480315
20
0.3419508661417323
11
0.6189782677165354
21
0.3425385433070866
0
LINE
8
BLACK
6
CONTINUOUS
10
0.6189782677165354
20
0.3425385433070866
11
0.6193618503937007
21
0.343202874015748
0
LINE
8
BLACK
6
CONTINUOUS
10
0.6193618503937007
20
0.343202874015748
11
0.6196121653543307
21
0.3432939763779527
0
LINE
8
BLACK
6
CONTINUOUS
10
0.6196121653543307
20
0.3432939763779527
11
0.6197834645669291
21
0.3434981102362205
0
LINE
8
BLACK
6
CONTINUOUS
10
0.6197834645669291
20
0.3434981102362205
11
0.6205390157480315
21
0.3436313385826771
0
LINE
8
BLACK
6
CONTINUOUS
10
0.6205390157480315
20
0.3436313385826771
11
0.621259842519685
21
0.3438937007874016
0
LINE
8
BLACK
6
CONTINUOUS
10
0.621259842519685
20
0.3438937007874016
11
0.625
21
0.3438937007874016
0
LINE
8
BLACK
6
CONTINUOUS
10
0.625
20
0.3438937007874016
11
0.625
21
0.3576771653543307
0
LINE
8
BLACK
6
CONTINUOUS
10
0.625
20
0.3576771653543307
11
0.6045275590551181
21
0.3576771653543307
0
LINE
8
BLACK
6
CONTINUOUS
10
0.6045275590551181
20
0.3576771653543307
11
0.6045275590551181
21
0.009251968503937
0
LINE
8
BLACK
6
CONTINUOUS
10
0.6045275590551181
20
0.009251968503937
11
0.7954724409448819
21
0.009251968503937
0
LINE
8
BLACK
6
CONTINUOUS
10
0.7954724409448819
20
0.009251968503937
11
0.7954724409448819
21
0.3576771653543307
0
LINE
8
BLACK
6
CONTINUOUS
10
0.7954724409448819
20
0.3576771653543307
11
0.775
21
0.3576771653543307
0
LINE
8
BLACK
6
CONTINUOUS
10
0.575
20
0.3576771653543307
11
0.575
21
0.3438937007874016
0
LINE
8
BLACK
6
CONTINUOUS
10
0.575
20
0.3438937007874016
11
0.5787401574803149
21
0.3438937007874016
0
LINE
8
BLACK
6
CONTINUOUS
10
0.5787401574803149
20
0.3438937007874016
11
0.5791236614173229
21
0.343826062992126
0
LINE
8
BLACK
6
CONTINUOUS
10
0.5791236614173229
20
0.343826062992126
11
0.5792529133858267
21
0.3438488582677166
0
LINE
8
BLACK
6
CONTINUOUS
10
0.5792529133858267
20
0.3438488582677166
11
0.5793664960629921
21
0.3437832283464567
0
LINE
8
BLACK
6
CONTINUOUS
10
0.5793664960629921
20
0.3437832283464567
11
0.5797500787401575
21
0.3437156299212598
0
LINE
8
BLACK
6
CONTINUOUS
10
0.5797500787401575
20
0.3437156299212598
11
0.5803377559055118
21
0.3432224803149606
0
LINE
8
BLACK
6
CONTINUOUS
10
0.5803377559055118
20
0.3432224803149606
11
0.5810020866141732
21
0.342838937007874
0
LINE
8
BLACK
6
CONTINUOUS
10
0.5810020866141732
20
0.342838937007874
11
0.581093188976378
21
0.3425885826771654
0
LINE
8
BLACK
6
CONTINUOUS
10
0.581093188976378
20
0.3425885826771654
11
0.5812973228346456
21
0.3424173228346457
0
LINE
8
BLACK
6
CONTINUOUS
10
0.5812973228346456
20
0.3424173228346457
11
0.5814305511811023
21
0.3416617322834646
0
LINE
8
BLACK
6
CONTINUOUS
10
0.5814305511811023
20
0.3416617322834646
11
0.5816929133858267
21
0.3409409448818898
0
LINE
8
BLACK
6
CONTINUOUS
10
0.5816929133858267
20
0.3409409448818898
11
0.5816929133858267
21
0.0259803149606299
0
LINE
8
BLACK
6
CONTINUOUS
10
0.5816929133858267
20
0.0259803149606299
11
0.5816252755905512
21
0.0255967716535433
0
LINE
8
BLACK
6
CONTINUOUS
10
0.5816252755905512
20
0.0255967716535433
11
0.5816480708661417
21
0.0254675590551181
0
LINE
8
BLACK
6
CONTINUOUS
10
0.5816480708661417
20
0.0254675590551181
11
0.5815824409448819
21
0.025353937007874
0
LINE
8
BLACK
6
CONTINUOUS
10
0.5815824409448819
20
0.025353937007874
11
0.581514842519685
21
0.0249703937007874
0
LINE
8
BLACK
6
CONTINUOUS
10
0.581514842519685
20
0.0249703937007874
11
0.5810216929133858
21
0.0243826771653543
0
LINE
8
BLACK
6
CONTINUOUS
10
0.5810216929133858
20
0.0243826771653543
11
0.5806381496062992
21
0.0237183858267717
0
LINE
8
BLACK
6
CONTINUOUS
10
0.5806381496062992
20
0.0237183858267717
11
0.5803877952755906
21
0.0236272440944882
0
LINE
8
BLACK
6
CONTINUOUS
10
0.5803877952755906
20
0.0236272440944882
11
0.5802165354330708
21
0.0234231496062992
0
LINE
8
BLACK
6
CONTINUOUS
10
0.5802165354330708
20
0.0234231496062992
11
0.5794609448818897
21
0.0232898818897638
0
LINE
8
BLACK
6
CONTINUOUS
10
0.5794609448818897
20
0.0232898818897638
11
0.5787401574803149
21
0.0230275590551181
0
LINE
8
BLACK
6
CONTINUOUS
10
0.5787401574803149
20
0.0230275590551181
11
0.421259842519685
21
0.0230275590551181
0
LINE
8
BLACK
6
CONTINUOUS
10
0.421259842519685
20
0.0230275590551181
11
0.4208762992125984
21
0.023095157480315
0
LINE
8
BLACK
6
CONTINUOUS
10
0.4208762992125984
20
0.023095157480315
11
0.4207470866141732
21
0.0230724015748031
0
LINE
8
BLACK
6
CONTINUOUS
10
0.4207470866141732
20
0.0230724015748031
11
0.4206334645669291
21
0.0231379921259843
0
LINE
8
BLACK
6
CONTINUOUS
10
0.4206334645669291
20
0.0231379921259843
11
0.4202499212598425
21
0.0232056299212598
0
LINE
8
BLACK
6
CONTINUOUS
10
0.4202499212598425
20
0.0232056299212598
11
0.4196622047244095
21
0.0236987401574803
0
LINE
8
BLACK
6
CONTINUOUS
10
0.4196622047244095
20
0.0236987401574803
11
0.4189979133858268
21
0.0240823228346457
0
LINE
8
BLACK
6
CONTINUOUS
10
0.4189979133858268
20
0.0240823228346457
11
0.4189067716535433
21
0.0243326377952756
0
LINE
8
BLACK
6
CONTINUOUS
10
0.4189067716535433
20
0.0243326377952756
11
0.4187026771653543
21
0.024503937007874
0
LINE
8
BLACK
6
CONTINUOUS
10
0.4187026771653543
20
0.024503937007874
11
0.4185694094488189
21
0.0252594881889764
0
LINE
8
BLACK
6
CONTINUOUS
10
0.4185694094488189
20
0.0252594881889764
11
0.4183070866141732
21
0.0259803149606299
0
LINE
8
BLACK
6
CONTINUOUS
10
0.4183070866141732
20
0.0259803149606299
11
0.4183070866141732
21
0.3409409448818898
0
LINE
8
BLACK
6
CONTINUOUS
10
0.4183070866141732
20
0.3409409448818898
11
0.4183746850393701
21
0.3413244488188976
0
LINE
8
BLACK
6
CONTINUOUS
10
0.4183746850393701
20
0.3413244488188976
11
0.4183519291338583
21
0.3414537007874016
0
LINE
8
BLACK
6
CONTINUOUS
10
0.4183519291338583
20
0.3414537007874016
11
0.4184175196850394
21
0.3415672834645669
0
LINE
8
BLACK
6
CONTINUOUS
10
0.4184175196850394
20
0.3415672834645669
11
0.418485157480315
21
0.3419508661417323
0
LINE
8
BLACK
6
CONTINUOUS
10
0.418485157480315
20
0.3419508661417323
11
0.4189782677165354
21
0.3425385433070866
0
LINE
8
BLACK
6
CONTINUOUS
10
0.4189782677165354
20
0.3425385433070866
11
0.4193618503937008
21
0.343202874015748
0
LINE
8
BLACK
6
CONTINUOUS
10
0.4193618503937008
20
0.343202874015748
11
0.4196121653543307
21
0.3432939763779527
0
LINE
8
BLACK
6
CONTINUOUS
10
0.4196121653543307
20
0.3432939763779527
11
0.4197834645669291
21
0.3434981102362205
0
LINE
8
BLACK
6
CONTINUOUS
10
0.4197834645669291
20
0.3434981102362205
11
0.4205390157480315
21
0.3436313385826771
0
LINE
8
BLACK
6
CONTINUOUS
10
0.4205390157480315
20
0.3436313385826771
11
0.421259842519685
21
0.3438937007874016
0
LINE
8
BLACK
6
CONTINUOUS
10
0.421259842519685
20
0.3438937007874016
11
0.425
21
0.3438937007874016
0
LINE
8
BLACK
6
CONTINUOUS
10
0.425
20
0.3438937007874016
11
0.425
21
0.3576771653543307
0
LINE
8
BLACK
6
CONTINUOUS
10
0.425
20
0.3576771653543307
11
0.4045275590551181
21
0.3576771653543307
0
LINE
8
BLACK
6
CONTINUOUS
10
0.4045275590551181
20
0.3576771653543307
11
0.4045275590551181
21
0.009251968503937
0
LINE
8
BLACK
6
CONTINUOUS
10
0.4045275590551181
20
0.009251968503937
11
0.5954724409448818
21
0.009251968503937
0
LINE
8
BLACK
6
CONTINUOUS
10
0.5954724409448818
20
0.009251968503937
11
0.5954724409448818
21
0.3576771653543307
0
LINE
8
BLACK
6
CONTINUOUS
10
0.5954724409448818
20
0.3576771653543307
11
0.575
21
0.3576771653543307
0
LINE
8
BLACK
6
CONTINUOUS
10
1.175
20
0.3379881889763779
11
1.175
21
0.325
0
LINE
8
BLACK
6
CONTINUOUS
10
1.175
20
0.325
11
1.0249999999999999
21
0.325
0
LINE
8
BLACK
6
CONTINUOUS
10
1.0249999999999999
20
0.325
11
1.0249999999999999
21
0.3379881889763779
0
LINE
8
BLACK
6
CONTINUOUS
10
1.0249999999999999
20
0.3379881889763779
11
1.0242125984251969
21
0.3379881889763779
0
LINE
8
BLACK
6
CONTINUOUS
10
1.0242125984251969
20
0.3379881889763779
11
1.0242125984251969
21
0.0289330708661417
0
LINE
8
BLACK
6
CONTINUOUS
10
1.0242125984251969
20
0.0289330708661417
11
1.1757874015748031
21
0.0289330708661417
0
LINE
8
BLACK
6
CONTINUOUS
10
1.1757874015748031
20
0.0289330708661417
11
1.1757874015748031
21
0.3379881889763779
0
LINE
8
BLACK
6
CONTINUOUS
10
1.1757874015748031
20
0.3379881889763779
11
1.175
21
0.3379881889763779
0
LINE
8
BLACK
6
CONTINUOUS
10
0.975
20
0.3379881889763779
11
0.975
21
0.325
0
LINE
8
BLACK
6
CONTINUOUS
10
0.975
20
0.325
11
0.825
21
0.325
0
LINE
8
BLACK
6
CONTINUOUS
10
0.825
20
0.325
11
0.825
21
0.3379881889763779
0
LINE
8
BLACK
6
CONTINUOUS
10
0.825
20
0.3379881889763779
11
0.8242125984251968
21
0.3379881889763779
0
LINE
8
BLACK
6
CONTINUOUS
10
0.8242125984251968
20
0.3379881889763779
11
0.8242125984251968
21
0.0289330708661417
0
LINE
8
BLACK
6
CONTINUOUS
10
0.8242125984251968
20
0.0289330708661417
11
0.9757874015748031
21
0.0289330708661417
0
LINE
8
BLACK
6
CONTINUOUS
10
0.9757874015748031
20
0.0289330708661417
11
0.9757874015748031
21
0.3379881889763779
0
LINE
8
BLACK
6
CONTINUOUS
10
0.9757874015748031
20
0.3379881889763779
11
0.975
21
0.3379881889763779
0
LINE
8
BLACK
6
CONTINUOUS
10
0.775
20
0.3379881889763779
11
0.775
21
0.325
0
LINE
8
BLACK
6
CONTINUOUS
10
0.775
20
0.325
11
0.625
21
0.325
0
LINE
8
BLACK
6
CONTINUOUS
10
0.625
20
0.325
11
0.625
21
0.3379881889763779
0
LINE
8
BLACK
6
CONTINUOUS
10
0.625
20
0.3379881889763779
11
0.6242125984251968
21
0.3379881889763779
0
LINE
8
BLACK
6
CONTINUOUS
10
0.6242125984251968
20
0.3379881889763779
11
0.6242125984251968
21
0.0289330708661417
0
LINE
8
BLACK
6
CONTINUOUS
10
0.6242125984251968
20
0.0289330708661417
11
0.7757874015748031
21
0.0289330708661417
0
LINE
8
BLACK
6
CONTINUOUS
10
0.7757874015748031
20
0.0289330708661417
11
0.7757874015748031
21
0.3379881889763779
0
LINE
8
BLACK
6
CONTINUOUS
10
0.7757874015748031
20
0.3379881889763779
11
0.775
21
0.3379881889763779
0
LINE
8
BLACK
6
CONTINUOUS
10
0.575
20
0.3379881889763779
11
0.575
21
0.325
0
LINE
8
BLACK
6
CONTINUOUS
10
0.575
20
0.325
11
0.425
21
0.325
0
LINE
8
BLACK
6
CONTINUOUS
10
0.425
20
0.325
11
0.425
21
0.3379881889763779
0
LINE
8
BLACK
6
CONTINUOUS
10
0.425
20
0.3379881889763779
11
0.4242125984251968
21
0.3379881889763779
0
LINE
8
BLACK
6
CONTINUOUS
10
0.4242125984251968
20
0.3379881889763779
11
0.4242125984251968
21
0.0289330708661417
0
LINE
8
BLACK
6
CONTINUOUS
10
0.4242125984251968
20
0.0289330708661417
11
0.5757874015748031
21
0.0289330708661417
0
LINE
8
BLACK
6
CONTINUOUS
10
0.5757874015748031
20
0.0289330708661417
11
0.5757874015748031
21
0.3379881889763779
0
LINE
8
BLACK
6
CONTINUOUS
10
0.5757874015748031
20
0.3379881889763779
11
0.575
21
0.3379881889763779
0
LINE
8
BLACK
6
CONTINUOUS
10
1.0045275590551181
20
0.5938976377952756
11
1.0045275590551181
21
0.3635826771653543
0
LINE
8
BLACK
6
CONTINUOUS
10
1.0045275590551181
20
0.3635826771653543
11
1.0249999999999999
21
0.3635826771653543
0
LINE
8
BLACK
6
CONTINUOUS
10
1.0249999999999999
20
0.3635826771653543
11
1.0249999999999999
21
0.475
0
LINE
8
BLACK
6
CONTINUOUS
10
1.0249999999999999
20
0.475
11
1.0379921259842519
21
0.475
0
LINE
8
BLACK
6
CONTINUOUS
10
1.0379921259842519
20
0.475
11
1.0379921259842519
21
0.5545275590551181
0
LINE
8
BLACK
6
CONTINUOUS
10
1.0379921259842519
20
0.5545275590551181
11
1.021259842519685
21
0.5545275590551181
0
LINE
8
BLACK
6
CONTINUOUS
10
1.021259842519685
20
0.5545275590551181
11
1.0208762992125984
21
0.554595157480315
0
LINE
8
BLACK
6
CONTINUOUS
10
1.0208762992125984
20
0.554595157480315
11
1.0207470866141732
21
0.5545724015748031
0
LINE
8
BLACK
6
CONTINUOUS
10
1.0207470866141732
20
0.5545724015748031
11
1.020633464566929
21
0.5546379921259842
0
LINE
8
BLACK
6
CONTINUOUS
10
1.020633464566929
20
0.5546379921259842
11
1.0202499212598426
21
0.5547056299212598
0
LINE
8
BLACK
6
CONTINUOUS
10
1.0202499212598426
20
0.5547056299212598
11
1.0196622047244095
21
0.5551987401574803
0
LINE
8
BLACK
6
CONTINUOUS
10
1.0196622047244095
20
0.5551987401574803
11
1.0189979133858267
21
0.5555823228346457
0
LINE
8
BLACK
6
CONTINUOUS
10
1.0189979133858267
20
0.5555823228346457
11
1.0189067716535434
21
0.5558326377952756
0
LINE
8
BLACK
6
CONTINUOUS
10
1.0189067716535434
20
0.5558326377952756
11
1.0187026771653542
21
0.556003937007874
0
LINE
8
BLACK
6
CONTINUOUS
10
1.0187026771653542
20
0.556003937007874
11
1.0185694094488189
21
0.5567594881889764
0
LINE
8
BLACK
6
CONTINUOUS
10
1.0185694094488189
20
0.5567594881889764
11
1.0183070866141732
21
0.5574803149606299
0
LINE
8
BLACK
6
CONTINUOUS
10
1.0183070866141732
20
0.5574803149606299
11
1.0183070866141732
21
0.5938976377952756
0
LINE
8
BLACK
6
CONTINUOUS
10
1.0183070866141732
20
0.5938976377952756
11
1.0045275590551181
21
0.5938976377952756
0
LINE
8
BLACK
6
CONTINUOUS
10
1.1816929133858267
20
0.5938976377952756
11
1.1816929133858267
21
0.5574803149606299
0
LINE
8
BLACK
6
CONTINUOUS
10
1.1816929133858267
20
0.5574803149606299
11
1.1816252755905512
21
0.5570967716535433
0
LINE
8
BLACK
6
CONTINUOUS
10
1.1816252755905512
20
0.5570967716535433
11
1.1816480708661417
21
0.5569675590551181
0
LINE
8
BLACK
6
CONTINUOUS
10
1.1816480708661417
20
0.5569675590551181
11
1.1815824409448819
21
0.556853937007874
0
LINE
8
BLACK
6
CONTINUOUS
10
1.1815824409448819
20
0.556853937007874
11
1.1815148425196851
21
0.5564703937007874
0
LINE
8
BLACK
6
CONTINUOUS
10
1.1815148425196851
20
0.5564703937007874
11
1.1810216929133859
21
0.5558826771653543
0
LINE
8
BLACK
6
CONTINUOUS
10
1.1810216929133859
20
0.5558826771653543
11
1.1806381496062992
21
0.5552183858267716
0
LINE
8
BLACK
6
CONTINUOUS
10
1.1806381496062992
20
0.5552183858267716
11
1.1803877952755906
21
0.5551272440944882
0
LINE
8
BLACK
6
CONTINUOUS
10
1.1803877952755906
20
0.5551272440944882
11
1.1802165354330709
21
0.5549231496062992
0
LINE
8
BLACK
6
CONTINUOUS
10
1.1802165354330709
20
0.5549231496062992
11
1.1794609448818898
21
0.5547898818897637
0
LINE
8
BLACK
6
CONTINUOUS
10
1.1794609448818898
20
0.5547898818897637
11
1.1787401574803149
21
0.5545275590551181
0
LINE
8
BLACK
6
CONTINUOUS
10
1.1787401574803149
20
0.5545275590551181
11
1.162007874015748
21
0.5545275590551181
0
LINE
8
BLACK
6
CONTINUOUS
10
1.162007874015748
20
0.5545275590551181
11
1.162007874015748
21
0.475
0
LINE
8
BLACK
6
CONTINUOUS
10
1.162007874015748
20
0.475
11
1.175
21
0.475
0
LINE
8
BLACK
6
CONTINUOUS
10
1.175
20
0.475
11
1.175
21
0.3635826771653543
0
LINE
8
BLACK
6
CONTINUOUS
10
1.175
20
0.3635826771653543
11
1.1954724409448818
21
0.3635826771653543
0
LINE
8
BLACK
6
CONTINUOUS
10
1.1954724409448818
20
0.3635826771653543
11
1.1954724409448818
21
0.5938976377952756
0
LINE
8
BLACK
6
CONTINUOUS
10
1.1954724409448818
20
0.5938976377952756
11
1.1816929133858267
21
0.5938976377952756
0
LINE
8
BLACK
6
CONTINUOUS
10
0.8045275590551181
20
0.5938976377952756
11
0.8045275590551181
21
0.3635826771653543
0
LINE
8
BLACK
6
CONTINUOUS
10
0.8045275590551181
20
0.3635826771653543
11
0.825
21
0.3635826771653543
0
LINE
8
BLACK
6
CONTINUOUS
10
0.825
20
0.3635826771653543
11
0.825
21
0.475
0
LINE
8
BLACK
6
CONTINUOUS
10
0.825
20
0.475
11
0.837992125984252
21
0.475
0
LINE
8
BLACK
6
CONTINUOUS
10
0.837992125984252
20
0.475
11
0.837992125984252
21
0.5545275590551181
0
LINE
8
BLACK
6
CONTINUOUS
10
0.837992125984252
20
0.5545275590551181
11
0.821259842519685
21
0.5545275590551181
0
LINE
8
BLACK
6
CONTINUOUS
10
0.821259842519685
20
0.5545275590551181
11
0.8208762992125984
21
0.554595157480315
0
LINE
8
BLACK
6
CONTINUOUS
10
0.8208762992125984
20
0.554595157480315
11
0.8207470866141732
21
0.5545724015748031
0
LINE
8
BLACK
6
CONTINUOUS
10
0.8207470866141732
20
0.5545724015748031
11
0.8206334645669291
21
0.5546379921259842
0
LINE
8
BLACK
6
CONTINUOUS
10
0.8206334645669291
20
0.5546379921259842
11
0.8202499212598425
21
0.5547056299212598
0
LINE
8
BLACK
6
CONTINUOUS
10
0.8202499212598425
20
0.5547056299212598
11
0.8196622047244094
21
0.5551987401574803
0
LINE
8
BLACK
6
CONTINUOUS
10
0.8196622047244094
20
0.5551987401574803
11
0.8189979133858267
21
0.5555823228346457
0
LINE
8
BLACK
6
CONTINUOUS
10
0.8189979133858267
20
0.5555823228346457
11
0.8189067716535433
21
0.5558326377952756
0
LINE
8
BLACK
6
CONTINUOUS
10
0.8189067716535433
20
0.5558326377952756
11
0.8187026771653543
21
0.556003937007874
0
LINE
8
BLACK
6
CONTINUOUS
10
0.8187026771653543
20
0.556003937007874
11
0.8185694094488188
21
0.5567594881889764
0
LINE
8
BLACK
6
CONTINUOUS
10
0.8185694094488188
20
0.5567594881889764
11
0.8183070866141732
21
0.5574803149606299
0
LINE
8
BLACK
6
CONTINUOUS
10
0.8183070866141732
20
0.5574803149606299
11
0.8183070866141732
21
0.5938976377952756
0
LINE
8
BLACK
6
CONTINUOUS
10
0.8183070866141732
20
0.5938976377952756
11
0.8045275590551181
21
0.5938976377952756
0
LINE
8
BLACK
6
CONTINUOUS
10
0.9816929133858268
20
0.5938976377952756
11
0.9816929133858268
21
0.5574803149606299
0
LINE
8
BLACK
6
CONTINUOUS
10
0.9816929133858268
20
0.5574803149606299
11
0.9816252755905511
21
0.5570967716535433
0
LINE
8
BLACK
6
CONTINUOUS
10
0.9816252755905511
20
0.5570967716535433
11
0.9816480708661417
21
0.5569675590551181
0
LINE
8
BLACK
6
CONTINUOUS
10
0.9816480708661417
20
0.5569675590551181
11
0.9815824409448819
21
0.556853937007874
0
LINE
8
BLACK
6
CONTINUOUS
10
0.9815824409448819
20
0.556853937007874
11
0.981514842519685
21
0.5564703937007874
0
LINE
8
BLACK
6
CONTINUOUS
10
0.981514842519685
20
0.5564703937007874
11
0.9810216929133858
21
0.5558826771653543
0
LINE
8
BLACK
6
CONTINUOUS
10
0.9810216929133858
20
0.5558826771653543
11
0.9806381496062991
21
0.5552183858267716
0
LINE
8
BLACK
6
CONTINUOUS
10
0.9806381496062991
20
0.5552183858267716
11
0.9803877952755905
21
0.5551272440944882
0
LINE
8
BLACK
6
CONTINUOUS
10
0.9803877952755905
20
0.5551272440944882
11
0.9802165354330709
21
0.5549231496062992
0
LINE
8
BLACK
6
CONTINUOUS
10
0.9802165354330709
20
0.5549231496062992
11
0.9794609448818897
21
0.5547898818897637
0
LINE
8
BLACK
6
CONTINUOUS
10
0.9794609448818897
20
0.5547898818897637
11
0.978740157480315
21
0.5545275590551181
0
LINE
8
BLACK
6
CONTINUOUS
10
0.978740157480315
20
0.5545275590551181
11
0.9620078740157481
21
0.5545275590551181
0
LINE
8
BLACK
6
CONTINUOUS
10
0.9620078740157481
20
0.5545275590551181
11
0.9620078740157481
21
0.475
0
LINE
8
BLACK
6
CONTINUOUS
10
0.9620078740157481
20
0.475
11
0.975
21
0.475
0
LINE
8
BLACK
6
CONTINUOUS
10
0.975
20
0.475
11
0.975
21
0.3635826771653543
0
LINE
8
BLACK
6
CONTINUOUS
10
0.975
20
0.3635826771653543
11
0.9954724409448819
21
0.3635826771653543
0
LINE
8
BLACK
6
CONTINUOUS
10
0.9954724409448819
20
0.3635826771653543
11
0.9954724409448819
21
0.5938976377952756
0
LINE
8
BLACK
6
CONTINUOUS
10
0.9954724409448819
20
0.5938976377952756
11
0.9816929133858268
21
0.5938976377952756
0
LINE
8
BLACK
6
CONTINUOUS
10
0.6045275590551181
20
0.5938976377952756
11
0.6045275590551181
21
0.3635826771653543
0
LINE
8
BLACK
6
CONTINUOUS
10
0.6045275590551181
20
0.3635826771653543
11
0.625
21
0.3635826771653543
0
LINE
8
BLACK
6
CONTINUOUS
10
0.625
20
0.3635826771653543
11
0.625
21
0.475
0
LINE
8
BLACK
6
CONTINUOUS
10
0.625
20
0.475
11
0.6379921259842519
21
0.475
0
LINE
8
BLACK
6
CONTINUOUS
10
0.6379921259842519
20
0.475
11
0.6379921259842519
21
0.5545275590551181
0
LINE
8
BLACK
6
CONTINUOUS
10
0.6379921259842519
20
0.5545275590551181
11
0.621259842519685
21
0.5545275590551181
0
LINE
8
BLACK
6
CONTINUOUS
10
0.621259842519685
20
0.5545275590551181
11
0.6208762992125985
21
0.554595157480315
0
LINE
8
BLACK
6
CONTINUOUS
10
0.6208762992125985
20
0.554595157480315
11
0.6207470866141732
21
0.5545724015748031
0
LINE
8
BLACK
6
CONTINUOUS
10
0.6207470866141732
20
0.5545724015748031
11
0.6206334645669291
21
0.5546379921259842
0
LINE
8
BLACK
6
CONTINUOUS
10
0.6206334645669291
20
0.5546379921259842
11
0.6202499212598425
21
0.5547056299212598
0
LINE
8
BLACK
6
CONTINUOUS
10
0.6202499212598425
20
0.5547056299212598
11
0.6196622047244095
21
0.5551987401574803
0
LINE
8
BLACK
6
CONTINUOUS
10
0.6196622047244095
20
0.5551987401574803
11
0.6189979133858268
21
0.5555823228346457
0
LINE
8
BLACK
6
CONTINUOUS
10
0.6189979133858268
20
0.5555823228346457
11
0.6189067716535432
21
0.5558326377952756
0
LINE
8
BLACK
6
CONTINUOUS
10
0.6189067716535432
20
0.5558326377952756
11
0.6187026771653543
21
0.556003937007874
0
LINE
8
BLACK
6
CONTINUOUS
10
0.6187026771653543
20
0.556003937007874
11
0.6185694094488189
21
0.5567594881889764
0
LINE
8
BLACK
6
CONTINUOUS
10
0.6185694094488189
20
0.5567594881889764
11
0.6183070866141732
21
0.5574803149606299
0
LINE
8
BLACK
6
CONTINUOUS
10
0.6183070866141732
20
0.5574803149606299
11
0.6183070866141732
21
0.5938976377952756
0
LINE
8
BLACK
6
CONTINUOUS
10
0.6183070866141732
20
0.5938976377952756
11
0.6045275590551181
21
0.5938976377952756
0
LINE
8
BLACK
6
CONTINUOUS
10
0.7816929133858268
20
0.5938976377952756
11
0.7816929133858268
21
0.5574803149606299
0
LINE
8
BLACK
6
CONTINUOUS
10
0.7816929133858268
20
0.5574803149606299
11
0.7816252755905512
21
0.5570967716535433
0
LINE
8
BLACK
6
CONTINUOUS
10
0.7816252755905512
20
0.5570967716535433
11
0.7816480708661417
21
0.5569675590551181
0
LINE
8
BLACK
6
CONTINUOUS
10
0.7816480708661417
20
0.5569675590551181
11
0.7815824409448818
21
0.556853937007874
0
LINE
8
BLACK
6
CONTINUOUS
10
0.7815824409448818
20
0.556853937007874
11
0.7815148425196851
21
0.5564703937007874
0
LINE
8
BLACK
6
CONTINUOUS
10
0.7815148425196851
20
0.5564703937007874
11
0.7810216929133859
21
0.5558826771653543
0
LINE
8
BLACK
6
CONTINUOUS
10
0.7810216929133859
20
0.5558826771653543
11
0.7806381496062992
21
0.5552183858267716
0
LINE
8
BLACK
6
CONTINUOUS
10
0.7806381496062992
20
0.5552183858267716
11
0.7803877952755905
21
0.5551272440944882
0
LINE
8
BLACK
6
CONTINUOUS
10
0.7803877952755905
20
0.5551272440944882
11
0.7802165354330709
21
0.5549231496062992
0
LINE
8
BLACK
6
CONTINUOUS
10
0.7802165354330709
20
0.5549231496062992
11
0.7794609448818898
21
0.5547898818897637
0
LINE
8
BLACK
6
CONTINUOUS
10
0.7794609448818898
20
0.5547898818897637
11
0.778740157480315
21
0.5545275590551181
0
LINE
8
BLACK
6
CONTINUOUS
10
0.778740157480315
20
0.5545275590551181
11
0.762007874015748
21
0.5545275590551181
0
LINE
8
BLACK
6
CONTINUOUS
10
0.762007874015748
20
0.5545275590551181
11
0.762007874015748
21
0.475
0
LINE
8
BLACK
6
CONTINUOUS
10
0.762007874015748
20
0.475
11
0.775
21
0.475
0
LINE
8
BLACK
6
CONTINUOUS
10
0.775
20
0.475
11
0.775
21
0.3635826771653543
0
LINE
8
BLACK
6
CONTINUOUS
10
0.775
20
0.3635826771653543
11
0.7954724409448819
21
0.3635826771653543
0
LINE
8
BLACK
6
CONTINUOUS
10
0.7954724409448819
20
0.3635826771653543
11
0.7954724409448819
21
0.5938976377952756
0
LINE
8
BLACK
6
CONTINUOUS
10
0.7954724409448819
20
0.5938976377952756
11
0.7816929133858268
21
0.5938976377952756
0
LINE
8
BLACK
6
CONTINUOUS
10
0.4045275590551181
20
0.5938976377952756
11
0.4045275590551181
21
0.3635826771653543
0
LINE
8
BLACK
6
CONTINUOUS
10
0.4045275590551181
20
0.3635826771653543
11
0.425
21
0.3635826771653543
0
LINE
8
BLACK
6
CONTINUOUS
10
0.425
20
0.3635826771653543
11
0.425
21
0.475
0
LINE
8
BLACK
6
CONTINUOUS
10
0.425
20
0.475
11
0.437992125984252
21
0.475
0
LINE
8
BLACK
6
CONTINUOUS
10
0.437992125984252
20
0.475
11
0.437992125984252
21
0.5545275590551181
0
LINE
8
BLACK
6
CONTINUOUS
10
0.437992125984252
20
0.5545275590551181
11
0.421259842519685
21
0.5545275590551181
0
LINE
8
BLACK
6
CONTINUOUS
10
0.421259842519685
20
0.5545275590551181
11
0.4208762992125984
21
0.554595157480315
0
LINE
8
BLACK
6
CONTINUOUS
10
0.4208762992125984
20
0.554595157480315
11
0.4207470866141732
21
0.5545724015748031
0
LINE
8
BLACK
6
CONTINUOUS
10
0.4207470866141732
20
0.5545724015748031
11
0.4206334645669291
21
0.5546379921259842
0
LINE
8
BLACK
6
CONTINUOUS
10
0.4206334645669291
20
0.5546379921259842
11
0.4202499212598425
21
0.5547056299212598
0
LINE
8
BLACK
6
CONTINUOUS
10
0.4202499212598425
20
0.5547056299212598
11
0.4196622047244095
21
0.5551987401574803
0
LINE
8
BLACK
6
CONTINUOUS
10
0.4196622047244095
20
0.5551987401574803
11
0.4189979133858268
21
0.5555823228346457
0
LINE
8
BLACK
6
CONTINUOUS
10
0.4189979133858268
20
0.5555823228346457
11
0.4189067716535433
21
0.5558326377952756
0
LINE
8
BLACK
6
CONTINUOUS
10
0.4189067716535433
20
0.5558326377952756
11
0.4187026771653543
21
0.556003937007874
0
LINE
8
BLACK
6
CONTINUOUS
10
0.4187026771653543
20
0.556003937007874
11
0.4185694094488189
21
0.5567594881889764
0
LINE
8
BLACK
6
CONTINUOUS
10
0.4185694094488189
20
0.5567594881889764
11
0.4183070866141732
21
0.5574803149606299
0
LINE
8
BLACK
6
CONTINUOUS
10
0.4183070866141732
20
0.5574803149606299
11
0.4183070866141732
21
0.5938976377952756
0
LINE
8
BLACK
6
CONTINUOUS
10
0.4183070866141732
20
0.5938976377952756
11
0.4045275590551181
21
0.5938976377952756
0
LINE
8
BLACK
6
CONTINUOUS
10
0.5816929133858267
20
0.5938976377952756
11
0.5816929133858267
21
0.5574803149606299
0
LINE
8
BLACK
6
CONTINUOUS
10
0.5816929133858267
20
0.5574803149606299
11
0.5816252755905512
21
0.5570967716535433
0
LINE
8
BLACK
6
CONTINUOUS
10
0.5816252755905512
20
0.5570967716535433
11
0.5816480708661417
21
0.5569675590551181
0
LINE
8
BLACK
6
CONTINUOUS
10
0.5816480708661417
20
0.5569675590551181
11
0.5815824409448819
21
0.556853937007874
0
LINE
8
BLACK
6
CONTINUOUS
10
0.5815824409448819
20
0.556853937007874
11
0.581514842519685
21
0.5564703937007874
0
LINE
8
BLACK
6
CONTINUOUS
10
0.581514842519685
20
0.5564703937007874
11
0.5810216929133858
21
0.5558826771653543
0
LINE
8
BLACK
6
CONTINUOUS
10
0.5810216929133858
20
0.5558826771653543
11
0.5806381496062992
21
0.5552183858267716
0
LINE
8
BLACK
6
CONTINUOUS
10
0.5806381496062992
20
0.5552183858267716
11
0.5803877952755906
21
0.5551272440944882
0
LINE
8
BLACK
6
CONTINUOUS
10
0.5803877952755906
20
0.5551272440944882
11
0.5802165354330708
21
0.5549231496062992
0
LINE
8
BLACK
6
CONTINUOUS
10
0.5802165354330708
20
0.5549231496062992
11
0.5794609448818897
21
0.5547898818897637
0
LINE
8
BLACK
6
CONTINUOUS
10
0.5794609448818897
20
0.5547898818897637
11
0.5787401574803149
21
0.5545275590551181
0
LINE
8
BLACK
6
CONTINUOUS
10
0.5787401574803149
20
0.5545275590551181
11
0.562007874015748
21
0.5545275590551181
0
LINE
8
BLACK
6
CONTINUOUS
10
0.562007874015748
20
0.5545275590551181
11
0.562007874015748
21
0.475
0
LINE
8
BLACK
6
CONTINUOUS
10
0.562007874015748
20
0.475
11
0.575
21
0.475
0
LINE
8
BLACK
6
CONTINUOUS
10
0.575
20
0.475
11
0.575
21
0.3635826771653543
0
LINE
8
BLACK
6
CONTINUOUS
10
0.575
20
0.3635826771653543
11
0.5954724409448818
21
0.3635826771653543
0
LINE
8
BLACK
6
CONTINUOUS
10
0.5954724409448818
20
0.3635826771653543
11
0.5954724409448818
21
0.5938976377952756
0
LINE
8
BLACK
6
CONTINUOUS
10
0.5954724409448818
20
0.5938976377952756
11
0.5816929133858267
21
0.5938976377952756
0
LINE
8
BLACK
6
CONTINUOUS
10
1.0438976377952756
20
0.5545275590551181
11
1.0438976377952756
21
0.475
0
LINE
8
BLACK
6
CONTINUOUS
10
1.0438976377952756
20
0.475
11
1.1561023622047244
21
0.475
0
LINE
8
BLACK
6
CONTINUOUS
10
1.1561023622047244
20
0.475
11
1.1561023622047244
21
0.5545275590551181
0
LINE
8
BLACK
6
CONTINUOUS
10
1.1561023622047244
20
0.5545275590551181
11
1.0438976377952756
21
0.5545275590551181
0
LINE
8
BLACK
6
CONTINUOUS
10
0.8438976377952756
20
0.5545275590551181
11
0.8438976377952756
21
0.475
0
LINE
8
BLACK
6
CONTINUOUS
10
0.8438976377952756
20
0.475
11
0.9561023622047244
21
0.475
0
LINE
8
BLACK
6
CONTINUOUS
10
0.9561023622047244
20
0.475
11
0.9561023622047244
21
0.5545275590551181
0
LINE
8
BLACK
6
CONTINUOUS
10
0.9561023622047244
20
0.5545275590551181
11
0.8438976377952756
21
0.5545275590551181
0
LINE
8
BLACK
6
CONTINUOUS
10
0.6438976377952755
20
0.5545275590551181
11
0.6438976377952755
21
0.475
0
LINE
8
BLACK
6
CONTINUOUS
10
0.6438976377952755
20
0.475
11
0.7561023622047244
21
0.475
0
LINE
8
BLACK
6
CONTINUOUS
10
0.7561023622047244
20
0.475
11
0.7561023622047244
21
0.5545275590551181
0
LINE
8
BLACK
6
CONTINUOUS
10
0.7561023622047244
20
0.5545275590551181
11
0.6438976377952755
21
0.5545275590551181
0
LINE
8
BLACK
6
CONTINUOUS
10
0.4438976377952756
20
0.5545275590551181
11
0.4438976377952756
21
0.475
0
LINE
8
BLACK
6
CONTINUOUS
10
0.4438976377952756
20
0.475
11
0.5561023622047244
21
0.475
0
LINE
8
BLACK
6
CONTINUOUS
10
0.5561023622047244
20
0.475
11
0.5561023622047244
21
0.5545275590551181
0
LINE
8
BLACK
6
CONTINUOUS
10
0.5561023622047244
20
0.5545275590551181
11
0.4438976377952756
21
0.5545275590551181
0
LINE
8
BLACK
6
CONTINUOUS
10
1.0242125984251969
20
0.6923267716535433
11
1.0242125984251969
21
0.5604330708661417
0
LINE
8
BLACK
6
CONTINUOUS
10
1.0242125984251969
20
0.5604330708661417
11
1.1757874015748031
21
0.5604330708661417
0
LINE
8
BLACK
6
CONTINUOUS
10
1.1757874015748031
20
0.5604330708661417
11
1.1757874015748031
21
0.6923267716535433
0
LINE
8
BLACK
6
CONTINUOUS
10
1.1757874015748031
20
0.6923267716535433
11
1.0242125984251969
21
0.6923267716535433
0
LINE
8
BLACK
6
CONTINUOUS
10
0.8242125984251968
20
0.6923267716535433
11
0.8242125984251968
21
0.5604330708661417
0
LINE
8
BLACK
6
CONTINUOUS
10
0.8242125984251968
20
0.5604330708661417
11
0.9757874015748031
21
0.5604330708661417
0
LINE
8
BLACK
6
CONTINUOUS
10
0.9757874015748031
20
0.5604330708661417
11
0.9757874015748031
21
0.6923267716535433
0
LINE
8
BLACK
6
CONTINUOUS
10
0.9757874015748031
20
0.6923267716535433
11
0.8242125984251968
21
0.6923267716535433
0
LINE
8
BLACK
6
CONTINUOUS
10
0.6242125984251968
20
0.6923267716535433
11
0.6242125984251968
21
0.5604330708661417
0
LINE
8
BLACK
6
CONTINUOUS
10
0.6242125984251968
20
0.5604330708661417
11
0.7757874015748031
21
0.5604330708661417
0
LINE
8
BLACK
6
CONTINUOUS
10
0.7757874015748031
20
0.5604330708661417
11
0.7757874015748031
21
0.6923267716535433
0
LINE
8
BLACK
6
CONTINUOUS
10
0.7757874015748031
20
0.6923267716535433
11
0.6242125984251968
21
0.6923267716535433
0
LINE
8
BLACK
6
CONTINUOUS
10
0.4242125984251968
20
0.6923267716535433
11
0.4242125984251968
21
0.5604330708661417
0
LINE
8
BLACK
6
CONTINUOUS
10
0.4242125984251968
20
0.5604330708661417
11
0.5757874015748031
21
0.5604330708661417
0
LINE
8
BLACK
6
CONTINUOUS
10
0.5757874015748031
20
0.5604330708661417
11
0.5757874015748031
21
0.6923267716535433
0
LINE
8
BLACK
6
CONTINUOUS
10
0.5757874015748031
20
0.6923267716535433
11
0.4242125984251968
21
0.6923267716535433
0
LINE
8
BLACK
6
CONTINUOUS
10
0.1107513779527559
20
0.3973916929133858
11
0.1117004724409449
21
0.3973347244094488
0
LINE
8
BLACK
6
CONTINUOUS
10
0.1117004724409449
20
0.3973347244094488
11
0.1201368503937008
21
0.3945225590551181
0
LINE
8
BLACK
6
CONTINUOUS
10
0.1201368503937008
20
0.3945225590551181
11
0.1212693700787402
21
0.3937747637795275
0
LINE
8
BLACK
6
CONTINUOUS
10
0.1212693700787402
20
0.3937747637795275
11
0.1224451968503937
21
0.3930959448818898
0
LINE
8
BLACK
6
CONTINUOUS
10
0.1224451968503937
20
0.3930959448818898
11
0.1280695275590551
21
0.3874716535433071
0
LINE
8
BLACK
6
CONTINUOUS
10
0.1280695275590551
20
0.3874716535433071
11
0.1287482283464567
21
0.386296062992126
0
LINE
8
BLACK
6
CONTINUOUS
10
0.1287482283464567
20
0.386296062992126
11
0.1294961811023622
21
0.3851633070866142
0
LINE
8
BLACK
6
CONTINUOUS
10
0.1294961811023622
20
0.3851633070866142
11
0.1323083070866142
21
0.3767268503937008
0
LINE
8
BLACK
6
CONTINUOUS
10
0.1323083070866142
20
0.3767268503937008
11
0.1323652755905512
21
0.3757776771653543
0
LINE
8
BLACK
6
CONTINUOUS
10
0.1323652755905512
20
0.3757776771653543
11
0.1326113385826772
21
0.3748593700787402
0
LINE
8
BLACK
6
CONTINUOUS
10
0.1326113385826772
20
0.3748593700787402
11
0.1326113385826772
21
0.3692350787401575
0
LINE
8
BLACK
6
CONTINUOUS
10
0.1326113385826772
20
0.3692350787401575
11
0.1318201574803149
21
0.3662823228346457
0
LINE
8
BLACK
6
CONTINUOUS
10
0.1318201574803149
20
0.3662823228346457
11
0.1296585826771653
21
0.3641207480314961
0
LINE
8
BLACK
6
CONTINUOUS
10
0.1296585826771653
20
0.3641207480314961
11
0.1267058267716535
21
0.3633295669291339
0
LINE
8
BLACK
6
CONTINUOUS
10
0.1267058267716535
20
0.3633295669291339
11
0.1237530708661417
21
0.3641207480314961
0
LINE
8
BLACK
6
CONTINUOUS
10
0.1237530708661417
20
0.3641207480314961
11
0.1215914960629921
21
0.3662823228346457
0
LINE
8
BLACK
6
CONTINUOUS
10
0.1215914960629921
20
0.3662823228346457
11
0.1208003149606299
21
0.3692350787401575
0
LINE
8
BLACK
6
CONTINUOUS
10
0.1208003149606299
20
0.3692350787401575
11
0.1208003149606299
21
0.3739009842519685
0
LINE
8
BLACK
6
CONTINUOUS
10
0.1208003149606299
20
0.3739009842519685
11
0.1187320472440945
21
0.3801057874015748
0
LINE
8
BLACK
6
CONTINUOUS
10
0.1187320472440945
20
0.3801057874015748
11
0.1150792913385827
21
0.3837585039370079
0
LINE
8
BLACK
6
CONTINUOUS
10
0.1150792913385827
20
0.3837585039370079
11
0.1088746456692913
21
0.3858267716535433
0
LINE
8
BLACK
6
CONTINUOUS
10
0.1088746456692913
20
0.3858267716535433
11
0.0676507086614173
21
0.3858267716535433
0
LINE
8
BLACK
6
CONTINUOUS
10
0.0676507086614173
20
0.3858267716535433
11
0.0646979527559055
21
0.3866179527559055
0
LINE
8
BLACK
6
CONTINUOUS
10
0.0646979527559055
20
0.3866179527559055
11
0.0625363779527559
21
0.3887795275590551
0
LINE
8
BLACK
6
CONTINUOUS
10
0.0625363779527559
20
0.3887795275590551
11
0.0617451968503937
21
0.3917322834645669
0
LINE
8
BLACK
6
CONTINUOUS
10
0.0617451968503937
20
0.3917322834645669
11
0.0625363779527559
21
0.3946850393700787
0
LINE
8
BLACK
6
CONTINUOUS
10
0.0625363779527559
20
0.3946850393700787
11
0.0646979527559055
21
0.3968466141732284
0
LINE
8
BLACK
6
CONTINUOUS
10
0.0646979527559055
20
0.3968466141732284
11
0.0676507086614173
21
0.3976377952755906
0
LINE
8
BLACK
6
CONTINUOUS
10
0.0676507086614173
20
0.3976377952755906
11
0.1098329527559055
21
0.3976377952755906
0
LINE
8
BLACK
6
CONTINUOUS
10
0.1098329527559055
20
0.3976377952755906
11
0.1107513779527559
21
0.3973916929133858
0
LINE
8
BLACK
6
CONTINUOUS
10
0.1754420472440945
20
0.438167874015748
11
0.1763911417322835
21
0.438110905511811
0
LINE
8
BLACK
6
CONTINUOUS
10
0.1763911417322835
20
0.438110905511811
11
0.1848275196850394
21
0.4352987401574803
0
LINE
8
BLACK
6
CONTINUOUS
10
0.1848275196850394
20
0.4352987401574803
11
0.1859599212598425
21
0.4345510236220472
0
LINE
8
BLACK
6
CONTINUOUS
10
0.1859599212598425
20
0.4345510236220472
11
0.1871358661417323
21
0.433872125984252
0
LINE
8
BLACK
6
CONTINUOUS
10
0.1871358661417323
20
0.433872125984252
11
0.2108003149606299
21
0.4102076771653543
0
LINE
8
BLACK
6
CONTINUOUS
10
0.2108003149606299
20
0.4102076771653543
11
0.2108003149606299
21
0.4325084645669292
0
LINE
8
BLACK
6
CONTINUOUS
10
0.2108003149606299
20
0.4325084645669292
11
0.2115914960629921
21
0.435461220472441
0
LINE
8
BLACK
6
CONTINUOUS
10
0.2115914960629921
20
0.435461220472441
11
0.2137530708661417
21
0.4376227952755906
0
LINE
8
BLACK
6
CONTINUOUS
10
0.2137530708661417
20
0.4376227952755906
11
0.2167058267716535
21
0.4384139763779528
0
LINE
8
BLACK
6
CONTINUOUS
10
0.2167058267716535
20
0.4384139763779528
11
0.2196585826771653
21
0.4376227952755906
0
LINE
8
BLACK
6
CONTINUOUS
10
0.2196585826771653
20
0.4376227952755906
11
0.2218201574803149
21
0.435461220472441
0
LINE
8
BLACK
6
CONTINUOUS
10
0.2218201574803149
20
0.435461220472441
11
0.2226113385826771
21
0.4325084645669292
0
LINE
8
BLACK
6
CONTINUOUS
10
0.2226113385826771
20
0.4325084645669292
11
0.2226113385826771
21
0.3959505118110236
0
LINE
8
BLACK
6
CONTINUOUS
10
0.2226113385826771
20
0.3959505118110236
11
0.2224101181102362
21
0.3951995275590551
0
LINE
8
BLACK
6
CONTINUOUS
10
0.2224101181102362
20
0.3951995275590551
11
0.2224101181102362
21
0.3944220472440945
0
LINE
8
BLACK
6
CONTINUOUS
10
0.2224101181102362
20
0.3944220472440945
11
0.2220213779527559
21
0.3937487007874015
0
LINE
8
BLACK
6
CONTINUOUS
10
0.2220213779527559
20
0.3937487007874015
11
0.2218201574803149
21
0.3929977559055118
0
LINE
8
BLACK
6
CONTINUOUS
10
0.2218201574803149
20
0.3929977559055118
11
0.2212703543307087
21
0.3924479527559055
0
LINE
8
BLACK
6
CONTINUOUS
10
0.2212703543307087
20
0.3924479527559055
11
0.2208816535433071
21
0.3917746850393701
0
LINE
8
BLACK
6
CONTINUOUS
10
0.2208816535433071
20
0.3917746850393701
11
0.2202083464566929
21
0.3913859448818898
0
LINE
8
BLACK
6
CONTINUOUS
10
0.2202083464566929
20
0.3913859448818898
11
0.2196585826771653
21
0.3908361811023622
0
LINE
8
BLACK
6
CONTINUOUS
10
0.2196585826771653
20
0.3908361811023622
11
0.2189075984251969
21
0.3906349212598425
0
LINE
8
BLACK
6
CONTINUOUS
10
0.2189075984251969
20
0.3906349212598425
11
0.2182342913385827
21
0.390246220472441
0
LINE
8
BLACK
6
CONTINUOUS
10
0.2182342913385827
20
0.390246220472441
11
0.217456811023622
21
0.390246220472441
0
LINE
8
BLACK
6
CONTINUOUS
10
0.217456811023622
20
0.390246220472441
11
0.2167058267716535
21
0.390045
0
LINE
8
BLACK
6
CONTINUOUS
10
0.2167058267716535
20
0.390045
11
0.215954842519685
21
0.390246220472441
0
LINE
8
BLACK
6
CONTINUOUS
10
0.215954842519685
20
0.390246220472441
11
0.2151773622047244
21
0.390246220472441
0
LINE
8
BLACK
6
CONTINUOUS
10
0.2151773622047244
20
0.390246220472441
11
0.2145040157480315
21
0.3906349212598425
0
LINE
8
BLACK
6
CONTINUOUS
10
0.2145040157480315
20
0.3906349212598425
11
0.2137530708661417
21
0.3908361811023622
0
LINE
8
BLACK
6
CONTINUOUS
10
0.2137530708661417
20
0.3908361811023622
11
0.2132032677165354
21
0.3913859448818898
0
LINE
8
BLACK
6
CONTINUOUS
10
0.2132032677165354
20
0.3913859448818898
11
0.21253
21
0.3917746850393701
0
LINE
8
BLACK
6
CONTINUOUS
10
0.21253
20
0.3917746850393701
11
0.1797699606299213
21
0.4245346850393701
0
LINE
8
BLACK
6
CONTINUOUS
10
0.1797699606299213
20
0.4245346850393701
11
0.1735653149606299
21
0.4266029527559055
0
LINE
8
BLACK
6
CONTINUOUS
10
0.1735653149606299
20
0.4266029527559055
11
0.1702933858267716
21
0.4266029527559055
0
LINE
8
BLACK
6
CONTINUOUS
10
0.1702933858267716
20
0.4266029527559055
11
0.1667731889763779
21
0.4248428346456693
0
LINE
8
BLACK
6
CONTINUOUS
10
0.1667731889763779
20
0.4248428346456693
11
0.1653163385826772
21
0.4233859842519685
0
LINE
8
BLACK
6
CONTINUOUS
10
0.1653163385826772
20
0.4233859842519685
11
0.1635562204724409
21
0.4198657480314961
0
LINE
8
BLACK
6
CONTINUOUS
10
0.1635562204724409
20
0.4198657480314961
11
0.1635562204724409
21
0.4085932283464567
0
LINE
8
BLACK
6
CONTINUOUS
10
0.1635562204724409
20
0.4085932283464567
11
0.1653163385826772
21
0.4050729921259842
0
LINE
8
BLACK
6
CONTINUOUS
10
0.1653163385826772
20
0.4050729921259842
11
0.1674508267716535
21
0.4029385039370079
0
LINE
8
BLACK
6
CONTINUOUS
10
0.1674508267716535
20
0.4029385039370079
11
0.1689792913385827
21
0.4002911417322835
0
LINE
8
BLACK
6
CONTINUOUS
10
0.1689792913385827
20
0.4002911417322835
11
0.1689792913385827
21
0.3972342125984252
0
LINE
8
BLACK
6
CONTINUOUS
10
0.1689792913385827
20
0.3972342125984252
11
0.1674508267716535
21
0.3945868503937008
0
LINE
8
BLACK
6
CONTINUOUS
10
0.1674508267716535
20
0.3945868503937008
11
0.1648034645669291
21
0.3930583858267717
0
LINE
8
BLACK
6
CONTINUOUS
10
0.1648034645669291
20
0.3930583858267717
11
0.1617465354330709
21
0.3930583858267717
0
LINE
8
BLACK
6
CONTINUOUS
10
0.1617465354330709
20
0.3930583858267717
11
0.1590991732283465
21
0.3945868503937008
0
LINE
8
BLACK
6
CONTINUOUS
10
0.1590991732283465
20
0.3945868503937008
11
0.1562870472440945
21
0.3973989763779527
0
LINE
8
BLACK
6
CONTINUOUS
10
0.1562870472440945
20
0.3973989763779527
11
0.1558116535433071
21
0.3982223622047244
0
LINE
8
BLACK
6
CONTINUOUS
10
0.1558116535433071
20
0.3982223622047244
11
0.1551808267716535
21
0.398933779527559
0
LINE
8
BLACK
6
CONTINUOUS
10
0.1551808267716535
20
0.398933779527559
11
0.1523686614173228
21
0.4045581102362205
0
LINE
8
BLACK
6
CONTINUOUS
10
0.1523686614173228
20
0.4045581102362205
11
0.1520964960629921
21
0.405888031496063
0
LINE
8
BLACK
6
CONTINUOUS
10
0.1520964960629921
20
0.405888031496063
11
0.1517451968503937
21
0.4071991338582677
0
LINE
8
BLACK
6
CONTINUOUS
10
0.1517451968503937
20
0.4071991338582677
11
0.1517451968503937
21
0.421259842519685
0
LINE
8
BLACK
6
CONTINUOUS
10
0.1517451968503937
20
0.421259842519685
11
0.1520964960629921
21
0.422570905511811
0
LINE
8
BLACK
6
CONTINUOUS
10
0.1520964960629921
20
0.422570905511811
11
0.1523686614173228
21
0.4239008661417323
0
LINE
8
BLACK
6
CONTINUOUS
10
0.1523686614173228
20
0.4239008661417323
11
0.1551808267716535
21
0.4295251968503937
0
LINE
8
BLACK
6
CONTINUOUS
10
0.1551808267716535
20
0.4295251968503937
11
0.1558116535433071
21
0.4302365748031496
0
LINE
8
BLACK
6
CONTINUOUS
10
0.1558116535433071
20
0.4302365748031496
11
0.1562870472440945
21
0.43106
0
LINE
8
BLACK
6
CONTINUOUS
10
0.1562870472440945
20
0.43106
11
0.1590991732283465
21
0.433872125984252
0
LINE
8
BLACK
6
CONTINUOUS
10
0.1590991732283465
20
0.433872125984252
11
0.1599225984251968
21
0.4343475196850394
0
LINE
8
BLACK
6
CONTINUOUS
10
0.1599225984251968
20
0.4343475196850394
11
0.1606339763779528
21
0.4349783464566929
0
LINE
8
BLACK
6
CONTINUOUS
10
0.1606339763779528
20
0.4349783464566929
11
0.1662582283464567
21
0.4377905118110236
0
LINE
8
BLACK
6
CONTINUOUS
10
0.1662582283464567
20
0.4377905118110236
11
0.1675882283464567
21
0.4380626771653543
0
LINE
8
BLACK
6
CONTINUOUS
10
0.1675882283464567
20
0.4380626771653543
11
0.1688992913385827
21
0.4384139763779528
0
LINE
8
BLACK
6
CONTINUOUS
10
0.1688992913385827
20
0.4384139763779528
11
0.1745236220472441
21
0.4384139763779528
0
LINE
8
BLACK
6
CONTINUOUS
10
0.1745236220472441
20
0.4384139763779528
11
0.1754420472440945
21
0.438167874015748
0
LINE
8
BLACK
6
CONTINUOUS
10
0.1306239763779528
20
0.4552059448818898
11
0.1323083070866142
21
0.4526548818897638
0
LINE
8
BLACK
6
CONTINUOUS
10
0.1323083070866142
20
0.4526548818897638
11
0.1324914566929134
21
0.4496034645669291
0
LINE
8
BLACK
6
CONTINUOUS
10
0.1324914566929134
20
0.4496034645669291
11
0.1311243700787401
21
0.4468692519685039
0
LINE
8
BLACK
6
CONTINUOUS
10
0.1311243700787401
20
0.4468692519685039
11
0.1285733070866142
21
0.4451849606299212
0
LINE
8
BLACK
6
CONTINUOUS
10
0.1285733070866142
20
0.4451849606299212
11
0.1157384645669291
21
0.4409066535433071
0
LINE
8
BLACK
6
CONTINUOUS
10
0.1157384645669291
20
0.4409066535433071
11
0.1157384645669291
21
0.421298031496063
0
LINE
8
BLACK
6
CONTINUOUS
10
0.1157384645669291
20
0.421298031496063
11
0.1285733070866142
21
0.4170197637795275
0
LINE
8
BLACK
6
CONTINUOUS
10
0.1285733070866142
20
0.4170197637795275
11
0.1311243700787401
21
0.4153354724409449
0
LINE
8
BLACK
6
CONTINUOUS
10
0.1311243700787401
20
0.4153354724409449
11
0.1324914566929134
21
0.4126012598425197
0
LINE
8
BLACK
6
CONTINUOUS
10
0.1324914566929134
20
0.4126012598425197
11
0.1323083070866142
21
0.409549842519685
0
LINE
8
BLACK
6
CONTINUOUS
10
0.1323083070866142
20
0.409549842519685
11
0.1306239763779528
21
0.406998779527559
0
LINE
8
BLACK
6
CONTINUOUS
10
0.1306239763779528
20
0.406998779527559
11
0.1278897637795275
21
0.4056316929133858
0
LINE
8
BLACK
6
CONTINUOUS
10
0.1278897637795275
20
0.4056316929133858
11
0.1248383464566929
21
0.405814842519685
0
LINE
8
BLACK
6
CONTINUOUS
10
0.1248383464566929
20
0.405814842519685
11
0.0657832283464567
21
0.4254999212598425
0
LINE
8
BLACK
6
CONTINUOUS
10
0.0657832283464567
20
0.4254999212598425
11
0.0647935039370079
21
0.4261533464566929
0
LINE
8
BLACK
6
CONTINUOUS
10
0.0647935039370079
20
0.4261533464566929
11
0.0637325590551181
21
0.4266838582677165
0
LINE
8
BLACK
6
CONTINUOUS
10
0.0637325590551181
20
0.4266838582677165
11
0.0635335433070866
21
0.4269851968503937
0
LINE
8
BLACK
6
CONTINUOUS
10
0.0635335433070866
20
0.4269851968503937
11
0.0632322047244094
21
0.4271842125984252
0
LINE
8
BLACK
6
CONTINUOUS
10
0.0632322047244094
20
0.4271842125984252
11
0.0627016929133858
21
0.4282451574803149
0
LINE
8
BLACK
6
CONTINUOUS
10
0.0627016929133858
20
0.4282451574803149
11
0.0620482677165354
21
0.4292348818897638
0
LINE
8
BLACK
6
CONTINUOUS
10
0.0620482677165354
20
0.4292348818897638
11
0.0620266141732283
21
0.4295953149606299
0
LINE
8
BLACK
6
CONTINUOUS
10
0.0620266141732283
20
0.4295953149606299
11
0.0618650787401575
21
0.4299184251968504
0
LINE
8
BLACK
6
CONTINUOUS
10
0.0618650787401575
20
0.4299184251968504
11
0.0619361417322835
21
0.4311023622047244
0
LINE
8
BLACK
6
CONTINUOUS
10
0.0619361417322835
20
0.4311023622047244
11
0.0618650787401575
21
0.4322862992125984
0
LINE
8
BLACK
6
CONTINUOUS
10
0.0618650787401575
20
0.4322862992125984
11
0.0620266141732283
21
0.4326093700787402
0
LINE
8
BLACK
6
CONTINUOUS
10
0.0620266141732283
20
0.4326093700787402
11
0.0620482677165354
21
0.432969842519685
0
LINE
8
BLACK
6
CONTINUOUS
10
0.0620482677165354
20
0.432969842519685
11
0.0627016929133858
21
0.4339595275590551
0
LINE
8
BLACK
6
CONTINUOUS
10
0.0627016929133858
20
0.4339595275590551
11
0.0632322047244094
21
0.4350205118110236
0
LINE
8
BLACK
6
CONTINUOUS
10
0.0632322047244094
20
0.4350205118110236
11
0.0635335433070866
21
0.4352194881889764
0
LINE
8
BLACK
6
CONTINUOUS
10
0.0635335433070866
20
0.4352194881889764
11
0.0637325590551181
21
0.4355208661417323
0
LINE
8
BLACK
6
CONTINUOUS
10
0.0637325590551181
20
0.4355208661417323
11
0.0647935039370079
21
0.4360513385826771
0
LINE
8
BLACK
6
CONTINUOUS
10
0.0647935039370079
20
0.4360513385826771
11
0.0657832283464567
21
0.4367048031496063
0
LINE
8
BLACK
6
CONTINUOUS
10
0.0657832283464567
20
0.4367048031496063
11
0.1248383464566929
21
0.4563898818897638
0
LINE
8
BLACK
6
CONTINUOUS
10
0.1248383464566929
20
0.4563898818897638
11
0.1278897637795275
21
0.456573031496063
0
LINE
8
BLACK
6
CONTINUOUS
10
0.1278897637795275
20
0.456573031496063
11
0.1306239763779528
21
0.4552059448818898
0
LINE
8
BLACK
6
CONTINUOUS
10
0.0863255118110236
20
0.4311023622047244
11
0.1039274409448819
21
0.4252350393700787
0
LINE
8
BLACK
6
CONTINUOUS
10
0.1039274409448819
20
0.4252350393700787
11
0.1039274409448819
21
0.4369696456692913
0
LINE
8
BLACK
6
CONTINUOUS
10
0.1039274409448819
20
0.4369696456692913
11
0.0863255118110236
21
0.4311023622047244
0
LINE
8
BLACK
6
CONTINUOUS
10
0.1949124409448819
20
0.4944683070866142
11
0.1956409842519685
21
0.4944805905511811
0
LINE
8
BLACK
6
CONTINUOUS
10
0.1956409842519685
20
0.4944805905511811
11
0.2068895275590551
21
0.4916684251968504
0
LINE
8
BLACK
6
CONTINUOUS
10
0.2068895275590551
20
0.4916684251968504
11
0.2074594881889764
21
0.4913520078740157
0
LINE
8
BLACK
6
CONTINUOUS
10
0.2074594881889764
20
0.4913520078740157
11
0.2080982677165354
21
0.4912212992125984
0
LINE
8
BLACK
6
CONTINUOUS
10
0.2080982677165354
20
0.4912212992125984
11
0.2137225590551181
21
0.4884091732283464
0
LINE
8
BLACK
6
CONTINUOUS
10
0.2137225590551181
20
0.4884091732283464
11
0.214433937007874
21
0.4877783070866142
0
LINE
8
BLACK
6
CONTINUOUS
10
0.214433937007874
20
0.4877783070866142
11
0.2152573622047244
21
0.4873029527559055
0
LINE
8
BLACK
6
CONTINUOUS
10
0.2152573622047244
20
0.4873029527559055
11
0.2180695275590551
21
0.4844907874015748
0
LINE
8
BLACK
6
CONTINUOUS
10
0.2180695275590551
20
0.4844907874015748
11
0.2185448818897638
21
0.4836673622047244
0
LINE
8
BLACK
6
CONTINUOUS
10
0.2185448818897638
20
0.4836673622047244
11
0.2191757480314961
21
0.4829559842519685
0
LINE
8
BLACK
6
CONTINUOUS
10
0.2191757480314961
20
0.4829559842519685
11
0.221987874015748
21
0.4773316535433071
0
LINE
8
BLACK
6
CONTINUOUS
10
0.221987874015748
20
0.4773316535433071
11
0.2222599606299213
21
0.4760018897637795
0
LINE
8
BLACK
6
CONTINUOUS
10
0.2222599606299213
20
0.4760018897637795
11
0.2226113385826771
21
0.4746906692913386
0
LINE
8
BLACK
6
CONTINUOUS
10
0.2226113385826771
20
0.4746906692913386
11
0.2226113385826771
21
0.4690663779527559
0
LINE
8
BLACK
6
CONTINUOUS
10
0.2226113385826771
20
0.4690663779527559
11
0.2222599606299213
21
0.4677551181102362
0
LINE
8
BLACK
6
CONTINUOUS
10
0.2222599606299213
20
0.4677551181102362
11
0.221987874015748
21
0.4664253937007874
0
LINE
8
BLACK
6
CONTINUOUS
10
0.221987874015748
20
0.4664253937007874
11
0.2191757480314961
21
0.460801062992126
0
LINE
8
BLACK
6
CONTINUOUS
10
0.2191757480314961
20
0.460801062992126
11
0.2185448818897638
21
0.4600896456692913
0
LINE
8
BLACK
6
CONTINUOUS
10
0.2185448818897638
20
0.4600896456692913
11
0.2180695275590551
21
0.4592662598425197
0
LINE
8
BLACK
6
CONTINUOUS
10
0.2180695275590551
20
0.4592662598425197
11
0.2152573622047244
21
0.456454094488189
0
LINE
8
BLACK
6
CONTINUOUS
10
0.2152573622047244
20
0.456454094488189
11
0.2144338976377953
21
0.4559786614173229
0
LINE
8
BLACK
6
CONTINUOUS
10
0.2144338976377953
20
0.4559786614173229
11
0.2137225590551181
21
0.455347874015748
0
LINE
8
BLACK
6
CONTINUOUS
10
0.2137225590551181
20
0.455347874015748
11
0.2080982677165354
21
0.4525357086614173
0
LINE
8
BLACK
6
CONTINUOUS
10
0.2080982677165354
20
0.4525357086614173
11
0.2074594881889764
21
0.4524049606299212
0
LINE
8
BLACK
6
CONTINUOUS
10
0.2074594881889764
20
0.4524049606299212
11
0.2068895275590551
21
0.4520885826771653
0
LINE
8
BLACK
6
CONTINUOUS
10
0.2068895275590551
20
0.4520885826771653
11
0.1956409448818898
21
0.4492764566929134
0
LINE
8
BLACK
6
CONTINUOUS
10
0.1956409448818898
20
0.4492764566929134
11
0.1949124803149606
21
0.4492887007874016
0
LINE
8
BLACK
6
CONTINUOUS
10
0.1949124803149606
20
0.4492887007874016
11
0.1942086614173228
21
0.4491001181102362
0
LINE
8
BLACK
6
CONTINUOUS
10
0.1942086614173228
20
0.4491001181102362
11
0.1801479133858268
21
0.4491001181102362
0
LINE
8
BLACK
6
CONTINUOUS
10
0.1801479133858268
20
0.4491001181102362
11
0.1794440551181102
21
0.4492887007874016
0
LINE
8
BLACK
6
CONTINUOUS
10
0.1794440551181102
20
0.4492887007874016
11
0.1787156299212598
21
0.4492764566929134
0
LINE
8
BLACK
6
CONTINUOUS
10
0.1787156299212598
20
0.4492764566929134
11
0.1674670078740157
21
0.4520885826771653
0
LINE
8
BLACK
6
CONTINUOUS
10
0.1674670078740157
20
0.4520885826771653
11
0.1668970472440945
21
0.4524049606299212
0
LINE
8
BLACK
6
CONTINUOUS
10
0.1668970472440945
20
0.4524049606299212
11
0.1662582283464567
21
0.4525357086614173
0
LINE
8
BLACK
6
CONTINUOUS
10
0.1662582283464567
20
0.4525357086614173
11
0.1606339763779528
21
0.455347874015748
0
LINE
8
BLACK
6
CONTINUOUS
10
0.1606339763779528
20
0.455347874015748
11
0.1599225984251968
21
0.4559786614173229
0
LINE
8
BLACK
6
CONTINUOUS
10
0.1599225984251968
20
0.4559786614173229
11
0.1590991338582677
21
0.4564541338582677
0
LINE
8
BLACK
6
CONTINUOUS
10
0.1590991338582677
20
0.4564541338582677
11
0.1562870078740158
21
0.4592662992125984
0
LINE
8
BLACK
6
CONTINUOUS
10
0.1562870078740158
20
0.4592662992125984
11
0.1558116141732283
21
0.4600896850393701
0
LINE
8
BLACK
6
CONTINUOUS
10
0.1558116141732283
20
0.4600896850393701
11
0.1551808267716535
21
0.460801062992126
0
LINE
8
BLACK
6
CONTINUOUS
10
0.1551808267716535
20
0.460801062992126
11
0.1523686614173228
21
0.4664253543307086
0
LINE
8
BLACK
6
CONTINUOUS
10
0.1523686614173228
20
0.4664253543307086
11
0.1520964960629921
21
0.4677552755905512
0
LINE
8
BLACK
6
CONTINUOUS
10
0.1520964960629921
20
0.4677552755905512
11
0.1517451968503937
21
0.4690663779527559
0
LINE
8
BLACK
6
CONTINUOUS
10
0.1517451968503937
20
0.4690663779527559
11
0.1517451968503937
21
0.4746906692913386
0
LINE
8
BLACK
6
CONTINUOUS
10
0.1517451968503937
20
0.4746906692913386
11
0.1520964960629921
21
0.4760017322834645
0
LINE
8
BLACK
6
CONTINUOUS
10
0.1520964960629921
20
0.4760017322834645
11
0.1523686614173228
21
0.4773316929133858
0
LINE
8
BLACK
6
CONTINUOUS
10
0.1523686614173228
20
0.4773316929133858
11
0.1551808267716535
21
0.4829559842519685
0
LINE
8
BLACK
6
CONTINUOUS
10
0.1551808267716535
20
0.4829559842519685
11
0.1558116141732283
21
0.4836673228346456
0
LINE
8
BLACK
6
CONTINUOUS
10
0.1558116141732283
20
0.4836673228346456
11
0.1562870078740158
21
0.4844907480314961
0
LINE
8
BLACK
6
CONTINUOUS
10
0.1562870078740158
20
0.4844907480314961
11
0.1590991338582677
21
0.4873029133858268
0
LINE
8
BLACK
6
CONTINUOUS
10
0.1590991338582677
20
0.4873029133858268
11
0.1599225590551181
21
0.4877783070866142
0
LINE
8
BLACK
6
CONTINUOUS
10
0.1599225590551181
20
0.4877783070866142
11
0.1606339763779528
21
0.4884091732283464
0
LINE
8
BLACK
6
CONTINUOUS
10
0.1606339763779528
20
0.4884091732283464
11
0.1662583070866142
21
0.4912212992125984
0
LINE
8
BLACK
6
CONTINUOUS
10
0.1662583070866142
20
0.4912212992125984
11
0.1668970078740157
21
0.491351968503937
0
LINE
8
BLACK
6
CONTINUOUS
10
0.1668970078740157
20
0.491351968503937
11
0.1674670078740157
21
0.4916684251968504
0
LINE
8
BLACK
6
CONTINUOUS
10
0.1674670078740157
20
0.4916684251968504
11
0.1787155905511811
21
0.4944805905511811
0
LINE
8
BLACK
6
CONTINUOUS
10
0.1787155905511811
20
0.4944805905511811
11
0.179444094488189
21
0.4944683070866142
0
LINE
8
BLACK
6
CONTINUOUS
10
0.179444094488189
20
0.4944683070866142
11
0.1801479133858268
21
0.4946569291338583
0
LINE
8
BLACK
6
CONTINUOUS
10
0.1801479133858268
20
0.4946569291338583
11
0.1942086614173228
21
0.4946569291338583
0
LINE
8
BLACK
6
CONTINUOUS
10
0.1942086614173228
20
0.4946569291338583
11
0.1949124409448819
21
0.4944683070866142
0
LINE
8
BLACK
6
CONTINUOUS
10
0.1709605118110236
20
0.4803672834645669
11
0.1667731889763779
21
0.4782736614173228
0
LINE
8
BLACK
6
CONTINUOUS
10
0.1667731889763779
20
0.4782736614173228
11
0.1653163385826772
21
0.4768168110236221
0
LINE
8
BLACK
6
CONTINUOUS
10
0.1653163385826772
20
0.4768168110236221
11
0.1635562204724409
21
0.4732965354330709
0
LINE
8
BLACK
6
CONTINUOUS
10
0.1635562204724409
20
0.4732965354330709
11
0.1635562204724409
21
0.4704604724409449
0
LINE
8
BLACK
6
CONTINUOUS
10
0.1635562204724409
20
0.4704604724409449
11
0.1653163385826772
21
0.4669401968503937
0
LINE
8
BLACK
6
CONTINUOUS
10
0.1653163385826772
20
0.4669401968503937
11
0.1667731889763779
21
0.4654833464566929
0
LINE
8
BLACK
6
CONTINUOUS
10
0.1667731889763779
20
0.4654833464566929
11
0.1709605511811024
21
0.4633896850393701
0
LINE
8
BLACK
6
CONTINUOUS
10
0.1709605511811024
20
0.4633896850393701
11
0.180874842519685
21
0.4609111417322835
0
LINE
8
BLACK
6
CONTINUOUS
10
0.180874842519685
20
0.4609111417322835
11
0.1934817322834646
21
0.4609111417322835
0
LINE
8
BLACK
6
CONTINUOUS
10
0.1934817322834646
20
0.4609111417322835
11
0.2033959448818898
21
0.4633896456692913
0
LINE
8
BLACK
6
CONTINUOUS
10
0.2033959448818898
20
0.4633896456692913
11
0.2075833464566929
21
0.4654833858267716
0
LINE
8
BLACK
6
CONTINUOUS
10
0.2075833464566929
20
0.4654833858267716
11
0.2090401968503937
21
0.4669402362204724
0
LINE
8
BLACK
6
CONTINUOUS
10
0.2090401968503937
20
0.4669402362204724
11
0.2108003149606299
21
0.4704604330708662
0
LINE
8
BLACK
6
CONTINUOUS
10
0.2108003149606299
20
0.4704604330708662
11
0.2108003149606299
21
0.4732965748031496
0
LINE
8
BLACK
6
CONTINUOUS
10
0.2108003149606299
20
0.4732965748031496
11
0.2090401968503937
21
0.4768167716535433
0
LINE
8
BLACK
6
CONTINUOUS
10
0.2090401968503937
20
0.4768167716535433
11
0.2075833070866142
21
0.4782736614173228
0
LINE
8
BLACK
6
CONTINUOUS
10
0.2075833070866142
20
0.4782736614173228
11
0.2033960236220472
21
0.4803672834645669
0
LINE
8
BLACK
6
CONTINUOUS
10
0.2033960236220472
20
0.4803672834645669
11
0.1934816929133858
21
0.482845905511811
0
LINE
8
BLACK
6
CONTINUOUS
10
0.1934816929133858
20
0.482845905511811
11
0.180874842519685
21
0.482845905511811
0
LINE
8
BLACK
6
CONTINUOUS
10
0.180874842519685
20
0.482845905511811
11
0.1709605118110236
21
0.4803672834645669
0
LINE
8
BLACK
6
CONTINUOUS
10
0.0774508267716535
20
0.5083940157480314
11
0.0789792913385827
21
0.5057466535433071
0
LINE
8
BLACK
6
CONTINUOUS
10
0.0789792913385827
20
0.5057466535433071
11
0.0789792913385827
21
0.5026897244094488
0
LINE
8
BLACK
6
CONTINUOUS
10
0.0789792913385827
20
0.5026897244094488
11
0.0774508267716535
21
0.5000423622047244
0
LINE
8
BLACK
6
CONTINUOUS
10
0.0774508267716535
20
0.5000423622047244
11
0.0756244488188976
21
0.4982159842519685
0
LINE
8
BLACK
6
CONTINUOUS
10
0.0756244488188976
20
0.4982159842519685
11
0.0735562204724409
21
0.4920112992125984
0
LINE
8
BLACK
6
CONTINUOUS
10
0.0735562204724409
20
0.4920112992125984
11
0.0735562204724409
21
0.4883035826771653
0
LINE
8
BLACK
6
CONTINUOUS
10
0.0735562204724409
20
0.4883035826771653
11
0.0756244488188976
21
0.4820988976377953
0
LINE
8
BLACK
6
CONTINUOUS
10
0.0756244488188976
20
0.4820988976377953
11
0.0795853543307087
21
0.4781379921259842
0
LINE
8
BLACK
6
CONTINUOUS
10
0.0795853543307087
20
0.4781379921259842
11
0.0837727165354331
21
0.4760443307086614
0
LINE
8
BLACK
6
CONTINUOUS
10
0.0837727165354331
20
0.4760443307086614
11
0.093686968503937
21
0.4735657874015748
0
LINE
8
BLACK
6
CONTINUOUS
10
0.093686968503937
20
0.4735657874015748
11
0.1006695669291339
21
0.4735657874015748
0
LINE
8
BLACK
6
CONTINUOUS
10
0.1006695669291339
20
0.4735657874015748
11
0.1105837795275591
21
0.4760442913385827
0
LINE
8
BLACK
6
CONTINUOUS
10
0.1105837795275591
20
0.4760442913385827
11
0.1147711811023622
21
0.478138031496063
0
LINE
8
BLACK
6
CONTINUOUS
10
0.1147711811023622
20
0.478138031496063
11
0.1187320472440945
21
0.4820988582677165
0
LINE
8
BLACK
6
CONTINUOUS
10
0.1187320472440945
20
0.4820988582677165
11
0.1208003149606299
21
0.4883036614173228
0
LINE
8
BLACK
6
CONTINUOUS
10
0.1208003149606299
20
0.4883036614173228
11
0.1208003149606299
21
0.4920112204724409
0
LINE
8
BLACK
6
CONTINUOUS
10
0.1208003149606299
20
0.4920112204724409
11
0.1187320472440945
21
0.4982160236220473
0
LINE
8
BLACK
6
CONTINUOUS
10
0.1187320472440945
20
0.4982160236220473
11
0.1169057480314961
21
0.5000423228346457
0
LINE
8
BLACK
6
CONTINUOUS
10
0.1169057480314961
20
0.5000423228346457
11
0.1153772440944882
21
0.5026896850393701
0
LINE
8
BLACK
6
CONTINUOUS
10
0.1153772440944882
20
0.5026896850393701
11
0.1153772440944882
21
0.5057466141732283
0
LINE
8
BLACK
6
CONTINUOUS
10
0.1153772440944882
20
0.5057466141732283
11
0.1169056692913386
21
0.5083939763779527
0
LINE
8
BLACK
6
CONTINUOUS
10
0.1169056692913386
20
0.5083939763779527
11
0.119553031496063
21
0.5099224803149606
0
LINE
8
BLACK
6
CONTINUOUS
10
0.119553031496063
20
0.5099224803149606
11
0.1226099606299213
21
0.5099224803149606
0
LINE
8
BLACK
6
CONTINUOUS
10
0.1226099606299213
20
0.5099224803149606
11
0.1252573228346457
21
0.5083940551181102
0
LINE
8
BLACK
6
CONTINUOUS
10
0.1252573228346457
20
0.5083940551181102
11
0.1280694881889764
21
0.5055819291338582
0
LINE
8
BLACK
6
CONTINUOUS
10
0.1280694881889764
20
0.5055819291338582
11
0.1287481496062992
21
0.5044064173228346
0
LINE
8
BLACK
6
CONTINUOUS
10
0.1287481496062992
20
0.5044064173228346
11
0.1294961811023622
21
0.5032735433070866
0
LINE
8
BLACK
6
CONTINUOUS
10
0.1294961811023622
20
0.5032735433070866
11
0.1323083070866142
21
0.4948370866141732
0
LINE
8
BLACK
6
CONTINUOUS
10
0.1323083070866142
20
0.4948370866141732
11
0.1323652755905512
21
0.4938879133858268
0
LINE
8
BLACK
6
CONTINUOUS
10
0.1323652755905512
20
0.4938879133858268
11
0.1326113385826772
21
0.4929696062992126
0
LINE
8
BLACK
6
CONTINUOUS
10
0.1326113385826772
20
0.4929696062992126
11
0.1326113385826772
21
0.4873453149606299
0
LINE
8
BLACK
6
CONTINUOUS
10
0.1326113385826772
20
0.4873453149606299
11
0.1323652755905512
21
0.486426968503937
0
LINE
8
BLACK
6
CONTINUOUS
10
0.1323652755905512
20
0.486426968503937
11
0.1323083070866142
21
0.4854778346456693
0
LINE
8
BLACK
6
CONTINUOUS
10
0.1323083070866142
20
0.4854778346456693
11
0.1294961811023622
21
0.4770413779527559
0
LINE
8
BLACK
6
CONTINUOUS
10
0.1294961811023622
20
0.4770413779527559
11
0.1287482283464567
21
0.4759085826771653
0
LINE
8
BLACK
6
CONTINUOUS
10
0.1287482283464567
20
0.4759085826771653
11
0.1280695275590551
21
0.474733031496063
0
LINE
8
BLACK
6
CONTINUOUS
10
0.1280695275590551
20
0.474733031496063
11
0.1224451968503937
21
0.4691087401574803
0
LINE
8
BLACK
6
CONTINUOUS
10
0.1224451968503937
20
0.4691087401574803
11
0.1216217716535433
21
0.4686333070866142
0
LINE
8
BLACK
6
CONTINUOUS
10
0.1216217716535433
20
0.4686333070866142
11
0.1209103937007874
21
0.4680025196850394
0
LINE
8
BLACK
6
CONTINUOUS
10
0.1209103937007874
20
0.4680025196850394
11
0.1152861023622047
21
0.4651903543307087
0
LINE
8
BLACK
6
CONTINUOUS
10
0.1152861023622047
20
0.4651903543307087
11
0.1146473228346457
21
0.4650596062992126
0
LINE
8
BLACK
6
CONTINUOUS
10
0.1146473228346457
20
0.4650596062992126
11
0.1140773622047244
21
0.4647432283464567
0
LINE
8
BLACK
6
CONTINUOUS
10
0.1140773622047244
20
0.4647432283464567
11
0.102828779527559
21
0.4619311023622047
0
LINE
8
BLACK
6
CONTINUOUS
10
0.102828779527559
20
0.4619311023622047
11
0.1021003149606299
21
0.4619433464566929
0
LINE
8
BLACK
6
CONTINUOUS
10
0.1021003149606299
20
0.4619433464566929
11
0.1013964960629921
21
0.4617547637795276
0
LINE
8
BLACK
6
CONTINUOUS
10
0.1013964960629921
20
0.4617547637795276
11
0.0929600393700787
21
0.4617547637795276
0
LINE
8
BLACK
6
CONTINUOUS
10
0.0929600393700787
20
0.4617547637795276
11
0.0922561811023622
21
0.4619433464566929
0
LINE
8
BLACK
6
CONTINUOUS
10
0.0922561811023622
20
0.4619433464566929
11
0.0915277559055118
21
0.4619311023622047
0
LINE
8
BLACK
6
CONTINUOUS
10
0.0915277559055118
20
0.4619311023622047
11
0.0802791732283464
21
0.4647432283464567
0
LINE
8
BLACK
6
CONTINUOUS
10
0.0802791732283464
20
0.4647432283464567
11
0.0797092125984252
21
0.4650596062992126
0
LINE
8
BLACK
6
CONTINUOUS
10
0.0797092125984252
20
0.4650596062992126
11
0.0790703937007874
21
0.4651903543307087
0
LINE
8
BLACK
6
CONTINUOUS
10
0.0790703937007874
20
0.4651903543307087
11
0.0734461417322835
21
0.4680025196850394
0
LINE
8
BLACK
6
CONTINUOUS
10
0.0734461417322835
20
0.4680025196850394
11
0.0727347637795276
21
0.4686333070866142
0
LINE
8
BLACK
6
CONTINUOUS
10
0.0727347637795276
20
0.4686333070866142
11
0.0719113385826772
21
0.4691087401574803
0
LINE
8
BLACK
6
CONTINUOUS
10
0.0719113385826772
20
0.4691087401574803
11
0.0662870472440945
21
0.474733031496063
0
LINE
8
BLACK
6
CONTINUOUS
10
0.0662870472440945
20
0.474733031496063
11
0.0656083858267717
21
0.4759084645669291
0
LINE
8
BLACK
6
CONTINUOUS
10
0.0656083858267717
20
0.4759084645669291
11
0.0648603937007874
21
0.4770413779527559
0
LINE
8
BLACK
6
CONTINUOUS
10
0.0648603937007874
20
0.4770413779527559
11
0.0620482677165354
21
0.4854778346456693
0
LINE
8
BLACK
6
CONTINUOUS
10
0.0620482677165354
20
0.4854778346456693
11
0.0619912598425197
21
0.4864268503937008
0
LINE
8
BLACK
6
CONTINUOUS
10
0.0619912598425197
20
0.4864268503937008
11
0.0617451968503937
21
0.4873453149606299
0
LINE
8
BLACK
6
CONTINUOUS
10
0.0617451968503937
20
0.4873453149606299
11
0.0617451968503937
21
0.4929696062992126
0
LINE
8
BLACK
6
CONTINUOUS
10
0.0617451968503937
20
0.4929696062992126
11
0.0619912598425197
21
0.493888031496063
0
LINE
8
BLACK
6
CONTINUOUS
10
0.0619912598425197
20
0.493888031496063
11
0.0620482677165354
21
0.4948370866141732
0
LINE
8
BLACK
6
CONTINUOUS
10
0.0620482677165354
20
0.4948370866141732
11
0.0648603937007874
21
0.5032735433070866
0
LINE
8
BLACK
6
CONTINUOUS
10
0.0648603937007874
20
0.5032735433070866
11
0.0656083858267717
21
0.5044064173228346
0
LINE
8
BLACK
6
CONTINUOUS
10
0.0656083858267717
20
0.5044064173228346
11
0.0662870472440945
21
0.5055818897637795
0
LINE
8
BLACK
6
CONTINUOUS
10
0.0662870472440945
20
0.5055818897637795
11
0.0690991732283465
21
0.5083940157480314
0
LINE
8
BLACK
6
CONTINUOUS
10
0.0690991732283465
20
0.5083940157480314
11
0.0717465354330709
21
0.5099224803149606
0
LINE
8
BLACK
6
CONTINUOUS
10
0.0717465354330709
20
0.5099224803149606
11
0.0748034645669291
21
0.5099224803149606
0
LINE
8
BLACK
6
CONTINUOUS
10
0.0748034645669291
20
0.5099224803149606
11
0.0774508267716535
21
0.5083940157480314
0
LINE
8
BLACK
6
CONTINUOUS
10
0.2196585826771653
20
0.5501087007874016
11
0.2218201574803149
21
0.547947125984252
0
LINE
8
BLACK
6
CONTINUOUS
10
0.2218201574803149
20
0.547947125984252
11
0.2226113385826771
21
0.5449943700787402
0
LINE
8
BLACK
6
CONTINUOUS
10
0.2226113385826771
20
0.5449943700787402
11
0.2226113385826771
21
0.5112485826771653
0
LINE
8
BLACK
6
CONTINUOUS
10
0.2226113385826771
20
0.5112485826771653
11
0.2218201574803149
21
0.5082958267716535
0
LINE
8
BLACK
6
CONTINUOUS
10
0.2218201574803149
20
0.5082958267716535
11
0.2196585826771653
21
0.5061342519685039
0
LINE
8
BLACK
6
CONTINUOUS
10
0.2196585826771653
20
0.5061342519685039
11
0.2167058267716535
21
0.5053430708661417
0
LINE
8
BLACK
6
CONTINUOUS
10
0.2167058267716535
20
0.5053430708661417
11
0.2137530708661417
21
0.5061342519685039
0
LINE
8
BLACK
6
CONTINUOUS
10
0.2137530708661417
20
0.5061342519685039
11
0.2115914960629921
21
0.5082958267716535
0
LINE
8
BLACK
6
CONTINUOUS
10
0.2115914960629921
20
0.5082958267716535
11
0.2108003149606299
21
0.5112485826771653
0
LINE
8
BLACK
6
CONTINUOUS
10
0.2108003149606299
20
0.5112485826771653
11
0.2108003149606299
21
0.5222159448818897
0
LINE
8
BLACK
6
CONTINUOUS
10
0.2108003149606299
20
0.5222159448818897
11
0.1747200393700787
21
0.5222159448818897
0
LINE
8
BLACK
6
CONTINUOUS
10
0.1747200393700787
20
0.5222159448818897
11
0.1758872834645669
21
0.5210487007874015
0
LINE
8
BLACK
6
CONTINUOUS
10
0.1758872834645669
20
0.5210487007874015
11
0.1763626771653543
21
0.5202252362204725
0
LINE
8
BLACK
6
CONTINUOUS
10
0.1763626771653543
20
0.5202252362204725
11
0.1769935039370079
21
0.5195138976377953
0
LINE
8
BLACK
6
CONTINUOUS
10
0.1769935039370079
20
0.5195138976377953
11
0.1798056692913386
21
0.5138896456692913
0
LINE
8
BLACK
6
CONTINUOUS
10
0.1798056692913386
20
0.5138896456692913
11
0.1804185433070866
21
0.5108947637795276
0
LINE
8
BLACK
6
CONTINUOUS
10
0.1804185433070866
20
0.5108947637795276
11
0.1794518503937008
21
0.5079947244094488
0
LINE
8
BLACK
6
CONTINUOUS
10
0.1794518503937008
20
0.5079947244094488
11
0.1771646456692913
21
0.5059665354330709
0
LINE
8
BLACK
6
CONTINUOUS
10
0.1771646456692913
20
0.5059665354330709
11
0.1741698031496063
21
0.5053536614173229
0
LINE
8
BLACK
6
CONTINUOUS
10
0.1741698031496063
20
0.5053536614173229
11
0.1712697637795275
21
0.5063203543307087
0
LINE
8
BLACK
6
CONTINUOUS
10
0.1712697637795275
20
0.5063203543307087
11
0.1692415748031496
21
0.5086075590551181
0
LINE
8
BLACK
6
CONTINUOUS
10
0.1692415748031496
20
0.5086075590551181
11
0.1668579921259843
21
0.5133746456692914
0
LINE
8
BLACK
6
CONTINUOUS
10
0.1668579921259843
20
0.5133746456692914
11
0.1623248818897638
21
0.5179077559055117
0
LINE
8
BLACK
6
CONTINUOUS
10
0.1623248818897638
20
0.5179077559055117
11
0.1543749212598425
21
0.5232077559055118
0
LINE
8
BLACK
6
CONTINUOUS
10
0.1543749212598425
20
0.5232077559055118
11
0.1534872834645669
21
0.5242177559055118
0
LINE
8
BLACK
6
CONTINUOUS
10
0.1534872834645669
20
0.5242177559055118
11
0.1525363779527559
21
0.5251687007874015
0
LINE
8
BLACK
6
CONTINUOUS
10
0.1525363779527559
20
0.5251687007874015
11
0.1524858267716535
21
0.5253573228346456
0
LINE
8
BLACK
6
CONTINUOUS
10
0.1524858267716535
20
0.5253573228346456
11
0.152356968503937
21
0.5255039763779528
0
LINE
8
BLACK
6
CONTINUOUS
10
0.152356968503937
20
0.5255039763779528
11
0.1520932677165354
21
0.5268223622047244
0
LINE
8
BLACK
6
CONTINUOUS
10
0.1520932677165354
20
0.5268223622047244
11
0.1517451968503937
21
0.5281214566929133
0
LINE
8
BLACK
6
CONTINUOUS
10
0.1517451968503937
20
0.5281214566929133
11
0.1517957086614173
21
0.5283100393700787
0
LINE
8
BLACK
6
CONTINUOUS
10
0.1517957086614173
20
0.5283100393700787
11
0.1517574409448819
21
0.5285015354330709
0
LINE
8
BLACK
6
CONTINUOUS
10
0.1517574409448819
20
0.5285015354330709
11
0.1521883464566929
21
0.5297753543307087
0
LINE
8
BLACK
6
CONTINUOUS
10
0.1521883464566929
20
0.5297753543307087
11
0.1525363779527559
21
0.5310742125984251
0
LINE
8
BLACK
6
CONTINUOUS
10
0.1525363779527559
20
0.5310742125984251
11
0.1526744094488189
21
0.5312122440944882
0
LINE
8
BLACK
6
CONTINUOUS
10
0.1526744094488189
20
0.5312122440944882
11
0.1527370078740158
21
0.5313972440944882
0
LINE
8
BLACK
6
CONTINUOUS
10
0.1527370078740158
20
0.5313972440944882
11
0.1537470078740157
21
0.532284842519685
0
LINE
8
BLACK
6
CONTINUOUS
10
0.1537470078740157
20
0.532284842519685
11
0.1546979527559055
21
0.5332357874015748
0
LINE
8
BLACK
6
CONTINUOUS
10
0.1546979527559055
20
0.5332357874015748
11
0.1548865748031496
21
0.5332862992125984
0
LINE
8
BLACK
6
CONTINUOUS
10
0.1548865748031496
20
0.5332862992125984
11
0.1550332283464567
21
0.5334151968503937
0
LINE
8
BLACK
6
CONTINUOUS
10
0.1550332283464567
20
0.5334151968503937
11
0.1563516141732283
21
0.5336788582677165
0
LINE
8
BLACK
6
CONTINUOUS
10
0.1563516141732283
20
0.5336788582677165
11
0.1576507086614173
21
0.534026968503937
0
LINE
8
BLACK
6
CONTINUOUS
10
0.1576507086614173
20
0.534026968503937
11
0.2108003149606299
21
0.534026968503937
0
LINE
8
BLACK
6
CONTINUOUS
10
0.2108003149606299
20
0.534026968503937
11
0.2108003149606299
21
0.5449943700787402
0
LINE
8
BLACK
6
CONTINUOUS
10
0.2108003149606299
20
0.5449943700787402
11
0.2115914960629921
21
0.547947125984252
0
LINE
8
BLACK
6
CONTINUOUS
10
0.2115914960629921
20
0.547947125984252
11
0.2137530708661417
21
0.5501087007874016
0
LINE
8
BLACK
6
CONTINUOUS
10
0.2137530708661417
20
0.5501087007874016
11
0.2167058267716535
21
0.5508998818897638
0
LINE
8
BLACK
6
CONTINUOUS
10
0.2167058267716535
20
0.5508998818897638
11
0.2196585826771653
21
0.5501087007874016
0
LINE
8
BLACK
6
CONTINUOUS
10
0.1296585826771653
20
0.5683876377952756
11
0.1318201574803149
21
0.566226062992126
0
LINE
8
BLACK
6
CONTINUOUS
10
0.1318201574803149
20
0.566226062992126
11
0.1326113385826772
21
0.5632733070866142
0
LINE
8
BLACK
6
CONTINUOUS
10
0.1326113385826772
20
0.5632733070866142
11
0.1318201574803149
21
0.5603205511811024
0
LINE
8
BLACK
6
CONTINUOUS
10
0.1318201574803149
20
0.5603205511811024
11
0.1296585826771653
21
0.5581589763779528
0
LINE
8
BLACK
6
CONTINUOUS
10
0.1296585826771653
20
0.5581589763779528
11
0.1267058267716535
21
0.5573677952755905
0
LINE
8
BLACK
6
CONTINUOUS
10
0.1267058267716535
20
0.5573677952755905
11
0.1016777165354331
21
0.5573677952755905
0
LINE
8
BLACK
6
CONTINUOUS
10
0.1016777165354331
20
0.5573677952755905
11
0.1016777165354331
21
0.535433031496063
0
LINE
8
BLACK
6
CONTINUOUS
10
0.1016777165354331
20
0.535433031496063
11
0.1267058267716535
21
0.535433031496063
0
LINE
8
BLACK
6
CONTINUOUS
10
0.1267058267716535
20
0.535433031496063
11
0.1296585826771653
21
0.5346418503937008
0
LINE
8
BLACK
6
CONTINUOUS
10
0.1296585826771653
20
0.5346418503937008
11
0.1318201574803149
21
0.5324802755905512
0
LINE
8
BLACK
6
CONTINUOUS
10
0.1318201574803149
20
0.5324802755905512
11
0.1326113385826772
21
0.5295275196850393
0
LINE
8
BLACK
6
CONTINUOUS
10
0.1326113385826772
20
0.5295275196850393
11
0.1318201574803149
21
0.5265747637795275
0
LINE
8
BLACK
6
CONTINUOUS
10
0.1318201574803149
20
0.5265747637795275
11
0.1296585826771653
21
0.5244131889763779
0
LINE
8
BLACK
6
CONTINUOUS
10
0.1296585826771653
20
0.5244131889763779
11
0.1267058267716535
21
0.5236220078740157
0
LINE
8
BLACK
6
CONTINUOUS
10
0.1267058267716535
20
0.5236220078740157
11
0.0957722047244094
21
0.5236220078740157
0
LINE
8
BLACK
6
CONTINUOUS
10
0.0957722047244094
20
0.5236220078740157
11
0.0676507086614173
21
0.5236220078740157
0
LINE
8
BLACK
6
CONTINUOUS
10
0.0676507086614173
20
0.5236220078740157
11
0.0646979527559055
21
0.5244131889763779
0
LINE
8
BLACK
6
CONTINUOUS
10
0.0646979527559055
20
0.5244131889763779
11
0.0625363779527559
21
0.5265747637795275
0
LINE
8
BLACK
6
CONTINUOUS
10
0.0625363779527559
20
0.5265747637795275
11
0.0617451968503937
21
0.5295275196850393
0
LINE
8
BLACK
6
CONTINUOUS
10
0.0617451968503937
20
0.5295275196850393
11
0.0625363779527559
21
0.5324802755905512
0
LINE
8
BLACK
6
CONTINUOUS
10
0.0625363779527559
20
0.5324802755905512
11
0.0646979527559055
21
0.5346418503937008
0
LINE
8
BLACK
6
CONTINUOUS
10
0.0646979527559055
20
0.5346418503937008
11
0.0676507086614173
21
0.535433031496063
0
LINE
8
BLACK
6
CONTINUOUS
10
0.0676507086614173
20
0.535433031496063
11
0.0898666929133858
21
0.535433031496063
0
LINE
8
BLACK
6
CONTINUOUS
10
0.0898666929133858
20
0.535433031496063
11
0.0898666929133858
21
0.5573677952755905
0
LINE
8
BLACK
6
CONTINUOUS
10
0.0898666929133858
20
0.5573677952755905
11
0.0676507086614173
21
0.5573677952755905
0
LINE
8
BLACK
6
CONTINUOUS
10
0.0676507086614173
20
0.5573677952755905
11
0.0646979527559055
21
0.5581589763779528
0
LINE
8
BLACK
6
CONTINUOUS
10
0.0646979527559055
20
0.5581589763779528
11
0.0625363779527559
21
0.5603205511811024
0
LINE
8
BLACK
6
CONTINUOUS
10
0.0625363779527559
20
0.5603205511811024
11
0.0617451968503937
21
0.5632733070866142
0
LINE
8
BLACK
6
CONTINUOUS
10
0.0617451968503937
20
0.5632733070866142
11
0.0625363779527559
21
0.566226062992126
0
LINE
8
BLACK
6
CONTINUOUS
10
0.0625363779527559
20
0.566226062992126
11
0.0646979527559055
21
0.5683876377952756
0
LINE
8
BLACK
6
CONTINUOUS
10
0.0646979527559055
20
0.5683876377952756
11
0.0676507086614173
21
0.5691788188976378
0
LINE
8
BLACK
6
CONTINUOUS
10
0.0676507086614173
20
0.5691788188976378
11
0.1267058267716535
21
0.5691788188976378
0
LINE
8
BLACK
6
CONTINUOUS
10
0.1267058267716535
20
0.5691788188976378
11
0.1296585826771653
21
0.5683876377952756
0
LINE
8
BLACK
6
CONTINUOUS
10
0.1921002755905512
20
0.6069542125984252
11
0.1928288188976378
21
0.6069664960629921
0
LINE
8
BLACK
6
CONTINUOUS
10
0.1928288188976378
20
0.6069664960629921
11
0.2040773622047244
21
0.6041543307086614
0
LINE
8
BLACK
6
CONTINUOUS
10
0.2040773622047244
20
0.6041543307086614
11
0.2049620472440945
21
0.6036631889763779
0
LINE
8
BLACK
6
CONTINUOUS
10
0.2049620472440945
20
0.6036631889763779
11
0.2059208661417323
21
0.6033388582677165
0
LINE
8
BLACK
6
CONTINUOUS
10
0.2059208661417323
20
0.6033388582677165
11
0.2143573228346457
21
0.5977145275590551
0
LINE
8
BLACK
6
CONTINUOUS
10
0.2143573228346457
20
0.5977145275590551
11
0.2147465748031496
21
0.5972715748031496
0
LINE
8
BLACK
6
CONTINUOUS
10
0.2147465748031496
20
0.5972715748031496
11
0.2152573622047244
21
0.5969766929133858
0
LINE
8
BLACK
6
CONTINUOUS
10
0.2152573622047244
20
0.5969766929133858
11
0.2180695275590551
21
0.5941645275590551
0
LINE
8
BLACK
6
CONTINUOUS
10
0.2180695275590551
20
0.5941645275590551
11
0.2185448818897638
21
0.5933411023622047
0
LINE
8
BLACK
6
CONTINUOUS
10
0.2185448818897638
20
0.5933411023622047
11
0.2191757480314961
21
0.5926297244094488
0
LINE
8
BLACK
6
CONTINUOUS
10
0.2191757480314961
20
0.5926297244094488
11
0.221987874015748
21
0.5870053937007874
0
LINE
8
BLACK
6
CONTINUOUS
10
0.221987874015748
20
0.5870053937007874
11
0.2222599606299213
21
0.5856756299212599
0
LINE
8
BLACK
6
CONTINUOUS
10
0.2222599606299213
20
0.5856756299212599
11
0.2226113385826771
21
0.5843644094488188
0
LINE
8
BLACK
6
CONTINUOUS
10
0.2226113385826771
20
0.5843644094488188
11
0.2226113385826771
21
0.5731158267716535
0
LINE
8
BLACK
6
CONTINUOUS
10
0.2226113385826771
20
0.5731158267716535
11
0.2218201574803149
21
0.5701630708661417
0
LINE
8
BLACK
6
CONTINUOUS
10
0.2218201574803149
20
0.5701630708661417
11
0.2196585826771653
21
0.5680014960629921
0
LINE
8
BLACK
6
CONTINUOUS
10
0.2196585826771653
20
0.5680014960629921
11
0.2167058267716535
21
0.5672103149606299
0
LINE
8
BLACK
6
CONTINUOUS
10
0.2167058267716535
20
0.5672103149606299
11
0.2137530708661417
21
0.5680014960629921
0
LINE
8
BLACK
6
CONTINUOUS
10
0.2137530708661417
20
0.5680014960629921
11
0.2115914960629921
21
0.5701630708661417
0
LINE
8
BLACK
6
CONTINUOUS
10
0.2115914960629921
20
0.5701630708661417
11
0.2108003149606299
21
0.5731158267716535
0
LINE
8
BLACK
6
CONTINUOUS
10
0.2108003149606299
20
0.5731158267716535
11
0.2108003149606299
21
0.5829703149606299
0
LINE
8
BLACK
6
CONTINUOUS
10
0.2108003149606299
20
0.5829703149606299
11
0.2090401968503937
21
0.5864905118110236
0
LINE
8
BLACK
6
CONTINUOUS
10
0.2090401968503937
20
0.5864905118110236
11
0.2073192519685039
21
0.5882114566929134
0
LINE
8
BLACK
6
CONTINUOUS
10
0.2073192519685039
20
0.5882114566929134
11
0.2002203149606299
21
0.5929440551181102
0
LINE
8
BLACK
6
CONTINUOUS
10
0.2002203149606299
20
0.5929440551181102
11
0.199206811023622
21
0.5931974409448819
0
LINE
8
BLACK
6
CONTINUOUS
10
0.199206811023622
20
0.5931974409448819
11
0.1994907086614173
21
0.5926297244094488
0
LINE
8
BLACK
6
CONTINUOUS
10
0.1994907086614173
20
0.5926297244094488
11
0.1997628346456693
21
0.5912997637795275
0
LINE
8
BLACK
6
CONTINUOUS
10
0.1997628346456693
20
0.5912997637795275
11
0.2001141732283465
21
0.5899887007874015
0
LINE
8
BLACK
6
CONTINUOUS
10
0.2001141732283465
20
0.5899887007874015
11
0.2001141732283465
21
0.5787401181102362
0
LINE
8
BLACK
6
CONTINUOUS
10
0.2001141732283465
20
0.5787401181102362
11
0.199762874015748
21
0.5774290551181103
0
LINE
8
BLACK
6
CONTINUOUS
10
0.199762874015748
20
0.5774290551181103
11
0.1994907086614173
21
0.5760990551181102
0
LINE
8
BLACK
6
CONTINUOUS
10
0.1994907086614173
20
0.5760990551181102
11
0.1966785433070866
21
0.5704748031496063
0
LINE
8
BLACK
6
CONTINUOUS
10
0.1966785433070866
20
0.5704748031496063
11
0.1960477165354331
21
0.5697634251968504
0
LINE
8
BLACK
6
CONTINUOUS
10
0.1960477165354331
20
0.5697634251968504
11
0.1955723228346457
21
0.56894
0
LINE
8
BLACK
6
CONTINUOUS
10
0.1955723228346457
20
0.56894
11
0.192760157480315
21
0.5661278346456693
0
LINE
8
BLACK
6
CONTINUOUS
10
0.192760157480315
20
0.5661278346456693
11
0.1919367322834646
21
0.5656524409448819
0
LINE
8
BLACK
6
CONTINUOUS
10
0.1919367322834646
20
0.5656524409448819
11
0.1912253543307087
21
0.5650216141732284
0
LINE
8
BLACK
6
CONTINUOUS
10
0.1912253543307087
20
0.5650216141732284
11
0.185601062992126
21
0.5622094881889763
0
LINE
8
BLACK
6
CONTINUOUS
10
0.185601062992126
20
0.5622094881889763
11
0.1842711811023622
21
0.5619373228346457
0
LINE
8
BLACK
6
CONTINUOUS
10
0.1842711811023622
20
0.5619373228346457
11
0.1829600393700787
21
0.5615860236220472
0
LINE
8
BLACK
6
CONTINUOUS
10
0.1829600393700787
20
0.5615860236220472
11
0.1688992913385827
21
0.5615860236220472
0
LINE
8
BLACK
6
CONTINUOUS
10
0.1688992913385827
20
0.5615860236220472
11
0.167588031496063
21
0.5619373622047243
0
LINE
8
BLACK
6
CONTINUOUS
10
0.167588031496063
20
0.5619373622047243
11
0.1662583070866142
21
0.5622094881889763
0
LINE
8
BLACK
6
CONTINUOUS
10
0.1662583070866142
20
0.5622094881889763
11
0.1606339763779528
21
0.5650216141732284
0
LINE
8
BLACK
6
CONTINUOUS
10
0.1606339763779528
20
0.5650216141732284
11
0.1599225590551181
21
0.5656524409448819
0
LINE
8
BLACK
6
CONTINUOUS
10
0.1599225590551181
20
0.5656524409448819
11
0.1590991338582677
21
0.566127874015748
0
LINE
8
BLACK
6
CONTINUOUS
10
0.1590991338582677
20
0.566127874015748
11
0.1562870078740158
21
0.5689400393700788
0
LINE
8
BLACK
6
CONTINUOUS
10
0.1562870078740158
20
0.5689400393700788
11
0.1558116141732283
21
0.5697634251968504
0
LINE
8
BLACK
6
CONTINUOUS
10
0.1558116141732283
20
0.5697634251968504
11
0.1551808267716535
21
0.5704748031496063
0
LINE
8
BLACK
6
CONTINUOUS
10
0.1551808267716535
20
0.5704748031496063
11
0.1523686614173228
21
0.576099094488189
0
LINE
8
BLACK
6
CONTINUOUS
10
0.1523686614173228
20
0.576099094488189
11
0.1520964960629921
21
0.5774290157480315
0
LINE
8
BLACK
6
CONTINUOUS
10
0.1520964960629921
20
0.5774290157480315
11
0.1517451968503937
21
0.5787401181102362
0
LINE
8
BLACK
6
CONTINUOUS
10
0.1517451968503937
20
0.5787401181102362
11
0.1517451968503937
21
0.5899887007874015
0
LINE
8
BLACK
6
CONTINUOUS
10
0.1517451968503937
20
0.5899887007874015
11
0.1520964960629921
21
0.5912997637795275
0
LINE
8
BLACK
6
CONTINUOUS
10
0.1520964960629921
20
0.5912997637795275
11
0.1523686614173228
21
0.5926297244094488
0
LINE
8
BLACK
6
CONTINUOUS
10
0.1523686614173228
20
0.5926297244094488
11
0.1551808267716535
21
0.5982540551181103
0
LINE
8
BLACK
6
CONTINUOUS
10
0.1551808267716535
20
0.5982540551181103
11
0.1558116535433071
21
0.5989654330708661
0
LINE
8
BLACK
6
CONTINUOUS
10
0.1558116535433071
20
0.5989654330708661
11
0.1562870472440945
21
0.5997888582677166
0
LINE
8
BLACK
6
CONTINUOUS
10
0.1562870472440945
20
0.5997888582677166
11
0.1590991732283465
21
0.6026009842519685
0
LINE
8
BLACK
6
CONTINUOUS
10
0.1590991732283465
20
0.6026009842519685
11
0.1599225984251968
21
0.6030763779527559
0
LINE
8
BLACK
6
CONTINUOUS
10
0.1599225984251968
20
0.6030763779527559
11
0.1606339763779528
21
0.6037072047244094
0
LINE
8
BLACK
6
CONTINUOUS
10
0.1606339763779528
20
0.6037072047244094
11
0.1662582283464567
21
0.6065193700787401
0
LINE
8
BLACK
6
CONTINUOUS
10
0.1662582283464567
20
0.6065193700787401
11
0.1675882283464567
21
0.6067915354330708
0
LINE
8
BLACK
6
CONTINUOUS
10
0.1675882283464567
20
0.6067915354330708
11
0.1688992913385827
21
0.6071428346456693
0
LINE
8
BLACK
6
CONTINUOUS
10
0.1688992913385827
20
0.6071428346456693
11
0.1913964960629921
21
0.6071428346456693
0
LINE
8
BLACK
6
CONTINUOUS
10
0.1913964960629921
20
0.6071428346456693
11
0.1921002755905512
21
0.6069542125984252
0
LINE
8
BLACK
6
CONTINUOUS
10
0.1667731889763779
20
0.5935716929133859
11
0.1653163385826772
21
0.592114842519685
0
LINE
8
BLACK
6
CONTINUOUS
10
0.1653163385826772
20
0.592114842519685
11
0.1635562204724409
21
0.5885946062992126
0
LINE
8
BLACK
6
CONTINUOUS
10
0.1635562204724409
20
0.5885946062992126
11
0.1635562204724409
21
0.5801342125984252
0
LINE
8
BLACK
6
CONTINUOUS
10
0.1635562204724409
20
0.5801342125984252
11
0.1653163385826772
21
0.576613937007874
0
LINE
8
BLACK
6
CONTINUOUS
10
0.1653163385826772
20
0.576613937007874
11
0.1667731889763779
21
0.5751570866141732
0
LINE
8
BLACK
6
CONTINUOUS
10
0.1667731889763779
20
0.5751570866141732
11
0.1702933858267716
21
0.5733970472440945
0
LINE
8
BLACK
6
CONTINUOUS
10
0.1702933858267716
20
0.5733970472440945
11
0.1815659448818898
21
0.5733970472440945
0
LINE
8
BLACK
6
CONTINUOUS
10
0.1815659448818898
20
0.5733970472440945
11
0.1850861023622047
21
0.5751570866141732
0
LINE
8
BLACK
6
CONTINUOUS
10
0.1850861023622047
20
0.5751570866141732
11
0.186543031496063
21
0.5766140157480315
0
LINE
8
BLACK
6
CONTINUOUS
10
0.186543031496063
20
0.5766140157480315
11
0.1883031496062992
21
0.5801342125984252
0
LINE
8
BLACK
6
CONTINUOUS
10
0.1883031496062992
20
0.5801342125984252
11
0.1883031496062992
21
0.5885946062992126
0
LINE
8
BLACK
6
CONTINUOUS
10
0.1883031496062992
20
0.5885946062992126
11
0.186543031496063
21
0.5921148031496063
0
LINE
8
BLACK
6
CONTINUOUS
10
0.186543031496063
20
0.5921148031496063
11
0.1850861811023622
21
0.5935716535433071
0
LINE
8
BLACK
6
CONTINUOUS
10
0.1850861811023622
20
0.5935716535433071
11
0.1815659448818898
21
0.595331811023622
0
LINE
8
BLACK
6
CONTINUOUS
10
0.1815659448818898
20
0.595331811023622
11
0.1702933858267716
21
0.595331811023622
0
LINE
8
BLACK
6
CONTINUOUS
10
0.1702933858267716
20
0.595331811023622
11
0.1667731889763779
21
0.5935716929133859
0
LINE
8
BLACK
6
CONTINUOUS
10
0.1077245669291339
20
0.6336696456692913
11
0.1084531102362205
21
0.6336819291338582
0
LINE
8
BLACK
6
CONTINUOUS
10
0.1084531102362205
20
0.6336819291338582
11
0.1197016535433071
21
0.6308697637795275
0
LINE
8
BLACK
6
CONTINUOUS
10
0.1197016535433071
20
0.6308697637795275
11
0.1197464566929134
21
0.6308448818897637
0
LINE
8
BLACK
6
CONTINUOUS
10
0.1197464566929134
20
0.6308448818897637
11
0.1197977952755905
21
0.6308448818897637
0
LINE
8
BLACK
6
CONTINUOUS
10
0.1197977952755905
20
0.6308448818897637
11
0.1210800787401575
21
0.6301045275590551
0
LINE
8
BLACK
6
CONTINUOUS
10
0.1210800787401575
20
0.6301045275590551
11
0.1223743700787401
21
0.629386062992126
0
LINE
8
BLACK
6
CONTINUOUS
10
0.1223743700787401
20
0.629386062992126
11
0.1224007480314961
21
0.6293420472440945
0
LINE
8
BLACK
6
CONTINUOUS
10
0.1224007480314961
20
0.6293420472440945
11
0.1224451968503937
21
0.6293164173228346
0
LINE
8
BLACK
6
CONTINUOUS
10
0.1224451968503937
20
0.6293164173228346
11
0.1280695275590551
21
0.6236921259842519
0
LINE
8
BLACK
6
CONTINUOUS
10
0.1280695275590551
20
0.6236921259842519
11
0.1285449212598425
21
0.6228687007874015
0
LINE
8
BLACK
6
CONTINUOUS
10
0.1285449212598425
20
0.6228687007874015
11
0.1291757480314961
21
0.6221573228346456
0
LINE
8
BLACK
6
CONTINUOUS
10
0.1291757480314961
20
0.6221573228346456
11
0.131987874015748
21
0.6165329921259842
0
LINE
8
BLACK
6
CONTINUOUS
10
0.131987874015748
20
0.6165329921259842
11
0.1322599606299213
21
0.6152032283464567
0
LINE
8
BLACK
6
CONTINUOUS
10
0.1322599606299213
20
0.6152032283464567
11
0.1326113385826772
21
0.6138920078740158
0
LINE
8
BLACK
6
CONTINUOUS
10
0.1326113385826772
20
0.6138920078740158
11
0.1326113385826772
21
0.6026434251968504
0
LINE
8
BLACK
6
CONTINUOUS
10
0.1326113385826772
20
0.6026434251968504
11
0.1322599606299213
21
0.6013321653543306
0
LINE
8
BLACK
6
CONTINUOUS
10
0.1322599606299213
20
0.6013321653543306
11
0.131987874015748
21
0.6000024409448819
0
LINE
8
BLACK
6
CONTINUOUS
10
0.131987874015748
20
0.6000024409448819
11
0.1291757480314961
21
0.5943781102362204
0
LINE
8
BLACK
6
CONTINUOUS
10
0.1291757480314961
20
0.5943781102362204
11
0.1285448818897638
21
0.5936666929133858
0
LINE
8
BLACK
6
CONTINUOUS
10
0.1285448818897638
20
0.5936666929133858
11
0.1280695275590551
21
0.5928433070866141
0
LINE
8
BLACK
6
CONTINUOUS
10
0.1280695275590551
20
0.5928433070866141
11
0.1224451968503937
21
0.5872189763779527
0
LINE
8
BLACK
6
CONTINUOUS
10
0.1224451968503937
20
0.5872189763779527
11
0.1224007480314961
21
0.5871933070866142
0
LINE
8
BLACK
6
CONTINUOUS
10
0.1224007480314961
20
0.5871933070866142
11
0.1223743700787401
21
0.5871493307086614
0
LINE
8
BLACK
6
CONTINUOUS
10
0.1223743700787401
20
0.5871493307086614
11
0.1210806299212598
21
0.5864311417322835
0
LINE
8
BLACK
6
CONTINUOUS
10
0.1210806299212598
20
0.5864311417322835
11
0.1197978346456693
21
0.5856905118110236
0
LINE
8
BLACK
6
CONTINUOUS
10
0.1197978346456693
20
0.5856905118110236
11
0.1197464566929134
21
0.5856905118110236
0
LINE
8
BLACK
6
CONTINUOUS
10
0.1197464566929134
20
0.5856905118110236
11
0.1197016535433071
21
0.5856656299212598
0
LINE
8
BLACK
6
CONTINUOUS
10
0.1197016535433071
20
0.5856656299212598
11
0.1084530708661417
21
0.5828535039370079
0
LINE
8
BLACK
6
CONTINUOUS
10
0.1084530708661417
20
0.5828535039370079
11
0.1077246062992126
21
0.582865748031496
0
LINE
8
BLACK
6
CONTINUOUS
10
0.1077246062992126
20
0.582865748031496
11
0.1070207874015748
21
0.5826771653543307
0
LINE
8
BLACK
6
CONTINUOUS
10
0.1070207874015748
20
0.5826771653543307
11
0.0873357480314961
21
0.5826771653543307
0
LINE
8
BLACK
6
CONTINUOUS
10
0.0873357480314961
20
0.5826771653543307
11
0.0866318897637795
21
0.582865748031496
0
LINE
8
BLACK
6
CONTINUOUS
10
0.0866318897637795
20
0.582865748031496
11
0.0859034645669291
21
0.5828535039370079
0
LINE
8
BLACK
6
CONTINUOUS
10
0.0859034645669291
20
0.5828535039370079
11
0.0746548818897638
21
0.5856656299212598
0
LINE
8
BLACK
6
CONTINUOUS
10
0.0746548818897638
20
0.5856656299212598
11
0.0746100787401575
21
0.5856905118110236
0
LINE
8
BLACK
6
CONTINUOUS
10
0.0746100787401575
20
0.5856905118110236
11
0.0745586614173228
21
0.5856905118110236
0
LINE
8
BLACK
6
CONTINUOUS
10
0.0745586614173228
20
0.5856905118110236
11
0.0732753543307087
21
0.5864314173228347
0
LINE
8
BLACK
6
CONTINUOUS
10
0.0732753543307087
20
0.5864314173228347
11
0.0719821653543307
21
0.5871493307086614
0
LINE
8
BLACK
6
CONTINUOUS
10
0.0719821653543307
20
0.5871493307086614
11
0.0719557480314961
21
0.5871933070866142
0
LINE
8
BLACK
6
CONTINUOUS
10
0.0719557480314961
20
0.5871933070866142
11
0.0719113385826772
21
0.5872189763779527
0
LINE
8
BLACK
6
CONTINUOUS
10
0.0719113385826772
20
0.5872189763779527
11
0.0662870472440945
21
0.5928433070866141
0
LINE
8
BLACK
6
CONTINUOUS
10
0.0662870472440945
20
0.5928433070866141
11
0.0658116141732283
21
0.5936666929133858
0
LINE
8
BLACK
6
CONTINUOUS
10
0.0658116141732283
20
0.5936666929133858
11
0.0651808267716535
21
0.5943781102362204
0
LINE
8
BLACK
6
CONTINUOUS
10
0.0651808267716535
20
0.5943781102362204
11
0.0623686614173228
21
0.6000024015748031
0
LINE
8
BLACK
6
CONTINUOUS
10
0.0623686614173228
20
0.6000024015748031
11
0.0620964960629921
21
0.6013323228346457
0
LINE
8
BLACK
6
CONTINUOUS
10
0.0620964960629921
20
0.6013323228346457
11
0.0617451968503937
21
0.6026434251968504
0
LINE
8
BLACK
6
CONTINUOUS
10
0.0617451968503937
20
0.6026434251968504
11
0.0617451968503937
21
0.6138920078740158
0
LINE
8
BLACK
6
CONTINUOUS
10
0.0617451968503937
20
0.6138920078740158
11
0.0620964960629921
21
0.6152030708661417
0
LINE
8
BLACK
6
CONTINUOUS
10
0.0620964960629921
20
0.6152030708661417
11
0.0623686614173228
21
0.616533031496063
0
LINE
8
BLACK
6
CONTINUOUS
10
0.0623686614173228
20
0.616533031496063
11
0.0651808267716535
21
0.6221573228346456
0
LINE
8
BLACK
6
CONTINUOUS
10
0.0651808267716535
20
0.6221573228346456
11
0.0658116141732283
21
0.6228686614173228
0
LINE
8
BLACK
6
CONTINUOUS
10
0.0658116141732283
20
0.6228686614173228
11
0.0662870472440945
21
0.6236921259842519
0
LINE
8
BLACK
6
CONTINUOUS
10
0.0662870472440945
20
0.6236921259842519
11
0.0719113385826772
21
0.6293164173228346
0
LINE
8
BLACK
6
CONTINUOUS
10
0.0719113385826772
20
0.6293164173228346
11
0.0719557480314961
21
0.6293420472440945
0
LINE
8
BLACK
6
CONTINUOUS
10
0.0719557480314961
20
0.6293420472440945
11
0.0719821653543307
21
0.629386062992126
0
LINE
8
BLACK
6
CONTINUOUS
10
0.0719821653543307
20
0.629386062992126
11
0.0732763385826772
21
0.6301044881889764
0
LINE
8
BLACK
6
CONTINUOUS
10
0.0732763385826772
20
0.6301044881889764
11
0.0745587007874016
21
0.6308448818897637
0
LINE
8
BLACK
6
CONTINUOUS
10
0.0745587007874016
20
0.6308448818897637
11
0.0746100393700787
21
0.6308448818897637
0
LINE
8
BLACK
6
CONTINUOUS
10
0.0746100393700787
20
0.6308448818897637
11
0.074654842519685
21
0.6308697637795275
0
LINE
8
BLACK
6
CONTINUOUS
10
0.074654842519685
20
0.6308697637795275
11
0.0859034251968504
21
0.6336819291338582
0
LINE
8
BLACK
6
CONTINUOUS
10
0.0859034251968504
20
0.6336819291338582
11
0.0866319291338583
21
0.6336696456692913
0
LINE
8
BLACK
6
CONTINUOUS
10
0.0866319291338583
20
0.6336696456692913
11
0.0873357480314961
21
0.6338582677165354
0
LINE
8
BLACK
6
CONTINUOUS
10
0.0873357480314961
20
0.6338582677165354
11
0.1070207874015748
21
0.6338582677165354
0
LINE
8
BLACK
6
CONTINUOUS
10
0.1070207874015748
20
0.6338582677165354
11
0.1077245669291339
21
0.6336696456692913
0
LINE
8
BLACK
6
CONTINUOUS
10
0.0791063385826772
20
0.6198081102362205
11
0.0753163385826772
21
0.6160181102362204
0
LINE
8
BLACK
6
CONTINUOUS
10
0.0753163385826772
20
0.6160181102362204
11
0.0735562204724409
21
0.6124978740157481
0
LINE
8
BLACK
6
CONTINUOUS
10
0.0735562204724409
20
0.6124978740157481
11
0.0735562204724409
21
0.6040375196850394
0
LINE
8
BLACK
6
CONTINUOUS
10
0.0735562204724409
20
0.6040375196850394
11
0.0753163385826772
21
0.6005172834645669
0
LINE
8
BLACK
6
CONTINUOUS
10
0.0753163385826772
20
0.6005172834645669
11
0.0791063779527559
21
0.5967272440944882
0
LINE
8
BLACK
6
CONTINUOUS
10
0.0791063779527559
20
0.5967272440944882
11
0.0880626771653543
21
0.5944881889763779
0
LINE
8
BLACK
6
CONTINUOUS
10
0.0880626771653543
20
0.5944881889763779
11
0.1062938582677165
21
0.5944881889763779
0
LINE
8
BLACK
6
CONTINUOUS
10
0.1062938582677165
20
0.5944881889763779
11
0.115250157480315
21
0.5967272440944882
0
LINE
8
BLACK
6
CONTINUOUS
10
0.115250157480315
20
0.5967272440944882
11
0.1190401968503937
21
0.6005172834645669
0
LINE
8
BLACK
6
CONTINUOUS
10
0.1190401968503937
20
0.6005172834645669
11
0.1208003149606299
21
0.6040374803149606
0
LINE
8
BLACK
6
CONTINUOUS
10
0.1208003149606299
20
0.6040374803149606
11
0.1208003149606299
21
0.6124979133858267
0
LINE
8
BLACK
6
CONTINUOUS
10
0.1208003149606299
20
0.6124979133858267
11
0.1190401968503937
21
0.6160180708661417
0
LINE
8
BLACK
6
CONTINUOUS
10
0.1190401968503937
20
0.6160180708661417
11
0.115250157480315
21
0.6198081102362205
0
LINE
8
BLACK
6
CONTINUOUS
10
0.115250157480315
20
0.6198081102362205
11
0.1062938188976378
21
0.6220472440944882
0
LINE
8
BLACK
6
CONTINUOUS
10
0.1062938188976378
20
0.6220472440944882
11
0.0880626771653543
21
0.6220472440944882
0
LINE
8
BLACK
6
CONTINUOUS
10
0.0880626771653543
20
0.6220472440944882
11
0.0791063385826772
21
0.6198081102362205
0
LINE
8
BLACK
6
CONTINUOUS
10
0.3068086220472441
20
1.2042632283464567
11
0.3068729921259842
21
1.2042649999999999
0
LINE
8
BLACK
6
CONTINUOUS
10
0.3068729921259842
20
1.2042649999999999
11
0.3124972834645669
21
1.2023902362204724
0
LINE
8
BLACK
6
CONTINUOUS
10
0.3124972834645669
20
1.2023902362204724
11
0.3133990551181102
21
1.2019019685039369
0
LINE
8
BLACK
6
CONTINUOUS
10
0.3133990551181102
20
1.2019019685039369
11
0.3134914566929134
21
1.201751496062992
0
LINE
8
BLACK
6
CONTINUOUS
10
0.3134914566929134
20
1.201751496062992
11
0.3136514566929134
21
1.2016769291338583
0
LINE
8
BLACK
6
CONTINUOUS
10
0.3136514566929134
20
1.2016769291338583
11
0.3155262204724409
21
1.1998021653543307
0
LINE
8
BLACK
6
CONTINUOUS
10
0.3155262204724409
20
1.1998021653543307
11
0.3161144094488189
21
1.198962125984252
0
LINE
8
BLACK
6
CONTINUOUS
10
0.3161144094488189
20
1.198962125984252
11
0.3162904330708661
21
1.1969500393700787
0
LINE
8
BLACK
6
CONTINUOUS
10
0.3162904330708661
20
1.1969500393700787
11
0.3151319291338582
21
1.1952954724409448
0
LINE
8
BLACK
6
CONTINUOUS
10
0.3151319291338582
20
1.1952954724409448
11
0.3131809448818897
21
1.1947727559055117
0
LINE
8
BLACK
6
CONTINUOUS
10
0.3131809448818897
20
1.1947727559055117
11
0.3113503937007874
21
1.1956263385826771
0
LINE
8
BLACK
6
CONTINUOUS
10
0.3113503937007874
20
1.1956263385826771
11
0.3099685039370079
21
1.197008188976378
0
LINE
8
BLACK
6
CONTINUOUS
10
0.3099685039370079
20
1.197008188976378
11
0.3054601181102362
21
1.1985110236220473
0
LINE
8
BLACK
6
CONTINUOUS
10
0.3054601181102362
20
1.1985110236220473
11
0.3026688582677166
21
1.1985110236220473
0
LINE
8
BLACK
6
CONTINUOUS
10
0.3026688582677166
20
1.1985110236220473
11
0.2981604724409449
21
1.1970082283464567
0
LINE
8
BLACK
6
CONTINUOUS
10
0.2981604724409449
20
1.1970082283464567
11
0.2952426377952756
21
1.1940903937007874
0
LINE
8
BLACK
6
CONTINUOUS
10
0.2952426377952756
20
1.1940903937007874
11
0.2937271259842519
21
1.1910594094488189
0
LINE
8
BLACK
6
CONTINUOUS
10
0.2937271259842519
20
1.1910594094488189
11
0.2920191338582677
21
1.1842273622047244
0
LINE
8
BLACK
6
CONTINUOUS
10
0.2920191338582677
20
1.1842273622047244
11
0.2920191338582677
21
1.179330157480315
0
LINE
8
BLACK
6
CONTINUOUS
10
0.2920191338582677
20
1.179330157480315
11
0.2937271259842519
21
1.1724981102362204
0
LINE
8
BLACK
6
CONTINUOUS
10
0.2937271259842519
20
1.1724981102362204
11
0.2952426377952756
21
1.169467125984252
0
LINE
8
BLACK
6
CONTINUOUS
10
0.2952426377952756
20
1.169467125984252
11
0.2981604330708661
21
1.1665492913385827
0
LINE
8
BLACK
6
CONTINUOUS
10
0.2981604330708661
20
1.1665492913385827
11
0.3026688976377953
21
1.1650464566929133
0
LINE
8
BLACK
6
CONTINUOUS
10
0.3026688976377953
20
1.1650464566929133
11
0.3054600787401575
21
1.1650464566929133
0
LINE
8
BLACK
6
CONTINUOUS
10
0.3054600787401575
20
1.1650464566929133
11
0.3099684645669291
21
1.1665492519685039
0
LINE
8
BLACK
6
CONTINUOUS
10
0.3099684645669291
20
1.1665492519685039
11
0.3113503937007874
21
1.1679311811023623
0
LINE
8
BLACK
6
CONTINUOUS
10
0.3113503937007874
20
1.1679311811023623
11
0.3121904330708661
21
1.1685193700787402
0
LINE
8
BLACK
6
CONTINUOUS
10
0.3121904330708661
20
1.1685193700787402
11
0.3142025196850394
21
1.1686953937007873
0
LINE
8
BLACK
6
CONTINUOUS
10
0.3142025196850394
20
1.1686953937007873
11
0.3158570866141732
21
1.1675368897637795
0
LINE
8
BLACK
6
CONTINUOUS
10
0.3158570866141732
20
1.1675368897637795
11
0.3163798031496063
21
1.165585905511811
0
LINE
8
BLACK
6
CONTINUOUS
10
0.3163798031496063
20
1.165585905511811
11
0.3155262204724409
21
1.1637553543307086
0
LINE
8
BLACK
6
CONTINUOUS
10
0.3155262204724409
20
1.1637553543307086
11
0.3136514566929134
21
1.1618805905511811
0
LINE
8
BLACK
6
CONTINUOUS
10
0.3136514566929134
20
1.1618805905511811
11
0.3128114173228346
21
1.1612924015748032
0
LINE
8
BLACK
6
CONTINUOUS
10
0.3128114173228346
20
1.1612924015748032
11
0.3126355905511811
21
1.1612770078740158
0
LINE
8
BLACK
6
CONTINUOUS
10
0.3126355905511811
20
1.1612770078740158
11
0.3124973228346457
21
1.161167283464567
0
LINE
8
BLACK
6
CONTINUOUS
10
0.3124973228346457
20
1.161167283464567
11
0.306873031496063
21
1.1592924803149607
0
LINE
8
BLACK
6
CONTINUOUS
10
0.306873031496063
20
1.1592924803149607
11
0.3059997637795275
21
1.1591629527559055
0
LINE
8
BLACK
6
CONTINUOUS
10
0.3059997637795275
20
1.1591629527559055
11
0.3059392519685039
21
1.1591409448818897
0
LINE
8
BLACK
6
CONTINUOUS
10
0.3059392519685039
20
1.1591409448818897
11
0.3021897244094488
21
1.1591409448818897
0
LINE
8
BLACK
6
CONTINUOUS
10
0.3021897244094488
20
1.1591409448818897
11
0.3013203149606299
21
1.1592942125984251
0
LINE
8
BLACK
6
CONTINUOUS
10
0.3013203149606299
20
1.1592942125984251
11
0.3012559842519685
21
1.1592924803149607
0
LINE
8
BLACK
6
CONTINUOUS
10
0.3012559842519685
20
1.1592924803149607
11
0.2956316535433071
21
1.161167283464567
0
LINE
8
BLACK
6
CONTINUOUS
10
0.2956316535433071
20
1.161167283464567
11
0.2947298818897638
21
1.1616555905511812
0
LINE
8
BLACK
6
CONTINUOUS
10
0.2947298818897638
20
1.1616555905511812
11
0.2946374409448819
21
1.1618059842519686
0
LINE
8
BLACK
6
CONTINUOUS
10
0.2946374409448819
20
1.1618059842519686
11
0.2944775196850394
21
1.1618805905511811
0
LINE
8
BLACK
6
CONTINUOUS
10
0.2944775196850394
20
1.1618805905511811
11
0.2907279921259843
21
1.1656301181102362
0
LINE
8
BLACK
6
CONTINUOUS
10
0.2907279921259843
20
1.1656301181102362
11
0.2902216929133858
21
1.1663531889763779
0
LINE
8
BLACK
6
CONTINUOUS
10
0.2902216929133858
20
1.1663531889763779
11
0.2901748818897638
21
1.1663975196850394
0
LINE
8
BLACK
6
CONTINUOUS
10
0.2901748818897638
20
1.1663975196850394
11
0.2883001181102362
21
1.1701470472440945
0
LINE
8
BLACK
6
CONTINUOUS
10
0.2883001181102362
20
1.1701470472440945
11
0.2881548031496063
21
1.1706354724409449
0
LINE
8
BLACK
6
CONTINUOUS
10
0.2881548031496063
20
1.1706354724409449
11
0.2880765354330709
21
1.1707514173228346
0
LINE
8
BLACK
6
CONTINUOUS
10
0.2880765354330709
20
1.1707514173228346
11
0.2862017716535433
21
1.1782504724409448
0
LINE
8
BLACK
6
CONTINUOUS
10
0.2862017716535433
20
1.1782504724409448
11
0.2861602755905512
21
1.1788383464566929
0
LINE
8
BLACK
6
CONTINUOUS
10
0.2861602755905512
20
1.1788383464566929
11
0.2861136220472441
21
1.1789666141732282
0
LINE
8
BLACK
6
CONTINUOUS
10
0.2861136220472441
20
1.1789666141732282
11
0.2861136220472441
21
1.1845909055118109
0
LINE
8
BLACK
6
CONTINUOUS
10
0.2861136220472441
20
1.1845909055118109
11
0.2862159448818898
21
1.1851712598425197
0
LINE
8
BLACK
6
CONTINUOUS
10
0.2862159448818898
20
1.1851712598425197
11
0.2862017716535433
21
1.1853070472440945
0
LINE
8
BLACK
6
CONTINUOUS
10
0.2862017716535433
20
1.1853070472440945
11
0.2880765354330709
21
1.1928061023622047
0
LINE
8
BLACK
6
CONTINUOUS
10
0.2880765354330709
20
1.1928061023622047
11
0.288284094488189
21
1.1932715354330707
0
LINE
8
BLACK
6
CONTINUOUS
10
0.288284094488189
20
1.1932715354330707
11
0.2883001181102362
21
1.1934104724409449
0
LINE
8
BLACK
6
CONTINUOUS
10
0.2883001181102362
20
1.1934104724409449
11
0.2901748818897638
21
1.19716
0
LINE
8
BLACK
6
CONTINUOUS
10
0.2901748818897638
20
1.19716
11
0.2907007874015748
21
1.1978690551181101
0
LINE
8
BLACK
6
CONTINUOUS
10
0.2907007874015748
20
1.1978690551181101
11
0.2907279921259843
21
1.1979274015748032
0
LINE
8
BLACK
6
CONTINUOUS
10
0.2907279921259843
20
1.1979274015748032
11
0.2944775196850394
21
1.2016769291338583
0
LINE
8
BLACK
6
CONTINUOUS
10
0.2944775196850394
20
1.2016769291338583
11
0.2953175590551181
21
1.2022651574803149
0
LINE
8
BLACK
6
CONTINUOUS
10
0.2953175590551181
20
1.2022651574803149
11
0.2954934645669292
21
1.2022805118110236
0
LINE
8
BLACK
6
CONTINUOUS
10
0.2954934645669292
20
1.2022805118110236
11
0.2956316929133858
21
1.2023902362204724
0
LINE
8
BLACK
6
CONTINUOUS
10
0.2956316929133858
20
1.2023902362204724
11
0.3012559448818898
21
1.2042649999999999
0
LINE
8
BLACK
6
CONTINUOUS
10
0.3012559448818898
20
1.2042649999999999
11
0.3021291732283464
21
1.2043944881889763
0
LINE
8
BLACK
6
CONTINUOUS
10
0.3021291732283464
20
1.2043944881889763
11
0.3021897244094488
21
1.2044165354330709
0
LINE
8
BLACK
6
CONTINUOUS
10
0.3021897244094488
20
1.2044165354330709
11
0.3059392519685039
21
1.2044165354330709
0
LINE
8
BLACK
6
CONTINUOUS
10
0.3059392519685039
20
1.2044165354330709
11
0.3068086220472441
21
1.2042632283464567
0
LINE
8
BLACK
6
CONTINUOUS
10
0.3513709448818897
20
1.2043394094488189
11
0.3515064566929134
21
1.2043604330708662
0
LINE
8
BLACK
6
CONTINUOUS
10
0.3515064566929134
20
1.2043604330708662
11
0.3516111023622047
21
1.2042970472440944
0
LINE
8
BLACK
6
CONTINUOUS
10
0.3516111023622047
20
1.2042970472440944
11
0.3519435433070866
21
1.2042384645669291
0
LINE
8
BLACK
6
CONTINUOUS
10
0.3519435433070866
20
1.2042384645669291
11
0.3525533070866141
21
1.2037267716535434
0
LINE
8
BLACK
6
CONTINUOUS
10
0.3525533070866141
20
1.2037267716535434
11
0.3532343700787401
21
1.2033145669291339
0
LINE
8
BLACK
6
CONTINUOUS
10
0.3532343700787401
20
1.2033145669291339
11
0.3533103149606299
21
1.2030915354330709
0
LINE
8
BLACK
6
CONTINUOUS
10
0.3533103149606299
20
1.2030915354330709
11
0.3534907874015748
21
1.2029401574803149
0
LINE
8
BLACK
6
CONTINUOUS
10
0.3534907874015748
20
1.2029401574803149
11
0.3536290157480315
21
1.2021561811023622
0
LINE
8
BLACK
6
CONTINUOUS
10
0.3536290157480315
20
1.2021561811023622
11
0.353885748031496
21
1.2014026771653543
0
LINE
8
BLACK
6
CONTINUOUS
10
0.353885748031496
20
1.2014026771653543
11
0.3538005905511811
21
1.201183031496063
0
LINE
8
BLACK
6
CONTINUOUS
10
0.3538005905511811
20
1.201183031496063
11
0.3538415354330708
21
1.2009510236220473
0
LINE
8
BLACK
6
CONTINUOUS
10
0.3538415354330708
20
1.2009510236220473
11
0.3534434251968504
21
1.2002615354330708
0
LINE
8
BLACK
6
CONTINUOUS
10
0.3534434251968504
20
1.2002615354330708
11
0.3531557874015748
21
1.1995193700787401
0
LINE
8
BLACK
6
CONTINUOUS
10
0.3531557874015748
20
1.1995193700787401
11
0.3441994488188976
21
1.1892835433070865
0
LINE
8
BLACK
6
CONTINUOUS
10
0.3441994488188976
20
1.1892835433070865
11
0.3444444881889764
21
1.1892403543307086
0
LINE
8
BLACK
6
CONTINUOUS
10
0.3444444881889764
20
1.1892403543307086
11
0.3445797244094488
21
1.1891268503937007
0
LINE
8
BLACK
6
CONTINUOUS
10
0.3445797244094488
20
1.1891268503937007
11
0.3447550787401575
21
1.1891066929133858
0
LINE
8
BLACK
6
CONTINUOUS
10
0.3447550787401575
20
1.1891066929133858
11
0.3485046062992126
21
1.1872319291338582
0
LINE
8
BLACK
6
CONTINUOUS
10
0.3485046062992126
20
1.1872319291338582
11
0.3492136614173229
21
1.1867059842519685
0
LINE
8
BLACK
6
CONTINUOUS
10
0.3492136614173229
20
1.1867059842519685
11
0.3492720078740157
21
1.1866788188976378
0
LINE
8
BLACK
6
CONTINUOUS
10
0.3492720078740157
20
1.1866788188976378
11
0.3511467716535433
21
1.1848040551181103
0
LINE
8
BLACK
6
CONTINUOUS
10
0.3511467716535433
20
1.1848040551181103
11
0.351653031496063
21
1.1840809448818896
0
LINE
8
BLACK
6
CONTINUOUS
10
0.351653031496063
20
1.1840809448818896
11
0.3516998818897638
21
1.1840366535433071
0
LINE
8
BLACK
6
CONTINUOUS
10
0.3516998818897638
20
1.1840366535433071
11
0.3535746456692913
21
1.180287125984252
0
LINE
8
BLACK
6
CONTINUOUS
10
0.3535746456692913
20
1.180287125984252
11
0.3538670078740158
21
1.1793042125984252
0
LINE
8
BLACK
6
CONTINUOUS
10
0.3538670078740158
20
1.1793042125984252
11
0.3538259842519685
21
1.1791324803149605
0
LINE
8
BLACK
6
CONTINUOUS
10
0.3538259842519685
20
1.1791324803149605
11
0.3538863779527559
21
1.1789666141732282
0
LINE
8
BLACK
6
CONTINUOUS
10
0.3538863779527559
20
1.1789666141732282
11
0.3538863779527559
21
1.1695927952755905
0
LINE
8
BLACK
6
CONTINUOUS
10
0.3538863779527559
20
1.1695927952755905
11
0.3537083070866142
21
1.168582874015748
0
LINE
8
BLACK
6
CONTINUOUS
10
0.3537083070866142
20
1.168582874015748
11
0.3535948031496063
21
1.1684475984251967
0
LINE
8
BLACK
6
CONTINUOUS
10
0.3535948031496063
20
1.1684475984251967
11
0.3535746456692913
21
1.1682722834645669
0
LINE
8
BLACK
6
CONTINUOUS
10
0.3535746456692913
20
1.1682722834645669
11
0.3516998818897638
21
1.1645227559055118
0
LINE
8
BLACK
6
CONTINUOUS
10
0.3516998818897638
20
1.1645227559055118
11
0.3511739763779527
21
1.1638136614173229
0
LINE
8
BLACK
6
CONTINUOUS
10
0.3511739763779527
20
1.1638136614173229
11
0.3511467716535433
21
1.1637553543307086
0
LINE
8
BLACK
6
CONTINUOUS
10
0.3511467716535433
20
1.1637553543307086
11
0.3492720078740157
21
1.1618805905511811
0
LINE
8
BLACK
6
CONTINUOUS
10
0.3492720078740157
20
1.1618805905511811
11
0.3485490157480315
21
1.1613743700787402
0
LINE
8
BLACK
6
CONTINUOUS
10
0.3485490157480315
20
1.1613743700787402
11
0.3485046456692913
21
1.1613274803149607
0
LINE
8
BLACK
6
CONTINUOUS
10
0.3485046456692913
20
1.1613274803149607
11
0.3447551181102362
21
1.1594526771653544
0
LINE
8
BLACK
6
CONTINUOUS
10
0.3447551181102362
20
1.1594526771653544
11
0.3437721653543307
21
1.15916031496063
0
LINE
8
BLACK
6
CONTINUOUS
10
0.3437721653543307
20
1.15916031496063
11
0.3436004330708661
21
1.1592012992125984
0
LINE
8
BLACK
6
CONTINUOUS
10
0.3436004330708661
20
1.1592012992125984
11
0.3434345669291339
21
1.1591409448818897
0
LINE
8
BLACK
6
CONTINUOUS
10
0.3434345669291339
20
1.1591409448818897
11
0.3321859842519685
21
1.1591409448818897
0
LINE
8
BLACK
6
CONTINUOUS
10
0.3321859842519685
20
1.1591409448818897
11
0.331176062992126
21
1.1593190157480315
0
LINE
8
BLACK
6
CONTINUOUS
10
0.331176062992126
20
1.1593190157480315
11
0.3310407874015748
21
1.1594324803149607
0
LINE
8
BLACK
6
CONTINUOUS
10
0.3310407874015748
20
1.1594324803149607
11
0.3308654724409449
21
1.1594526771653544
0
LINE
8
BLACK
6
CONTINUOUS
10
0.3308654724409449
20
1.1594526771653544
11
0.327115905511811
21
1.1613274803149607
0
LINE
8
BLACK
6
CONTINUOUS
10
0.327115905511811
20
1.1613274803149607
11
0.3264068897637795
21
1.1618533464566929
0
LINE
8
BLACK
6
CONTINUOUS
10
0.3264068897637795
20
1.1618533464566929
11
0.3263485433070866
21
1.1618805905511811
0
LINE
8
BLACK
6
CONTINUOUS
10
0.3263485433070866
20
1.1618805905511811
11
0.3244737795275591
21
1.1637553543307086
0
LINE
8
BLACK
6
CONTINUOUS
10
0.3244737795275591
20
1.1637553543307086
11
0.3238855905511811
21
1.1645953937007874
0
LINE
8
BLACK
6
CONTINUOUS
10
0.3238855905511811
20
1.1645953937007874
11
0.3237095275590551
21
1.1666074803149606
0
LINE
8
BLACK
6
CONTINUOUS
10
0.3237095275590551
20
1.1666074803149606
11
0.3248680708661417
21
1.1682620472440945
0
LINE
8
BLACK
6
CONTINUOUS
10
0.3248680708661417
20
1.1682620472440945
11
0.3268190157480315
21
1.1687847637795274
0
LINE
8
BLACK
6
CONTINUOUS
10
0.3268190157480315
20
1.1687847637795274
11
0.3286496062992126
21
1.1679311811023623
0
LINE
8
BLACK
6
CONTINUOUS
10
0.3286496062992126
20
1.1679311811023623
11
0.3301855118110236
21
1.1663952362204724
0
LINE
8
BLACK
6
CONTINUOUS
10
0.3301855118110236
20
1.1663952362204724
11
0.3328830708661417
21
1.1650464566929133
0
LINE
8
BLACK
6
CONTINUOUS
10
0.3328830708661417
20
1.1650464566929133
11
0.3427374803149606
21
1.1650464566929133
0
LINE
8
BLACK
6
CONTINUOUS
10
0.3427374803149606
20
1.1650464566929133
11
0.3454349606299212
21
1.1663951968503936
0
LINE
8
BLACK
6
CONTINUOUS
10
0.3454349606299212
20
1.1663951968503936
11
0.346632125984252
21
1.1675923622047244
0
LINE
8
BLACK
6
CONTINUOUS
10
0.346632125984252
20
1.1675923622047244
11
0.3479808661417323
21
1.170289842519685
0
LINE
8
BLACK
6
CONTINUOUS
10
0.3479808661417323
20
1.170289842519685
11
0.3479808661417323
21
1.1782695669291339
0
LINE
8
BLACK
6
CONTINUOUS
10
0.3479808661417323
20
1.1782695669291339
11
0.346632125984252
21
1.1809670472440945
0
LINE
8
BLACK
6
CONTINUOUS
10
0.346632125984252
20
1.1809670472440945
11
0.345435
21
1.1821641732283463
0
LINE
8
BLACK
6
CONTINUOUS
10
0.345435
20
1.1821641732283463
11
0.3427375196850393
21
1.1835129133858266
0
LINE
8
BLACK
6
CONTINUOUS
10
0.3427375196850393
20
1.1835129133858266
11
0.3378102755905512
21
1.1835129133858266
0
LINE
8
BLACK
6
CONTINUOUS
10
0.3378102755905512
20
1.1835129133858266
11
0.3373729133858268
21
1.1835899999999999
0
LINE
8
BLACK
6
CONTINUOUS
10
0.3373729133858268
20
1.1835899999999999
11
0.3372374409448819
21
1.1835690157480314
0
LINE
8
BLACK
6
CONTINUOUS
10
0.3372374409448819
20
1.1835690157480314
11
0.3371327559055118
21
1.1836323622047245
0
LINE
8
BLACK
6
CONTINUOUS
10
0.3371327559055118
20
1.1836323622047245
11
0.3368003543307087
21
1.1836909842519685
0
LINE
8
BLACK
6
CONTINUOUS
10
0.3368003543307087
20
1.1836909842519685
11
0.3361905511811024
21
1.1842026377952755
0
LINE
8
BLACK
6
CONTINUOUS
10
0.3361905511811024
20
1.1842026377952755
11
0.3355095275590551
21
1.1846148818897637
0
LINE
8
BLACK
6
CONTINUOUS
10
0.3355095275590551
20
1.1846148818897637
11
0.3354335433070866
21
1.1848378740157479
0
LINE
8
BLACK
6
CONTINUOUS
10
0.3354335433070866
20
1.1848378740157479
11
0.3352531102362205
21
1.1849892913385827
0
LINE
8
BLACK
6
CONTINUOUS
10
0.3352531102362205
20
1.1849892913385827
11
0.335114842519685
21
1.1857732283464566
0
LINE
8
BLACK
6
CONTINUOUS
10
0.335114842519685
20
1.1857732283464566
11
0.3348581496062992
21
1.1865267716535433
0
LINE
8
BLACK
6
CONTINUOUS
10
0.3348581496062992
20
1.1865267716535433
11
0.3349432677165354
21
1.1867463779527558
0
LINE
8
BLACK
6
CONTINUOUS
10
0.3349432677165354
20
1.1867463779527558
11
0.3349023622047244
21
1.1869784251968503
0
LINE
8
BLACK
6
CONTINUOUS
10
0.3349023622047244
20
1.1869784251968503
11
0.3353004330708662
21
1.187667874015748
0
LINE
8
BLACK
6
CONTINUOUS
10
0.3353004330708662
20
1.187667874015748
11
0.3355881102362205
21
1.1884100787401575
0
LINE
8
BLACK
6
CONTINUOUS
10
0.3355881102362205
20
1.1884100787401575
11
0.3444264566929134
21
1.1985110236220473
0
LINE
8
BLACK
6
CONTINUOUS
10
0.3444264566929134
20
1.1985110236220473
11
0.3265616929133858
21
1.1985110236220473
0
LINE
8
BLACK
6
CONTINUOUS
10
0.3265616929133858
20
1.1985110236220473
11
0.3255517716535433
21
1.1986890944881889
0
LINE
8
BLACK
6
CONTINUOUS
10
0.3255517716535433
20
1.1986890944881889
11
0.3240045275590551
21
1.1999874015748031
0
LINE
8
BLACK
6
CONTINUOUS
10
0.3240045275590551
20
1.1999874015748031
11
0.323653779527559
21
1.2019765354330709
0
LINE
8
BLACK
6
CONTINUOUS
10
0.323653779527559
20
1.2019765354330709
11
0.3246637007874016
21
1.2037257086614173
0
LINE
8
BLACK
6
CONTINUOUS
10
0.3246637007874016
20
1.2037257086614173
11
0.3265616929133858
21
1.2044165354330709
0
LINE
8
BLACK
6
CONTINUOUS
10
0.3265616929133858
20
1.2044165354330709
11
0.3509336220472441
21
1.2044165354330709
0
LINE
8
BLACK
6
CONTINUOUS
10
0.3509336220472441
20
1.2044165354330709
11
0.3513709448818897
21
1.2043394094488189
0
LINE
8
BLACK
6
CONTINUOUS
10
0.4432870866141732
20
1.2773692125984251
11
0.4630265354330709
21
1.2750329133858267
0
LINE
8
BLACK
6
CONTINUOUS
10
0.4630265354330709
20
1.2750329133858267
11
0.482521811023622
21
1.2711550787401575
0
LINE
8
BLACK
6
CONTINUOUS
10
0.482521811023622
20
1.2711550787401575
11
0.5016527165354331
21
1.2657595669291339
0
LINE
8
BLACK
6
CONTINUOUS
10
0.5016527165354331
20
1.2657595669291339
11
0.5203013385826771
21
1.2588797244094487
0
LINE
8
BLACK
6
CONTINUOUS
10
0.5203013385826771
20
1.2588797244094487
11
0.538352716535433
21
1.2505579527559054
0
LINE
8
BLACK
6
CONTINUOUS
10
0.538352716535433
20
1.2505579527559054
11
0.5556955118110236
21
1.2408455118110235
0
LINE
8
BLACK
6
CONTINUOUS
10
0.5556955118110236
20
1.2408455118110235
11
0.5722227952755905
21
1.2298023228346457
0
LINE
8
BLACK
6
CONTINUOUS
10
0.5722227952755905
20
1.2298023228346457
11
0.587832716535433
21
1.2174964566929134
0
LINE
8
BLACK
6
CONTINUOUS
10
0.587832716535433
20
1.2174964566929134
11
0.6024290157480315
21
1.2040038188976379
0
LINE
8
BLACK
6
CONTINUOUS
10
0.6024290157480315
20
1.2040038188976379
11
0.6159216535433071
21
1.1894075196850393
0
LINE
8
BLACK
6
CONTINUOUS
10
0.6159216535433071
20
1.1894075196850393
11
0.6282275196850393
21
1.1737975984251969
0
LINE
8
BLACK
6
CONTINUOUS
10
0.6282275196850393
20
1.1737975984251969
11
0.6392707086614173
21
1.1572703149606298
0
LINE
8
BLACK
6
CONTINUOUS
10
0.6392707086614173
20
1.1572703149606298
11
0.6489831496062992
21
1.1399275196850394
0
LINE
8
BLACK
6
CONTINUOUS
10
0.6489831496062992
20
1.1399275196850394
11
0.6573049212598425
21
1.1218761417322833
0
LINE
8
BLACK
6
CONTINUOUS
10
0.6573049212598425
20
1.1218761417322833
11
0.6641847637795275
21
1.1032275196850394
0
LINE
8
BLACK
6
CONTINUOUS
10
0.6641847637795275
20
1.1032275196850394
11
0.6695802755905511
21
1.0840966141732282
0
LINE
8
BLACK
6
CONTINUOUS
10
0.6695802755905511
20
1.0840966141732282
11
0.6734581102362205
21
1.0646013385826771
0
LINE
8
BLACK
6
CONTINUOUS
10
0.6734581102362205
20
1.0646013385826771
11
0.6746066141732283
21
1.0548973622047244
0
LINE
8
BLACK
6
CONTINUOUS
10
0.6746066141732283
20
1.0548973622047244
11
0.6746456692913385
21
1.0548031496062993
0
LINE
8
BLACK
6
CONTINUOUS
10
0.6746456692913385
20
1.0548031496062993
11
0.6746456692913385
21
1.0545675984251968
0
LINE
8
BLACK
6
CONTINUOUS
10
0.6746456692913385
20
1.0545675984251968
11
0.6757944094488189
21
1.0448618897637796
0
LINE
8
BLACK
6
CONTINUOUS
10
0.6757944094488189
20
1.0448618897637796
11
0.676070157480315
21
1.0378431102362204
0
LINE
8
BLACK
6
CONTINUOUS
10
0.676070157480315
20
1.0378431102362204
11
0.6762204724409449
21
1.03748031496063
0
LINE
8
BLACK
6
CONTINUOUS
10
0.6762204724409449
20
1.03748031496063
11
0.6762204724409449
21
1.0340181102362205
0
LINE
8
BLACK
6
CONTINUOUS
10
0.6762204724409449
20
1.0340181102362205
11
0.6765748031496063
21
1.0249999999999999
0
LINE
8
BLACK
6
CONTINUOUS
10
0.6765748031496063
20
1.0249999999999999
11
0.6762204724409449
21
1.0159818503937008
0
LINE
8
BLACK
6
CONTINUOUS
10
0.6762204724409449
20
1.0159818503937008
11
0.6762204724409449
21
1.0125196850393701
0
LINE
8
BLACK
6
CONTINUOUS
10
0.6762204724409449
20
1.0125196850393701
11
0.676070157480315
21
1.0121568503937008
0
LINE
8
BLACK
6
CONTINUOUS
10
0.676070157480315
20
1.0121568503937008
11
0.6757944094488189
21
1.0051381102362205
0
LINE
8
BLACK
6
CONTINUOUS
10
0.6757944094488189
20
1.0051381102362205
11
0.6746456692913385
21
0.9954323622047244
0
LINE
8
BLACK
6
CONTINUOUS
10
0.6746456692913385
20
0.9954323622047244
11
0.6746456692913385
21
0.9951968503937008
0
LINE
8
BLACK
6
CONTINUOUS
10
0.6746456692913385
20
0.9951968503937008
11
0.6746066141732283
21
0.9951025984251969
0
LINE
8
BLACK
6
CONTINUOUS
10
0.6746066141732283
20
0.9951025984251969
11
0.6734581102362205
21
0.9853986614173228
0
LINE
8
BLACK
6
CONTINUOUS
10
0.6734581102362205
20
0.9853986614173228
11
0.6695802755905511
21
0.9659033858267716
0
LINE
8
BLACK
6
CONTINUOUS
10
0.6695802755905511
20
0.9659033858267716
11
0.6641847637795275
21
0.9467724803149606
0
LINE
8
BLACK
6
CONTINUOUS
10
0.6641847637795275
20
0.9467724803149606
11
0.6573049212598425
21
0.9281238582677165
0
LINE
8
BLACK
6
CONTINUOUS
10
0.6573049212598425
20
0.9281238582677165
11
0.6489831496062992
21
0.9100724803149606
0
LINE
8
BLACK
6
CONTINUOUS
10
0.6489831496062992
20
0.9100724803149606
11
0.6392707086614173
21
0.8927296850393701
0
LINE
8
BLACK
6
CONTINUOUS
10
0.6392707086614173
20
0.8927296850393701
11
0.6282275196850393
21
0.8762024015748031
0
LINE
8
BLACK
6
CONTINUOUS
10
0.6282275196850393
20
0.8762024015748031
11
0.6159216535433071
21
0.8605924803149606
0
LINE
8
BLACK
6
CONTINUOUS
10
0.6159216535433071
20
0.8605924803149606
11
0.6024290157480315
21
0.8459961811023622
0
LINE
8
BLACK
6
CONTINUOUS
10
0.6024290157480315
20
0.8459961811023622
11
0.587832716535433
21
0.8325035433070866
0
LINE
8
BLACK
6
CONTINUOUS
10
0.587832716535433
20
0.8325035433070866
11
0.5722227952755905
21
0.8201976771653543
0
LINE
8
BLACK
6
CONTINUOUS
10
0.5722227952755905
20
0.8201976771653543
11
0.5556955118110236
21
0.8091544881889764
0
LINE
8
BLACK
6
CONTINUOUS
10
0.5556955118110236
20
0.8091544881889764
11
0.538352716535433
21
0.7994420472440945
0
LINE
8
BLACK
6
CONTINUOUS
10
0.538352716535433
20
0.7994420472440945
11
0.5203013385826771
21
0.7911202755905512
0
LINE
8
BLACK
6
CONTINUOUS
10
0.5203013385826771
20
0.7911202755905512
11
0.5016527165354331
21
0.7842404330708661
0
LINE
8
BLACK
6
CONTINUOUS
10
0.5016527165354331
20
0.7842404330708661
11
0.482521811023622
21
0.7788449212598425
0
LINE
8
BLACK
6
CONTINUOUS
10
0.482521811023622
20
0.7788449212598425
11
0.4630265354330709
21
0.7749670866141732
0
LINE
8
BLACK
6
CONTINUOUS
10
0.4630265354330709
20
0.7749670866141732
11
0.4432870866141732
21
0.7726307874015748
0
LINE
8
BLACK
6
CONTINUOUS
10
0.4432870866141732
20
0.7726307874015748
11
0.4234251968503937
21
0.7718503937007873
0
LINE
8
BLACK
6
CONTINUOUS
10
0.4234251968503937
20
0.7718503937007873
11
0.4035633070866141
21
0.7726307874015748
0
LINE
8
BLACK
6
CONTINUOUS
10
0.4035633070866141
20
0.7726307874015748
11
0.3838238582677165
21
0.7749670866141732
0
LINE
8
BLACK
6
CONTINUOUS
10
0.3838238582677165
20
0.7749670866141732
11
0.3643285826771653
21
0.7788449212598425
0
LINE
8
BLACK
6
CONTINUOUS
10
0.3643285826771653
20
0.7788449212598425
11
0.3451976771653543
21
0.7842404330708661
0
LINE
8
BLACK
6
CONTINUOUS
10
0.3451976771653543
20
0.7842404330708661
11
0.3265490551181102
21
0.7911202755905512
0
LINE
8
BLACK
6
CONTINUOUS
10
0.3265490551181102
20
0.7911202755905512
11
0.3084976771653543
21
0.7994420472440945
0
LINE
8
BLACK
6
CONTINUOUS
10
0.3084976771653543
20
0.7994420472440945
11
0.2911548818897638
21
0.8091544881889764
0
LINE
8
BLACK
6
CONTINUOUS
10
0.2911548818897638
20
0.8091544881889764
11
0.2746275984251969
21
0.8201976771653543
0
LINE
8
BLACK
6
CONTINUOUS
10
0.2746275984251969
20
0.8201976771653543
11
0.2590176771653543
21
0.8325035433070866
0
LINE
8
BLACK
6
CONTINUOUS
10
0.2590176771653543
20
0.8325035433070866
11
0.2444213779527559
21
0.8459961811023622
0
LINE
8
BLACK
6
CONTINUOUS
10
0.2444213779527559
20
0.8459961811023622
11
0.2309287401574803
21
0.8605924803149606
0
LINE
8
BLACK
6
CONTINUOUS
10
0.2309287401574803
20
0.8605924803149606
11
0.218622874015748
21
0.8762024015748031
0
LINE
8
BLACK
6
CONTINUOUS
10
0.218622874015748
20
0.8762024015748031
11
0.2075796850393701
21
0.8927296850393701
0
LINE
8
BLACK
6
CONTINUOUS
10
0.2075796850393701
20
0.8927296850393701
11
0.1978672440944882
21
0.9100724803149606
0
LINE
8
BLACK
6
CONTINUOUS
10
0.1978672440944882
20
0.9100724803149606
11
0.1895454724409449
21
0.9281238582677165
0
LINE
8
BLACK
6
CONTINUOUS
10
0.1895454724409449
20
0.9281238582677165
11
0.1826656299212598
21
0.9467724803149606
0
LINE
8
BLACK
6
CONTINUOUS
10
0.1826656299212598
20
0.9467724803149606
11
0.1772701181102362
21
0.9659033858267716
0
LINE
8
BLACK
6
CONTINUOUS
10
0.1772701181102362
20
0.9659033858267716
11
0.1733922834645669
21
0.9853986614173228
0
LINE
8
BLACK
6
CONTINUOUS
10
0.1733922834645669
20
0.9853986614173228
11
0.1710559842519685
21
1.0051381102362205
0
LINE
8
BLACK
6
CONTINUOUS
10
0.1710559842519685
20
1.0051381102362205
11
0.1702755905511811
21
1.0249999999999999
0
LINE
8
BLACK
6
CONTINUOUS
10
0.1702755905511811
20
1.0249999999999999
11
0.1710559842519685
21
1.0448618897637796
0
LINE
8
BLACK
6
CONTINUOUS
10
0.1710559842519685
20
1.0448618897637796
11
0.1733922834645669
21
1.0646013385826771
0
LINE
8
BLACK
6
CONTINUOUS
10
0.1733922834645669
20
1.0646013385826771
11
0.1772701181102362
21
1.0840966141732282
0
LINE
8
BLACK
6
CONTINUOUS
10
0.1772701181102362
20
1.0840966141732282
11
0.1826656299212598
21
1.1032275196850394
0
LINE
8
BLACK
6
CONTINUOUS
10
0.1826656299212598
20
1.1032275196850394
11
0.1895454724409449
21
1.1218761417322833
0
LINE
8
BLACK
6
CONTINUOUS
10
0.1895454724409449
20
1.1218761417322833
11
0.1978672440944882
21
1.1399275196850394
0
LINE
8
BLACK
6
CONTINUOUS
10
0.1978672440944882
20
1.1399275196850394
11
0.2075796850393701
21
1.1572703149606298
0
LINE
8
BLACK
6
CONTINUOUS
10
0.2075796850393701
20
1.1572703149606298
11
0.218622874015748
21
1.1737975984251969
0
LINE
8
BLACK
6
CONTINUOUS
10
0.218622874015748
20
1.1737975984251969
11
0.2309287401574803
21
1.1894075196850393
0
LINE
8
BLACK
6
CONTINUOUS
10
0.2309287401574803
20
1.1894075196850393
11
0.2444213779527559
21
1.2040038188976379
0
LINE
8
BLACK
6
CONTINUOUS
10
0.2444213779527559
20
1.2040038188976379
11
0.2590176771653543
21
1.2174964566929134
0
LINE
8
BLACK
6
CONTINUOUS
10
0.2590176771653543
20
1.2174964566929134
11
0.2746275984251969
21
1.2298023228346457
0
LINE
8
BLACK
6
CONTINUOUS
10
0.2746275984251969
20
1.2298023228346457
11
0.2911548818897638
21
1.2408455118110235
0
LINE
8
BLACK
6
CONTINUOUS
10
0.2911548818897638
20
1.2408455118110235
11
0.3084976771653543
21
1.2505579527559054
0
LINE
8
BLACK
6
CONTINUOUS
10
0.3084976771653543
20
1.2505579527559054
11
0.3265490551181102
21
1.2588797244094487
0
LINE
8
BLACK
6
CONTINUOUS
10
0.3265490551181102
20
1.2588797244094487
11
0.3451976771653543
21
1.2657595669291339
0
LINE
8
BLACK
6
CONTINUOUS
10
0.3451976771653543
20
1.2657595669291339
11
0.3643285826771653
21
1.2711550787401575
0
LINE
8
BLACK
6
CONTINUOUS
10
0.3643285826771653
20
1.2711550787401575
11
0.3838238582677165
21
1.2750329133858267
0
LINE
8
BLACK
6
CONTINUOUS
10
0.3838238582677165
20
1.2750329133858267
11
0.4035633070866141
21
1.2773692125984251
0
LINE
8
BLACK
6
CONTINUOUS
10
0.4035633070866141
20
1.2773692125984251
11
0.4234251968503937
21
1.2781496062992126
0
LINE
8
BLACK
6
CONTINUOUS
10
0.4234251968503937
20
1.2781496062992126
11
0.4432870866141732
21
1.2773692125984251
0
LINE
8
BLACK
6
CONTINUOUS
10
0.5762204724409449
20
1.0793307086614172
11
0.5754330708661417
21
1.0796568503937007
0
LINE
8
BLACK
6
CONTINUOUS
10
0.5754330708661417
20
1.0796568503937007
11
0.5746456692913385
21
1.0793307086614172
0
LINE
8
BLACK
6
CONTINUOUS
10
0.5746456692913385
20
1.0793307086614172
11
0.5738582677165355
21
1.0796568503937007
0
LINE
8
BLACK
6
CONTINUOUS
10
0.5738582677165355
20
1.0796568503937007
11
0.5730708661417323
21
1.0793307086614172
0
LINE
8
BLACK
6
CONTINUOUS
10
0.5730708661417323
20
1.0793307086614172
11
0.5722834645669291
21
1.0796568503937007
0
LINE
8
BLACK
6
CONTINUOUS
10
0.5722834645669291
20
1.0796568503937007
11
0.571496062992126
21
1.0793307086614172
0
LINE
8
BLACK
6
CONTINUOUS
10
0.571496062992126
20
1.0793307086614172
11
0.5707086614173228
21
1.0796568503937007
0
LINE
8
BLACK
6
CONTINUOUS
10
0.5707086614173228
20
1.0796568503937007
11
0.5699212598425196
21
1.0793307086614172
0
LINE
8
BLACK
6
CONTINUOUS
10
0.5699212598425196
20
1.0793307086614172
11
0.5691338582677166
21
1.0796568503937007
0
LINE
8
BLACK
6
CONTINUOUS
10
0.5691338582677166
20
1.0796568503937007
11
0.5683464566929134
21
1.0793307086614172
0
LINE
8
BLACK
6
CONTINUOUS
10
0.5683464566929134
20
1.0793307086614172
11
0.5675590551181102
21
1.0796568503937007
0
LINE
8
BLACK
6
CONTINUOUS
10
0.5675590551181102
20
1.0796568503937007
11
0.5667716535433071
21
1.0793307086614172
0
LINE
8
BLACK
6
CONTINUOUS
10
0.5667716535433071
20
1.0793307086614172
11
0.5659842519685039
21
1.0796568503937007
0
LINE
8
BLACK
6
CONTINUOUS
10
0.5659842519685039
20
1.0796568503937007
11
0.5651968503937008
21
1.0793307086614172
0
LINE
8
BLACK
6
CONTINUOUS
10
0.5651968503937008
20
1.0793307086614172
11
0.5644094488188977
21
1.0796568503937007
0
LINE
8
BLACK
6
CONTINUOUS
10
0.5644094488188977
20
1.0796568503937007
11
0.5636220472440945
21
1.0793307086614172
0
LINE
8
BLACK
6
CONTINUOUS
10
0.5636220472440945
20
1.0793307086614172
11
0.5628346456692913
21
1.0796568503937007
0
LINE
8
BLACK
6
CONTINUOUS
10
0.5628346456692913
20
1.0796568503937007
11
0.5620472440944881
21
1.0793307086614172
0
LINE
8
BLACK
6
CONTINUOUS
10
0.5620472440944881
20
1.0793307086614172
11
0.5612598425196851
21
1.0796568503937007
0
LINE
8
BLACK
6
CONTINUOUS
10
0.5612598425196851
20
1.0796568503937007
11
0.5604724409448819
21
1.0793307086614172
0
LINE
8
BLACK
6
CONTINUOUS
10
0.5604724409448819
20
1.0793307086614172
11
0.5596850393700787
21
1.0796568503937007
0
LINE
8
BLACK
6
CONTINUOUS
10
0.5596850393700787
20
1.0796568503937007
11
0.5588976377952756
21
1.0793307086614172
0
LINE
8
BLACK
6
CONTINUOUS
10
0.5588976377952756
20
1.0793307086614172
11
0.5581102362204724
21
1.0796568503937007
0
LINE
8
BLACK
6
CONTINUOUS
10
0.5581102362204724
20
1.0796568503937007
11
0.5573228346456692
21
1.0793307086614172
0
LINE
8
BLACK
6
CONTINUOUS
10
0.5573228346456692
20
1.0793307086614172
11
0.5565354330708662
21
1.0796568503937007
0
LINE
8
BLACK
6
CONTINUOUS
10
0.5565354330708662
20
1.0796568503937007
11
0.555748031496063
21
1.0793307086614172
0
LINE
8
BLACK
6
CONTINUOUS
10
0.555748031496063
20
1.0793307086614172
11
0.5549606299212598
21
1.0796568503937007
0
LINE
8
BLACK
6
CONTINUOUS
10
0.5549606299212598
20
1.0796568503937007
11
0.5541732283464567
21
1.0793307086614172
0
LINE
8
BLACK
6
CONTINUOUS
10
0.5541732283464567
20
1.0793307086614172
11
0.5533858267716535
21
1.0796568503937007
0
LINE
8
BLACK
6
CONTINUOUS
10
0.5533858267716535
20
1.0796568503937007
11
0.5525984251968504
21
1.0793307086614172
0
LINE
8
BLACK
6
CONTINUOUS
10
0.5525984251968504
20
1.0793307086614172
11
0.5518110236220473
21
1.0796568503937007
0
LINE
8
BLACK
6
CONTINUOUS
10
0.5518110236220473
20
1.0796568503937007
11
0.5510236220472441
21
1.0793307086614172
0
LINE
8
BLACK
6
CONTINUOUS
10
0.5510236220472441
20
1.0793307086614172
11
0.5502362204724409
21
1.0796568503937007
0
LINE
8
BLACK
6
CONTINUOUS
10
0.5502362204724409
20
1.0796568503937007
11
0.5494488188976377
21
1.0793307086614172
0
LINE
8
BLACK
6
CONTINUOUS
10
0.5494488188976377
20
1.0793307086614172
11
0.5486614173228347
21
1.0796568503937007
0
LINE
8
BLACK
6
CONTINUOUS
10
0.5486614173228347
20
1.0796568503937007
11
0.5478740157480315
21
1.0793307086614172
0
LINE
8
BLACK
6
CONTINUOUS
10
0.5478740157480315
20
1.0793307086614172
11
0.5470866141732283
21
1.0796568503937007
0
LINE
8
BLACK
6
CONTINUOUS
10
0.5470866141732283
20
1.0796568503937007
11
0.5462992125984252
21
1.0793307086614172
0
LINE
8
BLACK
6
CONTINUOUS
10
0.5462992125984252
20
1.0793307086614172
11
0.545511811023622
21
1.0796568503937007
0
LINE
8
BLACK
6
CONTINUOUS
10
0.545511811023622
20
1.0796568503937007
11
0.5447244094488188
21
1.0793307086614172
0
LINE
8
BLACK
6
CONTINUOUS
10
0.5447244094488188
20
1.0793307086614172
11
0.5439370078740158
21
1.0796568503937007
0
LINE
8
BLACK
6
CONTINUOUS
10
0.5439370078740158
20
1.0796568503937007
11
0.5431496062992126
21
1.0793307086614172
0
LINE
8
BLACK
6
CONTINUOUS
10
0.5431496062992126
20
1.0793307086614172
11
0.5423622047244094
21
1.0796568503937007
0
LINE
8
BLACK
6
CONTINUOUS
10
0.5423622047244094
20
1.0796568503937007
11
0.5415748031496063
21
1.0793307086614172
0
LINE
8
BLACK
6
CONTINUOUS
10
0.5415748031496063
20
1.0793307086614172
11
0.5407874015748031
21
1.0796568503937007
0
LINE
8
BLACK
6
CONTINUOUS
10
0.5407874015748031
20
1.0796568503937007
11
0.54
21
1.0793307086614172
0
LINE
8
BLACK
6
CONTINUOUS
10
0.54
20
1.0793307086614172
11
0.5392125984251969
21
1.0796568503937007
0
LINE
8
BLACK
6
CONTINUOUS
10
0.5392125984251969
20
1.0796568503937007
11
0.5384251968503937
21
1.0793307086614172
0
LINE
8
BLACK
6
CONTINUOUS
10
0.5384251968503937
20
1.0793307086614172
11
0.5376377952755905
21
1.0796568503937007
0
LINE
8
BLACK
6
CONTINUOUS
10
0.5376377952755905
20
1.0796568503937007
11
0.5368503937007874
21
1.0793307086614172
0
LINE
8
BLACK
6
CONTINUOUS
10
0.5368503937007874
20
1.0793307086614172
11
0.5360629921259843
21
1.0796568503937007
0
LINE
8
BLACK
6
CONTINUOUS
10
0.5360629921259843
20
1.0796568503937007
11
0.5352755905511811
21
1.0793307086614172
0
LINE
8
BLACK
6
CONTINUOUS
10
0.5352755905511811
20
1.0793307086614172
11
0.534488188976378
21
1.0796568503937007
0
LINE
8
BLACK
6
CONTINUOUS
10
0.534488188976378
20
1.0796568503937007
11
0.5337007874015748
21
1.0793307086614172
0
LINE
8
BLACK
6
CONTINUOUS
10
0.5337007874015748
20
1.0793307086614172
11
0.5329133858267716
21
1.0796568503937007
0
LINE
8
BLACK
6
CONTINUOUS
10
0.5329133858267716
20
1.0796568503937007
11
0.5321259842519684
21
1.0793307086614172
0
LINE
8
BLACK
6
CONTINUOUS
10
0.5321259842519684
20
1.0793307086614172
11
0.5313385826771654
21
1.0796568503937007
0
LINE
8
BLACK
6
CONTINUOUS
10
0.5313385826771654
20
1.0796568503937007
11
0.5305511811023622
21
1.0793307086614172
0
LINE
8
BLACK
6
CONTINUOUS
10
0.5305511811023622
20
1.0793307086614172
11
0.529763779527559
21
1.0796568503937007
0
LINE
8
BLACK
6
CONTINUOUS
10
0.529763779527559
20
1.0796568503937007
11
0.5289763779527559
21
1.0793307086614172
0
LINE
8
BLACK
6
CONTINUOUS
10
0.5289763779527559
20
1.0793307086614172
11
0.5281889763779527
21
1.0796568503937007
0
LINE
8
BLACK
6
CONTINUOUS
10
0.5281889763779527
20
1.0796568503937007
11
0.5274015748031496
21
1.0793307086614172
0
LINE
8
BLACK
6
CONTINUOUS
10
0.5274015748031496
20
1.0793307086614172
11
0.5266141732283465
21
1.0796568503937007
0
LINE
8
BLACK
6
CONTINUOUS
10
0.5266141732283465
20
1.0796568503937007
11
0.5258267716535433
21
1.0793307086614172
0
LINE
8
BLACK
6
CONTINUOUS
10
0.5258267716535433
20
1.0793307086614172
11
0.5250393700787401
21
1.0796568503937007
0
LINE
8
BLACK
6
CONTINUOUS
10
0.5250393700787401
20
1.0796568503937007
11
0.524251968503937
21
1.0793307086614172
0
LINE
8
BLACK
6
CONTINUOUS
10
0.524251968503937
20
1.0793307086614172
11
0.5234645669291339
21
1.0796568503937007
0
LINE
8
BLACK
6
CONTINUOUS
10
0.5234645669291339
20
1.0796568503937007
11
0.5226771653543307
21
1.0793307086614172
0
LINE
8
BLACK
6
CONTINUOUS
10
0.5226771653543307
20
1.0793307086614172
11
0.5218897637795276
21
1.0796568503937007
0
LINE
8
BLACK
6
CONTINUOUS
10
0.5218897637795276
20
1.0796568503937007
11
0.5211023622047244
21
1.0793307086614172
0
LINE
8
BLACK
6
CONTINUOUS
10
0.5211023622047244
20
1.0793307086614172
11
0.5203149606299212
21
1.0796568503937007
0
LINE
8
BLACK
6
CONTINUOUS
10
0.5203149606299212
20
1.0796568503937007
11
0.519527559055118
21
1.0793307086614172
0
LINE
8
BLACK
6
CONTINUOUS
10
0.519527559055118
20
1.0793307086614172
11
0.518740157480315
21
1.0796568503937007
0
LINE
8
BLACK
6
CONTINUOUS
10
0.518740157480315
20
1.0796568503937007
11
0.5179527559055118
21
1.0793307086614172
0
LINE
8
BLACK
6
CONTINUOUS
10
0.5179527559055118
20
1.0793307086614172
11
0.5171653543307086
21
1.0796568503937007
0
LINE
8
BLACK
6
CONTINUOUS
10
0.5171653543307086
20
1.0796568503937007
11
0.5163779527559055
21
1.0793307086614172
0
LINE
8
BLACK
6
CONTINUOUS
10
0.5163779527559055
20
1.0793307086614172
11
0.5155905511811023
21
1.0796568503937007
0
LINE
8
BLACK
6
CONTINUOUS
10
0.5155905511811023
20
1.0796568503937007
11
0.5148031496062992
21
1.0793307086614172
0
LINE
8
BLACK
6
CONTINUOUS
10
0.5148031496062992
20
1.0793307086614172
11
0.5140157480314961
21
1.0796568503937007
0
LINE
8
BLACK
6
CONTINUOUS
10
0.5140157480314961
20
1.0796568503937007
11
0.5132283464566929
21
1.0793307086614172
0
LINE
8
BLACK
6
CONTINUOUS
10
0.5132283464566929
20
1.0793307086614172
11
0.5124409448818897
21
1.0796568503937007
0
LINE
8
BLACK
6
CONTINUOUS
10
0.5124409448818897
20
1.0796568503937007
11
0.5116535433070866
21
1.0793307086614172
0
LINE
8
BLACK
6
CONTINUOUS
10
0.5116535433070866
20
1.0793307086614172
11
0.5108661417322835
21
1.0796568503937007
0
LINE
8
BLACK
6
CONTINUOUS
10
0.5108661417322835
20
1.0796568503937007
11
0.5100787401574803
21
1.0793307086614172
0
LINE
8
BLACK
6
CONTINUOUS
10
0.5100787401574803
20
1.0793307086614172
11
0.5092913385826772
21
1.0796568503937007
0
LINE
8
BLACK
6
CONTINUOUS
10
0.5092913385826772
20
1.0796568503937007
11
0.508503937007874
21
1.0793307086614172
0
LINE
8
BLACK
6
CONTINUOUS
10
0.508503937007874
20
1.0793307086614172
11
0.5077165354330708
21
1.0796568503937007
0
LINE
8
BLACK
6
CONTINUOUS
10
0.5077165354330708
20
1.0796568503937007
11
0.5069291338582677
21
1.0793307086614172
0
LINE
8
BLACK
6
CONTINUOUS
10
0.5069291338582677
20
1.0793307086614172
11
0.5061417322834646
21
1.0796568503937007
0
LINE
8
BLACK
6
CONTINUOUS
10
0.5061417322834646
20
1.0796568503937007
11
0.5053543307086614
21
1.0793307086614172
0
LINE
8
BLACK
6
CONTINUOUS
10
0.5053543307086614
20
1.0793307086614172
11
0.5045669291338583
21
1.0796568503937007
0
LINE
8
BLACK
6
CONTINUOUS
10
0.5045669291338583
20
1.0796568503937007
11
0.5037795275590551
21
1.0793307086614172
0
LINE
8
BLACK
6
CONTINUOUS
10
0.5037795275590551
20
1.0793307086614172
11
0.5029921259842519
21
1.0796568503937007
0
LINE
8
BLACK
6
CONTINUOUS
10
0.5029921259842519
20
1.0796568503937007
11
0.5022047244094489
21
1.0793307086614172
0
LINE
8
BLACK
6
CONTINUOUS
10
0.5022047244094489
20
1.0793307086614172
11
0.5014173228346457
21
1.0796568503937007
0
LINE
8
BLACK
6
CONTINUOUS
10
0.5014173228346457
20
1.0796568503937007
11
0.5006299212598425
21
1.0793307086614172
0
LINE
8
BLACK
6
CONTINUOUS
10
0.5006299212598425
20
1.0793307086614172
11
0.4998425196850393
21
1.0796568503937007
0
LINE
8
BLACK
6
CONTINUOUS
10
0.4998425196850393
20
1.0796568503937007
11
0.4990551181102362
21
1.0793307086614172
0
LINE
8
BLACK
6
CONTINUOUS
10
0.4990551181102362
20
1.0793307086614172
11
0.4982677165354331
21
1.0796568503937007
0
LINE
8
BLACK
6
CONTINUOUS
10
0.4982677165354331
20
1.0796568503937007
11
0.4974803149606299
21
1.0793307086614172
0
LINE
8
BLACK
6
CONTINUOUS
10
0.4974803149606299
20
1.0793307086614172
11
0.4966929133858268
21
1.0796568503937007
0
LINE
8
BLACK
6
CONTINUOUS
10
0.4966929133858268
20
1.0796568503937007
11
0.4959055118110236
21
1.0793307086614172
0
LINE
8
BLACK
6
CONTINUOUS
10
0.4959055118110236
20
1.0793307086614172
11
0.4951181102362205
21
1.0796568503937007
0
LINE
8
BLACK
6
CONTINUOUS
10
0.4951181102362205
20
1.0796568503937007
11
0.4943307086614173
21
1.0793307086614172
0
LINE
8
BLACK
6
CONTINUOUS
10
0.4943307086614173
20
1.0793307086614172
11
0.4935433070866141
21
1.0796568503937007
0
LINE
8
BLACK
6
CONTINUOUS
10
0.4935433070866141
20
1.0796568503937007
11
0.492755905511811
21
1.0793307086614172
0
LINE
8
BLACK
6
CONTINUOUS
10
0.492755905511811
20
1.0793307086614172
11
0.4919685039370079
21
1.0796568503937007
0
LINE
8
BLACK
6
CONTINUOUS
10
0.4919685039370079
20
1.0796568503937007
11
0.4911811023622047
21
1.0793307086614172
0
LINE
8
BLACK
6
CONTINUOUS
10
0.4911811023622047
20
1.0793307086614172
11
0.4903937007874016
21
1.0796568503937007
0
LINE
8
BLACK
6
CONTINUOUS
10
0.4903937007874016
20
1.0796568503937007
11
0.4896062992125984
21
1.0793307086614172
0
LINE
8
BLACK
6
CONTINUOUS
10
0.4896062992125984
20
1.0793307086614172
11
0.4888188976377953
21
1.0796568503937007
0
LINE
8
BLACK
6
CONTINUOUS
10
0.4888188976377953
20
1.0796568503937007
11
0.4880314960629921
21
1.0793307086614172
0
LINE
8
BLACK
6
CONTINUOUS
10
0.4880314960629921
20
1.0793307086614172
11
0.487244094488189
21
1.0796568503937007
0
LINE
8
BLACK
6
CONTINUOUS
10
0.487244094488189
20
1.0796568503937007
11
0.4864566929133858
21
1.0793307086614172
0
LINE
8
BLACK
6
CONTINUOUS
10
0.4864566929133858
20
1.0793307086614172
11
0.4856692913385827
21
1.0796568503937007
0
LINE
8
BLACK
6
CONTINUOUS
10
0.4856692913385827
20
1.0796568503937007
11
0.4848818897637795
21
1.0793307086614172
0
LINE
8
BLACK
6
CONTINUOUS
10
0.4848818897637795
20
1.0793307086614172
11
0.4840944881889764
21
1.0796568503937007
0
LINE
8
BLACK
6
CONTINUOUS
10
0.4840944881889764
20
1.0796568503937007
11
0.4833070866141732
21
1.0793307086614172
0
LINE
8
BLACK
6
CONTINUOUS
10
0.4833070866141732
20
1.0793307086614172
11
0.4825196850393701
21
1.0796568503937007
0
LINE
8
BLACK
6
CONTINUOUS
10
0.4825196850393701
20
1.0796568503937007
11
0.4817322834645669
21
1.0793307086614172
0
LINE
8
BLACK
6
CONTINUOUS
10
0.4817322834645669
20
1.0793307086614172
11
0.4809448818897638
21
1.0796568503937007
0
LINE
8
BLACK
6
CONTINUOUS
10
0.4809448818897638
20
1.0796568503937007
11
0.4801574803149606
21
1.0793307086614172
0
LINE
8
BLACK
6
CONTINUOUS
10
0.4801574803149606
20
1.0793307086614172
11
0.4793700787401575
21
1.0796568503937007
0
LINE
8
BLACK
6
CONTINUOUS
10
0.4793700787401575
20
1.0796568503937007
11
0.4785826771653543
21
1.0793307086614172
0
LINE
8
BLACK
6
CONTINUOUS
10
0.4785826771653543
20
1.0793307086614172
11
0.4777952755905512
21
1.0796568503937007
0
LINE
8
BLACK
6
CONTINUOUS
10
0.4777952755905512
20
1.0796568503937007
11
0.477007874015748
21
1.0793307086614172
0
LINE
8
BLACK
6
CONTINUOUS
10
0.477007874015748
20
1.0793307086614172
11
0.4762204724409449
21
1.0796568503937007
0
LINE
8
BLACK
6
CONTINUOUS
10
0.4762204724409449
20
1.0796568503937007
11
0.4754330708661417
21
1.0793307086614172
0
LINE
8
BLACK
6
CONTINUOUS
10
0.4754330708661417
20
1.0793307086614172
11
0.4746456692913386
21
1.0796568503937007
0
LINE
8
BLACK
6
CONTINUOUS
10
0.4746456692913386
20
1.0796568503937007
11
0.4738582677165354
21
1.0793307086614172
0
LINE
8
BLACK
6
CONTINUOUS
10
0.4738582677165354
20
1.0793307086614172
11
0.4730708661417323
21
1.0796568503937007
0
LINE
8
BLACK
6
CONTINUOUS
10
0.4730708661417323
20
1.0796568503937007
11
0.4722834645669291
21
1.0793307086614172
0
LINE
8
BLACK
6
CONTINUOUS
10
0.4722834645669291
20
1.0793307086614172
11
0.471496062992126
21
1.0796568503937007
0
LINE
8
BLACK
6
CONTINUOUS
10
0.471496062992126
20
1.0796568503937007
11
0.4707086614173228
21
1.0793307086614172
0
LINE
8
BLACK
6
CONTINUOUS
10
0.4707086614173228
20
1.0793307086614172
11
0.4699212598425197
21
1.0796568503937007
0
LINE
8
BLACK
6
CONTINUOUS
10
0.4699212598425197
20
1.0796568503937007
11
0.4691338582677165
21
1.0793307086614172
0
LINE
8
BLACK
6
CONTINUOUS
10
0.4691338582677165
20
1.0793307086614172
11
0.4683464566929134
21
1.0796568503937007
0
LINE
8
BLACK
6
CONTINUOUS
10
0.4683464566929134
20
1.0796568503937007
11
0.4675590551181102
21
1.0793307086614172
0
LINE
8
BLACK
6
CONTINUOUS
10
0.4675590551181102
20
1.0793307086614172
11
0.4667716535433071
21
1.0796568503937007
0
LINE
8
BLACK
6
CONTINUOUS
10
0.4667716535433071
20
1.0796568503937007
11
0.4667716535433071
21
0.9703431102362204
0
LINE
8
BLACK
6
CONTINUOUS
10
0.4667716535433071
20
0.9703431102362204
11
0.4675590551181102
21
0.9706692913385827
0
LINE
8
BLACK
6
CONTINUOUS
10
0.4675590551181102
20
0.9706692913385827
11
0.4683464566929134
21
0.9703431102362204
0
LINE
8
BLACK
6
CONTINUOUS
10
0.4683464566929134
20
0.9703431102362204
11
0.4691338582677165
21
0.9706692913385827
0
LINE
8
BLACK
6
CONTINUOUS
10
0.4691338582677165
20
0.9706692913385827
11
0.4699212598425197
21
0.9703431102362204
0
LINE
8
BLACK
6
CONTINUOUS
10
0.4699212598425197
20
0.9703431102362204
11
0.4707086614173228
21
0.9706692913385827
0
LINE
8
BLACK
6
CONTINUOUS
10
0.4707086614173228
20
0.9706692913385827
11
0.471496062992126
21
0.9703431102362204
0
LINE
8
BLACK
6
CONTINUOUS
10
0.471496062992126
20
0.9703431102362204
11
0.4722834645669291
21
0.9706692913385827
0
LINE
8
BLACK
6
CONTINUOUS
10
0.4722834645669291
20
0.9706692913385827
11
0.4730708661417323
21
0.9703431102362204
0
LINE
8
BLACK
6
CONTINUOUS
10
0.4730708661417323
20
0.9703431102362204
11
0.4738582677165354
21
0.9706692913385827
0
LINE
8
BLACK
6
CONTINUOUS
10
0.4738582677165354
20
0.9706692913385827
11
0.4746456692913386
21
0.9703431102362204
0
LINE
8
BLACK
6
CONTINUOUS
10
0.4746456692913386
20
0.9703431102362204
11
0.4754330708661417
21
0.9706692913385827
0
LINE
8
BLACK
6
CONTINUOUS
10
0.4754330708661417
20
0.9706692913385827
11
0.4762204724409449
21
0.9703431102362204
0
LINE
8
BLACK
6
CONTINUOUS
10
0.4762204724409449
20
0.9703431102362204
11
0.477007874015748
21
0.9706692913385827
0
LINE
8
BLACK
6
CONTINUOUS
10
0.477007874015748
20
0.9706692913385827
11
0.4777952755905512
21
0.9703431102362204
0
LINE
8
BLACK
6
CONTINUOUS
10
0.4777952755905512
20
0.9703431102362204
11
0.4785826771653543
21
0.9706692913385827
0
LINE
8
BLACK
6
CONTINUOUS
10
0.4785826771653543
20
0.9706692913385827
11
0.4793700787401575
21
0.9703431102362204
0
LINE
8
BLACK
6
CONTINUOUS
10
0.4793700787401575
20
0.9703431102362204
11
0.4801574803149606
21
0.9706692913385827
0
LINE
8
BLACK
6
CONTINUOUS
10
0.4801574803149606
20
0.9706692913385827
11
0.4809448818897638
21
0.9703431102362204
0
LINE
8
BLACK
6
CONTINUOUS
10
0.4809448818897638
20
0.9703431102362204
11
0.4817322834645669
21
0.9706692913385827
0
LINE
8
BLACK
6
CONTINUOUS
10
0.4817322834645669
20
0.9706692913385827
11
0.4825196850393701
21
0.9703431102362204
0
LINE
8
BLACK
6
CONTINUOUS
10
0.4825196850393701
20
0.9703431102362204
11
0.4833070866141732
21
0.9706692913385827
0
LINE
8
BLACK
6
CONTINUOUS
10
0.4833070866141732
20
0.9706692913385827
11
0.4840944881889764
21
0.9703431102362204
0
LINE
8
BLACK
6
CONTINUOUS
10
0.4840944881889764
20
0.9703431102362204
11
0.4848818897637795
21
0.9706692913385827
0
LINE
8
BLACK
6
CONTINUOUS
10
0.4848818897637795
20
0.9706692913385827
11
0.4856692913385827
21
0.9703431102362204
0
LINE
8
BLACK
6
CONTINUOUS
10
0.4856692913385827
20
0.9703431102362204
11
0.4864566929133858
21
0.9706692913385827
0
LINE
8
BLACK
6
CONTINUOUS
10
0.4864566929133858
20
0.9706692913385827
11
0.487244094488189
21
0.9703431102362204
0
LINE
8
BLACK
6
CONTINUOUS
10
0.487244094488189
20
0.9703431102362204
11
0.4880314960629921
21
0.9706692913385827
0
LINE
8
BLACK
6
CONTINUOUS
10
0.4880314960629921
20
0.9706692913385827
11
0.4888188976377953
21
0.9703431102362204
0
LINE
8
BLACK
6
CONTINUOUS
10
0.4888188976377953
20
0.9703431102362204
11
0.4896062992125984
21
0.9706692913385827
0
LINE
8
BLACK
6
CONTINUOUS
10
0.4896062992125984
20
0.9706692913385827
11
0.4903937007874016
21
0.9703431102362204
0
LINE
8
BLACK
6
CONTINUOUS
10
0.4903937007874016
20
0.9703431102362204
11
0.4911811023622047
21
0.9706692913385827
0
LINE
8
BLACK
6
CONTINUOUS
10
0.4911811023622047
20
0.9706692913385827
11
0.4919685039370079
21
0.9703431102362204
0
LINE
8
BLACK
6
CONTINUOUS
10
0.4919685039370079
20
0.9703431102362204
11
0.492755905511811
21
0.9706692913385827
0
LINE
8
BLACK
6
CONTINUOUS
10
0.492755905511811
20
0.9706692913385827
11
0.4935433070866141
21
0.9703431102362204
0
LINE
8
BLACK
6
CONTINUOUS
10
0.4935433070866141
20
0.9703431102362204
11
0.4943307086614173
21
0.9706692913385827
0
LINE
8
BLACK
6
CONTINUOUS
10
0.4943307086614173
20
0.9706692913385827
11
0.4951181102362205
21
0.9703431102362204
0
LINE
8
BLACK
6
CONTINUOUS
10
0.4951181102362205
20
0.9703431102362204
11
0.4959055118110236
21
0.9706692913385827
0
LINE
8
BLACK
6
CONTINUOUS
10
0.4959055118110236
20
0.9706692913385827
11
0.4966929133858268
21
0.9703431102362204
0
LINE
8
BLACK
6
CONTINUOUS
10
0.4966929133858268
20
0.9703431102362204
11
0.4974803149606299
21
0.9706692913385827
0
LINE
8
BLACK
6
CONTINUOUS
10
0.4974803149606299
20
0.9706692913385827
11
0.4982677165354331
21
0.9703431102362204
0
LINE
8
BLACK
6
CONTINUOUS
10
0.4982677165354331
20
0.9703431102362204
11
0.4990551181102362
21
0.9706692913385827
0
LINE
8
BLACK
6
CONTINUOUS
10
0.4990551181102362
20
0.9706692913385827
11
0.4998425196850393
21
0.9703431102362204
0
LINE
8
BLACK
6
CONTINUOUS
10
0.4998425196850393
20
0.9703431102362204
11
0.5006299212598425
21
0.9706692913385827
0
LINE
8
BLACK
6
CONTINUOUS
10
0.5006299212598425
20
0.9706692913385827
11
0.5014173228346457
21
0.9703431102362204
0
LINE
8
BLACK
6
CONTINUOUS
10
0.5014173228346457
20
0.9703431102362204
11
0.5022047244094489
21
0.9706692913385827
0
LINE
8
BLACK
6
CONTINUOUS
10
0.5022047244094489
20
0.9706692913385827
11
0.5029921259842519
21
0.9703431102362204
0
LINE
8
BLACK
6
CONTINUOUS
10
0.5029921259842519
20
0.9703431102362204
11
0.5037795275590551
21
0.9706692913385827
0
LINE
8
BLACK
6
CONTINUOUS
10
0.5037795275590551
20
0.9706692913385827
11
0.5045669291338583
21
0.9703431102362204
0
LINE
8
BLACK
6
CONTINUOUS
10
0.5045669291338583
20
0.9703431102362204
11
0.5053543307086614
21
0.9706692913385827
0
LINE
8
BLACK
6
CONTINUOUS
10
0.5053543307086614
20
0.9706692913385827
11
0.5061417322834646
21
0.9703431102362204
0
LINE
8
BLACK
6
CONTINUOUS
10
0.5061417322834646
20
0.9703431102362204
11
0.5069291338582677
21
0.9706692913385827
0
LINE
8
BLACK
6
CONTINUOUS
10
0.5069291338582677
20
0.9706692913385827
11
0.5077165354330708
21
0.9703431102362204
0
LINE
8
BLACK
6
CONTINUOUS
10
0.5077165354330708
20
0.9703431102362204
11
0.508503937007874
21
0.9706692913385827
0
LINE
8
BLACK
6
CONTINUOUS
10
0.508503937007874
20
0.9706692913385827
11
0.5092913385826772
21
0.9703431102362204
0
LINE
8
BLACK
6
CONTINUOUS
10
0.5092913385826772
20
0.9703431102362204
11
0.5100787401574803
21
0.9706692913385827
0
LINE
8
BLACK
6
CONTINUOUS
10
0.5100787401574803
20
0.9706692913385827
11
0.5108661417322835
21
0.9703431102362204
0
LINE
8
BLACK
6
CONTINUOUS
10
0.5108661417322835
20
0.9703431102362204
11
0.5116535433070866
21
0.9706692913385827
0
LINE
8
BLACK
6
CONTINUOUS
10
0.5116535433070866
20
0.9706692913385827
11
0.5124409448818897
21
0.9703431102362204
0
LINE
8
BLACK
6
CONTINUOUS
10
0.5124409448818897
20
0.9703431102362204
11
0.5132283464566929
21
0.9706692913385827
0
LINE
8
BLACK
6
CONTINUOUS
10
0.5132283464566929
20
0.9706692913385827
11
0.5140157480314961
21
0.9703431102362204
0
LINE
8
BLACK
6
CONTINUOUS
10
0.5140157480314961
20
0.9703431102362204
11
0.5148031496062992
21
0.9706692913385827
0
LINE
8
BLACK
6
CONTINUOUS
10
0.5148031496062992
20
0.9706692913385827
11
0.5155905511811023
21
0.9703431102362204
0
LINE
8
BLACK
6
CONTINUOUS
10
0.5155905511811023
20
0.9703431102362204
11
0.5163779527559055
21
0.9706692913385827
0
LINE
8
BLACK
6
CONTINUOUS
10
0.5163779527559055
20
0.9706692913385827
11
0.5171653543307086
21
0.9703431102362204
0
LINE
8
BLACK
6
CONTINUOUS
10
0.5171653543307086
20
0.9703431102362204
11
0.5179527559055118
21
0.9706692913385827
0
LINE
8
BLACK
6
CONTINUOUS
10
0.5179527559055118
20
0.9706692913385827
11
0.518740157480315
21
0.9703431102362204
0
LINE
8
BLACK
6
CONTINUOUS
10
0.518740157480315
20
0.9703431102362204
11
0.519527559055118
21
0.9706692913385827
0
LINE
8
BLACK
6
CONTINUOUS
10
0.519527559055118
20
0.9706692913385827
11
0.5203149606299212
21
0.9703431102362204
0
LINE
8
BLACK
6
CONTINUOUS
10
0.5203149606299212
20
0.9703431102362204
11
0.5211023622047244
21
0.9706692913385827
0
LINE
8
BLACK
6
CONTINUOUS
10
0.5211023622047244
20
0.9706692913385827
11
0.5218897637795276
21
0.9703431102362204
0
LINE
8
BLACK
6
CONTINUOUS
10
0.5218897637795276
20
0.9703431102362204
11
0.5226771653543307
21
0.9706692913385827
0
LINE
8
BLACK
6
CONTINUOUS
10
0.5226771653543307
20
0.9706692913385827
11
0.5234645669291339
21
0.9703431102362204
0
LINE
8
BLACK
6
CONTINUOUS
10
0.5234645669291339
20
0.9703431102362204
11
0.524251968503937
21
0.9706692913385827
0
LINE
8
BLACK
6
CONTINUOUS
10
0.524251968503937
20
0.9706692913385827
11
0.5250393700787401
21
0.9703431102362204
0
LINE
8
BLACK
6
CONTINUOUS
10
0.5250393700787401
20
0.9703431102362204
11
0.5258267716535433
21
0.9706692913385827
0
LINE
8
BLACK
6
CONTINUOUS
10
0.5258267716535433
20
0.9706692913385827
11
0.5266141732283465
21
0.9703431102362204
0
LINE
8
BLACK
6
CONTINUOUS
10
0.5266141732283465
20
0.9703431102362204
11
0.5274015748031496
21
0.9706692913385827
0
LINE
8
BLACK
6
CONTINUOUS
10
0.5274015748031496
20
0.9706692913385827
11
0.5281889763779527
21
0.9703431102362204
0
LINE
8
BLACK
6
CONTINUOUS
10
0.5281889763779527
20
0.9703431102362204
11
0.5289763779527559
21
0.9706692913385827
0
LINE
8
BLACK
6
CONTINUOUS
10
0.5289763779527559
20
0.9706692913385827
11
0.529763779527559
21
0.9703431102362204
0
LINE
8
BLACK
6
CONTINUOUS
10
0.529763779527559
20
0.9703431102362204
11
0.5305511811023622
21
0.9706692913385827
0
LINE
8
BLACK
6
CONTINUOUS
10
0.5305511811023622
20
0.9706692913385827
11
0.5313385826771654
21
0.9703431102362204
0
LINE
8
BLACK
6
CONTINUOUS
10
0.5313385826771654
20
0.9703431102362204
11
0.5321259842519684
21
0.9706692913385827
0
LINE
8
BLACK
6
CONTINUOUS
10
0.5321259842519684
20
0.9706692913385827
11
0.5329133858267716
21
0.9703431102362204
0
LINE
8
BLACK
6
CONTINUOUS
10
0.5329133858267716
20
0.9703431102362204
11
0.5337007874015748
21
0.9706692913385827
0
LINE
8
BLACK
6
CONTINUOUS
10
0.5337007874015748
20
0.9706692913385827
11
0.534488188976378
21
0.9703431102362204
0
LINE
8
BLACK
6
CONTINUOUS
10
0.534488188976378
20
0.9703431102362204
11
0.5352755905511811
21
0.9706692913385827
0
LINE
8
BLACK
6
CONTINUOUS
10
0.5352755905511811
20
0.9706692913385827
11
0.5360629921259843
21
0.9703431102362204
0
LINE
8
BLACK
6
CONTINUOUS
10
0.5360629921259843
20
0.9703431102362204
11
0.5368503937007874
21
0.9706692913385827
0
LINE
8
BLACK
6
CONTINUOUS
10
0.5368503937007874
20
0.9706692913385827
11
0.5376377952755905
21
0.9703431102362204
0
LINE
8
BLACK
6
CONTINUOUS
10
0.5376377952755905
20
0.9703431102362204
11
0.5384251968503937
21
0.9706692913385827
0
LINE
8
BLACK
6
CONTINUOUS
10
0.5384251968503937
20
0.9706692913385827
11
0.5392125984251969
21
0.9703431102362204
0
LINE
8
BLACK
6
CONTINUOUS
10
0.5392125984251969
20
0.9703431102362204
11
0.54
21
0.9706692913385827
0
LINE
8
BLACK
6
CONTINUOUS
10
0.54
20
0.9706692913385827
11
0.5407874015748031
21
0.9703431102362204
0
LINE
8
BLACK
6
CONTINUOUS
10
0.5407874015748031
20
0.9703431102362204
11
0.5415748031496063
21
0.9706692913385827
0
LINE
8
BLACK
6
CONTINUOUS
10
0.5415748031496063
20
0.9706692913385827
11
0.5423622047244094
21
0.9703431102362204
0
LINE
8
BLACK
6
CONTINUOUS
10
0.5423622047244094
20
0.9703431102362204
11
0.5431496062992126
21
0.9706692913385827
0
LINE
8
BLACK
6
CONTINUOUS
10
0.5431496062992126
20
0.9706692913385827
11
0.5439370078740158
21
0.9703431102362204
0
LINE
8
BLACK
6
CONTINUOUS
10
0.5439370078740158
20
0.9703431102362204
11
0.5447244094488188
21
0.9706692913385827
0
LINE
8
BLACK
6
CONTINUOUS
10
0.5447244094488188
20
0.9706692913385827
11
0.545511811023622
21
0.9703431102362204
0
LINE
8
BLACK
6
CONTINUOUS
10
0.545511811023622
20
0.9703431102362204
11
0.5462992125984252
21
0.9706692913385827
0
LINE
8
BLACK
6
CONTINUOUS
10
0.5462992125984252
20
0.9706692913385827
11
0.5470866141732283
21
0.9703431102362204
0
LINE
8
BLACK
6
CONTINUOUS
10
0.5470866141732283
20
0.9703431102362204
11
0.5478740157480315
21
0.9706692913385827
0
LINE
8
BLACK
6
CONTINUOUS
10
0.5478740157480315
20
0.9706692913385827
11
0.5486614173228347
21
0.9703431102362204
0
LINE
8
BLACK
6
CONTINUOUS
10
0.5486614173228347
20
0.9703431102362204
11
0.5494488188976377
21
0.9706692913385827
0
LINE
8
BLACK
6
CONTINUOUS
10
0.5494488188976377
20
0.9706692913385827
11
0.5502362204724409
21
0.9703431102362204
0
LINE
8
BLACK
6
CONTINUOUS
10
0.5502362204724409
20
0.9703431102362204
11
0.5510236220472441
21
0.9706692913385827
0
LINE
8
BLACK
6
CONTINUOUS
10
0.5510236220472441
20
0.9706692913385827
11
0.5518110236220473
21
0.9703431102362204
0
LINE
8
BLACK
6
CONTINUOUS
10
0.5518110236220473
20
0.9703431102362204
11
0.5525984251968504
21
0.9706692913385827
0
LINE
8
BLACK
6
CONTINUOUS
10
0.5525984251968504
20
0.9706692913385827
11
0.5533858267716535
21
0.9703431102362204
0
LINE
8
BLACK
6
CONTINUOUS
10
0.5533858267716535
20
0.9703431102362204
11
0.5541732283464567
21
0.9706692913385827
0
LINE
8
BLACK
6
CONTINUOUS
10
0.5541732283464567
20
0.9706692913385827
11
0.5549606299212598
21
0.9703431102362204
0
LINE
8
BLACK
6
CONTINUOUS
10
0.5549606299212598
20
0.9703431102362204
11
0.555748031496063
21
0.9706692913385827
0
LINE
8
BLACK
6
CONTINUOUS
10
0.555748031496063
20
0.9706692913385827
11
0.5565354330708662
21
0.9703431102362204
0
LINE
8
BLACK
6
CONTINUOUS
10
0.5565354330708662
20
0.9703431102362204
11
0.5573228346456692
21
0.9706692913385827
0
LINE
8
BLACK
6
CONTINUOUS
10
0.5573228346456692
20
0.9706692913385827
11
0.5581102362204724
21
0.9703431102362204
0
LINE
8
BLACK
6
CONTINUOUS
10
0.5581102362204724
20
0.9703431102362204
11
0.5588976377952756
21
0.9706692913385827
0
LINE
8
BLACK
6
CONTINUOUS
10
0.5588976377952756
20
0.9706692913385827
11
0.5596850393700787
21
0.9703431102362204
0
LINE
8
BLACK
6
CONTINUOUS
10
0.5596850393700787
20
0.9703431102362204
11
0.5604724409448819
21
0.9706692913385827
0
LINE
8
BLACK
6
CONTINUOUS
10
0.5604724409448819
20
0.9706692913385827
11
0.5612598425196851
21
0.9703431102362204
0
LINE
8
BLACK
6
CONTINUOUS
10
0.5612598425196851
20
0.9703431102362204
11
0.5620472440944881
21
0.9706692913385827
0
LINE
8
BLACK
6
CONTINUOUS
10
0.5620472440944881
20
0.9706692913385827
11
0.5628346456692913
21
0.9703431102362204
0
LINE
8
BLACK
6
CONTINUOUS
10
0.5628346456692913
20
0.9703431102362204
11
0.5636220472440945
21
0.9706692913385827
0
LINE
8
BLACK
6
CONTINUOUS
10
0.5636220472440945
20
0.9706692913385827
11
0.5644094488188977
21
0.9703431102362204
0
LINE
8
BLACK
6
CONTINUOUS
10
0.5644094488188977
20
0.9703431102362204
11
0.5651968503937008
21
0.9706692913385827
0
LINE
8
BLACK
6
CONTINUOUS
10
0.5651968503937008
20
0.9706692913385827
11
0.5659842519685039
21
0.9703431102362204
0
LINE
8
BLACK
6
CONTINUOUS
10
0.5659842519685039
20
0.9703431102362204
11
0.5667716535433071
21
0.9706692913385827
0
LINE
8
BLACK
6
CONTINUOUS
10
0.5667716535433071
20
0.9706692913385827
11
0.5675590551181102
21
0.9703431102362204
0
LINE
8
BLACK
6
CONTINUOUS
10
0.5675590551181102
20
0.9703431102362204
11
0.5683464566929134
21
0.9706692913385827
0
LINE
8
BLACK
6
CONTINUOUS
10
0.5683464566929134
20
0.9706692913385827
11
0.5691338582677166
21
0.9703431102362204
0
LINE
8
BLACK
6
CONTINUOUS
10
0.5691338582677166
20
0.9703431102362204
11
0.5699212598425196
21
0.9706692913385827
0
LINE
8
BLACK
6
CONTINUOUS
10
0.5699212598425196
20
0.9706692913385827
11
0.5707086614173228
21
0.9703431102362204
0
LINE
8
BLACK
6
CONTINUOUS
10
0.5707086614173228
20
0.9703431102362204
11
0.571496062992126
21
0.9706692913385827
0
LINE
8
BLACK
6
CONTINUOUS
10
0.571496062992126
20
0.9706692913385827
11
0.5722834645669291
21
0.9703431102362204
0
LINE
8
BLACK
6
CONTINUOUS
10
0.5722834645669291
20
0.9703431102362204
11
0.5730708661417323
21
0.9706692913385827
0
LINE
8
BLACK
6
CONTINUOUS
10
0.5730708661417323
20
0.9706692913385827
11
0.5738582677165355
21
0.9703431102362204
0
LINE
8
BLACK
6
CONTINUOUS
10
0.5738582677165355
20
0.9703431102362204
11
0.5746456692913385
21
0.9706692913385827
0
LINE
8
BLACK
6
CONTINUOUS
10
0.5746456692913385
20
0.9706692913385827
11
0.5754330708661417
21
0.9703431102362204
0
LINE
8
BLACK
6
CONTINUOUS
10
0.5754330708661417
20
0.9703431102362204
11
0.5762204724409449
21
0.9706692913385827
0
LINE
8
BLACK
6
CONTINUOUS
10
0.5762204724409449
20
0.9706692913385827
11
0.577007874015748
21
0.9703431102362204
0
LINE
8
BLACK
6
CONTINUOUS
10
0.577007874015748
20
0.9703431102362204
11
0.577007874015748
21
1.0796568503937007
0
LINE
8
BLACK
6
CONTINUOUS
10
0.577007874015748
20
1.0796568503937007
11
0.5762204724409449
21
1.0793307086614172
0
LINE
8
BLACK
6
CONTINUOUS
10
0.1755747244094488
20
1.0054937401574804
11
0.1778692125984252
21
0.9861077559055118
0
LINE
8
BLACK
6
CONTINUOUS
10
0.1778692125984252
20
0.9861077559055118
11
0.1816775984251968
21
0.9669615354330708
0
LINE
8
BLACK
6
CONTINUOUS
10
0.1816775984251968
20
0.9669615354330708
11
0.1869764960629921
21
0.9481731496062992
0
LINE
8
BLACK
6
CONTINUOUS
10
0.1869764960629921
20
0.9481731496062992
11
0.1937331496062992
21
0.9298584251968504
0
LINE
8
BLACK
6
CONTINUOUS
10
0.1937331496062992
20
0.9298584251968504
11
0.2019059448818898
21
0.9121302755905512
0
LINE
8
BLACK
6
CONTINUOUS
10
0.2019059448818898
20
0.9121302755905512
11
0.2114444488188976
21
0.8950980314960629
0
LINE
8
BLACK
6
CONTINUOUS
10
0.2114444488188976
20
0.8950980314960629
11
0.2222899212598425
21
0.8788666535433071
0
LINE
8
BLACK
6
CONTINUOUS
10
0.2222899212598425
20
0.8788666535433071
11
0.2343754330708661
21
0.8635362598425197
0
LINE
8
BLACK
6
CONTINUOUS
10
0.2343754330708661
20
0.8635362598425197
11
0.2476264960629921
21
0.8492012992125985
0
LINE
8
BLACK
6
CONTINUOUS
10
0.2476264960629921
20
0.8492012992125985
11
0.2619614566929134
21
0.8359502362204724
0
LINE
8
BLACK
6
CONTINUOUS
10
0.2619614566929134
20
0.8359502362204724
11
0.2772918503937008
21
0.8238647244094488
0
LINE
8
BLACK
6
CONTINUOUS
10
0.2772918503937008
20
0.8238647244094488
11
0.2935232283464567
21
0.8130192519685039
0
LINE
8
BLACK
6
CONTINUOUS
10
0.2935232283464567
20
0.8130192519685039
11
0.3105554724409449
21
0.8034807480314961
0
LINE
8
BLACK
6
CONTINUOUS
10
0.3105554724409449
20
0.8034807480314961
11
0.3282836220472441
21
0.7953079527559055
0
LINE
8
BLACK
6
CONTINUOUS
10
0.3282836220472441
20
0.7953079527559055
11
0.3465983464566929
21
0.7885512992125984
0
LINE
8
BLACK
6
CONTINUOUS
10
0.3465983464566929
20
0.7885512992125984
11
0.3653867322834646
21
0.7832524015748031
0
LINE
8
BLACK
6
CONTINUOUS
10
0.3653867322834646
20
0.7832524015748031
11
0.3845329527559055
21
0.7794440157480315
0
LINE
8
BLACK
6
CONTINUOUS
10
0.3845329527559055
20
0.7794440157480315
11
0.403918937007874
21
0.7771495275590551
0
LINE
8
BLACK
6
CONTINUOUS
10
0.403918937007874
20
0.7771495275590551
11
0.4210629921259842
21
0.776475905511811
0
LINE
8
BLACK
6
CONTINUOUS
10
0.4210629921259842
20
0.776475905511811
11
0.4210629921259842
21
1.2735240551181102
0
LINE
8
BLACK
6
CONTINUOUS
10
0.4210629921259842
20
1.2735240551181102
11
0.403918937007874
21
1.2728504724409448
0
LINE
8
BLACK
6
CONTINUOUS
10
0.403918937007874
20
1.2728504724409448
11
0.3845329527559055
21
1.2705559842519685
0
LINE
8
BLACK
6
CONTINUOUS
10
0.3845329527559055
20
1.2705559842519685
11
0.3653867322834646
21
1.2667475984251968
0
LINE
8
BLACK
6
CONTINUOUS
10
0.3653867322834646
20
1.2667475984251968
11
0.3465983464566929
21
1.2614487007874016
0
LINE
8
BLACK
6
CONTINUOUS
10
0.3465983464566929
20
1.2614487007874016
11
0.3282836220472441
21
1.2546920472440946
0
LINE
8
BLACK
6
CONTINUOUS
10
0.3282836220472441
20
1.2546920472440946
11
0.3105554724409449
21
1.246519251968504
0
LINE
8
BLACK
6
CONTINUOUS
10
0.3105554724409449
20
1.246519251968504
11
0.2935232283464567
21
1.236980748031496
0
LINE
8
BLACK
6
CONTINUOUS
10
0.2935232283464567
20
1.236980748031496
11
0.2772918503937008
21
1.2261352755905512
0
LINE
8
BLACK
6
CONTINUOUS
10
0.2772918503937008
20
1.2261352755905512
11
0.2619614566929134
21
1.2140497637795276
0
LINE
8
BLACK
6
CONTINUOUS
10
0.2619614566929134
20
1.2140497637795276
11
0.2476264960629921
21
1.2007987007874015
0
LINE
8
BLACK
6
CONTINUOUS
10
0.2476264960629921
20
1.2007987007874015
11
0.2343754330708661
21
1.1864637401574802
0
LINE
8
BLACK
6
CONTINUOUS
10
0.2343754330708661
20
1.1864637401574802
11
0.2222899212598425
21
1.1711333464566929
0
LINE
8
BLACK
6
CONTINUOUS
10
0.2222899212598425
20
1.1711333464566929
11
0.2114444488188976
21
1.154901968503937
0
LINE
8
BLACK
6
CONTINUOUS
10
0.2114444488188976
20
1.154901968503937
11
0.2019059448818898
21
1.1378697244094489
0
LINE
8
BLACK
6
CONTINUOUS
10
0.2019059448818898
20
1.1378697244094489
11
0.1937331496062992
21
1.1201415748031496
0
LINE
8
BLACK
6
CONTINUOUS
10
0.1937331496062992
20
1.1201415748031496
11
0.1869764960629921
21
1.1018268503937008
0
LINE
8
BLACK
6
CONTINUOUS
10
0.1869764960629921
20
1.1018268503937008
11
0.1816775984251968
21
1.0830384645669291
0
LINE
8
BLACK
6
CONTINUOUS
10
0.1816775984251968
20
1.0830384645669291
11
0.1778692125984252
21
1.0638922440944882
0
LINE
8
BLACK
6
CONTINUOUS
10
0.1778692125984252
20
1.0638922440944882
11
0.1755747244094488
21
1.0445062598425197
0
LINE
8
BLACK
6
CONTINUOUS
10
0.1755747244094488
20
1.0445062598425197
11
0.1748083070866142
21
1.0249999999999999
0
LINE
8
BLACK
6
CONTINUOUS
10
0.1748083070866142
20
1.0249999999999999
11
0.1755747244094488
21
1.0054937401574804
0
LINE
8
BLACK
6
CONTINUOUS
10
0.9856315748031496
20
0.9080086614173228
11
0.9865806299212598
21
0.9079516929133858
0
LINE
8
BLACK
6
CONTINUOUS
10
0.9865806299212598
20
0.9079516929133858
11
0.9950170866141732
21
0.9051395669291339
0
LINE
8
BLACK
6
CONTINUOUS
10
0.9950170866141732
20
0.9051395669291339
11
0.9961499606299212
21
0.9043915354330708
0
LINE
8
BLACK
6
CONTINUOUS
10
0.9961499606299212
20
0.9043915354330708
11
0.9973254330708661
21
0.9037129133858267
0
LINE
8
BLACK
6
CONTINUOUS
10
0.9973254330708661
20
0.9037129133858267
11
1.000137559055118
21
0.9009007874015748
0
LINE
8
BLACK
6
CONTINUOUS
10
1.000137559055118
20
0.9009007874015748
11
1.0016660236220472
21
0.8982534251968504
0
LINE
8
BLACK
6
CONTINUOUS
10
1.0016660236220472
20
0.8982534251968504
11
1.0016660236220472
21
0.8951964960629921
0
LINE
8
BLACK
6
CONTINUOUS
10
1.0016660236220472
20
0.8951964960629921
11
1.000137559055118
21
0.8925491338582677
0
LINE
8
BLACK
6
CONTINUOUS
10
1.000137559055118
20
0.8925491338582677
11
0.9974901968503936
21
0.8910206692913386
0
LINE
8
BLACK
6
CONTINUOUS
10
0.9974901968503936
20
0.8910206692913386
11
0.9944332677165354
21
0.8910206692913386
0
LINE
8
BLACK
6
CONTINUOUS
10
0.9944332677165354
20
0.8910206692913386
11
0.991785905511811
21
0.8925491338582677
0
LINE
8
BLACK
6
CONTINUOUS
10
0.991785905511811
20
0.8925491338582677
11
0.9899595275590551
21
0.8943754724409448
0
LINE
8
BLACK
6
CONTINUOUS
10
0.9899595275590551
20
0.8943754724409448
11
0.9837548818897638
21
0.8964437401574803
0
LINE
8
BLACK
6
CONTINUOUS
10
0.9837548818897638
20
0.8964437401574803
11
0.9800472440944882
21
0.8964437401574803
0
LINE
8
BLACK
6
CONTINUOUS
10
0.9800472440944882
20
0.8964437401574803
11
0.9738424409448818
21
0.8943754724409448
0
LINE
8
BLACK
6
CONTINUOUS
10
0.9738424409448818
20
0.8943754724409448
11
0.9698815748031496
21
0.8904146062992125
0
LINE
8
BLACK
6
CONTINUOUS
10
0.9698815748031496
20
0.8904146062992125
11
0.9677878346456693
21
0.8862272047244094
0
LINE
8
BLACK
6
CONTINUOUS
10
0.9677878346456693
20
0.8862272047244094
11
0.9653093307086614
21
0.8763129921259842
0
LINE
8
BLACK
6
CONTINUOUS
10
0.9653093307086614
20
0.8763129921259842
11
0.9653093307086614
21
0.8693303543307086
0
LINE
8
BLACK
6
CONTINUOUS
10
0.9653093307086614
20
0.8693303543307086
11
0.9677878346456693
21
0.8594161417322834
0
LINE
8
BLACK
6
CONTINUOUS
10
0.9677878346456693
20
0.8594161417322834
11
0.9698815748031496
21
0.8552287401574803
0
LINE
8
BLACK
6
CONTINUOUS
10
0.9698815748031496
20
0.8552287401574803
11
0.9738424409448818
21
0.851267874015748
0
LINE
8
BLACK
6
CONTINUOUS
10
0.9738424409448818
20
0.851267874015748
11
0.9800472440944882
21
0.8491996456692913
0
LINE
8
BLACK
6
CONTINUOUS
10
0.9800472440944882
20
0.8491996456692913
11
0.9837548818897638
21
0.8491996456692913
0
LINE
8
BLACK
6
CONTINUOUS
10
0.9837548818897638
20
0.8491996456692913
11
0.9899595275590551
21
0.851267874015748
0
LINE
8
BLACK
6
CONTINUOUS
10
0.9899595275590551
20
0.851267874015748
11
0.991785905511811
21
0.853094251968504
0
LINE
8
BLACK
6
CONTINUOUS
10
0.991785905511811
20
0.853094251968504
11
0.9944332677165354
21
0.8546227165354331
0
LINE
8
BLACK
6
CONTINUOUS
10
0.9944332677165354
20
0.8546227165354331
11
0.9974901968503936
21
0.8546227165354331
0
LINE
8
BLACK
6
CONTINUOUS
10
0.9974901968503936
20
0.8546227165354331
11
1.000137559055118
21
0.853094251968504
0
LINE
8
BLACK
6
CONTINUOUS
10
1.000137559055118
20
0.853094251968504
11
1.0016660236220472
21
0.8504468897637795
0
LINE
8
BLACK
6
CONTINUOUS
10
1.0016660236220472
20
0.8504468897637795
11
1.0016660236220472
21
0.8473899606299212
0
LINE
8
BLACK
6
CONTINUOUS
10
1.0016660236220472
20
0.8473899606299212
11
1.000137559055118
21
0.8447425984251968
0
LINE
8
BLACK
6
CONTINUOUS
10
1.000137559055118
20
0.8447425984251968
11
0.9973254330708661
21
0.8419304724409449
0
LINE
8
BLACK
6
CONTINUOUS
10
0.9973254330708661
20
0.8419304724409449
11
0.9961499606299212
21
0.841251811023622
0
LINE
8
BLACK
6
CONTINUOUS
10
0.9961499606299212
20
0.841251811023622
11
0.9950170866141732
21
0.8405038188976378
0
LINE
8
BLACK
6
CONTINUOUS
10
0.9950170866141732
20
0.8405038188976378
11
0.9865806299212598
21
0.8376916929133859
0
LINE
8
BLACK
6
CONTINUOUS
10
0.9865806299212598
20
0.8376916929133859
11
0.9856315748031496
21
0.8376346850393701
0
LINE
8
BLACK
6
CONTINUOUS
10
0.9856315748031496
20
0.8376346850393701
11
0.9847131496062992
21
0.8373886220472441
0
LINE
8
BLACK
6
CONTINUOUS
10
0.9847131496062992
20
0.8373886220472441
11
0.9790888582677165
21
0.8373886220472441
0
LINE
8
BLACK
6
CONTINUOUS
10
0.9790888582677165
20
0.8373886220472441
11
0.9781703937007874
21
0.8376346850393701
0
LINE
8
BLACK
6
CONTINUOUS
10
0.9781703937007874
20
0.8376346850393701
11
0.9772213385826771
21
0.8376916929133859
0
LINE
8
BLACK
6
CONTINUOUS
10
0.9772213385826771
20
0.8376916929133859
11
0.9687849212598425
21
0.8405038582677166
0
LINE
8
BLACK
6
CONTINUOUS
10
0.9687849212598425
20
0.8405038582677166
11
0.967652125984252
21
0.8412517322834645
0
LINE
8
BLACK
6
CONTINUOUS
10
0.967652125984252
20
0.8412517322834645
11
0.9664765748031496
21
0.8419304724409449
0
LINE
8
BLACK
6
CONTINUOUS
10
0.9664765748031496
20
0.8419304724409449
11
0.9608522834645669
21
0.8475547637795275
0
LINE
8
BLACK
6
CONTINUOUS
10
0.9608522834645669
20
0.8475547637795275
11
0.9603768503937008
21
0.848378188976378
0
LINE
8
BLACK
6
CONTINUOUS
10
0.9603768503937008
20
0.848378188976378
11
0.9597460629921259
21
0.8490895669291338
0
LINE
8
BLACK
6
CONTINUOUS
10
0.9597460629921259
20
0.8490895669291338
11
0.9569338976377952
21
0.8547138582677165
0
LINE
8
BLACK
6
CONTINUOUS
10
0.9569338976377952
20
0.8547138582677165
11
0.9568031496062992
21
0.8553525984251968
0
LINE
8
BLACK
6
CONTINUOUS
10
0.9568031496062992
20
0.8553525984251968
11
0.9564867716535432
21
0.8559225984251968
0
LINE
8
BLACK
6
CONTINUOUS
10
0.9564867716535432
20
0.8559225984251968
11
0.9536746456692913
21
0.8671711811023621
0
LINE
8
BLACK
6
CONTINUOUS
10
0.9536746456692913
20
0.8671711811023621
11
0.9536868897637795
21
0.8678996062992126
0
LINE
8
BLACK
6
CONTINUOUS
10
0.9536868897637795
20
0.8678996062992126
11
0.9534983070866142
21
0.8686034645669292
0
LINE
8
BLACK
6
CONTINUOUS
10
0.9534983070866142
20
0.8686034645669292
11
0.9534983070866142
21
0.8770399212598425
0
LINE
8
BLACK
6
CONTINUOUS
10
0.9534983070866142
20
0.8770399212598425
11
0.9536868897637795
21
0.8777437401574802
0
LINE
8
BLACK
6
CONTINUOUS
10
0.9536868897637795
20
0.8777437401574802
11
0.9536746456692913
21
0.8784722047244095
0
LINE
8
BLACK
6
CONTINUOUS
10
0.9536746456692913
20
0.8784722047244095
11
0.9564867716535432
21
0.8897207874015748
0
LINE
8
BLACK
6
CONTINUOUS
10
0.9564867716535432
20
0.8897207874015748
11
0.9568031496062992
21
0.890290748031496
0
LINE
8
BLACK
6
CONTINUOUS
10
0.9568031496062992
20
0.890290748031496
11
0.9569338976377952
21
0.8909295275590551
0
LINE
8
BLACK
6
CONTINUOUS
10
0.9569338976377952
20
0.8909295275590551
11
0.9597460629921259
21
0.8965538188976377
0
LINE
8
BLACK
6
CONTINUOUS
10
0.9597460629921259
20
0.8965538188976377
11
0.9603768503937008
21
0.897265157480315
0
LINE
8
BLACK
6
CONTINUOUS
10
0.9603768503937008
20
0.897265157480315
11
0.9608522834645669
21
0.898088622047244
0
LINE
8
BLACK
6
CONTINUOUS
10
0.9608522834645669
20
0.898088622047244
11
0.9664765748031496
21
0.9037129133858267
0
LINE
8
BLACK
6
CONTINUOUS
10
0.9664765748031496
20
0.9037129133858267
11
0.967652125984252
21
0.9043916141732283
0
LINE
8
BLACK
6
CONTINUOUS
10
0.967652125984252
20
0.9043916141732283
11
0.9687849212598425
21
0.9051395275590551
0
LINE
8
BLACK
6
CONTINUOUS
10
0.9687849212598425
20
0.9051395275590551
11
0.9772213385826771
21
0.9079516929133858
0
LINE
8
BLACK
6
CONTINUOUS
10
0.9772213385826771
20
0.9079516929133858
11
0.9781703937007874
21
0.9080086614173228
0
LINE
8
BLACK
6
CONTINUOUS
10
0.9781703937007874
20
0.9080086614173228
11
0.9790888582677165
21
0.9082547637795275
0
LINE
8
BLACK
6
CONTINUOUS
10
0.9790888582677165
20
0.9082547637795275
11
0.9847131496062992
21
0.9082547637795275
0
LINE
8
BLACK
6
CONTINUOUS
10
0.9847131496062992
20
0.9082547637795275
11
0.9856315748031496
21
0.9080086614173228
0
LINE
8
BLACK
6
CONTINUOUS
10
1.0450793307086614
20
0.9079034251968504
11
1.0464092913385827
21
0.9076312992125984
0
LINE
8
BLACK
6
CONTINUOUS
10
1.0464092913385827
20
0.9076312992125984
11
1.0520335826771654
21
0.9048191338582677
0
LINE
8
BLACK
6
CONTINUOUS
10
1.0520335826771654
20
0.9048191338582677
11
1.0527449212598425
21
0.9041883070866141
0
LINE
8
BLACK
6
CONTINUOUS
10
1.0527449212598425
20
0.9041883070866141
11
1.0535683858267717
21
0.9037129133858267
0
LINE
8
BLACK
6
CONTINUOUS
10
1.0535683858267717
20
0.9037129133858267
11
1.0591926771653544
21
0.898088622047244
0
LINE
8
BLACK
6
CONTINUOUS
10
1.0591926771653544
20
0.898088622047244
11
1.0592183070866141
21
0.8980441732283464
0
LINE
8
BLACK
6
CONTINUOUS
10
1.0592183070866141
20
0.8980441732283464
11
1.0592623228346456
21
0.8980177952755906
0
LINE
8
BLACK
6
CONTINUOUS
10
1.0592623228346456
20
0.8980177952755906
11
1.059980748031496
21
0.8967235826771653
0
LINE
8
BLACK
6
CONTINUOUS
10
1.059980748031496
20
0.8967235826771653
11
1.0607211417322835
21
0.8954412598425197
0
LINE
8
BLACK
6
CONTINUOUS
10
1.0607211417322835
20
0.8954412598425197
11
1.0607211417322835
21
0.8953899212598425
0
LINE
8
BLACK
6
CONTINUOUS
10
1.0607211417322835
20
0.8953899212598425
11
1.0607460236220472
21
0.8953451181102362
0
LINE
8
BLACK
6
CONTINUOUS
10
1.0607460236220472
20
0.8953451181102362
11
1.0635581889763779
21
0.8840965354330709
0
LINE
8
BLACK
6
CONTINUOUS
10
1.0635581889763779
20
0.8840965354330709
11
1.0635459055118111
21
0.8833679921259843
0
LINE
8
BLACK
6
CONTINUOUS
10
1.0635459055118111
20
0.8833679921259843
11
1.0637345275590551
21
0.8826642125984252
0
LINE
8
BLACK
6
CONTINUOUS
10
1.0637345275590551
20
0.8826642125984252
11
1.0637345275590551
21
0.8629791732283464
0
LINE
8
BLACK
6
CONTINUOUS
10
1.0637345275590551
20
0.8629791732283464
11
1.0635459055118111
21
0.8622753543307087
0
LINE
8
BLACK
6
CONTINUOUS
10
1.0635459055118111
20
0.8622753543307087
11
1.0635581889763779
21
0.8615468503937007
0
LINE
8
BLACK
6
CONTINUOUS
10
1.0635581889763779
20
0.8615468503937007
11
1.0607460236220472
21
0.8502982677165354
0
LINE
8
BLACK
6
CONTINUOUS
10
1.0607460236220472
20
0.8502982677165354
11
1.0607211417322835
21
0.8502534251968503
0
LINE
8
BLACK
6
CONTINUOUS
10
1.0607211417322835
20
0.8502534251968503
11
1.0607211417322835
21
0.8502021259842519
0
LINE
8
BLACK
6
CONTINUOUS
10
1.0607211417322835
20
0.8502021259842519
11
1.059980748031496
21
0.8489197637795275
0
LINE
8
BLACK
6
CONTINUOUS
10
1.059980748031496
20
0.8489197637795275
11
1.0592623228346456
21
0.847625590551181
0
LINE
8
BLACK
6
CONTINUOUS
10
1.0592623228346456
20
0.847625590551181
11
1.0592183070866141
21
0.8475991732283464
0
LINE
8
BLACK
6
CONTINUOUS
10
1.0592183070866141
20
0.8475991732283464
11
1.0591926771653544
21
0.8475547637795275
0
LINE
8
BLACK
6
CONTINUOUS
10
1.0591926771653544
20
0.8475547637795275
11
1.0535683858267717
21
0.8419304724409449
0
LINE
8
BLACK
6
CONTINUOUS
10
1.0535683858267717
20
0.8419304724409449
11
1.0527449212598425
21
0.8414550393700787
0
LINE
8
BLACK
6
CONTINUOUS
10
1.0527449212598425
20
0.8414550393700787
11
1.0520335826771654
21
0.840824251968504
0
LINE
8
BLACK
6
CONTINUOUS
10
1.0520335826771654
20
0.840824251968504
11
1.0464092913385827
21
0.8380120866141733
0
LINE
8
BLACK
6
CONTINUOUS
10
1.0464092913385827
20
0.8380120866141733
11
1.0450793307086614
21
0.8377399212598425
0
LINE
8
BLACK
6
CONTINUOUS
10
1.0450793307086614
20
0.8377399212598425
11
1.0437682677165354
21
0.8373886220472441
0
LINE
8
BLACK
6
CONTINUOUS
10
1.0437682677165354
20
0.8373886220472441
11
1.0325196850393701
21
0.8373886220472441
0
LINE
8
BLACK
6
CONTINUOUS
10
1.0325196850393701
20
0.8373886220472441
11
1.0312086220472441
21
0.8377398818897638
0
LINE
8
BLACK
6
CONTINUOUS
10
1.0312086220472441
20
0.8377398818897638
11
1.029878622047244
21
0.8380120866141733
0
LINE
8
BLACK
6
CONTINUOUS
10
1.029878622047244
20
0.8380120866141733
11
1.0242543700787401
21
0.840824251968504
0
LINE
8
BLACK
6
CONTINUOUS
10
1.0242543700787401
20
0.840824251968504
11
1.0235429527559055
21
0.8414550393700787
0
LINE
8
BLACK
6
CONTINUOUS
10
1.0235429527559055
20
0.8414550393700787
11
1.0227195669291338
21
0.8419304724409449
0
LINE
8
BLACK
6
CONTINUOUS
10
1.0227195669291338
20
0.8419304724409449
11
1.0170952362204724
21
0.8475547637795275
0
LINE
8
BLACK
6
CONTINUOUS
10
1.0170952362204724
20
0.8475547637795275
11
1.0170695669291339
21
0.8475991732283464
0
LINE
8
BLACK
6
CONTINUOUS
10
1.0170695669291339
20
0.8475991732283464
11
1.0170255905511811
21
0.847625590551181
0
LINE
8
BLACK
6
CONTINUOUS
10
1.0170255905511811
20
0.847625590551181
11
1.016307401574803
21
0.8489192913385827
0
LINE
8
BLACK
6
CONTINUOUS
10
1.016307401574803
20
0.8489192913385827
11
1.0155667716535433
21
0.8502021259842519
0
LINE
8
BLACK
6
CONTINUOUS
10
1.0155667716535433
20
0.8502021259842519
11
1.0155667716535433
21
0.8502534645669291
0
LINE
8
BLACK
6
CONTINUOUS
10
1.0155667716535433
20
0.8502534645669291
11
1.0155418897637796
21
0.8502983070866141
0
LINE
8
BLACK
6
CONTINUOUS
10
1.0155418897637796
20
0.8502983070866141
11
1.0127297637795276
21
0.8615468897637795
0
LINE
8
BLACK
6
CONTINUOUS
10
1.0127297637795276
20
0.8615468897637795
11
1.0127420078740157
21
0.8622753149606299
0
LINE
8
BLACK
6
CONTINUOUS
10
1.0127420078740157
20
0.8622753149606299
11
1.0125534251968504
21
0.8629791732283464
0
LINE
8
BLACK
6
CONTINUOUS
10
1.0125534251968504
20
0.8629791732283464
11
1.0125534251968504
21
0.8826642125984252
0
LINE
8
BLACK
6
CONTINUOUS
10
1.0125534251968504
20
0.8826642125984252
11
1.0127420078740157
21
0.883368031496063
0
LINE
8
BLACK
6
CONTINUOUS
10
1.0127420078740157
20
0.883368031496063
11
1.0127297637795276
21
0.8840964960629921
0
LINE
8
BLACK
6
CONTINUOUS
10
1.0127297637795276
20
0.8840964960629921
11
1.0155418897637796
21
0.8953450787401575
0
LINE
8
BLACK
6
CONTINUOUS
10
1.0155418897637796
20
0.8953450787401575
11
1.0155667716535433
21
0.8953898818897638
0
LINE
8
BLACK
6
CONTINUOUS
10
1.0155667716535433
20
0.8953898818897638
11
1.0155667716535433
21
0.8954412598425197
0
LINE
8
BLACK
6
CONTINUOUS
10
1.0155667716535433
20
0.8954412598425197
11
1.016307401574803
21
0.8967240551181103
0
LINE
8
BLACK
6
CONTINUOUS
10
1.016307401574803
20
0.8967240551181103
11
1.0170255905511811
21
0.8980177952755906
0
LINE
8
BLACK
6
CONTINUOUS
10
1.0170255905511811
20
0.8980177952755906
11
1.0170695669291339
21
0.8980441732283464
0
LINE
8
BLACK
6
CONTINUOUS
10
1.0170695669291339
20
0.8980441732283464
11
1.0170952362204724
21
0.898088622047244
0
LINE
8
BLACK
6
CONTINUOUS
10
1.0170952362204724
20
0.898088622047244
11
1.0227195669291338
21
0.9037129133858267
0
LINE
8
BLACK
6
CONTINUOUS
10
1.0227195669291338
20
0.9037129133858267
11
1.0235429527559055
21
0.9041883070866141
0
LINE
8
BLACK
6
CONTINUOUS
10
1.0235429527559055
20
0.9041883070866141
11
1.0242543700787401
21
0.9048191338582677
0
LINE
8
BLACK
6
CONTINUOUS
10
1.0242543700787401
20
0.9048191338582677
11
1.029878622047244
21
0.9076312992125984
0
LINE
8
BLACK
6
CONTINUOUS
10
1.029878622047244
20
0.9076312992125984
11
1.0312086220472441
21
0.9079034645669292
0
LINE
8
BLACK
6
CONTINUOUS
10
1.0312086220472441
20
0.9079034645669292
11
1.0325196850393701
21
0.9082547637795275
0
LINE
8
BLACK
6
CONTINUOUS
10
1.0325196850393701
20
0.9082547637795275
11
1.0437682677165354
21
0.9082547637795275
0
LINE
8
BLACK
6
CONTINUOUS
10
1.0437682677165354
20
0.9082547637795275
11
1.0450793307086614
21
0.9079034251968504
0
LINE
8
BLACK
6
CONTINUOUS
10
1.0303935433070865
20
0.8946836220472441
11
1.0266035039370078
21
0.8908935433070866
0
LINE
8
BLACK
6
CONTINUOUS
10
1.0266035039370078
20
0.8908935433070866
11
1.0243644488188977
21
0.8819372834645669
0
LINE
8
BLACK
6
CONTINUOUS
10
1.0243644488188977
20
0.8819372834645669
11
1.0243644488188977
21
0.8637060629921259
0
LINE
8
BLACK
6
CONTINUOUS
10
1.0243644488188977
20
0.8637060629921259
11
1.0266035039370078
21
0.8547498031496062
0
LINE
8
BLACK
6
CONTINUOUS
10
1.0266035039370078
20
0.8547498031496062
11
1.0303935433070865
21
0.8509597244094488
0
LINE
8
BLACK
6
CONTINUOUS
10
1.0303935433070865
20
0.8509597244094488
11
1.033913779527559
21
0.8491996456692913
0
LINE
8
BLACK
6
CONTINUOUS
10
1.033913779527559
20
0.8491996456692913
11
1.0423741732283465
21
0.8491996456692913
0
LINE
8
BLACK
6
CONTINUOUS
10
1.0423741732283465
20
0.8491996456692913
11
1.0458943700787402
21
0.8509597637795275
0
LINE
8
BLACK
6
CONTINUOUS
10
1.0458943700787402
20
0.8509597637795275
11
1.0496843700787402
21
0.8547497637795275
0
LINE
8
BLACK
6
CONTINUOUS
10
1.0496843700787402
20
0.8547497637795275
11
1.0519235039370078
21
0.8637061023622047
0
LINE
8
BLACK
6
CONTINUOUS
10
1.0519235039370078
20
0.8637061023622047
11
1.0519235039370078
21
0.8819372440944881
0
LINE
8
BLACK
6
CONTINUOUS
10
1.0519235039370078
20
0.8819372440944881
11
1.0496843700787402
21
0.8908935826771653
0
LINE
8
BLACK
6
CONTINUOUS
10
1.0496843700787402
20
0.8908935826771653
11
1.0458943700787402
21
0.8946835826771653
0
LINE
8
BLACK
6
CONTINUOUS
10
1.0458943700787402
20
0.8946835826771653
11
1.0423741732283465
21
0.8964437401574803
0
LINE
8
BLACK
6
CONTINUOUS
10
1.0423741732283465
20
0.8964437401574803
11
1.033913779527559
21
0.8964437401574803
0
LINE
8
BLACK
6
CONTINUOUS
10
1.033913779527559
20
0.8964437401574803
11
1.0303935433070865
21
0.8946836220472441
0
LINE
8
BLACK
6
CONTINUOUS
10
1.0860911023622046
20
0.9074635826771653
11
1.0882526771653542
21
0.9053020078740157
0
LINE
8
BLACK
6
CONTINUOUS
10
1.0882526771653542
20
0.9053020078740157
11
1.0890438582677164
21
0.9023492519685039
0
LINE
8
BLACK
6
CONTINUOUS
10
1.0890438582677164
20
0.9023492519685039
11
1.0890438582677164
21
0.8432941338582677
0
LINE
8
BLACK
6
CONTINUOUS
10
1.0890438582677164
20
0.8432941338582677
11
1.0882526771653542
21
0.8403413779527559
0
LINE
8
BLACK
6
CONTINUOUS
10
1.0882526771653542
20
0.8403413779527559
11
1.0860911023622046
21
0.8381798031496063
0
LINE
8
BLACK
6
CONTINUOUS
10
1.0860911023622046
20
0.8381798031496063
11
1.0831383464566928
21
0.8373886220472441
0
LINE
8
BLACK
6
CONTINUOUS
10
1.0831383464566928
20
0.8373886220472441
11
1.080185590551181
21
0.8381798031496063
0
LINE
8
BLACK
6
CONTINUOUS
10
1.080185590551181
20
0.8381798031496063
11
1.0780240157480314
21
0.8403413779527559
0
LINE
8
BLACK
6
CONTINUOUS
10
1.0780240157480314
20
0.8403413779527559
11
1.0772328346456692
21
0.8432941338582677
0
LINE
8
BLACK
6
CONTINUOUS
10
1.0772328346456692
20
0.8432941338582677
11
1.0772328346456692
21
0.9023492519685039
0
LINE
8
BLACK
6
CONTINUOUS
10
1.0772328346456692
20
0.9023492519685039
11
1.0780240157480314
21
0.9053020078740157
0
LINE
8
BLACK
6
CONTINUOUS
10
1.0780240157480314
20
0.9053020078740157
11
1.080185590551181
21
0.9074635826771653
0
LINE
8
BLACK
6
CONTINUOUS
10
1.080185590551181
20
0.9074635826771653
11
1.0831383464566928
21
0.9082547637795275
0
LINE
8
BLACK
6
CONTINUOUS
10
1.0831383464566928
20
0.9082547637795275
11
1.0860911023622046
21
0.9074635826771653
0
LINE
8
BLACK
6
CONTINUOUS
10
1.1142125984251969
20
0.9074635826771653
11
1.1163741732283465
21
0.9053020078740157
0
LINE
8
BLACK
6
CONTINUOUS
10
1.1163741732283465
20
0.9053020078740157
11
1.1171653543307087
21
0.9023492519685039
0
LINE
8
BLACK
6
CONTINUOUS
10
1.1171653543307087
20
0.9023492519685039
11
1.1171653543307087
21
0.8491996456692913
0
LINE
8
BLACK
6
CONTINUOUS
10
1.1171653543307087
20
0.8491996456692913
11
1.1393813385826772
21
0.8491996456692913
0
LINE
8
BLACK
6
CONTINUOUS
10
1.1393813385826772
20
0.8491996456692913
11
1.142334094488189
21
0.8484084645669291
0
LINE
8
BLACK
6
CONTINUOUS
10
1.142334094488189
20
0.8484084645669291
11
1.1444956692913386
21
0.8462468897637795
0
LINE
8
BLACK
6
CONTINUOUS
10
1.1444956692913386
20
0.8462468897637795
11
1.1452868503937008
21
0.8432941338582677
0
LINE
8
BLACK
6
CONTINUOUS
10
1.1452868503937008
20
0.8432941338582677
11
1.1444956692913386
21
0.8403413779527559
0
LINE
8
BLACK
6
CONTINUOUS
10
1.1444956692913386
20
0.8403413779527559
11
1.142334094488189
21
0.8381798031496063
0
LINE
8
BLACK
6
CONTINUOUS
10
1.142334094488189
20
0.8381798031496063
11
1.1393813385826772
21
0.8373886220472441
0
LINE
8
BLACK
6
CONTINUOUS
10
1.1393813385826772
20
0.8373886220472441
11
1.1112598425196849
21
0.8373886220472441
0
LINE
8
BLACK
6
CONTINUOUS
10
1.1112598425196849
20
0.8373886220472441
11
1.1083070866141731
21
0.8381798031496063
0
LINE
8
BLACK
6
CONTINUOUS
10
1.1083070866141731
20
0.8381798031496063
11
1.1061455118110235
21
0.8403413779527559
0
LINE
8
BLACK
6
CONTINUOUS
10
1.1061455118110235
20
0.8403413779527559
11
1.1053543307086613
21
0.8432941338582677
0
LINE
8
BLACK
6
CONTINUOUS
10
1.1053543307086613
20
0.8432941338582677
11
1.1053543307086613
21
0.9023492519685039
0
LINE
8
BLACK
6
CONTINUOUS
10
1.1053543307086613
20
0.9023492519685039
11
1.1061455118110235
21
0.9053020078740157
0
LINE
8
BLACK
6
CONTINUOUS
10
1.1061455118110235
20
0.9053020078740157
11
1.1083070866141731
21
0.9074635826771653
0
LINE
8
BLACK
6
CONTINUOUS
10
1.1083070866141731
20
0.9074635826771653
11
1.1112598425196849
21
0.9082547637795275
0
LINE
8
BLACK
6
CONTINUOUS
10
1.1112598425196849
20
0.9082547637795275
11
1.1142125984251969
21
0.9074635826771653
0
LINE
8
BLACK
6
CONTINUOUS
10
1.1824820078740157
20
0.9080086614173228
11
1.1834310629921259
21
0.9079516929133858
0
LINE
8
BLACK
6
CONTINUOUS
10
1.1834310629921259
20
0.9079516929133858
11
1.1918675196850392
21
0.9051395669291339
0
LINE
8
BLACK
6
CONTINUOUS
10
1.1918675196850392
20
0.9051395669291339
11
1.1944185433070866
21
0.9034552362204724
0
LINE
8
BLACK
6
CONTINUOUS
10
1.1944185433070866
20
0.9034552362204724
11
1.1957856692913384
21
0.9007210236220472
0
LINE
8
BLACK
6
CONTINUOUS
10
1.1957856692913384
20
0.9007210236220472
11
1.1956024803149605
21
0.8976696062992126
0
LINE
8
BLACK
6
CONTINUOUS
10
1.1956024803149605
20
0.8976696062992126
11
1.1939181496062992
21
0.8951185433070866
0
LINE
8
BLACK
6
CONTINUOUS
10
1.1939181496062992
20
0.8951185433070866
11
1.1911839370078741
21
0.8937514566929133
0
LINE
8
BLACK
6
CONTINUOUS
10
1.1911839370078741
20
0.8937514566929133
11
1.1881325196850394
21
0.8939346456692914
0
LINE
8
BLACK
6
CONTINUOUS
10
1.1881325196850394
20
0.8939346456692914
11
1.1806053149606299
21
0.8964437401574803
0
LINE
8
BLACK
6
CONTINUOUS
10
1.1806053149606299
20
0.8964437401574803
11
1.1688969291338582
21
0.8964437401574803
0
LINE
8
BLACK
6
CONTINUOUS
10
1.1688969291338582
20
0.8964437401574803
11
1.1653766929133857
21
0.8946835826771653
0
LINE
8
BLACK
6
CONTINUOUS
10
1.1653766929133857
20
0.8946835826771653
11
1.1639198031496063
21
0.8932266929133859
0
LINE
8
BLACK
6
CONTINUOUS
10
1.1639198031496063
20
0.8932266929133859
11
1.1621597637795276
21
0.8897065748031496
0
LINE
8
BLACK
6
CONTINUOUS
10
1.1621597637795276
20
0.8897065748031496
11
1.1621597637795276
21
0.8868704330708661
0
LINE
8
BLACK
6
CONTINUOUS
10
1.1621597637795276
20
0.8868704330708661
11
1.1639198425196851
21
0.8833501968503937
0
LINE
8
BLACK
6
CONTINUOUS
10
1.1639198425196851
20
0.8833501968503937
11
1.1653766929133857
21
0.8818933858267717
0
LINE
8
BLACK
6
CONTINUOUS
10
1.1653766929133857
20
0.8818933858267717
11
1.1695640944881889
21
0.87979968503937
0
LINE
8
BLACK
6
CONTINUOUS
10
1.1695640944881889
20
0.87979968503937
11
1.1801837007874016
21
0.8771448031496063
0
LINE
8
BLACK
6
CONTINUOUS
10
1.1801837007874016
20
0.8771448031496063
11
1.1807536614173229
21
0.8768283858267716
0
LINE
8
BLACK
6
CONTINUOUS
10
1.1807536614173229
20
0.8768283858267716
11
1.1813924409448819
21
0.8766976771653543
0
LINE
8
BLACK
6
CONTINUOUS
10
1.1813924409448819
20
0.8766976771653543
11
1.1870167716535434
21
0.8738855118110236
0
LINE
8
BLACK
6
CONTINUOUS
10
1.1870167716535434
20
0.8738855118110236
11
1.1877281496062992
21
0.8732546456692913
0
LINE
8
BLACK
6
CONTINUOUS
10
1.1877281496062992
20
0.8732546456692913
11
1.1885515748031497
21
0.8727792913385827
0
LINE
8
BLACK
6
CONTINUOUS
10
1.1885515748031497
20
0.8727792913385827
11
1.1913637007874016
21
0.8699671653543307
0
LINE
8
BLACK
6
CONTINUOUS
10
1.1913637007874016
20
0.8699671653543307
11
1.1918390551181102
21
0.8691437401574803
0
LINE
8
BLACK
6
CONTINUOUS
10
1.1918390551181102
20
0.8691437401574803
11
1.1924699212598424
21
0.8684323622047244
0
LINE
8
BLACK
6
CONTINUOUS
10
1.1924699212598424
20
0.8684323622047244
11
1.1952820866141731
21
0.862808031496063
0
LINE
8
BLACK
6
CONTINUOUS
10
1.1952820866141731
20
0.862808031496063
11
1.1955542125984251
21
0.8614780708661417
0
LINE
8
BLACK
6
CONTINUOUS
10
1.1955542125984251
20
0.8614780708661417
11
1.1959055511811023
21
0.8601670078740157
0
LINE
8
BLACK
6
CONTINUOUS
10
1.1959055511811023
20
0.8601670078740157
11
1.1959055511811023
21
0.854542716535433
0
LINE
8
BLACK
6
CONTINUOUS
10
1.1959055511811023
20
0.854542716535433
11
1.1955542519685038
21
0.8532316535433071
0
LINE
8
BLACK
6
CONTINUOUS
10
1.1955542519685038
20
0.8532316535433071
11
1.1952820866141731
21
0.851901653543307
0
LINE
8
BLACK
6
CONTINUOUS
10
1.1952820866141731
20
0.851901653543307
11
1.1924699212598424
21
0.8462774015748031
0
LINE
8
BLACK
6
CONTINUOUS
10
1.1924699212598424
20
0.8462774015748031
11
1.1918390944881889
21
0.8455660236220472
0
LINE
8
BLACK
6
CONTINUOUS
10
1.1918390944881889
20
0.8455660236220472
11
1.1913637007874016
21
0.8447425984251968
0
LINE
8
BLACK
6
CONTINUOUS
10
1.1913637007874016
20
0.8447425984251968
11
1.1885515748031497
21
0.8419304724409449
0
LINE
8
BLACK
6
CONTINUOUS
10
1.1885515748031497
20
0.8419304724409449
11
1.1877281496062992
21
0.8414550787401575
0
LINE
8
BLACK
6
CONTINUOUS
10
1.1877281496062992
20
0.8414550787401575
11
1.1870167716535434
21
0.840824251968504
0
LINE
8
BLACK
6
CONTINUOUS
10
1.1870167716535434
20
0.840824251968504
11
1.1813924409448819
21
0.8380120866141733
0
LINE
8
BLACK
6
CONTINUOUS
10
1.1813924409448819
20
0.8380120866141733
11
1.1800624803149606
21
0.8377399212598425
0
LINE
8
BLACK
6
CONTINUOUS
10
1.1800624803149606
20
0.8377399212598425
11
1.1787514173228346
21
0.8373886220472441
0
LINE
8
BLACK
6
CONTINUOUS
10
1.1787514173228346
20
0.8373886220472441
11
1.1646907086614173
21
0.8373886220472441
0
LINE
8
BLACK
6
CONTINUOUS
10
1.1646907086614173
20
0.8373886220472441
11
1.1637722440944882
21
0.8376346850393701
0
LINE
8
BLACK
6
CONTINUOUS
10
1.1637722440944882
20
0.8376346850393701
11
1.1628231889763778
21
0.8376916929133859
0
LINE
8
BLACK
6
CONTINUOUS
10
1.1628231889763778
20
0.8376916929133859
11
1.1543867716535432
21
0.8405038582677166
0
LINE
8
BLACK
6
CONTINUOUS
10
1.1543867716535432
20
0.8405038582677166
11
1.1518357086614173
21
0.8421881496062992
0
LINE
8
BLACK
6
CONTINUOUS
10
1.1518357086614173
20
0.8421881496062992
11
1.150468622047244
21
0.8449223622047244
0
LINE
8
BLACK
6
CONTINUOUS
10
1.150468622047244
20
0.8449223622047244
11
1.1506518110236221
21
0.847973779527559
0
LINE
8
BLACK
6
CONTINUOUS
10
1.1506518110236221
20
0.847973779527559
11
1.1523361023622047
21
0.850524842519685
0
LINE
8
BLACK
6
CONTINUOUS
10
1.1523361023622047
20
0.850524842519685
11
1.1550703149606298
21
0.8518919291338583
0
LINE
8
BLACK
6
CONTINUOUS
10
1.1550703149606298
20
0.8518919291338583
11
1.1581217322834645
21
0.8517087401574803
0
LINE
8
BLACK
6
CONTINUOUS
10
1.1581217322834645
20
0.8517087401574803
11
1.165649094488189
21
0.8491996456692913
0
LINE
8
BLACK
6
CONTINUOUS
10
1.165649094488189
20
0.8491996456692913
11
1.1773573228346457
21
0.8491996456692913
0
LINE
8
BLACK
6
CONTINUOUS
10
1.1773573228346457
20
0.8491996456692913
11
1.1808775590551182
21
0.8509597637795275
0
LINE
8
BLACK
6
CONTINUOUS
10
1.1808775590551182
20
0.8509597637795275
11
1.1823344094488188
21
0.8524166141732283
0
LINE
8
BLACK
6
CONTINUOUS
10
1.1823344094488188
20
0.8524166141732283
11
1.1840945275590551
21
0.8559368110236221
0
LINE
8
BLACK
6
CONTINUOUS
10
1.1840945275590551
20
0.8559368110236221
11
1.1840945275590551
21
0.8587729133858267
0
LINE
8
BLACK
6
CONTINUOUS
10
1.1840945275590551
20
0.8587729133858267
11
1.1823344094488188
21
0.8622931496062992
0
LINE
8
BLACK
6
CONTINUOUS
10
1.1823344094488188
20
0.8622931496062992
11
1.1808775590551182
21
0.86375
0
LINE
8
BLACK
6
CONTINUOUS
10
1.1808775590551182
20
0.86375
11
1.176690157480315
21
0.8658436614173228
0
LINE
8
BLACK
6
CONTINUOUS
10
1.176690157480315
20
0.8658436614173228
11
1.1660705511811023
21
0.8684985826771653
0
LINE
8
BLACK
6
CONTINUOUS
10
1.1660705511811023
20
0.8684985826771653
11
1.165500590551181
21
0.8688149606299213
0
LINE
8
BLACK
6
CONTINUOUS
10
1.165500590551181
20
0.8688149606299213
11
1.1648617716535432
21
0.8689457086614173
0
LINE
8
BLACK
6
CONTINUOUS
10
1.1648617716535432
20
0.8689457086614173
11
1.1592375196850393
21
0.871757874015748
0
LINE
8
BLACK
6
CONTINUOUS
10
1.1592375196850393
20
0.871757874015748
11
1.1585261417322834
21
0.8723886614173229
0
LINE
8
BLACK
6
CONTINUOUS
10
1.1585261417322834
20
0.8723886614173229
11
1.1577027559055117
21
0.8728640551181103
0
LINE
8
BLACK
6
CONTINUOUS
10
1.1577027559055117
20
0.8728640551181103
11
1.154890590551181
21
0.8756761811023622
0
LINE
8
BLACK
6
CONTINUOUS
10
1.154890590551181
20
0.8756761811023622
11
1.154415157480315
21
0.8764996062992125
0
LINE
8
BLACK
6
CONTINUOUS
10
1.154415157480315
20
0.8764996062992125
11
1.1537843307086615
21
0.8772110236220472
0
LINE
8
BLACK
6
CONTINUOUS
10
1.1537843307086615
20
0.8772110236220472
11
1.1509722047244095
21
0.8828353937007873
0
LINE
8
BLACK
6
CONTINUOUS
10
1.1509722047244095
20
0.8828353937007873
11
1.1507000787401576
21
0.8841651181102362
0
LINE
8
BLACK
6
CONTINUOUS
10
1.1507000787401576
20
0.8841651181102362
11
1.1503487401574803
21
0.8854763779527559
0
LINE
8
BLACK
6
CONTINUOUS
10
1.1503487401574803
20
0.8854763779527559
11
1.1503487401574803
21
0.8911006692913386
0
LINE
8
BLACK
6
CONTINUOUS
10
1.1503487401574803
20
0.8911006692913386
11
1.1507000393700788
21
0.892411811023622
0
LINE
8
BLACK
6
CONTINUOUS
10
1.1507000393700788
20
0.892411811023622
11
1.1509722047244095
21
0.8937416929133858
0
LINE
8
BLACK
6
CONTINUOUS
10
1.1509722047244095
20
0.8937416929133858
11
1.1537843307086615
21
0.8993659842519685
0
LINE
8
BLACK
6
CONTINUOUS
10
1.1537843307086615
20
0.8993659842519685
11
1.154415157480315
21
0.9000773622047243
0
LINE
8
BLACK
6
CONTINUOUS
10
1.154415157480315
20
0.9000773622047243
11
1.154890590551181
21
0.9009008267716535
0
LINE
8
BLACK
6
CONTINUOUS
10
1.154890590551181
20
0.9009008267716535
11
1.1577027559055117
21
0.9037129527559055
0
LINE
8
BLACK
6
CONTINUOUS
10
1.1577027559055117
20
0.9037129527559055
11
1.1585261417322834
21
0.9041883070866141
0
LINE
8
BLACK
6
CONTINUOUS
10
1.1585261417322834
20
0.9041883070866141
11
1.1592375196850393
21
0.9048191338582677
0
LINE
8
BLACK
6
CONTINUOUS
10
1.1592375196850393
20
0.9048191338582677
11
1.1648617716535432
21
0.9076312992125984
0
LINE
8
BLACK
6
CONTINUOUS
10
1.1648617716535432
20
0.9076312992125984
11
1.1661917716535433
21
0.9079034645669292
0
LINE
8
BLACK
6
CONTINUOUS
10
1.1661917716535433
20
0.9079034645669292
11
1.1675028346456693
21
0.9082547637795275
0
LINE
8
BLACK
6
CONTINUOUS
10
1.1675028346456693
20
0.9082547637795275
11
1.1815635826771653
21
0.9082547637795275
0
LINE
8
BLACK
6
CONTINUOUS
10
1.1815635826771653
20
0.9082547637795275
11
1.1824820078740157
21
0.9080086614173228
0
LINE
8
BLACK
6
CONTINUOUS
10
1.3009848818897638
20
0.9079034251968504
11
1.3023148425196851
21
0.9076312992125984
0
LINE
8
BLACK
6
CONTINUOUS
10
1.3023148425196851
20
0.9076312992125984
11
1.3079391338582678
21
0.9048191338582677
0
LINE
8
BLACK
6
CONTINUOUS
10
1.3079391338582678
20
0.9048191338582677
11
1.3086504724409449
21
0.9041883070866141
0
LINE
8
BLACK
6
CONTINUOUS
10
1.3086504724409449
20
0.9041883070866141
11
1.3094738976377953
21
0.9037129527559055
0
LINE
8
BLACK
6
CONTINUOUS
10
1.3094738976377953
20
0.9037129527559055
11
1.312286062992126
21
0.9009008267716535
0
LINE
8
BLACK
6
CONTINUOUS
10
1.312286062992126
20
0.9009008267716535
11
1.3127614566929133
21
0.9000773622047243
0
LINE
8
BLACK
6
CONTINUOUS
10
1.3127614566929133
20
0.9000773622047243
11
1.3133923228346456
21
0.8993659842519685
0
LINE
8
BLACK
6
CONTINUOUS
10
1.3133923228346456
20
0.8993659842519685
11
1.3162044488188975
21
0.893741653543307
0
LINE
8
BLACK
6
CONTINUOUS
10
1.3162044488188975
20
0.893741653543307
11
1.3163351181102363
21
0.8931029133858267
0
LINE
8
BLACK
6
CONTINUOUS
10
1.3163351181102363
20
0.8931029133858267
11
1.3166515748031495
21
0.8925329527559055
0
LINE
8
BLACK
6
CONTINUOUS
10
1.3166515748031495
20
0.8925329527559055
11
1.3194637401574802
21
0.8812843700787402
0
LINE
8
BLACK
6
CONTINUOUS
10
1.3194637401574802
20
0.8812843700787402
11
1.3194514566929134
21
0.8805558267716536
0
LINE
8
BLACK
6
CONTINUOUS
10
1.3194514566929134
20
0.8805558267716536
11
1.3196400787401574
21
0.8798520472440945
0
LINE
8
BLACK
6
CONTINUOUS
10
1.3196400787401574
20
0.8798520472440945
11
1.3196400787401574
21
0.8657913385826771
0
LINE
8
BLACK
6
CONTINUOUS
10
1.3196400787401574
20
0.8657913385826771
11
1.3194514566929134
21
0.8650875196850394
0
LINE
8
BLACK
6
CONTINUOUS
10
1.3194514566929134
20
0.8650875196850394
11
1.3194637401574802
21
0.8643590157480314
0
LINE
8
BLACK
6
CONTINUOUS
10
1.3194637401574802
20
0.8643590157480314
11
1.3166515748031495
21
0.8531104330708661
0
LINE
8
BLACK
6
CONTINUOUS
10
1.3166515748031495
20
0.8531104330708661
11
1.3163351181102363
21
0.8525404330708661
0
LINE
8
BLACK
6
CONTINUOUS
10
1.3163351181102363
20
0.8525404330708661
11
1.3162044488188975
21
0.8519017322834646
0
LINE
8
BLACK
6
CONTINUOUS
10
1.3162044488188975
20
0.8519017322834646
11
1.3133923228346456
21
0.8462774015748031
0
LINE
8
BLACK
6
CONTINUOUS
10
1.3133923228346456
20
0.8462774015748031
11
1.3127614566929133
21
0.8455659842519685
0
LINE
8
BLACK
6
CONTINUOUS
10
1.3127614566929133
20
0.8455659842519685
11
1.312286062992126
21
0.8447425590551181
0
LINE
8
BLACK
6
CONTINUOUS
10
1.312286062992126
20
0.8447425590551181
11
1.3094738976377953
21
0.8419304330708661
0
LINE
8
BLACK
6
CONTINUOUS
10
1.3094738976377953
20
0.8419304330708661
11
1.3086504724409449
21
0.8414550393700787
0
LINE
8
BLACK
6
CONTINUOUS
10
1.3086504724409449
20
0.8414550393700787
11
1.3079391338582678
21
0.840824251968504
0
LINE
8
BLACK
6
CONTINUOUS
10
1.3079391338582678
20
0.840824251968504
11
1.3023148425196851
21
0.8380120866141733
0
LINE
8
BLACK
6
CONTINUOUS
10
1.3023148425196851
20
0.8380120866141733
11
1.3009848818897638
21
0.8377399212598425
0
LINE
8
BLACK
6
CONTINUOUS
10
1.3009848818897638
20
0.8377399212598425
11
1.2996738188976378
21
0.8373886220472441
0
LINE
8
BLACK
6
CONTINUOUS
10
1.2996738188976378
20
0.8373886220472441
11
1.2940495275590551
21
0.8373886220472441
0
LINE
8
BLACK
6
CONTINUOUS
10
1.2940495275590551
20
0.8373886220472441
11
1.2927384645669291
21
0.8377398818897638
0
LINE
8
BLACK
6
CONTINUOUS
10
1.2927384645669291
20
0.8377398818897638
11
1.291408464566929
21
0.8380120866141733
0
LINE
8
BLACK
6
CONTINUOUS
10
1.291408464566929
20
0.8380120866141733
11
1.2857842125984251
21
0.840824251968504
0
LINE
8
BLACK
6
CONTINUOUS
10
1.2857842125984251
20
0.840824251968504
11
1.2850728346456692
21
0.8414550393700787
0
LINE
8
BLACK
6
CONTINUOUS
10
1.2850728346456692
20
0.8414550393700787
11
1.2842494488188976
21
0.8419304330708661
0
LINE
8
BLACK
6
CONTINUOUS
10
1.2842494488188976
20
0.8419304330708661
11
1.2814372834645669
21
0.8447425590551181
0
LINE
8
BLACK
6
CONTINUOUS
10
1.2814372834645669
20
0.8447425590551181
11
1.2809618110236221
21
0.8455660236220472
0
LINE
8
BLACK
6
CONTINUOUS
10
1.2809618110236221
20
0.8455660236220472
11
1.2803310236220473
21
0.8462774015748031
0
LINE
8
BLACK
6
CONTINUOUS
10
1.2803310236220473
20
0.8462774015748031
11
1.2775188582677166
21
0.8519016929133858
0
LINE
8
BLACK
6
CONTINUOUS
10
1.2775188582677166
20
0.8519016929133858
11
1.2773881102362203
21
0.8525404330708661
0
LINE
8
BLACK
6
CONTINUOUS
10
1.2773881102362203
20
0.8525404330708661
11
1.2770717322834646
21
0.8531104330708661
0
LINE
8
BLACK
6
CONTINUOUS
10
1.2770717322834646
20
0.8531104330708661
11
1.2742596062992126
21
0.8643590551181102
0
LINE
8
BLACK
6
CONTINUOUS
10
1.2742596062992126
20
0.8643590551181102
11
1.2742718503937007
21
0.8650874803149606
0
LINE
8
BLACK
6
CONTINUOUS
10
1.2742718503937007
20
0.8650874803149606
11
1.2740832677165355
21
0.8657913385826771
0
LINE
8
BLACK
6
CONTINUOUS
10
1.2740832677165355
20
0.8657913385826771
11
1.2740832677165355
21
0.8798520472440945
0
LINE
8
BLACK
6
CONTINUOUS
10
1.2740832677165355
20
0.8798520472440945
11
1.2742718503937007
21
0.8805558661417323
0
LINE
8
BLACK
6
CONTINUOUS
10
1.2742718503937007
20
0.8805558661417323
11
1.2742596062992126
21
0.8812843307086614
0
LINE
8
BLACK
6
CONTINUOUS
10
1.2742596062992126
20
0.8812843307086614
11
1.2770717322834646
21
0.8925329527559055
0
LINE
8
BLACK
6
CONTINUOUS
10
1.2770717322834646
20
0.8925329527559055
11
1.2773881102362203
21
0.8931029133858267
0
LINE
8
BLACK
6
CONTINUOUS
10
1.2773881102362203
20
0.8931029133858267
11
1.2775188582677166
21
0.8937416929133858
0
LINE
8
BLACK
6
CONTINUOUS
10
1.2775188582677166
20
0.8937416929133858
11
1.2803310236220473
21
0.8993659842519685
0
LINE
8
BLACK
6
CONTINUOUS
10
1.2803310236220473
20
0.8993659842519685
11
1.2809618110236221
21
0.9000773228346457
0
LINE
8
BLACK
6
CONTINUOUS
10
1.2809618110236221
20
0.9000773228346457
11
1.2814372834645669
21
0.9009008267716535
0
LINE
8
BLACK
6
CONTINUOUS
10
1.2814372834645669
20
0.9009008267716535
11
1.2842494488188976
21
0.9037129527559055
0
LINE
8
BLACK
6
CONTINUOUS
10
1.2842494488188976
20
0.9037129527559055
11
1.2850728346456692
21
0.9041883070866141
0
LINE
8
BLACK
6
CONTINUOUS
10
1.2850728346456692
20
0.9041883070866141
11
1.2857842125984251
21
0.9048191338582677
0
LINE
8
BLACK
6
CONTINUOUS
10
1.2857842125984251
20
0.9048191338582677
11
1.291408464566929
21
0.9076312992125984
0
LINE
8
BLACK
6
CONTINUOUS
10
1.291408464566929
20
0.9076312992125984
11
1.2927384645669291
21
0.9079034645669292
0
LINE
8
BLACK
6
CONTINUOUS
10
1.2927384645669291
20
0.9079034645669292
11
1.2940495275590551
21
0.9082547637795275
0
LINE
8
BLACK
6
CONTINUOUS
10
1.2940495275590551
20
0.9082547637795275
11
1.2996738188976378
21
0.9082547637795275
0
LINE
8
BLACK
6
CONTINUOUS
10
1.2996738188976378
20
0.9082547637795275
11
1.3009848818897638
21
0.9079034251968504
0
LINE
8
BLACK
6
CONTINUOUS
10
1.2919233858267716
20
0.8946835826771653
11
1.2904665354330709
21
0.8932267716535433
0
LINE
8
BLACK
6
CONTINUOUS
10
1.2904665354330709
20
0.8932267716535433
11
1.2883727952755906
21
0.8890393700787401
0
LINE
8
BLACK
6
CONTINUOUS
10
1.2883727952755906
20
0.8890393700787401
11
1.2858942913385827
21
0.8791251181102362
0
LINE
8
BLACK
6
CONTINUOUS
10
1.2858942913385827
20
0.8791251181102362
11
1.2858942913385827
21
0.8665182283464566
0
LINE
8
BLACK
6
CONTINUOUS
10
1.2858942913385827
20
0.8665182283464566
11
1.2883727952755906
21
0.8566039763779527
0
LINE
8
BLACK
6
CONTINUOUS
10
1.2883727952755906
20
0.8566039763779527
11
1.2904665354330709
21
0.8524165748031496
0
LINE
8
BLACK
6
CONTINUOUS
10
1.2904665354330709
20
0.8524165748031496
11
1.2919233858267716
21
0.8509597637795275
0
LINE
8
BLACK
6
CONTINUOUS
10
1.2919233858267716
20
0.8509597637795275
11
1.2954436220472441
21
0.8491996456692913
0
LINE
8
BLACK
6
CONTINUOUS
10
1.2954436220472441
20
0.8491996456692913
11
1.2982797244094488
21
0.8491996456692913
0
LINE
8
BLACK
6
CONTINUOUS
10
1.2982797244094488
20
0.8491996456692913
11
1.3017999606299213
21
0.8509597637795275
0
LINE
8
BLACK
6
CONTINUOUS
10
1.3017999606299213
20
0.8509597637795275
11
1.303256811023622
21
0.8524166141732283
0
LINE
8
BLACK
6
CONTINUOUS
10
1.303256811023622
20
0.8524166141732283
11
1.3053504330708661
21
0.856603937007874
0
LINE
8
BLACK
6
CONTINUOUS
10
1.3053504330708661
20
0.856603937007874
11
1.3078290551181102
21
0.8665182677165354
0
LINE
8
BLACK
6
CONTINUOUS
10
1.3078290551181102
20
0.8665182677165354
11
1.3078290551181102
21
0.8791250787401574
0
LINE
8
BLACK
6
CONTINUOUS
10
1.3078290551181102
20
0.8791250787401574
11
1.3053504330708661
21
0.8890394094488189
0
LINE
8
BLACK
6
CONTINUOUS
10
1.3053504330708661
20
0.8890394094488189
11
1.303256811023622
21
0.8932267322834645
0
LINE
8
BLACK
6
CONTINUOUS
10
1.303256811023622
20
0.8932267322834645
11
1.3017999606299213
21
0.8946835826771653
0
LINE
8
BLACK
6
CONTINUOUS
10
1.3017999606299213
20
0.8946835826771653
11
1.2982797244094488
21
0.8964437401574803
0
LINE
8
BLACK
6
CONTINUOUS
10
1.2982797244094488
20
0.8964437401574803
11
1.2954436220472441
21
0.8964437401574803
0
LINE
8
BLACK
6
CONTINUOUS
10
1.2954436220472441
20
0.8964437401574803
11
1.2919233858267716
21
0.8946835826771653
0
LINE
8
BLACK
6
CONTINUOUS
10
1.3532931102362205
20
0.9082042125984252
11
1.35348468503937
21
0.9082425590551181
0
LINE
8
BLACK
6
CONTINUOUS
10
1.35348468503937
20
0.9082425590551181
11
1.3547588188976378
21
0.9078114960629921
0
LINE
8
BLACK
6
CONTINUOUS
10
1.3547588188976378
20
0.9078114960629921
11
1.3560573622047243
21
0.9074635826771653
0
LINE
8
BLACK
6
CONTINUOUS
10
1.3560573622047243
20
0.9074635826771653
11
1.3561953937007873
21
0.9073255118110236
0
LINE
8
BLACK
6
CONTINUOUS
10
1.3561953937007873
20
0.9073255118110236
11
1.3563803937007874
21
0.9072629527559055
0
LINE
8
BLACK
6
CONTINUOUS
10
1.3563803937007874
20
0.9072629527559055
11
1.3572682677165353
21
0.9062526377952755
0
LINE
8
BLACK
6
CONTINUOUS
10
1.3572682677165353
20
0.9062526377952755
11
1.3582189370078739
21
0.9053020078740157
0
LINE
8
BLACK
6
CONTINUOUS
10
1.3582189370078739
20
0.9053020078740157
11
1.3582694488188976
21
0.9051134645669291
0
LINE
8
BLACK
6
CONTINUOUS
10
1.3582694488188976
20
0.9051134645669291
11
1.3583983858267716
21
0.9049667716535433
0
LINE
8
BLACK
6
CONTINUOUS
10
1.3583983858267716
20
0.9049667716535433
11
1.358662125984252
21
0.903647874015748
0
LINE
8
BLACK
6
CONTINUOUS
10
1.358662125984252
20
0.903647874015748
11
1.3590101181102361
21
0.9023492519685039
0
LINE
8
BLACK
6
CONTINUOUS
10
1.3590101181102361
20
0.9023492519685039
11
1.3590101181102361
21
0.8491996456692913
0
LINE
8
BLACK
6
CONTINUOUS
10
1.3590101181102361
20
0.8491996456692913
11
1.3699775196850394
21
0.8491996456692913
0
LINE
8
BLACK
6
CONTINUOUS
10
1.3699775196850394
20
0.8491996456692913
11
1.3729302755905513
21
0.8484084645669291
0
LINE
8
BLACK
6
CONTINUOUS
10
1.3729302755905513
20
0.8484084645669291
11
1.3750918503937009
21
0.8462468897637795
0
LINE
8
BLACK
6
CONTINUOUS
10
1.3750918503937009
20
0.8462468897637795
11
1.3758830314960631
21
0.8432941338582677
0
LINE
8
BLACK
6
CONTINUOUS
10
1.3758830314960631
20
0.8432941338582677
11
1.3750918503937009
21
0.8403413779527559
0
LINE
8
BLACK
6
CONTINUOUS
10
1.3750918503937009
20
0.8403413779527559
11
1.3729302755905513
21
0.8381798031496063
0
LINE
8
BLACK
6
CONTINUOUS
10
1.3729302755905513
20
0.8381798031496063
11
1.3699775196850394
21
0.8373886220472441
0
LINE
8
BLACK
6
CONTINUOUS
10
1.3699775196850394
20
0.8373886220472441
11
1.3531046062992125
21
0.8373886220472441
0
LINE
8
BLACK
6
CONTINUOUS
10
1.3531046062992125
20
0.8373886220472441
11
1.3362317322834645
21
0.8373886220472441
0
LINE
8
BLACK
6
CONTINUOUS
10
1.3362317322834645
20
0.8373886220472441
11
1.3332789763779527
21
0.8381798031496063
0
LINE
8
BLACK
6
CONTINUOUS
10
1.3332789763779527
20
0.8381798031496063
11
1.3311174015748031
21
0.8403413779527559
0
LINE
8
BLACK
6
CONTINUOUS
10
1.3311174015748031
20
0.8403413779527559
11
1.3303262204724409
21
0.8432941338582677
0
LINE
8
BLACK
6
CONTINUOUS
10
1.3303262204724409
20
0.8432941338582677
11
1.3311174015748031
21
0.8462468897637795
0
LINE
8
BLACK
6
CONTINUOUS
10
1.3311174015748031
20
0.8462468897637795
11
1.3332789763779527
21
0.8484084645669291
0
LINE
8
BLACK
6
CONTINUOUS
10
1.3332789763779527
20
0.8484084645669291
11
1.3362317322834645
21
0.8491996456692913
0
LINE
8
BLACK
6
CONTINUOUS
10
1.3362317322834645
20
0.8491996456692913
11
1.3471990944881889
21
0.8491996456692913
0
LINE
8
BLACK
6
CONTINUOUS
10
1.3471990944881889
20
0.8491996456692913
11
1.3471990944881889
21
0.8852799212598425
0
LINE
8
BLACK
6
CONTINUOUS
10
1.3471990944881889
20
0.8852799212598425
11
1.3460318503937008
21
0.8841126771653544
0
LINE
8
BLACK
6
CONTINUOUS
10
1.3460318503937008
20
0.8841126771653544
11
1.3452084251968504
21
0.8836372834645669
0
LINE
8
BLACK
6
CONTINUOUS
10
1.3452084251968504
20
0.8836372834645669
11
1.3444970472440945
21
0.8830064566929133
0
LINE
8
BLACK
6
CONTINUOUS
10
1.3444970472440945
20
0.8830064566929133
11
1.3388727559055118
21
0.8801943307086614
0
LINE
8
BLACK
6
CONTINUOUS
10
1.3388727559055118
20
0.8801943307086614
11
1.335877874015748
21
0.8795814566929133
0
LINE
8
BLACK
6
CONTINUOUS
10
1.335877874015748
20
0.8795814566929133
11
1.3329778346456693
21
0.8805481496062992
0
LINE
8
BLACK
6
CONTINUOUS
10
1.3329778346456693
20
0.8805481496062992
11
1.3309496850393701
21
0.8828353543307086
0
LINE
8
BLACK
6
CONTINUOUS
10
1.3309496850393701
20
0.8828353543307086
11
1.330336811023622
21
0.8858302362204724
0
LINE
8
BLACK
6
CONTINUOUS
10
1.330336811023622
20
0.8858302362204724
11
1.3313035039370078
21
0.8887302755905512
0
LINE
8
BLACK
6
CONTINUOUS
10
1.3313035039370078
20
0.8887302755905512
11
1.3335907086614174
21
0.8907584251968503
0
LINE
8
BLACK
6
CONTINUOUS
10
1.3335907086614174
20
0.8907584251968503
11
1.3383577952755905
21
0.8931419291338583
0
LINE
8
BLACK
6
CONTINUOUS
10
1.3383577952755905
20
0.8931419291338583
11
1.3428909448818898
21
0.8976750787401575
0
LINE
8
BLACK
6
CONTINUOUS
10
1.3428909448818898
20
0.8976750787401575
11
1.3481909448818898
21
0.9056250393700788
0
LINE
8
BLACK
6
CONTINUOUS
10
1.3481909448818898
20
0.9056250393700788
11
1.349200905511811
21
0.9065126377952756
0
LINE
8
BLACK
6
CONTINUOUS
10
1.349200905511811
20
0.9065126377952756
11
1.3501518503937007
21
0.9074635826771653
0
LINE
8
BLACK
6
CONTINUOUS
10
1.3501518503937007
20
0.9074635826771653
11
1.3503404330708662
21
0.907514094488189
0
LINE
8
BLACK
6
CONTINUOUS
10
1.3503404330708662
20
0.907514094488189
11
1.3504871259842519
21
0.907643031496063
0
LINE
8
BLACK
6
CONTINUOUS
10
1.3504871259842519
20
0.907643031496063
11
1.351806062992126
21
0.907906811023622
0
LINE
8
BLACK
6
CONTINUOUS
10
1.351806062992126
20
0.907906811023622
11
1.3531046062992125
21
0.9082547637795275
0
LINE
8
BLACK
6
CONTINUOUS
10
1.3531046062992125
20
0.9082547637795275
11
1.3532931102362205
21
0.9082042125984252
0
LINE
8
BLACK
6
CONTINUOUS
10
1.4080423622047245
20
0.9079733464566929
11
1.4084029133858267
21
0.9079517322834646
0
LINE
8
BLACK
6
CONTINUOUS
10
1.4084029133858267
20
0.9079517322834646
11
1.4093928346456692
21
0.9072981102362204
0
LINE
8
BLACK
6
CONTINUOUS
10
1.4093928346456692
20
0.9072981102362204
11
1.4104535826771654
21
0.9067677559055118
0
LINE
8
BLACK
6
CONTINUOUS
10
1.4104535826771654
20
0.9067677559055118
11
1.4106525196850392
21
0.9064664173228346
0
LINE
8
BLACK
6
CONTINUOUS
10
1.4106525196850392
20
0.9064664173228346
11
1.4109539763779528
21
0.9062674015748031
0
LINE
8
BLACK
6
CONTINUOUS
10
1.4109539763779528
20
0.9062674015748031
11
1.4114844881889763
21
0.9052062992125984
0
LINE
8
BLACK
6
CONTINUOUS
10
1.4114844881889763
20
0.9052062992125984
11
1.412137874015748
21
0.9042167322834646
0
LINE
8
BLACK
6
CONTINUOUS
10
1.412137874015748
20
0.9042167322834646
11
1.4318229527559054
21
0.8451616141732283
0
LINE
8
BLACK
6
CONTINUOUS
10
1.4318229527559054
20
0.8451616141732283
11
1.4320061023622046
21
0.8421101968503937
0
LINE
8
BLACK
6
CONTINUOUS
10
1.4320061023622046
20
0.8421101968503937
11
1.4306390157480315
21
0.8393759842519685
0
LINE
8
BLACK
6
CONTINUOUS
10
1.4306390157480315
20
0.8393759842519685
11
1.4280879527559054
21
0.8376916535433071
0
LINE
8
BLACK
6
CONTINUOUS
10
1.4280879527559054
20
0.8376916535433071
11
1.4250365354330707
21
0.8375085039370078
0
LINE
8
BLACK
6
CONTINUOUS
10
1.4250365354330707
20
0.8375085039370078
11
1.4223023228346456
21
0.8388755905511811
0
LINE
8
BLACK
6
CONTINUOUS
10
1.4223023228346456
20
0.8388755905511811
11
1.420618031496063
21
0.841426653543307
0
LINE
8
BLACK
6
CONTINUOUS
10
1.420618031496063
20
0.841426653543307
11
1.4163397637795274
21
0.8542614960629921
0
LINE
8
BLACK
6
CONTINUOUS
10
1.4163397637795274
20
0.8542614960629921
11
1.3967311417322834
21
0.8542614960629921
0
LINE
8
BLACK
6
CONTINUOUS
10
1.3967311417322834
20
0.8542614960629921
11
1.3924528346456693
21
0.841426653543307
0
LINE
8
BLACK
6
CONTINUOUS
10
1.3924528346456693
20
0.841426653543307
11
1.3907685433070867
21
0.8388756299212599
0
LINE
8
BLACK
6
CONTINUOUS
10
1.3907685433070867
20
0.8388756299212599
11
1.3880343307086613
21
0.8375085039370078
0
LINE
8
BLACK
6
CONTINUOUS
10
1.3880343307086613
20
0.8375085039370078
11
1.3849829133858267
21
0.8376916929133859
0
LINE
8
BLACK
6
CONTINUOUS
10
1.3849829133858267
20
0.8376916929133859
11
1.3824318897637795
21
0.8393759842519685
0
LINE
8
BLACK
6
CONTINUOUS
10
1.3824318897637795
20
0.8393759842519685
11
1.3810647637795275
21
0.8421101968503937
0
LINE
8
BLACK
6
CONTINUOUS
10
1.3810647637795275
20
0.8421101968503937
11
1.3812479527559054
21
0.8451616141732283
0
LINE
8
BLACK
6
CONTINUOUS
10
1.3812479527559054
20
0.8451616141732283
11
1.4009329921259843
21
0.9042167322834646
0
LINE
8
BLACK
6
CONTINUOUS
10
1.4009329921259843
20
0.9042167322834646
11
1.4015864566929133
21
0.9052064960629921
0
LINE
8
BLACK
6
CONTINUOUS
10
1.4015864566929133
20
0.9052064960629921
11
1.4021169291338582
21
0.9062674015748031
0
LINE
8
BLACK
6
CONTINUOUS
10
1.4021169291338582
20
0.9062674015748031
11
1.4024182283464566
21
0.9064663385826771
0
LINE
8
BLACK
6
CONTINUOUS
10
1.4024182283464566
20
0.9064663385826771
11
1.4026172834645669
21
0.9067677952755905
0
LINE
8
BLACK
6
CONTINUOUS
10
1.4026172834645669
20
0.9067677952755905
11
1.4036783464566929
21
0.9072983070866142
0
LINE
8
BLACK
6
CONTINUOUS
10
1.4036783464566929
20
0.9072983070866142
11
1.4046679527559054
21
0.9079516929133858
0
LINE
8
BLACK
6
CONTINUOUS
10
1.4046679527559054
20
0.9079516929133858
11
1.4050283858267716
21
0.9079733070866142
0
LINE
8
BLACK
6
CONTINUOUS
10
1.4050283858267716
20
0.9079733070866142
11
1.405351496062992
21
0.9081348818897638
0
LINE
8
BLACK
6
CONTINUOUS
10
1.405351496062992
20
0.9081348818897638
11
1.4065355511811024
21
0.908063779527559
0
LINE
8
BLACK
6
CONTINUOUS
10
1.4065355511811024
20
0.908063779527559
11
1.40771937007874
21
0.9081348818897638
0
LINE
8
BLACK
6
CONTINUOUS
10
1.40771937007874
20
0.9081348818897638
11
1.4080423622047245
21
0.9079733464566929
0
LINE
8
BLACK
6
CONTINUOUS
10
1.4006681496062992
20
0.8660725196850394
11
1.4124027559055117
21
0.8660725196850394
0
LINE
8
BLACK
6
CONTINUOUS
10
1.4124027559055117
20
0.8660725196850394
11
1.4065354330708661
21
0.8836743700787402
0
LINE
8
BLACK
6
CONTINUOUS
10
1.4065354330708661
20
0.8836743700787402
11
1.4006681496062992
21
0.8660725196850394
0
LINE
8
BLACK
6
CONTINUOUS
10
1.2643607874015748
20
0.9066405905511811
11
1.2659629133858268
21
0.9040371259842519
0
LINE
8
BLACK
6
CONTINUOUS
10
1.2659629133858268
20
0.9040371259842519
11
1.2660486614173228
21
0.9009814173228347
0
LINE
8
BLACK
6
CONTINUOUS
10
1.2660486614173228
20
0.9009814173228347
11
1.2519879133858267
21
0.8419262992125984
0
LINE
8
BLACK
6
CONTINUOUS
10
1.2519879133858267
20
0.8419262992125984
11
1.2519455118110236
21
0.841847874015748
0
LINE
8
BLACK
6
CONTINUOUS
10
1.2519455118110236
20
0.841847874015748
11
1.2519454330708661
21
0.8417588582677166
0
LINE
8
BLACK
6
CONTINUOUS
10
1.2519454330708661
20
0.8417588582677166
11
1.2512216535433072
21
0.8405087007874016
0
LINE
8
BLACK
6
CONTINUOUS
10
1.2512216535433072
20
0.8405087007874016
11
1.2505343307086614
21
0.8392370866141732
0
LINE
8
BLACK
6
CONTINUOUS
10
1.2505343307086614
20
0.8392370866141732
11
1.2504584251968505
21
0.8391903543307087
0
LINE
8
BLACK
6
CONTINUOUS
10
1.2504584251968505
20
0.8391903543307087
11
1.2504138188976377
21
0.8391133070866141
0
LINE
8
BLACK
6
CONTINUOUS
10
1.2504138188976377
20
0.8391133070866141
11
1.2491619291338583
21
0.8383925196850394
0
LINE
8
BLACK
6
CONTINUOUS
10
1.2491619291338583
20
0.8383925196850394
11
1.2479308661417323
21
0.8376349606299213
0
LINE
8
BLACK
6
CONTINUOUS
10
1.2479308661417323
20
0.8376349606299213
11
1.2478417716535433
21
0.8376324409448819
0
LINE
8
BLACK
6
CONTINUOUS
10
1.2478417716535433
20
0.8376324409448819
11
1.2477646062992125
21
0.837588031496063
0
LINE
8
BLACK
6
CONTINUOUS
10
1.2477646062992125
20
0.837588031496063
11
1.2463201574803149
21
0.8375897244094488
0
LINE
8
BLACK
6
CONTINUOUS
10
1.2463201574803149
20
0.8375897244094488
11
1.244875157480315
21
0.8375492125984252
0
LINE
8
BLACK
6
CONTINUOUS
10
1.244875157480315
20
0.8375492125984252
11
1.2447967322834645
21
0.8375915748031496
0
LINE
8
BLACK
6
CONTINUOUS
10
1.2447967322834645
20
0.8375915748031496
11
1.244707716535433
21
0.8375916929133858
0
LINE
8
BLACK
6
CONTINUOUS
10
1.244707716535433
20
0.8375916929133858
11
1.243457559055118
21
0.8383154330708661
0
LINE
8
BLACK
6
CONTINUOUS
10
1.243457559055118
20
0.8383154330708661
11
1.2421859448818897
21
0.8390027952755905
0
LINE
8
BLACK
6
CONTINUOUS
10
1.2421859448818897
20
0.8390027952755905
11
1.2421392125984252
21
0.8390786614173228
0
LINE
8
BLACK
6
CONTINUOUS
10
1.2421392125984252
20
0.8390786614173228
11
1.2420621653543307
21
0.8391233070866142
0
LINE
8
BLACK
6
CONTINUOUS
10
1.2420621653543307
20
0.8391233070866142
11
1.2413413779527558
21
0.840375157480315
0
LINE
8
BLACK
6
CONTINUOUS
10
1.2413413779527558
20
0.840375157480315
11
1.2405838188976377
21
0.8416062598425197
0
LINE
8
BLACK
6
CONTINUOUS
10
1.2405838188976377
20
0.8416062598425197
11
1.2405812992125984
21
0.8416953149606299
0
LINE
8
BLACK
6
CONTINUOUS
10
1.2405812992125984
20
0.8416953149606299
11
1.2405368897637794
21
0.8417725196850393
0
LINE
8
BLACK
6
CONTINUOUS
10
1.2405368897637794
20
0.8417725196850393
11
1.23499437007874
21
0.8625568503937008
0
LINE
8
BLACK
6
CONTINUOUS
10
1.23499437007874
20
0.8625568503937008
11
1.2294518897637794
21
0.8417725196850393
0
LINE
8
BLACK
6
CONTINUOUS
10
1.2294518897637794
20
0.8417725196850393
11
1.2294074409448819
21
0.8416953149606299
0
LINE
8
BLACK
6
CONTINUOUS
10
1.2294074409448819
20
0.8416953149606299
11
1.2294049606299213
21
0.8416062598425197
0
LINE
8
BLACK
6
CONTINUOUS
10
1.2294049606299213
20
0.8416062598425197
11
1.2286473622047245
21
0.840375157480315
0
LINE
8
BLACK
6
CONTINUOUS
10
1.2286473622047245
20
0.840375157480315
11
1.2279266141732283
21
0.8391233070866142
0
LINE
8
BLACK
6
CONTINUOUS
10
1.2279266141732283
20
0.8391233070866142
11
1.2278495275590551
21
0.8390786614173228
0
LINE
8
BLACK
6
CONTINUOUS
10
1.2278495275590551
20
0.8390786614173228
11
1.2278028346456693
21
0.8390027952755905
0
LINE
8
BLACK
6
CONTINUOUS
10
1.2278028346456693
20
0.8390027952755905
11
1.2265311811023623
21
0.8383154330708661
0
LINE
8
BLACK
6
CONTINUOUS
10
1.2265311811023623
20
0.8383154330708661
11
1.225281062992126
21
0.8375916929133858
0
LINE
8
BLACK
6
CONTINUOUS
10
1.225281062992126
20
0.8375916929133858
11
1.2251920078740157
21
0.8375915748031496
0
LINE
8
BLACK
6
CONTINUOUS
10
1.2251920078740157
20
0.8375915748031496
11
1.2251136220472441
21
0.8375492125984252
0
LINE
8
BLACK
6
CONTINUOUS
10
1.2251136220472441
20
0.8375492125984252
11
1.2236685826771654
21
0.8375897244094488
0
LINE
8
BLACK
6
CONTINUOUS
10
1.2236685826771654
20
0.8375897244094488
11
1.2222241732283465
21
0.837588031496063
0
LINE
8
BLACK
6
CONTINUOUS
10
1.2222241732283465
20
0.837588031496063
11
1.222146968503937
21
0.8376324409448819
0
LINE
8
BLACK
6
CONTINUOUS
10
1.222146968503937
20
0.8376324409448819
11
1.2220579133858267
21
0.8376349606299213
0
LINE
8
BLACK
6
CONTINUOUS
10
1.2220579133858267
20
0.8376349606299213
11
1.220826811023622
21
0.8383925196850394
0
LINE
8
BLACK
6
CONTINUOUS
10
1.220826811023622
20
0.8383925196850394
11
1.2195749606299213
21
0.8391133070866141
0
LINE
8
BLACK
6
CONTINUOUS
10
1.2195749606299213
20
0.8391133070866141
11
1.2195303149606298
21
0.8391903543307087
0
LINE
8
BLACK
6
CONTINUOUS
10
1.2195303149606298
20
0.8391903543307087
11
1.2194544488188976
21
0.8392370866141732
0
LINE
8
BLACK
6
CONTINUOUS
10
1.2194544488188976
20
0.8392370866141732
11
1.2187670866141731
21
0.8405087007874016
0
LINE
8
BLACK
6
CONTINUOUS
10
1.2187670866141731
20
0.8405087007874016
11
1.2180433464566929
21
0.8417588582677166
0
LINE
8
BLACK
6
CONTINUOUS
10
1.2180433464566929
20
0.8417588582677166
11
1.2180432283464566
21
0.841847874015748
0
LINE
8
BLACK
6
CONTINUOUS
10
1.2180432283464566
20
0.841847874015748
11
1.2180008661417323
21
0.8419262992125984
0
LINE
8
BLACK
6
CONTINUOUS
10
1.2180008661417323
20
0.8419262992125984
11
1.2039401181102363
21
0.9009814173228347
0
LINE
8
BLACK
6
CONTINUOUS
10
1.2039401181102363
20
0.9009814173228347
11
1.2040258661417322
21
0.9040371259842519
0
LINE
8
BLACK
6
CONTINUOUS
10
1.2040258661417322
20
0.9040371259842519
11
1.2056279921259843
21
0.9066405905511811
0
LINE
8
BLACK
6
CONTINUOUS
10
1.2056279921259843
20
0.9066405905511811
11
1.2083172047244095
21
0.9080941732283464
0
LINE
8
BLACK
6
CONTINUOUS
10
1.2083172047244095
20
0.9080941732283464
11
1.2113729133858266
21
0.9080084251968503
0
LINE
8
BLACK
6
CONTINUOUS
10
1.2113729133858266
20
0.9080084251968503
11
1.2139763779527559
21
0.9064062992125984
0
LINE
8
BLACK
6
CONTINUOUS
10
1.2139763779527559
20
0.9064062992125984
11
1.2154299606299213
21
0.9037170866141732
0
LINE
8
BLACK
6
CONTINUOUS
10
1.2154299606299213
20
0.9037170866141732
11
1.2240699212598425
21
0.8674292125984252
0
LINE
8
BLACK
6
CONTINUOUS
10
1.2240699212598425
20
0.8674292125984252
11
1.2292882677165353
21
0.8869979921259842
0
LINE
8
BLACK
6
CONTINUOUS
10
1.2292882677165353
20
0.8869979921259842
11
1.2292918503937007
21
0.887004251968504
0
LINE
8
BLACK
6
CONTINUOUS
10
1.2292918503937007
20
0.887004251968504
11
1.2292918897637795
21
0.887011653543307
0
LINE
8
BLACK
6
CONTINUOUS
10
1.2292918897637795
20
0.887011653543307
11
1.2300577952755904
21
0.8883345669291338
0
LINE
8
BLACK
6
CONTINUOUS
10
1.2300577952755904
20
0.8883345669291338
11
1.2308135433070866
21
0.8896472047244094
0
LINE
8
BLACK
6
CONTINUOUS
10
1.2308135433070866
20
0.8896472047244094
11
1.230819842519685
21
0.8896508661417323
0
LINE
8
BLACK
6
CONTINUOUS
10
1.230819842519685
20
0.8896508661417323
11
1.2308235433070867
21
0.8896572047244095
0
LINE
8
BLACK
6
CONTINUOUS
10
1.2308235433070867
20
0.8896572047244095
11
1.2321361417322834
21
0.8904129133858267
0
LINE
8
BLACK
6
CONTINUOUS
10
1.2321361417322834
20
0.8904129133858267
11
1.2334590944881889
21
0.8911788582677165
0
LINE
8
BLACK
6
CONTINUOUS
10
1.2334590944881889
20
0.8911788582677165
11
1.2334664566929134
21
0.8911788582677165
0
LINE
8
BLACK
6
CONTINUOUS
10
1.2334664566929134
20
0.8911788582677165
11
1.2334727559055119
21
0.8911824803149606
0
LINE
8
BLACK
6
CONTINUOUS
10
1.2334727559055119
20
0.8911824803149606
11
1.23499437007874
21
0.8911806692913385
0
LINE
8
BLACK
6
CONTINUOUS
10
1.23499437007874
20
0.8911806692913385
11
1.2365159842519684
21
0.8911824803149606
0
LINE
8
BLACK
6
CONTINUOUS
10
1.2365159842519684
20
0.8911824803149606
11
1.2365222440944881
21
0.8911788582677165
0
LINE
8
BLACK
6
CONTINUOUS
10
1.2365222440944881
20
0.8911788582677165
11
1.2365296456692914
21
0.8911788582677165
0
LINE
8
BLACK
6
CONTINUOUS
10
1.2365296456692914
20
0.8911788582677165
11
1.2378525590551182
21
0.8904129133858267
0
LINE
8
BLACK
6
CONTINUOUS
10
1.2378525590551182
20
0.8904129133858267
11
1.2391651968503936
21
0.8896572047244095
0
LINE
8
BLACK
6
CONTINUOUS
10
1.2391651968503936
20
0.8896572047244095
11
1.2391688582677165
21
0.8896508661417323
0
LINE
8
BLACK
6
CONTINUOUS
10
1.2391688582677165
20
0.8896508661417323
11
1.2391751968503937
21
0.8896472047244094
0
LINE
8
BLACK
6
CONTINUOUS
10
1.2391751968503937
20
0.8896472047244094
11
1.2399344881889764
21
0.8883283858267716
0
LINE
8
BLACK
6
CONTINUOUS
10
1.2399344881889764
20
0.8883283858267716
11
1.2406968110236221
21
0.887011653543307
0
LINE
8
BLACK
6
CONTINUOUS
10
1.2406968110236221
20
0.887011653543307
11
1.2406968110236221
21
0.8870043307086614
0
LINE
8
BLACK
6
CONTINUOUS
10
1.2406968110236221
20
0.8870043307086614
11
1.2407004724409449
21
0.8869979921259842
0
LINE
8
BLACK
6
CONTINUOUS
10
1.2407004724409449
20
0.8869979921259842
11
1.2459188188976378
21
0.8674291732283465
0
LINE
8
BLACK
6
CONTINUOUS
10
1.2459188188976378
20
0.8674291732283465
11
1.2545588188976378
21
0.9037170866141732
0
LINE
8
BLACK
6
CONTINUOUS
10
1.2545588188976378
20
0.9037170866141732
11
1.2560124015748031
21
0.9064062992125984
0
LINE
8
BLACK
6
CONTINUOUS
10
1.2560124015748031
20
0.9064062992125984
11
1.2586158661417322
21
0.9080084251968503
0
LINE
8
BLACK
6
CONTINUOUS
10
1.2586158661417322
20
0.9080084251968503
11
1.2616715748031495
21
0.9080941732283464
0
LINE
8
BLACK
6
CONTINUOUS
10
1.2616715748031495
20
0.9080941732283464
11
1.2643607874015748
21
0.9066405905511811
0
LINE
8
BLACK
6
CONTINUOUS
10
1.0604713779527559
20
1.0179234645669291
11
1.0617324409448818
21
1.0177007480314961
0
LINE
8
BLACK
6
CONTINUOUS
10
1.0617324409448818
20
1.0177007480314961
11
1.0619338582677165
21
1.0175316141732282
0
LINE
8
BLACK
6
CONTINUOUS
10
1.0619338582677165
20
1.0175316141732282
11
1.0621878346456692
21
1.0174635826771654
0
LINE
8
BLACK
6
CONTINUOUS
10
1.0621878346456692
20
1.0174635826771654
11
1.0630929921259842
21
1.0165583858267717
0
LINE
8
BLACK
6
CONTINUOUS
10
1.0630929921259842
20
1.0165583858267717
11
1.0640735826771652
21
1.0157351181102361
0
LINE
8
BLACK
6
CONTINUOUS
10
1.0640735826771652
20
1.0157351181102361
11
1.0641634251968504
21
1.0154879527559055
0
LINE
8
BLACK
6
CONTINUOUS
10
1.0641634251968504
20
1.0154879527559055
11
1.0643494094488188
21
1.0153020078740158
0
LINE
8
BLACK
6
CONTINUOUS
10
1.0643494094488188
20
1.0153020078740158
11
1.0646807480314961
21
1.0140653937007873
0
LINE
8
BLACK
6
CONTINUOUS
10
1.0646807480314961
20
1.0140653937007873
11
1.0651182677165354
21
1.0128622440944881
0
LINE
8
BLACK
6
CONTINUOUS
10
1.0651182677165354
20
1.0128622440944881
11
1.0650725196850392
21
1.0126032677165353
0
LINE
8
BLACK
6
CONTINUOUS
10
1.0650725196850392
20
1.0126032677165353
11
1.065140590551181
21
1.012349251968504
0
LINE
8
BLACK
6
CONTINUOUS
10
1.065140590551181
20
1.012349251968504
11
1.065140590551181
21
0.9532941338582677
0
LINE
8
BLACK
6
CONTINUOUS
10
1.065140590551181
20
0.9532941338582677
11
1.0643494094488188
21
0.9503413779527559
0
LINE
8
BLACK
6
CONTINUOUS
10
1.0643494094488188
20
0.9503413779527559
11
1.0621878346456692
21
0.9481798031496063
0
LINE
8
BLACK
6
CONTINUOUS
10
1.0621878346456692
20
0.9481798031496063
11
1.0592350787401574
21
0.9473886220472441
0
LINE
8
BLACK
6
CONTINUOUS
10
1.0592350787401574
20
0.9473886220472441
11
1.0562823228346456
21
0.9481798031496063
0
LINE
8
BLACK
6
CONTINUOUS
10
1.0562823228346456
20
0.9481798031496063
11
1.054120748031496
21
0.9503413779527559
0
LINE
8
BLACK
6
CONTINUOUS
10
1.054120748031496
20
0.9503413779527559
11
1.0533295669291338
21
0.9532941338582677
0
LINE
8
BLACK
6
CONTINUOUS
10
1.0533295669291338
20
0.9532941338582677
11
1.0533295669291338
21
0.9857297637795276
0
LINE
8
BLACK
6
CONTINUOUS
10
1.0533295669291338
20
0.9857297637795276
11
1.0449014960629921
21
0.9676696456692914
0
LINE
8
BLACK
6
CONTINUOUS
10
1.0449014960629921
20
0.9676696456692914
11
1.0445665748031496
21
0.967270748031496
0
LINE
8
BLACK
6
CONTINUOUS
10
1.0445665748031496
20
0.967270748031496
11
1.0443885433070865
21
0.9667811417322835
0
LINE
8
BLACK
6
CONTINUOUS
10
1.0443885433070865
20
0.9667811417322835
11
1.0435987401574802
21
0.966118031496063
0
LINE
8
BLACK
6
CONTINUOUS
10
1.0435987401574802
20
0.966118031496063
11
1.0429358661417323
21
0.9653285039370079
0
LINE
8
BLACK
6
CONTINUOUS
10
1.0429358661417323
20
0.9653285039370079
11
1.042446377952756
21
0.9651505118110236
0
LINE
8
BLACK
6
CONTINUOUS
10
1.042446377952756
20
0.9651505118110236
11
1.0420474015748031
21
0.9648155118110237
0
LINE
8
BLACK
6
CONTINUOUS
10
1.0420474015748031
20
0.9648155118110237
11
1.0410318110236221
21
0.9646361023622047
0
LINE
8
BLACK
6
CONTINUOUS
10
1.0410318110236221
20
0.9646361023622047
11
1.0400629921259843
21
0.9642838188976378
0
LINE
8
BLACK
6
CONTINUOUS
10
1.0400629921259843
20
0.9642838188976378
11
1.0395501181102362
21
0.9643743700787402
0
LINE
8
BLACK
6
CONTINUOUS
10
1.0395501181102362
20
0.9643743700787402
11
1.0390370866141732
21
0.9642837795275591
0
LINE
8
BLACK
6
CONTINUOUS
10
1.0390370866141732
20
0.9642837795275591
11
1.0380677952755906
21
0.9646362204724409
0
LINE
8
BLACK
6
CONTINUOUS
10
1.0380677952755906
20
0.9646362204724409
11
1.0370526771653543
21
0.9648155511811023
0
LINE
8
BLACK
6
CONTINUOUS
10
1.0370526771653543
20
0.9648155511811023
11
1.0366538188976377
21
0.9651503937007874
0
LINE
8
BLACK
6
CONTINUOUS
10
1.0366538188976377
20
0.9651503937007874
11
1.0361642125984252
21
0.9653284645669291
0
LINE
8
BLACK
6
CONTINUOUS
10
1.0361642125984252
20
0.9653284645669291
11
1.0355011023622047
21
0.9661182283464567
0
LINE
8
BLACK
6
CONTINUOUS
10
1.0355011023622047
20
0.9661182283464567
11
1.0347115354330709
21
0.9667811811023622
0
LINE
8
BLACK
6
CONTINUOUS
10
1.0347115354330709
20
0.9667811811023622
11
1.0345335039370078
21
0.9672707086614173
0
LINE
8
BLACK
6
CONTINUOUS
10
1.0345335039370078
20
0.9672707086614173
11
1.0341985826771654
21
0.9676696456692914
0
LINE
8
BLACK
6
CONTINUOUS
10
1.0341985826771654
20
0.9676696456692914
11
1.0257705118110236
21
0.9857298031496062
0
LINE
8
BLACK
6
CONTINUOUS
10
1.0257705118110236
20
0.9857298031496062
11
1.0257705118110236
21
0.9532941338582677
0
LINE
8
BLACK
6
CONTINUOUS
10
1.0257705118110236
20
0.9532941338582677
11
1.0249793307086614
21
0.9503413779527559
0
LINE
8
BLACK
6
CONTINUOUS
10
1.0249793307086614
20
0.9503413779527559
11
1.0228177559055118
21
0.9481798031496063
0
LINE
8
BLACK
6
CONTINUOUS
10
1.0228177559055118
20
0.9481798031496063
11
1.019865
21
0.9473886220472441
0
LINE
8
BLACK
6
CONTINUOUS
10
1.019865
20
0.9473886220472441
11
1.0169122440944882
21
0.9481798031496063
0
LINE
8
BLACK
6
CONTINUOUS
10
1.0169122440944882
20
0.9481798031496063
11
1.0147506692913386
21
0.9503413779527559
0
LINE
8
BLACK
6
CONTINUOUS
10
1.0147506692913386
20
0.9503413779527559
11
1.0139594881889764
21
0.9532941338582677
0
LINE
8
BLACK
6
CONTINUOUS
10
1.0139594881889764
20
0.9532941338582677
11
1.0139594881889764
21
1.012349251968504
0
LINE
8
BLACK
6
CONTINUOUS
10
1.0139594881889764
20
1.012349251968504
11
1.0140275196850395
21
1.0126032283464568
0
LINE
8
BLACK
6
CONTINUOUS
10
1.0140275196850395
20
1.0126032283464568
11
1.0139818110236221
21
1.0128622047244094
0
LINE
8
BLACK
6
CONTINUOUS
10
1.0139818110236221
20
1.0128622047244094
11
1.014419251968504
21
1.0140652362204725
0
LINE
8
BLACK
6
CONTINUOUS
10
1.014419251968504
20
1.0140652362204725
11
1.0147506692913386
21
1.0153020078740158
0
LINE
8
BLACK
6
CONTINUOUS
10
1.0147506692913386
20
1.0153020078740158
11
1.0149366141732283
21
1.0154879527559055
0
LINE
8
BLACK
6
CONTINUOUS
10
1.0149366141732283
20
1.0154879527559055
11
1.015026496062992
21
1.0157350787401576
0
LINE
8
BLACK
6
CONTINUOUS
10
1.015026496062992
20
1.0157350787401576
11
1.016006811023622
21
1.0165581496062992
0
LINE
8
BLACK
6
CONTINUOUS
10
1.016006811023622
20
1.0165581496062992
11
1.0169122440944882
21
1.0174635826771654
0
LINE
8
BLACK
6
CONTINUOUS
10
1.0169122440944882
20
1.0174635826771654
11
1.0171662598425197
21
1.0175316141732282
0
LINE
8
BLACK
6
CONTINUOUS
10
1.0171662598425197
20
1.0175316141732282
11
1.0173676377952756
21
1.0177007086614174
0
LINE
8
BLACK
6
CONTINUOUS
10
1.0173676377952756
20
1.0177007086614174
11
1.0186282283464567
21
1.0179233464566928
0
LINE
8
BLACK
6
CONTINUOUS
10
1.0186282283464567
20
1.0179233464566928
11
1.019865
21
1.0182547637795276
0
LINE
8
BLACK
6
CONTINUOUS
10
1.019865
20
1.0182547637795276
11
1.0201189763779528
21
1.0181866929133858
0
LINE
8
BLACK
6
CONTINUOUS
10
1.0201189763779528
20
1.0181866929133858
11
1.0203779527559056
21
1.018232440944882
0
LINE
8
BLACK
6
CONTINUOUS
10
1.0203779527559056
20
1.018232440944882
11
1.0215809842519685
21
1.0177949606299213
0
LINE
8
BLACK
6
CONTINUOUS
10
1.0215809842519685
20
1.0177949606299213
11
1.0228177559055118
21
1.0174635826771654
0
LINE
8
BLACK
6
CONTINUOUS
10
1.0228177559055118
20
1.0174635826771654
11
1.0230037007874015
21
1.0172775984251967
0
LINE
8
BLACK
6
CONTINUOUS
10
1.0230037007874015
20
1.0172775984251967
11
1.0232508267716536
21
1.0171877559055118
0
LINE
8
BLACK
6
CONTINUOUS
10
1.0232508267716536
20
1.0171877559055118
11
1.0240738976377952
21
1.016207401574803
0
LINE
8
BLACK
6
CONTINUOUS
10
1.0240738976377952
20
1.016207401574803
11
1.0249793307086614
21
1.0153020078740158
0
LINE
8
BLACK
6
CONTINUOUS
10
1.0249793307086614
20
1.0153020078740158
11
1.0250473622047245
21
1.0150479527559055
0
LINE
8
BLACK
6
CONTINUOUS
10
1.0250473622047245
20
1.0150479527559055
11
1.0252164566929134
21
1.0148466141732284
0
LINE
8
BLACK
6
CONTINUOUS
10
1.0252164566929134
20
1.0148466141732284
11
1.0395500393700787
21
0.9841317716535433
0
LINE
8
BLACK
6
CONTINUOUS
10
1.0395500393700787
20
0.9841317716535433
11
1.0538836220472441
21
1.0148466141732284
0
LINE
8
BLACK
6
CONTINUOUS
10
1.0538836220472441
20
1.0148466141732284
11
1.0540526771653542
21
1.0150479527559055
0
LINE
8
BLACK
6
CONTINUOUS
10
1.0540526771653542
20
1.0150479527559055
11
1.054120748031496
21
1.0153020078740158
0
LINE
8
BLACK
6
CONTINUOUS
10
1.054120748031496
20
1.0153020078740158
11
1.0550260236220472
21
1.016207283464567
0
LINE
8
BLACK
6
CONTINUOUS
10
1.0550260236220472
20
1.016207283464567
11
1.0558492519685039
21
1.0171877952755906
0
LINE
8
BLACK
6
CONTINUOUS
10
1.0558492519685039
20
1.0171877952755906
11
1.0560963779527559
21
1.0172776377952755
0
LINE
8
BLACK
6
CONTINUOUS
10
1.0560963779527559
20
1.0172776377952755
11
1.0562823228346456
21
1.0174635826771654
0
LINE
8
BLACK
6
CONTINUOUS
10
1.0562823228346456
20
1.0174635826771654
11
1.0575186614173229
21
1.017794842519685
0
LINE
8
BLACK
6
CONTINUOUS
10
1.0575186614173229
20
1.017794842519685
11
1.0587221259842519
21
1.0182324803149605
0
LINE
8
BLACK
6
CONTINUOUS
10
1.0587221259842519
20
1.0182324803149605
11
1.0589811417322834
21
1.0181866929133858
0
LINE
8
BLACK
6
CONTINUOUS
10
1.0589811417322834
20
1.0181866929133858
11
1.0592350787401574
21
1.0182547637795276
0
LINE
8
BLACK
6
CONTINUOUS
10
1.0592350787401574
20
1.0182547637795276
11
1.0604713779527559
21
1.0179234645669291
0
LINE
8
BLACK
6
CONTINUOUS
10
1.0903093307086613
20
1.0174635826771654
11
1.0924709055118109
21
1.0153020078740158
0
LINE
8
BLACK
6
CONTINUOUS
10
1.0924709055118109
20
1.0153020078740158
11
1.0932620866141731
21
1.012349251968504
0
LINE
8
BLACK
6
CONTINUOUS
10
1.0932620866141731
20
1.012349251968504
11
1.0932620866141731
21
0.9591996456692913
0
LINE
8
BLACK
6
CONTINUOUS
10
1.0932620866141731
20
0.9591996456692913
11
1.1154780708661418
21
0.9591996456692913
0
LINE
8
BLACK
6
CONTINUOUS
10
1.1154780708661418
20
0.9591996456692913
11
1.1184308267716536
21
0.9584084645669291
0
LINE
8
BLACK
6
CONTINUOUS
10
1.1184308267716536
20
0.9584084645669291
11
1.1205924015748032
21
0.9562468897637795
0
LINE
8
BLACK
6
CONTINUOUS
10
1.1205924015748032
20
0.9562468897637795
11
1.1210801181102361
21
0.9544266141732283
0
LINE
8
BLACK
6
CONTINUOUS
10
1.1210801181102361
20
0.9544266141732283
11
1.1211242519685038
21
0.9551616141732283
0
LINE
8
BLACK
6
CONTINUOUS
10
1.1211242519685038
20
0.9551616141732283
11
1.1408092913385826
21
1.0142167322834645
0
LINE
8
BLACK
6
CONTINUOUS
10
1.1408092913385826
20
1.0142167322834645
11
1.1414627559055117
21
1.0152064960629921
0
LINE
8
BLACK
6
CONTINUOUS
10
1.1414627559055117
20
1.0152064960629921
11
1.1419932283464567
21
1.0162674015748032
0
LINE
8
BLACK
6
CONTINUOUS
10
1.1419932283464567
20
1.0162674015748032
11
1.142294527559055
21
1.0164663385826771
0
LINE
8
BLACK
6
CONTINUOUS
10
1.142294527559055
20
1.0164663385826771
11
1.1424935826771654
21
1.0167677952755905
0
LINE
8
BLACK
6
CONTINUOUS
10
1.1424935826771654
20
1.0167677952755905
11
1.1435546456692913
21
1.0172983070866142
0
LINE
8
BLACK
6
CONTINUOUS
10
1.1435546456692913
20
1.0172983070866142
11
1.1445442519685038
21
1.0179516929133858
0
LINE
8
BLACK
6
CONTINUOUS
10
1.1445442519685038
20
1.0179516929133858
11
1.14490468503937
21
1.0179733070866142
0
LINE
8
BLACK
6
CONTINUOUS
10
1.14490468503937
20
1.0179733070866142
11
1.1452277952755905
21
1.0181348818897638
0
LINE
8
BLACK
6
CONTINUOUS
10
1.1452277952755905
20
1.0181348818897638
11
1.1464118503937009
21
1.0180637795275591
0
LINE
8
BLACK
6
CONTINUOUS
10
1.1464118503937009
20
1.0180637795275591
11
1.1475956692913385
21
1.0181348818897638
0
LINE
8
BLACK
6
CONTINUOUS
10
1.1475956692913385
20
1.0181348818897638
11
1.1479186614173229
21
1.0179733464566929
0
LINE
8
BLACK
6
CONTINUOUS
10
1.1479186614173229
20
1.0179733464566929
11
1.1482792125984251
21
1.0179517322834646
0
LINE
8
BLACK
6
CONTINUOUS
10
1.1482792125984251
20
1.0179517322834646
11
1.1492691338582677
21
1.0172981102362204
0
LINE
8
BLACK
6
CONTINUOUS
10
1.1492691338582677
20
1.0172981102362204
11
1.1503298818897638
21
1.0167677559055117
0
LINE
8
BLACK
6
CONTINUOUS
10
1.1503298818897638
20
1.0167677559055117
11
1.1505288188976377
21
1.0164664173228346
0
LINE
8
BLACK
6
CONTINUOUS
10
1.1505288188976377
20
1.0164664173228346
11
1.1508302755905511
21
1.0162674015748032
0
LINE
8
BLACK
6
CONTINUOUS
10
1.1508302755905511
20
1.0162674015748032
11
1.1513607874015748
21
1.0152062992125983
0
LINE
8
BLACK
6
CONTINUOUS
10
1.1513607874015748
20
1.0152062992125983
11
1.1520141732283464
21
1.0142167322834645
0
LINE
8
BLACK
6
CONTINUOUS
10
1.1520141732283464
20
1.0142167322834645
11
1.1716992519685039
21
0.9551616141732283
0
LINE
8
BLACK
6
CONTINUOUS
10
1.1716992519685039
20
0.9551616141732283
11
1.1718824015748031
21
0.9521101968503937
0
LINE
8
BLACK
6
CONTINUOUS
10
1.1718824015748031
20
0.9521101968503937
11
1.17051531496063
21
0.9493759842519685
0
LINE
8
BLACK
6
CONTINUOUS
10
1.17051531496063
20
0.9493759842519685
11
1.1679642519685038
21
0.9476916535433071
0
LINE
8
BLACK
6
CONTINUOUS
10
1.1679642519685038
20
0.9476916535433071
11
1.1649128346456692
21
0.9475085039370078
0
LINE
8
BLACK
6
CONTINUOUS
10
1.1649128346456692
20
0.9475085039370078
11
1.1621786220472441
21
0.9488755905511811
0
LINE
8
BLACK
6
CONTINUOUS
10
1.1621786220472441
20
0.9488755905511811
11
1.1604943307086615
21
0.951426653543307
0
LINE
8
BLACK
6
CONTINUOUS
10
1.1604943307086615
20
0.951426653543307
11
1.1562160629921259
21
0.9642614960629921
0
LINE
8
BLACK
6
CONTINUOUS
10
1.1562160629921259
20
0.9642614960629921
11
1.1366074409448819
21
0.9642614960629921
0
LINE
8
BLACK
6
CONTINUOUS
10
1.1366074409448819
20
0.9642614960629921
11
1.1323291338582677
21
0.951426653543307
0
LINE
8
BLACK
6
CONTINUOUS
10
1.1323291338582677
20
0.951426653543307
11
1.1306448425196851
21
0.9488756299212598
0
LINE
8
BLACK
6
CONTINUOUS
10
1.1306448425196851
20
0.9488756299212598
11
1.1279106299212598
21
0.9475085039370078
0
LINE
8
BLACK
6
CONTINUOUS
10
1.1279106299212598
20
0.9475085039370078
11
1.1248592125984251
21
0.9476916929133858
0
LINE
8
BLACK
6
CONTINUOUS
10
1.1248592125984251
20
0.9476916929133858
11
1.122308188976378
21
0.9493759842519685
0
LINE
8
BLACK
6
CONTINUOUS
10
1.122308188976378
20
0.9493759842519685
11
1.1210225984251969
21
0.9519470472440945
0
LINE
8
BLACK
6
CONTINUOUS
10
1.1210225984251969
20
0.9519470472440945
11
1.1205924015748032
21
0.9503413779527559
0
LINE
8
BLACK
6
CONTINUOUS
10
1.1205924015748032
20
0.9503413779527559
11
1.1184308267716536
21
0.9481798031496063
0
LINE
8
BLACK
6
CONTINUOUS
10
1.1184308267716536
20
0.9481798031496063
11
1.1154780708661418
21
0.9473886220472441
0
LINE
8
BLACK
6
CONTINUOUS
10
1.1154780708661418
20
0.9473886220472441
11
1.0873565748031495
21
0.9473886220472441
0
LINE
8
BLACK
6
CONTINUOUS
10
1.0873565748031495
20
0.9473886220472441
11
1.0844038188976377
21
0.9481798031496063
0
LINE
8
BLACK
6
CONTINUOUS
10
1.0844038188976377
20
0.9481798031496063
11
1.0822422440944881
21
0.9503413779527559
0
LINE
8
BLACK
6
CONTINUOUS
10
1.0822422440944881
20
0.9503413779527559
11
1.0814510629921259
21
0.9532941338582677
0
LINE
8
BLACK
6
CONTINUOUS
10
1.0814510629921259
20
0.9532941338582677
11
1.0814510629921259
21
1.012349251968504
0
LINE
8
BLACK
6
CONTINUOUS
10
1.0814510629921259
20
1.012349251968504
11
1.0822422440944881
21
1.0153020078740158
0
LINE
8
BLACK
6
CONTINUOUS
10
1.0822422440944881
20
1.0153020078740158
11
1.0844038188976377
21
1.0174635826771654
0
LINE
8
BLACK
6
CONTINUOUS
10
1.0844038188976377
20
1.0174635826771654
11
1.0873565748031495
21
1.0182547637795276
0
LINE
8
BLACK
6
CONTINUOUS
10
1.0873565748031495
20
1.0182547637795276
11
1.0903093307086613
21
1.0174635826771654
0
LINE
8
BLACK
6
CONTINUOUS
10
1.1405444488188976
20
0.9760725196850394
11
1.1522790551181101
21
0.9760725196850394
0
LINE
8
BLACK
6
CONTINUOUS
10
1.1522790551181101
20
0.9760725196850394
11
1.1464117322834646
21
0.9936743700787402
0
LINE
8
BLACK
6
CONTINUOUS
10
1.1464117322834646
20
0.9936743700787402
11
1.1405444488188976
21
0.9760725196850394
0
LINE
8
BLACK
6
CONTINUOUS
10
1.206777874015748
20
1.0179034251968504
11
1.2081078346456693
21
1.0176312992125984
0
LINE
8
BLACK
6
CONTINUOUS
10
1.2081078346456693
20
1.0176312992125984
11
1.2137321653543307
21
1.0148191338582677
0
LINE
8
BLACK
6
CONTINUOUS
10
1.2137321653543307
20
1.0148191338582677
11
1.2144435433070866
21
1.0141882677165355
0
LINE
8
BLACK
6
CONTINUOUS
10
1.2144435433070866
20
1.0141882677165355
11
1.215266968503937
21
1.0137129133858267
0
LINE
8
BLACK
6
CONTINUOUS
10
1.215266968503937
20
1.0137129133858267
11
1.218079094488189
21
1.0109007874015747
0
LINE
8
BLACK
6
CONTINUOUS
10
1.218079094488189
20
1.0109007874015747
11
1.2185544881889763
21
1.0100773228346456
0
LINE
8
BLACK
6
CONTINUOUS
10
1.2185544881889763
20
1.0100773228346456
11
1.21918531496063
21
1.0093659842519684
0
LINE
8
BLACK
6
CONTINUOUS
10
1.21918531496063
20
1.0093659842519684
11
1.2219974803149607
21
1.0037417322834645
0
LINE
8
BLACK
6
CONTINUOUS
10
1.2219974803149607
20
1.0037417322834645
11
1.2222696456692914
21
1.0024116929133857
0
LINE
8
BLACK
6
CONTINUOUS
10
1.2222696456692914
20
1.0024116929133857
11
1.2226209448818897
21
1.0011006692913385
0
LINE
8
BLACK
6
CONTINUOUS
10
1.2226209448818897
20
1.0011006692913385
11
1.2226209448818897
21
0.9954763779527559
0
LINE
8
BLACK
6
CONTINUOUS
10
1.2226209448818897
20
0.9954763779527559
11
1.2222696062992127
21
0.9941652755905511
0
LINE
8
BLACK
6
CONTINUOUS
10
1.2222696062992127
20
0.9941652755905511
11
1.2219974803149607
21
0.9928353543307087
0
LINE
8
BLACK
6
CONTINUOUS
10
1.2219974803149607
20
0.9928353543307087
11
1.21918531496063
21
0.9872110236220473
0
LINE
8
BLACK
6
CONTINUOUS
10
1.21918531496063
20
0.9872110236220473
11
1.2185544488188975
21
0.9864996062992126
0
LINE
8
BLACK
6
CONTINUOUS
10
1.2185544488188975
20
0.9864996062992126
11
1.218079094488189
21
0.985676220472441
0
LINE
8
BLACK
6
CONTINUOUS
10
1.218079094488189
20
0.985676220472441
11
1.2180253543307087
21
0.9856224803149606
0
LINE
8
BLACK
6
CONTINUOUS
10
1.2180253543307087
20
0.9856224803149606
11
1.218079094488189
21
0.9855914566929134
0
LINE
8
BLACK
6
CONTINUOUS
10
1.218079094488189
20
0.9855914566929134
11
1.2208912598425197
21
0.9827792913385827
0
LINE
8
BLACK
6
CONTINUOUS
10
1.2208912598425197
20
0.9827792913385827
11
1.2213666141732282
21
0.9819558661417322
0
LINE
8
BLACK
6
CONTINUOUS
10
1.2213666141732282
20
0.9819558661417322
11
1.2219974803149607
21
0.9812444881889764
0
LINE
8
BLACK
6
CONTINUOUS
10
1.2219974803149607
20
0.9812444881889764
11
1.2248096062992126
21
0.9756201574803149
0
LINE
8
BLACK
6
CONTINUOUS
10
1.2248096062992126
20
0.9756201574803149
11
1.2250816929133859
21
0.9742903937007874
0
LINE
8
BLACK
6
CONTINUOUS
10
1.2250816929133859
20
0.9742903937007874
11
1.2254330708661416
21
0.9729791732283465
0
LINE
8
BLACK
6
CONTINUOUS
10
1.2254330708661416
20
0.9729791732283465
11
1.2254330708661416
21
0.964542716535433
0
LINE
8
BLACK
6
CONTINUOUS
10
1.2254330708661416
20
0.964542716535433
11
1.2250816929133859
21
0.9632314566929133
0
LINE
8
BLACK
6
CONTINUOUS
10
1.2250816929133859
20
0.9632314566929133
11
1.2248096062992126
21
0.9619017322834645
0
LINE
8
BLACK
6
CONTINUOUS
10
1.2248096062992126
20
0.9619017322834645
11
1.2219974803149607
21
0.9562774015748031
0
LINE
8
BLACK
6
CONTINUOUS
10
1.2219974803149607
20
0.9562774015748031
11
1.2213666141732282
21
0.9555659842519685
0
LINE
8
BLACK
6
CONTINUOUS
10
1.2213666141732282
20
0.9555659842519685
11
1.2208912204724409
21
0.9547425590551181
0
LINE
8
BLACK
6
CONTINUOUS
10
1.2208912204724409
20
0.9547425590551181
11
1.2180790551181102
21
0.9519304330708661
0
LINE
8
BLACK
6
CONTINUOUS
10
1.2180790551181102
20
0.9519304330708661
11
1.2172556299212598
21
0.9514550393700787
0
LINE
8
BLACK
6
CONTINUOUS
10
1.2172556299212598
20
0.9514550393700787
11
1.2165442913385827
21
0.950824251968504
0
LINE
8
BLACK
6
CONTINUOUS
10
1.2165442913385827
20
0.950824251968504
11
1.21092
21
0.9480120866141732
0
LINE
8
BLACK
6
CONTINUOUS
10
1.21092
20
0.9480120866141732
11
1.2095900393700787
21
0.9477399212598425
0
LINE
8
BLACK
6
CONTINUOUS
10
1.2095900393700787
20
0.9477399212598425
11
1.2082789763779527
21
0.9473886220472441
0
LINE
8
BLACK
6
CONTINUOUS
10
1.2082789763779527
20
0.9473886220472441
11
1.1857817716535433
21
0.9473886220472441
0
LINE
8
BLACK
6
CONTINUOUS
10
1.1857817716535433
20
0.9473886220472441
11
1.1828290157480315
21
0.9481798031496063
0
LINE
8
BLACK
6
CONTINUOUS
10
1.1828290157480315
20
0.9481798031496063
11
1.1806674409448819
21
0.9503413779527559
0
LINE
8
BLACK
6
CONTINUOUS
10
1.1806674409448819
20
0.9503413779527559
11
1.1798762598425196
21
0.9532941338582677
0
LINE
8
BLACK
6
CONTINUOUS
10
1.1798762598425196
20
0.9532941338582677
11
1.1798762598425196
21
1.012349251968504
0
LINE
8
BLACK
6
CONTINUOUS
10
1.1798762598425196
20
1.012349251968504
11
1.1806674409448819
21
1.0153020078740158
0
LINE
8
BLACK
6
CONTINUOUS
10
1.1806674409448819
20
1.0153020078740158
11
1.1828290157480315
21
1.0174635826771654
0
LINE
8
BLACK
6
CONTINUOUS
10
1.1828290157480315
20
1.0174635826771654
11
1.1857817716535433
21
1.0182547637795276
0
LINE
8
BLACK
6
CONTINUOUS
10
1.1857817716535433
20
1.0182547637795276
11
1.205466811023622
21
1.0182547637795276
0
LINE
8
BLACK
6
CONTINUOUS
10
1.205466811023622
20
1.0182547637795276
11
1.206777874015748
21
1.0179034251968504
0
LINE
8
BLACK
6
CONTINUOUS
10
1.1916872834645669
20
0.9591996456692913
11
1.2068848818897637
21
0.9591996456692913
0
LINE
8
BLACK
6
CONTINUOUS
10
1.2068848818897637
20
0.9591996456692913
11
1.2104051181102362
21
0.9609597637795275
0
LINE
8
BLACK
6
CONTINUOUS
10
1.2104051181102362
20
0.9609597637795275
11
1.2118619685039369
21
0.9624166141732283
0
LINE
8
BLACK
6
CONTINUOUS
10
1.2118619685039369
20
0.9624166141732283
11
1.2136220472440944
21
0.9659367716535433
0
LINE
8
BLACK
6
CONTINUOUS
10
1.2136220472440944
20
0.9659367716535433
11
1.2136220472440944
21
0.9715850787401574
0
LINE
8
BLACK
6
CONTINUOUS
10
1.2136220472440944
20
0.9715850787401574
11
1.2118619291338582
21
0.9751052755905512
0
LINE
8
BLACK
6
CONTINUOUS
10
1.2118619291338582
20
0.9751052755905512
11
1.2107132283464566
21
0.9762539763779527
0
LINE
8
BLACK
6
CONTINUOUS
10
1.2107132283464566
20
0.9762539763779527
11
1.2045084251968503
21
0.9783222440944882
0
LINE
8
BLACK
6
CONTINUOUS
10
1.2045084251968503
20
0.9783222440944882
11
1.1916872834645669
21
0.9783222440944882
0
LINE
8
BLACK
6
CONTINUOUS
10
1.1916872834645669
20
0.9783222440944882
11
1.1916872834645669
21
0.9591996456692913
0
LINE
8
BLACK
6
CONTINUOUS
10
1.1916872834645669
20
0.9901332677165354
11
1.204072716535433
21
0.9901332677165354
0
LINE
8
BLACK
6
CONTINUOUS
10
1.204072716535433
20
0.9901332677165354
11
1.2075929527559055
21
0.9918933858267717
0
LINE
8
BLACK
6
CONTINUOUS
10
1.2075929527559055
20
0.9918933858267717
11
1.2090498031496062
21
0.9933502362204725
0
LINE
8
BLACK
6
CONTINUOUS
10
1.2090498031496062
20
0.9933502362204725
11
1.2108099212598424
21
0.9968704724409448
0
LINE
8
BLACK
6
CONTINUOUS
10
1.2108099212598424
20
0.9968704724409448
11
1.2108099212598424
21
0.9997065354330709
0
LINE
8
BLACK
6
CONTINUOUS
10
1.2108099212598424
20
0.9997065354330709
11
1.2090498031496062
21
1.0032267322834645
0
LINE
8
BLACK
6
CONTINUOUS
10
1.2090498031496062
20
1.0032267322834645
11
1.2075929527559055
21
1.0046836220472442
0
LINE
8
BLACK
6
CONTINUOUS
10
1.2075929527559055
20
1.0046836220472442
11
1.204072716535433
21
1.0064437401574804
0
LINE
8
BLACK
6
CONTINUOUS
10
1.204072716535433
20
1.0064437401574804
11
1.1916872834645669
21
1.0064437401574804
0
LINE
8
BLACK
6
CONTINUOUS
10
1.1916872834645669
20
1.0064437401574804
11
1.1916872834645669
21
0.9901332677165354
0
LINE
8
BLACK
6
CONTINUOUS
10
1.245587874015748
20
0.9646227165354331
11
1.24636531496063
21
0.9646227165354331
0
LINE
8
BLACK
6
CONTINUOUS
10
1.24636531496063
20
0.9646227165354331
11
1.2463653543307087
21
0.9646227165354331
0
LINE
8
BLACK
6
CONTINUOUS
10
1.2463653543307087
20
0.9646227165354331
11
1.2470386614173228
21
0.9642339763779527
0
LINE
8
BLACK
6
CONTINUOUS
10
1.2470386614173228
20
0.9642339763779527
11
1.2477896456692914
21
0.9640327559055117
0
LINE
8
BLACK
6
CONTINUOUS
10
1.2477896456692914
20
0.9640327559055117
11
1.2483393700787402
21
0.9634829921259842
0
LINE
8
BLACK
6
CONTINUOUS
10
1.2483393700787402
20
0.9634829921259842
11
1.2490126771653542
21
0.9630942913385827
0
LINE
8
BLACK
6
CONTINUOUS
10
1.2490126771653542
20
0.9630942913385827
11
1.251824842519685
21
0.9602821653543306
0
LINE
8
BLACK
6
CONTINUOUS
10
1.251824842519685
20
0.9602821653543306
11
1.251824842519685
21
0.960282125984252
0
LINE
8
BLACK
6
CONTINUOUS
10
1.251824842519685
20
0.960282125984252
11
1.2518248818897637
21
0.960282125984252
0
LINE
8
BLACK
6
CONTINUOUS
10
1.2518248818897637
20
0.960282125984252
11
1.2518710629921259
21
0.9602021259842519
0
LINE
8
BLACK
6
CONTINUOUS
10
1.2518710629921259
20
0.9602021259842519
11
1.2533533464566928
21
0.9576348031496063
0
LINE
8
BLACK
6
CONTINUOUS
10
1.2533533464566928
20
0.9576348031496063
11
1.2533533464566928
21
0.9576347637795275
0
LINE
8
BLACK
6
CONTINUOUS
10
1.2533533464566928
20
0.9576347637795275
11
1.2533533464566928
21
0.9545778346456693
0
LINE
8
BLACK
6
CONTINUOUS
10
1.2533533464566928
20
0.9545778346456693
11
1.2528164566929134
21
0.9536479527559055
0
LINE
8
BLACK
6
CONTINUOUS
10
1.2528164566929134
20
0.9536479527559055
11
1.2523572047244094
21
0.9528524409448819
0
LINE
8
BLACK
6
CONTINUOUS
10
1.2523572047244094
20
0.9528524409448819
11
1.2518248818897637
21
0.9519304724409449
0
LINE
8
BLACK
6
CONTINUOUS
10
1.2518248818897637
20
0.9519304724409449
11
1.249012716535433
21
0.9491183070866142
0
LINE
8
BLACK
6
CONTINUOUS
10
1.249012716535433
20
0.9491183070866142
11
1.2490126771653542
21
0.9491182677165354
0
LINE
8
BLACK
6
CONTINUOUS
10
1.2490126771653542
20
0.9491182677165354
11
1.2485924015748031
21
0.9488756299212598
0
LINE
8
BLACK
6
CONTINUOUS
10
1.2485924015748031
20
0.9488756299212598
11
1.2483394094488189
21
0.9487295669291338
0
LINE
8
BLACK
6
CONTINUOUS
10
1.2483394094488189
20
0.9487295669291338
11
1.2477896456692914
21
0.9481798031496063
0
LINE
8
BLACK
6
CONTINUOUS
10
1.2477896456692914
20
0.9481798031496063
11
1.2470386614173228
21
0.9479785433070866
0
LINE
8
BLACK
6
CONTINUOUS
10
1.2470386614173228
20
0.9479785433070866
11
1.2463653543307087
21
0.947589842519685
0
LINE
8
BLACK
6
CONTINUOUS
10
1.2463653543307087
20
0.947589842519685
11
1.245587874015748
21
0.947589842519685
0
LINE
8
BLACK
6
CONTINUOUS
10
1.245587874015748
20
0.947589842519685
11
1.2448368897637796
21
0.9473886220472441
0
LINE
8
BLACK
6
CONTINUOUS
10
1.2448368897637796
20
0.9473886220472441
11
1.244085905511811
21
0.947589842519685
0
LINE
8
BLACK
6
CONTINUOUS
10
1.244085905511811
20
0.947589842519685
11
1.2433084251968505
21
0.947589842519685
0
LINE
8
BLACK
6
CONTINUOUS
10
1.2433084251968505
20
0.947589842519685
11
1.2433083858267717
21
0.947589842519685
0
LINE
8
BLACK
6
CONTINUOUS
10
1.2433083858267717
20
0.947589842519685
11
1.2426350393700787
21
0.9479785826771653
0
LINE
8
BLACK
6
CONTINUOUS
10
1.2426350393700787
20
0.9479785826771653
11
1.2418841338582678
21
0.9481798031496063
0
LINE
8
BLACK
6
CONTINUOUS
10
1.2418841338582678
20
0.9481798031496063
11
1.2413343307086613
21
0.9487295669291338
0
LINE
8
BLACK
6
CONTINUOUS
10
1.2413343307086613
20
0.9487295669291338
11
1.2410814566929134
21
0.9488755905511811
0
LINE
8
BLACK
6
CONTINUOUS
10
1.2410814566929134
20
0.9488755905511811
11
1.240661062992126
21
0.9491183070866142
0
LINE
8
BLACK
6
CONTINUOUS
10
1.240661062992126
20
0.9491183070866142
11
1.2406610236220472
21
0.9491183464566929
0
LINE
8
BLACK
6
CONTINUOUS
10
1.2406610236220472
20
0.9491183464566929
11
1.2378488976377953
21
0.9519305118110236
0
LINE
8
BLACK
6
CONTINUOUS
10
1.2378488976377953
20
0.9519305118110236
11
1.2368573622047243
21
0.9536479527559055
0
LINE
8
BLACK
6
CONTINUOUS
10
1.2368573622047243
20
0.9536479527559055
11
1.2363204724409449
21
0.9545778346456693
0
LINE
8
BLACK
6
CONTINUOUS
10
1.2363204724409449
20
0.9545778346456693
11
1.2363204724409449
21
0.9576347637795275
0
LINE
8
BLACK
6
CONTINUOUS
10
1.2363204724409449
20
0.9576347637795275
11
1.2363204724409449
21
0.9576348031496063
0
LINE
8
BLACK
6
CONTINUOUS
10
1.2363204724409449
20
0.9576348031496063
11
1.2378027559055118
21
0.9602021259842519
0
LINE
8
BLACK
6
CONTINUOUS
10
1.2378027559055118
20
0.9602021259842519
11
1.237848937007874
21
0.960282125984252
0
LINE
8
BLACK
6
CONTINUOUS
10
1.237848937007874
20
0.960282125984252
11
1.240661062992126
21
0.963094251968504
0
LINE
8
BLACK
6
CONTINUOUS
10
1.240661062992126
20
0.963094251968504
11
1.2413343307086613
21
0.9634829527559055
0
LINE
8
BLACK
6
CONTINUOUS
10
1.2413343307086613
20
0.9634829527559055
11
1.2418841338582678
21
0.9640327559055117
0
LINE
8
BLACK
6
CONTINUOUS
10
1.2418841338582678
20
0.9640327559055117
11
1.2426350393700787
21
0.964233937007874
0
LINE
8
BLACK
6
CONTINUOUS
10
1.2426350393700787
20
0.964233937007874
11
1.2433083858267717
21
0.9646227165354331
0
LINE
8
BLACK
6
CONTINUOUS
10
1.2433083858267717
20
0.9646227165354331
11
1.244085905511811
21
0.9646227165354331
0
LINE
8
BLACK
6
CONTINUOUS
10
1.244085905511811
20
0.9646227165354331
11
1.2448368897637796
21
0.9648239370078739
0
LINE
8
BLACK
6
CONTINUOUS
10
1.2448368897637796
20
0.9648239370078739
11
1.245587874015748
21
0.9646227165354331
0
LINE
8
BLACK
6
CONTINUOUS
10
1.2963740157480315
20
1.0180086614173227
11
1.2973230708661416
21
1.0179516929133858
0
LINE
8
BLACK
6
CONTINUOUS
10
1.2973230708661416
20
1.0179516929133858
11
1.305759527559055
21
1.0151395669291339
0
LINE
8
BLACK
6
CONTINUOUS
10
1.305759527559055
20
1.0151395669291339
11
1.3068924015748031
21
1.0143915354330708
0
LINE
8
BLACK
6
CONTINUOUS
10
1.3068924015748031
20
1.0143915354330708
11
1.3080678740157481
21
1.0137129133858267
0
LINE
8
BLACK
6
CONTINUOUS
10
1.3080678740157481
20
1.0137129133858267
11
1.31088
21
1.0109007874015747
0
LINE
8
BLACK
6
CONTINUOUS
10
1.31088
20
1.0109007874015747
11
1.3124084645669292
21
1.0082534251968505
0
LINE
8
BLACK
6
CONTINUOUS
10
1.3124084645669292
20
1.0082534251968505
11
1.3124084645669292
21
1.005196496062992
0
LINE
8
BLACK
6
CONTINUOUS
10
1.3124084645669292
20
1.005196496062992
11
1.31088
21
1.0025491338582677
0
LINE
8
BLACK
6
CONTINUOUS
10
1.31088
20
1.0025491338582677
11
1.3082326377952755
21
1.0010206692913386
0
LINE
8
BLACK
6
CONTINUOUS
10
1.3082326377952755
20
1.0010206692913386
11
1.3051757086614173
21
1.0010206692913386
0
LINE
8
BLACK
6
CONTINUOUS
10
1.3051757086614173
20
1.0010206692913386
11
1.3025283464566928
21
1.0025491338582677
0
LINE
8
BLACK
6
CONTINUOUS
10
1.3025283464566928
20
1.0025491338582677
11
1.3007019685039369
21
1.0043754724409448
0
LINE
8
BLACK
6
CONTINUOUS
10
1.3007019685039369
20
1.0043754724409448
11
1.2944973228346457
21
1.0064437401574804
0
LINE
8
BLACK
6
CONTINUOUS
10
1.2944973228346457
20
1.0064437401574804
11
1.2907896850393701
21
1.0064437401574804
0
LINE
8
BLACK
6
CONTINUOUS
10
1.2907896850393701
20
1.0064437401574804
11
1.2845848818897638
21
1.0043754724409448
0
LINE
8
BLACK
6
CONTINUOUS
10
1.2845848818897638
20
1.0043754724409448
11
1.2806240157480315
21
1.0004146062992125
0
LINE
8
BLACK
6
CONTINUOUS
10
1.2806240157480315
20
1.0004146062992125
11
1.2785302755905512
21
0.9962272047244094
0
LINE
8
BLACK
6
CONTINUOUS
10
1.2785302755905512
20
0.9962272047244094
11
1.2760517716535433
21
0.9863129921259842
0
LINE
8
BLACK
6
CONTINUOUS
10
1.2760517716535433
20
0.9863129921259842
11
1.2760517716535433
21
0.9793303543307086
0
LINE
8
BLACK
6
CONTINUOUS
10
1.2760517716535433
20
0.9793303543307086
11
1.2785302755905512
21
0.9694161417322834
0
LINE
8
BLACK
6
CONTINUOUS
10
1.2785302755905512
20
0.9694161417322834
11
1.2806240157480315
21
0.9652287401574803
0
LINE
8
BLACK
6
CONTINUOUS
10
1.2806240157480315
20
0.9652287401574803
11
1.2845848818897638
21
0.961267874015748
0
LINE
8
BLACK
6
CONTINUOUS
10
1.2845848818897638
20
0.961267874015748
11
1.2907896850393701
21
0.9591996456692913
0
LINE
8
BLACK
6
CONTINUOUS
10
1.2907896850393701
20
0.9591996456692913
11
1.2944973228346457
21
0.9591996456692913
0
LINE
8
BLACK
6
CONTINUOUS
10
1.2944973228346457
20
0.9591996456692913
11
1.3007019685039369
21
0.961267874015748
0
LINE
8
BLACK
6
CONTINUOUS
10
1.3007019685039369
20
0.961267874015748
11
1.3025283464566928
21
0.963094251968504
0
LINE
8
BLACK
6
CONTINUOUS
10
1.3025283464566928
20
0.963094251968504
11
1.3051757086614173
21
0.9646227165354331
0
LINE
8
BLACK
6
CONTINUOUS
10
1.3051757086614173
20
0.9646227165354331
11
1.3082326377952755
21
0.9646227165354331
0
LINE
8
BLACK
6
CONTINUOUS
10
1.3082326377952755
20
0.9646227165354331
11
1.31088
21
0.963094251968504
0
LINE
8
BLACK
6
CONTINUOUS
10
1.31088
20
0.963094251968504
11
1.3124084645669292
21
0.9604468897637795
0
LINE
8
BLACK
6
CONTINUOUS
10
1.3124084645669292
20
0.9604468897637795
11
1.3124084645669292
21
0.9573899606299212
0
LINE
8
BLACK
6
CONTINUOUS
10
1.3124084645669292
20
0.9573899606299212
11
1.31088
21
0.9547425984251968
0
LINE
8
BLACK
6
CONTINUOUS
10
1.31088
20
0.9547425984251968
11
1.3080678740157481
21
0.9519304724409449
0
LINE
8
BLACK
6
CONTINUOUS
10
1.3080678740157481
20
0.9519304724409449
11
1.3068924015748031
21
0.951251811023622
0
LINE
8
BLACK
6
CONTINUOUS
10
1.3068924015748031
20
0.951251811023622
11
1.305759527559055
21
0.9505038188976378
0
LINE
8
BLACK
6
CONTINUOUS
10
1.305759527559055
20
0.9505038188976378
11
1.2973230708661416
21
0.9476916929133858
0
LINE
8
BLACK
6
CONTINUOUS
10
1.2973230708661416
20
0.9476916929133858
11
1.2963740157480315
21
0.9476346850393701
0
LINE
8
BLACK
6
CONTINUOUS
10
1.2963740157480315
20
0.9476346850393701
11
1.2954555905511811
21
0.9473886220472441
0
LINE
8
BLACK
6
CONTINUOUS
10
1.2954555905511811
20
0.9473886220472441
11
1.2898312992125984
21
0.9473886220472441
0
LINE
8
BLACK
6
CONTINUOUS
10
1.2898312992125984
20
0.9473886220472441
11
1.2889128346456693
21
0.9476346850393701
0
LINE
8
BLACK
6
CONTINUOUS
10
1.2889128346456693
20
0.9476346850393701
11
1.2879637795275589
21
0.9476916929133858
0
LINE
8
BLACK
6
CONTINUOUS
10
1.2879637795275589
20
0.9476916929133858
11
1.2795273622047243
21
0.9505038582677166
0
LINE
8
BLACK
6
CONTINUOUS
10
1.2795273622047243
20
0.9505038582677166
11
1.2783945669291339
21
0.9512517322834645
0
LINE
8
BLACK
6
CONTINUOUS
10
1.2783945669291339
20
0.9512517322834645
11
1.2772190157480314
21
0.9519304724409449
0
LINE
8
BLACK
6
CONTINUOUS
10
1.2772190157480314
20
0.9519304724409449
11
1.2715947244094488
21
0.9575547637795275
0
LINE
8
BLACK
6
CONTINUOUS
10
1.2715947244094488
20
0.9575547637795275
11
1.2711192913385827
21
0.9583781889763779
0
LINE
8
BLACK
6
CONTINUOUS
10
1.2711192913385827
20
0.9583781889763779
11
1.2704885039370077
21
0.9590895669291338
0
LINE
8
BLACK
6
CONTINUOUS
10
1.2704885039370077
20
0.9590895669291338
11
1.267676338582677
21
0.9647138582677165
0
LINE
8
BLACK
6
CONTINUOUS
10
1.267676338582677
20
0.9647138582677165
11
1.267545590551181
21
0.9653525984251968
0
LINE
8
BLACK
6
CONTINUOUS
10
1.267545590551181
20
0.9653525984251968
11
1.2672292125984252
21
0.9659225984251968
0
LINE
8
BLACK
6
CONTINUOUS
10
1.2672292125984252
20
0.9659225984251968
11
1.2644170866141733
21
0.9771711811023622
0
LINE
8
BLACK
6
CONTINUOUS
10
1.2644170866141733
20
0.9771711811023622
11
1.2644293307086614
21
0.9778996062992126
0
LINE
8
BLACK
6
CONTINUOUS
10
1.2644293307086614
20
0.9778996062992126
11
1.2642407480314961
21
0.9786034645669291
0
LINE
8
BLACK
6
CONTINUOUS
10
1.2642407480314961
20
0.9786034645669291
11
1.2642407480314961
21
0.9870399212598425
0
LINE
8
BLACK
6
CONTINUOUS
10
1.2642407480314961
20
0.9870399212598425
11
1.2644293307086614
21
0.9877437401574803
0
LINE
8
BLACK
6
CONTINUOUS
10
1.2644293307086614
20
0.9877437401574803
11
1.2644170866141733
21
0.9884722047244094
0
LINE
8
BLACK
6
CONTINUOUS
10
1.2644170866141733
20
0.9884722047244094
11
1.2672292125984252
21
0.9997207874015748
0
LINE
8
BLACK
6
CONTINUOUS
10
1.2672292125984252
20
0.9997207874015748
11
1.267545590551181
21
1.000290748031496
0
LINE
8
BLACK
6
CONTINUOUS
10
1.267545590551181
20
1.000290748031496
11
1.267676338582677
21
1.0009295275590551
0
LINE
8
BLACK
6
CONTINUOUS
10
1.267676338582677
20
1.0009295275590551
11
1.2704885039370077
21
1.0065538188976377
0
LINE
8
BLACK
6
CONTINUOUS
10
1.2704885039370077
20
1.0065538188976377
11
1.2711192913385827
21
1.0072651574803149
0
LINE
8
BLACK
6
CONTINUOUS
10
1.2711192913385827
20
1.0072651574803149
11
1.2715947244094488
21
1.008088622047244
0
LINE
8
BLACK
6
CONTINUOUS
10
1.2715947244094488
20
1.008088622047244
11
1.2772190157480314
21
1.0137129133858267
0
LINE
8
BLACK
6
CONTINUOUS
10
1.2772190157480314
20
1.0137129133858267
11
1.2783945669291339
21
1.0143916141732283
0
LINE
8
BLACK
6
CONTINUOUS
10
1.2783945669291339
20
1.0143916141732283
11
1.2795273622047243
21
1.0151395275590551
0
LINE
8
BLACK
6
CONTINUOUS
10
1.2795273622047243
20
1.0151395275590551
11
1.2879637795275589
21
1.0179516929133858
0
LINE
8
BLACK
6
CONTINUOUS
10
1.2879637795275589
20
1.0179516929133858
11
1.2889128346456693
21
1.0180086614173227
0
LINE
8
BLACK
6
CONTINUOUS
10
1.2889128346456693
20
1.0180086614173227
11
1.2898312992125984
21
1.0182547637795276
0
LINE
8
BLACK
6
CONTINUOUS
10
1.2898312992125984
20
1.0182547637795276
11
1.2954555905511811
21
1.0182547637795276
0
LINE
8
BLACK
6
CONTINUOUS
10
1.2954555905511811
20
1.0182547637795276
11
1.2963740157480315
21
1.0180086614173227
0
LINE
8
BLACK
6
CONTINUOUS
10
1.365947874015748
20
1.0182042125984252
11
1.3661393700787401
21
1.0182425196850393
0
LINE
8
BLACK
6
CONTINUOUS
10
1.3661393700787401
20
1.0182425196850393
11
1.3674131889763779
21
1.0178115748031495
0
LINE
8
BLACK
6
CONTINUOUS
10
1.3674131889763779
20
1.0178115748031495
11
1.3687120472440946
21
1.0174635826771654
0
LINE
8
BLACK
6
CONTINUOUS
10
1.3687120472440946
20
1.0174635826771654
11
1.3688500787401574
21
1.0173255118110236
0
LINE
8
BLACK
6
CONTINUOUS
10
1.3688500787401574
20
1.0173255118110236
11
1.3690350787401575
21
1.0172629527559054
0
LINE
8
BLACK
6
CONTINUOUS
10
1.3690350787401575
20
1.0172629527559054
11
1.3699228346456693
21
1.0162527559055119
0
LINE
8
BLACK
6
CONTINUOUS
10
1.3699228346456693
20
1.0162527559055119
11
1.3708736220472442
21
1.0153020078740158
0
LINE
8
BLACK
6
CONTINUOUS
10
1.3708736220472442
20
1.0153020078740158
11
1.3709241338582676
21
1.0151134251968503
0
LINE
8
BLACK
6
CONTINUOUS
10
1.3709241338582676
20
1.0151134251968503
11
1.3710530708661417
21
1.0149667322834646
0
LINE
8
BLACK
6
CONTINUOUS
10
1.3710530708661417
20
1.0149667322834646
11
1.3713167716535433
21
1.0136479921259842
0
LINE
8
BLACK
6
CONTINUOUS
10
1.3713167716535433
20
1.0136479921259842
11
1.3716648031496064
21
1.012349251968504
0
LINE
8
BLACK
6
CONTINUOUS
10
1.3716648031496064
20
1.012349251968504
11
1.371614251968504
21
1.0121606299212598
0
LINE
8
BLACK
6
CONTINUOUS
10
1.371614251968504
20
1.0121606299212598
11
1.3716525590551181
21
1.0119691732283465
0
LINE
8
BLACK
6
CONTINUOUS
10
1.3716525590551181
20
1.0119691732283465
11
1.3712216141732283
21
1.0106953149606299
0
LINE
8
BLACK
6
CONTINUOUS
10
1.3712216141732283
20
1.0106953149606299
11
1.3708736220472442
21
1.0093964960629922
0
LINE
8
BLACK
6
CONTINUOUS
10
1.3708736220472442
20
1.0093964960629922
11
1.3707355511811024
21
1.0092584251968504
0
LINE
8
BLACK
6
CONTINUOUS
10
1.3707355511811024
20
1.0092584251968504
11
1.3706729921259841
21
1.009073464566929
0
LINE
8
BLACK
6
CONTINUOUS
10
1.3706729921259841
20
1.009073464566929
11
1.337423779527559
21
0.9591996456692913
0
LINE
8
BLACK
6
CONTINUOUS
10
1.337423779527559
20
0.9591996456692913
11
1.3657592913385825
21
0.9591996456692913
0
LINE
8
BLACK
6
CONTINUOUS
10
1.3657592913385825
20
0.9591996456692913
11
1.3687120472440946
21
0.9584084645669291
0
LINE
8
BLACK
6
CONTINUOUS
10
1.3687120472440946
20
0.9584084645669291
11
1.3708736220472442
21
0.9562468897637795
0
LINE
8
BLACK
6
CONTINUOUS
10
1.3708736220472442
20
0.9562468897637795
11
1.3716648031496064
21
0.9532941338582677
0
LINE
8
BLACK
6
CONTINUOUS
10
1.3716648031496064
20
0.9532941338582677
11
1.3708736220472442
21
0.9503413779527559
0
LINE
8
BLACK
6
CONTINUOUS
10
1.3708736220472442
20
0.9503413779527559
11
1.3687120472440946
21
0.9481798031496063
0
LINE
8
BLACK
6
CONTINUOUS
10
1.3687120472440946
20
0.9481798031496063
11
1.3657592913385825
21
0.9473886220472441
0
LINE
8
BLACK
6
CONTINUOUS
10
1.3657592913385825
20
0.9473886220472441
11
1.3263892125984251
21
0.9473886220472441
0
LINE
8
BLACK
6
CONTINUOUS
10
1.3263892125984251
20
0.9473886220472441
11
1.3262005905511811
21
0.9474391338582677
0
LINE
8
BLACK
6
CONTINUOUS
10
1.3262005905511811
20
0.9474391338582677
11
1.3260091338582678
21
0.9474008661417322
0
LINE
8
BLACK
6
CONTINUOUS
10
1.3260091338582678
20
0.9474008661417322
11
1.324735275590551
21
0.9478317716535433
0
LINE
8
BLACK
6
CONTINUOUS
10
1.324735275590551
20
0.9478317716535433
11
1.3234364566929133
21
0.9481798031496063
0
LINE
8
BLACK
6
CONTINUOUS
10
1.3234364566929133
20
0.9481798031496063
11
1.3232983858267717
21
0.9483178346456693
0
LINE
8
BLACK
6
CONTINUOUS
10
1.3232983858267717
20
0.9483178346456693
11
1.3231134251968504
21
0.9483804330708662
0
LINE
8
BLACK
6
CONTINUOUS
10
1.3231134251968504
20
0.9483804330708662
11
1.3222256299212598
21
0.9493905905511811
0
LINE
8
BLACK
6
CONTINUOUS
10
1.3222256299212598
20
0.9493905905511811
11
1.3212748818897637
21
0.9503413779527559
0
LINE
8
BLACK
6
CONTINUOUS
10
1.3212748818897637
20
0.9503413779527559
11
1.3212243307086613
21
0.9505299212598425
0
LINE
8
BLACK
6
CONTINUOUS
10
1.3212243307086613
20
0.9505299212598425
11
1.3210954330708662
21
0.9506766535433071
0
LINE
8
BLACK
6
CONTINUOUS
10
1.3210954330708662
20
0.9506766535433071
11
1.3208316929133859
21
0.9519953543307086
0
LINE
8
BLACK
6
CONTINUOUS
10
1.3208316929133859
20
0.9519953543307086
11
1.3204837007874015
21
0.9532941338582677
0
LINE
8
BLACK
6
CONTINUOUS
10
1.3204837007874015
20
0.9532941338582677
11
1.3205342125984252
21
0.953482716535433
0
LINE
8
BLACK
6
CONTINUOUS
10
1.3205342125984252
20
0.953482716535433
11
1.3204959448818898
21
0.9536742125984252
0
LINE
8
BLACK
6
CONTINUOUS
10
1.3204959448818898
20
0.9536742125984252
11
1.3209268503937008
21
0.954948031496063
0
LINE
8
BLACK
6
CONTINUOUS
10
1.3209268503937008
20
0.954948031496063
11
1.3212748818897637
21
0.9562468897637795
0
LINE
8
BLACK
6
CONTINUOUS
10
1.3212748818897637
20
0.9562468897637795
11
1.3214129133858268
21
0.9563849212598425
0
LINE
8
BLACK
6
CONTINUOUS
10
1.3214129133858268
20
0.9563849212598425
11
1.3214755118110235
21
0.9565699212598425
0
LINE
8
BLACK
6
CONTINUOUS
10
1.3214755118110235
20
0.9565699212598425
11
1.3547247637795274
21
1.0064437401574804
0
LINE
8
BLACK
6
CONTINUOUS
10
1.3547247637795274
20
1.0064437401574804
11
1.3263892125984251
21
1.0064437401574804
0
LINE
8
BLACK
6
CONTINUOUS
10
1.3263892125984251
20
1.0064437401574804
11
1.3234364566929133
21
1.0072349212598426
0
LINE
8
BLACK
6
CONTINUOUS
10
1.3234364566929133
20
1.0072349212598426
11
1.3212748818897637
21
1.0093964960629922
0
LINE
8
BLACK
6
CONTINUOUS
10
1.3212748818897637
20
1.0093964960629922
11
1.3204837007874015
21
1.012349251968504
0
LINE
8
BLACK
6
CONTINUOUS
10
1.3204837007874015
20
1.012349251968504
11
1.3212748818897637
21
1.0153020078740158
0
LINE
8
BLACK
6
CONTINUOUS
10
1.3212748818897637
20
1.0153020078740158
11
1.3234364566929133
21
1.0174635826771654
0
LINE
8
BLACK
6
CONTINUOUS
10
1.3234364566929133
20
1.0174635826771654
11
1.3263892125984251
21
1.0182547637795276
0
LINE
8
BLACK
6
CONTINUOUS
10
1.3263892125984251
20
1.0182547637795276
11
1.3657592913385825
21
1.0182547637795276
0
LINE
8
BLACK
6
CONTINUOUS
10
1.3657592913385825
20
1.0182547637795276
11
1.365947874015748
21
1.0182042125984252
0
LINE
8
BLACK
6
CONTINUOUS
10
0.1813127559055118
20
1.1920246456692913
11
0.1820046456692913
21
1.1903543307086615
0
LINE
8
BLACK
6
CONTINUOUS
10
0.1820046456692913
20
1.1903543307086615
11
0.1820046456692913
21
1.1681102362204725
0
LINE
8
BLACK
6
CONTINUOUS
10
0.1820046456692913
20
1.1681102362204725
11
0.2042487401574803
21
1.1681102362204725
0
LINE
8
BLACK
6
CONTINUOUS
10
0.2042487401574803
20
1.1681102362204725
11
0.2059190551181102
21
1.167418346456693
0
LINE
8
BLACK
6
CONTINUOUS
10
0.2059190551181102
20
1.167418346456693
11
0.2066109448818897
21
1.1657480314960629
0
LINE
8
BLACK
6
CONTINUOUS
10
0.2066109448818897
20
1.1657480314960629
11
0.2059190551181102
21
1.164077716535433
0
LINE
8
BLACK
6
CONTINUOUS
10
0.2059190551181102
20
1.164077716535433
11
0.2042487401574803
21
1.1633858267716535
0
LINE
8
BLACK
6
CONTINUOUS
10
0.2042487401574803
20
1.1633858267716535
11
0.1820046456692913
21
1.1633858267716535
0
LINE
8
BLACK
6
CONTINUOUS
10
0.1820046456692913
20
1.1633858267716535
11
0.1820046456692913
21
1.1411417322834645
0
LINE
8
BLACK
6
CONTINUOUS
10
0.1820046456692913
20
1.1411417322834645
11
0.1813127559055118
21
1.1394714173228346
0
LINE
8
BLACK
6
CONTINUOUS
10
0.1813127559055118
20
1.1394714173228346
11
0.1796424409448819
21
1.1387795275590551
0
LINE
8
BLACK
6
CONTINUOUS
10
0.1796424409448819
20
1.1387795275590551
11
0.177972125984252
21
1.1394714173228346
0
LINE
8
BLACK
6
CONTINUOUS
10
0.177972125984252
20
1.1394714173228346
11
0.1772802362204724
21
1.1411417322834645
0
LINE
8
BLACK
6
CONTINUOUS
10
0.1772802362204724
20
1.1411417322834645
11
0.1772802362204724
21
1.1633858267716535
0
LINE
8
BLACK
6
CONTINUOUS
10
0.1772802362204724
20
1.1633858267716535
11
0.1550361417322835
21
1.1633858267716535
0
LINE
8
BLACK
6
CONTINUOUS
10
0.1550361417322835
20
1.1633858267716535
11
0.1533658267716535
21
1.164077716535433
0
LINE
8
BLACK
6
CONTINUOUS
10
0.1533658267716535
20
1.164077716535433
11
0.152673937007874
21
1.1657480314960629
0
LINE
8
BLACK
6
CONTINUOUS
10
0.152673937007874
20
1.1657480314960629
11
0.1533658267716535
21
1.167418346456693
0
LINE
8
BLACK
6
CONTINUOUS
10
0.1533658267716535
20
1.167418346456693
11
0.1550361417322835
21
1.1681102362204725
0
LINE
8
BLACK
6
CONTINUOUS
10
0.1550361417322835
20
1.1681102362204725
11
0.1772802362204724
21
1.1681102362204725
0
LINE
8
BLACK
6
CONTINUOUS
10
0.1772802362204724
20
1.1681102362204725
11
0.1772802362204724
21
1.1903543307086615
0
LINE
8
BLACK
6
CONTINUOUS
10
0.1772802362204724
20
1.1903543307086615
11
0.177972125984252
21
1.1920246456692913
0
LINE
8
BLACK
6
CONTINUOUS
10
0.177972125984252
20
1.1920246456692913
11
0.1796424409448819
21
1.1927165354330709
0
LINE
8
BLACK
6
CONTINUOUS
10
0.1796424409448819
20
1.1927165354330709
11
0.1813127559055118
21
1.1920246456692913
0
LINE
8
BLACK
6
CONTINUOUS
10
0.7192704724409449
20
1.330316062992126
11
0.7206004330708661
21
1.330043937007874
0
LINE
8
BLACK
6
CONTINUOUS
10
0.7206004330708661
20
1.330043937007874
11
0.7253623228346456
21
1.3276629921259842
0
LINE
8
BLACK
6
CONTINUOUS
10
0.7253623228346456
20
1.3276629921259842
11
0.7260737007874015
21
1.3270321653543307
0
LINE
8
BLACK
6
CONTINUOUS
10
0.7260737007874015
20
1.3270321653543307
11
0.7268971653543307
21
1.3265567322834646
0
LINE
8
BLACK
6
CONTINUOUS
10
0.7268971653543307
20
1.3265567322834646
11
0.7292781102362205
21
1.324175748031496
0
LINE
8
BLACK
6
CONTINUOUS
10
0.7292781102362205
20
1.324175748031496
11
0.7297535039370079
21
1.3233523228346455
0
LINE
8
BLACK
6
CONTINUOUS
10
0.7297535039370079
20
1.3233523228346455
11
0.7303842913385826
21
1.3226409842519684
0
LINE
8
BLACK
6
CONTINUOUS
10
0.7303842913385826
20
1.3226409842519684
11
0.7327652362204724
21
1.3178790944881889
0
LINE
8
BLACK
6
CONTINUOUS
10
0.7327652362204724
20
1.3178790944881889
11
0.7330372834645669
21
1.3165494094488188
0
LINE
8
BLACK
6
CONTINUOUS
10
0.7330372834645669
20
1.3165494094488188
11
0.7333887007874016
21
1.3152380708661418
0
LINE
8
BLACK
6
CONTINUOUS
10
0.7333887007874016
20
1.3152380708661418
11
0.7333887007874016
21
1.3033333070866142
0
LINE
8
BLACK
6
CONTINUOUS
10
0.7333887007874016
20
1.3033333070866142
11
0.7331426377952756
21
1.3024149606299211
0
LINE
8
BLACK
6
CONTINUOUS
10
0.7331426377952756
20
1.3024149606299211
11
0.7330856692913386
21
1.3014658267716535
0
LINE
8
BLACK
6
CONTINUOUS
10
0.7330856692913386
20
1.3014658267716535
11
0.7307047244094488
21
1.2943229527559055
0
LINE
8
BLACK
6
CONTINUOUS
10
0.7307047244094488
20
1.2943229527559055
11
0.7290203937007874
21
1.2917719291338583
0
LINE
8
BLACK
6
CONTINUOUS
10
0.7290203937007874
20
1.2917719291338583
11
0.7262861811023622
21
1.2904048031496063
0
LINE
8
BLACK
6
CONTINUOUS
10
0.7262861811023622
20
1.2904048031496063
11
0.7232347637795276
21
1.2905879527559054
0
LINE
8
BLACK
6
CONTINUOUS
10
0.7232347637795276
20
1.2905879527559054
11
0.7206837401574803
21
1.2922722834645668
0
LINE
8
BLACK
6
CONTINUOUS
10
0.7206837401574803
20
1.2922722834645668
11
0.7193166141732283
21
1.2950064960629921
0
LINE
8
BLACK
6
CONTINUOUS
10
0.7193166141732283
20
1.2950064960629921
11
0.7194997637795275
21
1.2980579133858268
0
LINE
8
BLACK
6
CONTINUOUS
10
0.7194997637795275
20
1.2980579133858268
11
0.7215776771653544
21
1.3042916535433071
0
LINE
8
BLACK
6
CONTINUOUS
10
0.7215776771653544
20
1.3042916535433071
11
0.7215776771653544
21
1.3138439763779528
0
LINE
8
BLACK
6
CONTINUOUS
10
0.7215776771653544
20
1.3138439763779528
11
0.7202487401574803
21
1.3165017716535432
0
LINE
8
BLACK
6
CONTINUOUS
10
0.7202487401574803
20
1.3165017716535432
11
0.7192230708661417
21
1.3175274803149606
0
LINE
8
BLACK
6
CONTINUOUS
10
0.7192230708661417
20
1.3175274803149606
11
0.7165653149606299
21
1.3188563779527558
0
LINE
8
BLACK
6
CONTINUOUS
10
0.7165653149606299
20
1.3188563779527558
11
0.7145915748031496
21
1.3188563779527558
0
LINE
8
BLACK
6
CONTINUOUS
10
0.7145915748031496
20
1.3188563779527558
11
0.711933779527559
21
1.3175274803149606
0
LINE
8
BLACK
6
CONTINUOUS
10
0.711933779527559
20
1.3175274803149606
11
0.7109081102362205
21
1.316501811023622
0
LINE
8
BLACK
6
CONTINUOUS
10
0.7109081102362205
20
1.316501811023622
11
0.7092455511811023
21
1.3131766929133859
0
LINE
8
BLACK
6
CONTINUOUS
10
0.7092455511811023
20
1.3131766929133859
11
0.7070218897637796
21
1.3042819685039371
0
LINE
8
BLACK
6
CONTINUOUS
10
0.7070218897637796
20
1.3042819685039371
11
0.7067054330708661
21
1.3037119685039369
0
LINE
8
BLACK
6
CONTINUOUS
10
0.7067054330708661
20
1.3037119685039369
11
0.7065747637795275
21
1.3030732283464566
0
LINE
8
BLACK
6
CONTINUOUS
10
0.7065747637795275
20
1.3030732283464566
11
0.7041938188976378
21
1.2983113385826772
0
LINE
8
BLACK
6
CONTINUOUS
10
0.7041938188976378
20
1.2983113385826772
11
0.7035629527559055
21
1.2975999212598426
0
LINE
8
BLACK
6
CONTINUOUS
10
0.7035629527559055
20
1.2975999212598426
11
0.7030875984251969
21
1.2967765354330709
0
LINE
8
BLACK
6
CONTINUOUS
10
0.7030875984251969
20
1.2967765354330709
11
0.7007066535433071
21
1.294395590551181
0
LINE
8
BLACK
6
CONTINUOUS
10
0.7007066535433071
20
1.294395590551181
11
0.6998832677165354
21
1.2939201968503937
0
LINE
8
BLACK
6
CONTINUOUS
10
0.6998832677165354
20
1.2939201968503937
11
0.6991718897637795
21
1.2932893700787402
0
LINE
8
BLACK
6
CONTINUOUS
10
0.6991718897637795
20
1.2932893700787402
11
0.6944099212598425
21
1.2909083858267716
0
LINE
8
BLACK
6
CONTINUOUS
10
0.6944099212598425
20
1.2909083858267716
11
0.6930799606299213
21
1.2906362204724409
0
LINE
8
BLACK
6
CONTINUOUS
10
0.6930799606299213
20
1.2906362204724409
11
0.6917688976377953
21
1.2902849212598424
0
LINE
8
BLACK
6
CONTINUOUS
10
0.6917688976377953
20
1.2902849212598424
11
0.6870070078740157
21
1.2902849212598424
0
LINE
8
BLACK
6
CONTINUOUS
10
0.6870070078740157
20
1.2902849212598424
11
0.6856960236220472
21
1.2906361811023621
0
LINE
8
BLACK
6
CONTINUOUS
10
0.6856960236220472
20
1.2906361811023621
11
0.6843659448818897
21
1.2909083858267716
0
LINE
8
BLACK
6
CONTINUOUS
10
0.6843659448818897
20
1.2909083858267716
11
0.6796040551181102
21
1.2932893700787402
0
LINE
8
BLACK
6
CONTINUOUS
10
0.6796040551181102
20
1.2932893700787402
11
0.6788926377952755
21
1.2939201968503937
0
LINE
8
BLACK
6
CONTINUOUS
10
0.6788926377952755
20
1.2939201968503937
11
0.6780692913385826
21
1.294395590551181
0
LINE
8
BLACK
6
CONTINUOUS
10
0.6780692913385826
20
1.294395590551181
11
0.6756883464566928
21
1.2967765354330709
0
LINE
8
BLACK
6
CONTINUOUS
10
0.6756883464566928
20
1.2967765354330709
11
0.6752129921259843
21
1.2975998425196851
0
LINE
8
BLACK
6
CONTINUOUS
10
0.6752129921259843
20
1.2975998425196851
11
0.6745821259842519
21
1.2983112992125985
0
LINE
8
BLACK
6
CONTINUOUS
10
0.6745821259842519
20
1.2983112992125985
11
0.6722011417322834
21
1.303073188976378
0
LINE
8
BLACK
6
CONTINUOUS
10
0.6722011417322834
20
1.303073188976378
11
0.671928937007874
21
1.3044032677165354
0
LINE
8
BLACK
6
CONTINUOUS
10
0.671928937007874
20
1.3044032677165354
11
0.6715776771653543
21
1.3057142519685039
0
LINE
8
BLACK
6
CONTINUOUS
10
0.6715776771653543
20
1.3057142519685039
11
0.6715776771653543
21
1.3176190157480314
0
LINE
8
BLACK
6
CONTINUOUS
10
0.6715776771653543
20
1.3176190157480314
11
0.6718237401574803
21
1.3185374409448818
0
LINE
8
BLACK
6
CONTINUOUS
10
0.6718237401574803
20
1.3185374409448818
11
0.671880748031496
21
1.3194865354330709
0
LINE
8
BLACK
6
CONTINUOUS
10
0.671880748031496
20
1.3194865354330709
11
0.6742617322834645
21
1.3266293700787402
0
LINE
8
BLACK
6
CONTINUOUS
10
0.6742617322834645
20
1.3266293700787402
11
0.675946062992126
21
1.3291804330708661
0
LINE
8
BLACK
6
CONTINUOUS
10
0.675946062992126
20
1.3291804330708661
11
0.6786802362204725
21
1.3305475196850394
0
LINE
8
BLACK
6
CONTINUOUS
10
0.6786802362204725
20
1.3305475196850394
11
0.6817316929133858
21
1.3303643307086614
0
LINE
8
BLACK
6
CONTINUOUS
10
0.6817316929133858
20
1.3303643307086614
11
0.684282716535433
21
1.3286799999999999
0
LINE
8
BLACK
6
CONTINUOUS
10
0.684282716535433
20
1.3286799999999999
11
0.6856498031496063
21
1.3259457874015748
0
LINE
8
BLACK
6
CONTINUOUS
10
0.6856498031496063
20
1.3259457874015748
11
0.6854666141732283
21
1.3228943700787401
0
LINE
8
BLACK
6
CONTINUOUS
10
0.6854666141732283
20
1.3228943700787401
11
0.6833887007874015
21
1.3166606692913385
0
LINE
8
BLACK
6
CONTINUOUS
10
0.6833887007874015
20
1.3166606692913385
11
0.6833887007874015
21
1.3071083858267716
0
LINE
8
BLACK
6
CONTINUOUS
10
0.6833887007874015
20
1.3071083858267716
11
0.6847176377952756
21
1.3044505118110237
0
LINE
8
BLACK
6
CONTINUOUS
10
0.6847176377952756
20
1.3044505118110237
11
0.6857432677165354
21
1.3034248818897638
0
LINE
8
BLACK
6
CONTINUOUS
10
0.6857432677165354
20
1.3034248818897638
11
0.6884011811023621
21
1.3020959448818898
0
LINE
8
BLACK
6
CONTINUOUS
10
0.6884011811023621
20
1.3020959448818898
11
0.6903748031496063
21
1.3020959448818898
0
LINE
8
BLACK
6
CONTINUOUS
10
0.6903748031496063
20
1.3020959448818898
11
0.6930325984251968
21
1.303424842519685
0
LINE
8
BLACK
6
CONTINUOUS
10
0.6930325984251968
20
1.303424842519685
11
0.6940583070866142
21
1.3044505511811024
0
LINE
8
BLACK
6
CONTINUOUS
10
0.6940583070866142
20
1.3044505511811024
11
0.6957207480314961
21
1.3077754724409449
0
LINE
8
BLACK
6
CONTINUOUS
10
0.6957207480314961
20
1.3077754724409449
11
0.6979444881889764
21
1.3166703543307086
0
LINE
8
BLACK
6
CONTINUOUS
10
0.6979444881889764
20
1.3166703543307086
11
0.6982608661417322
21
1.3172402755905512
0
LINE
8
BLACK
6
CONTINUOUS
10
0.6982608661417322
20
1.3172402755905512
11
0.6983916141732284
21
1.3178791338582676
0
LINE
8
BLACK
6
CONTINUOUS
10
0.6983916141732284
20
1.3178791338582676
11
0.7007725984251968
21
1.3226410236220472
0
LINE
8
BLACK
6
CONTINUOUS
10
0.7007725984251968
20
1.3226410236220472
11
0.7014034251968504
21
1.3233524409448818
0
LINE
8
BLACK
6
CONTINUOUS
10
0.7014034251968504
20
1.3233524409448818
11
0.7018787795275591
21
1.324175748031496
0
LINE
8
BLACK
6
CONTINUOUS
10
0.7018787795275591
20
1.324175748031496
11
0.7042597244094488
21
1.3265567322834646
0
LINE
8
BLACK
6
CONTINUOUS
10
0.7042597244094488
20
1.3265567322834646
11
0.7050831496062991
21
1.3270321259842519
0
LINE
8
BLACK
6
CONTINUOUS
10
0.7050831496062991
20
1.3270321259842519
11
0.7057945669291339
21
1.3276629921259842
0
LINE
8
BLACK
6
CONTINUOUS
10
0.7057945669291339
20
1.3276629921259842
11
0.7105564566929133
21
1.330043937007874
0
LINE
8
BLACK
6
CONTINUOUS
10
0.7105564566929133
20
1.330043937007874
11
0.7118861023622047
21
1.3303159842519685
0
LINE
8
BLACK
6
CONTINUOUS
10
0.7118861023622047
20
1.3303159842519685
11
0.7131974803149607
21
1.330667401574803
0
LINE
8
BLACK
6
CONTINUOUS
10
0.7131974803149607
20
1.330667401574803
11
0.7179594094488189
21
1.330667401574803
0
LINE
8
BLACK
6
CONTINUOUS
10
0.7179594094488189
20
1.330667401574803
11
0.7192704724409449
21
1.330316062992126
0
LINE
8
BLACK
6
CONTINUOUS
10
0.63
20
1.345
11
0.57
21
1.345
0
LINE
8
BLACK
6
CONTINUOUS
10
0.57
20
1.345
11
0.57
21
1.405
0
LINE
8
BLACK
6
CONTINUOUS
10
0.57
20
1.405
11
0.63
21
1.405
0
LINE
8
BLACK
6
CONTINUOUS
10
0.63
20
1.405
11
0.63
21
1.345
0
LINE
8
BLACK
6
CONTINUOUS
10
0.63
20
1.4450000000000001
11
0.57
21
1.4450000000000001
0
LINE
8
BLACK
6
CONTINUOUS
10
0.57
20
1.4450000000000001
11
0.57
21
1.5049999999999999
0
LINE
8
BLACK
6
CONTINUOUS
10
0.57
20
1.5049999999999999
11
0.63
21
1.5049999999999999
0
LINE
8
BLACK
6
CONTINUOUS
10
0.63
20
1.5049999999999999
11
0.63
21
1.4450000000000001
0
LINE
8
BLACK
6
CONTINUOUS
10
0.53
20
1.345
11
0.47
21
1.345
0
LINE
8
BLACK
6
CONTINUOUS
10
0.47
20
1.345
11
0.47
21
1.405
0
LINE
8
BLACK
6
CONTINUOUS
10
0.47
20
1.405
11
0.53
21
1.405
0
LINE
8
BLACK
6
CONTINUOUS
10
0.53
20
1.405
11
0.53
21
1.345
0
LINE
8
BLACK
6
CONTINUOUS
10
0.53
20
1.4450000000000001
11
0.47
21
1.4450000000000001
0
LINE
8
BLACK
6
CONTINUOUS
10
0.47
20
1.4450000000000001
11
0.47
21
1.5049999999999999
0
LINE
8
BLACK
6
CONTINUOUS
10
0.47
20
1.5049999999999999
11
0.53
21
1.5049999999999999
0
LINE
8
BLACK
6
CONTINUOUS
10
0.53
20
1.5049999999999999
11
0.53
21
1.4450000000000001
0
LINE
8
BLACK
6
CONTINUOUS
10
0.5499999999999999
20
1.5279527559055117
11
0.65
21
1.5279527559055117
0
LINE
8
BLACK
6
CONTINUOUS
10
0.65
20
1.5279527559055117
11
0.6503835039370078
21
1.5278851181102362
0
LINE
8
BLACK
6
CONTINUOUS
10
0.6503835039370078
20
1.5278851181102362
11
0.6505127559055118
21
1.5279079133858267
0
LINE
8
BLACK
6
CONTINUOUS
10
0.6505127559055118
20
1.5279079133858267
11
0.6506263385826772
21
1.5278422834645669
0
LINE
8
BLACK
6
CONTINUOUS
10
0.6506263385826772
20
1.5278422834645669
11
0.6510099212598425
21
1.5277746850393701
0
LINE
8
BLACK
6
CONTINUOUS
10
0.6510099212598425
20
1.5277746850393701
11
0.6515975984251968
21
1.5272815354330709
0
LINE
8
BLACK
6
CONTINUOUS
10
0.6515975984251968
20
1.5272815354330709
11
0.6522619291338583
21
1.5268979921259842
0
LINE
8
BLACK
6
CONTINUOUS
10
0.6522619291338583
20
1.5268979921259842
11
0.6523530314960629
21
1.5266476377952756
0
LINE
8
BLACK
6
CONTINUOUS
10
0.6523530314960629
20
1.5266476377952756
11
0.6525571653543307
21
1.5264763779527559
0
LINE
8
BLACK
6
CONTINUOUS
10
0.6525571653543307
20
1.5264763779527559
11
0.6526903937007874
21
1.5257207874015748
0
LINE
8
BLACK
6
CONTINUOUS
10
0.6526903937007874
20
1.5257207874015748
11
0.6529527559055118
21
1.5249999999999999
0
LINE
8
BLACK
6
CONTINUOUS
10
0.6529527559055118
20
1.5249999999999999
11
0.6529527559055118
21
1.325
0
LINE
8
BLACK
6
CONTINUOUS
10
0.6529527559055118
20
1.325
11
0.6528851181102362
21
1.3246164566929133
0
LINE
8
BLACK
6
CONTINUOUS
10
0.6528851181102362
20
1.3246164566929133
11
0.6529079133858268
21
1.3244872440944881
0
LINE
8
BLACK
6
CONTINUOUS
10
0.6529079133858268
20
1.3244872440944881
11
0.652842283464567
21
1.324373622047244
0
LINE
8
BLACK
6
CONTINUOUS
10
0.652842283464567
20
1.324373622047244
11
0.6527746850393701
21
1.3239900787401575
0
LINE
8
BLACK
6
CONTINUOUS
10
0.6527746850393701
20
1.3239900787401575
11
0.6522815354330709
21
1.3234023622047244
0
LINE
8
BLACK
6
CONTINUOUS
10
0.6522815354330709
20
1.3234023622047244
11
0.6518979921259842
21
1.3227380708661418
0
LINE
8
BLACK
6
CONTINUOUS
10
0.6518979921259842
20
1.3227380708661418
11
0.6516476377952756
21
1.3226469291338583
0
LINE
8
BLACK
6
CONTINUOUS
10
0.6516476377952756
20
1.3226469291338583
11
0.6514763779527559
21
1.3224428346456694
0
LINE
8
BLACK
6
CONTINUOUS
10
0.6514763779527559
20
1.3224428346456694
11
0.6507207874015748
21
1.3223095669291338
0
LINE
8
BLACK
6
CONTINUOUS
10
0.6507207874015748
20
1.3223095669291338
11
0.65
21
1.3220472440944881
0
LINE
8
BLACK
6
CONTINUOUS
10
0.65
20
1.3220472440944881
11
0.5499999999999999
21
1.3220472440944881
0
LINE
8
BLACK
6
CONTINUOUS
10
0.5499999999999999
20
1.3220472440944881
11
0.45
21
1.3220472440944881
0
LINE
8
BLACK
6
CONTINUOUS
10
0.45
20
1.3220472440944881
11
0.4496164566929134
21
1.3221148425196849
0
LINE
8
BLACK
6
CONTINUOUS
10
0.4496164566929134
20
1.3221148425196849
11
0.4494872440944882
21
1.3220920866141732
0
LINE
8
BLACK
6
CONTINUOUS
10
0.4494872440944882
20
1.3220920866141732
11
0.4493736220472441
21
1.3221576771653543
0
LINE
8
BLACK
6
CONTINUOUS
10
0.4493736220472441
20
1.3221576771653543
11
0.4489900787401575
21
1.3222253149606298
0
LINE
8
BLACK
6
CONTINUOUS
10
0.4489900787401575
20
1.3222253149606298
11
0.4484023622047244
21
1.3227184251968505
0
LINE
8
BLACK
6
CONTINUOUS
10
0.4484023622047244
20
1.3227184251968505
11
0.4477380708661417
21
1.3231020078740157
0
LINE
8
BLACK
6
CONTINUOUS
10
0.4477380708661417
20
1.3231020078740157
11
0.4476469291338583
21
1.3233523228346455
0
LINE
8
BLACK
6
CONTINUOUS
10
0.4476469291338583
20
1.3233523228346455
11
0.4474428346456693
21
1.3235236220472442
0
LINE
8
BLACK
6
CONTINUOUS
10
0.4474428346456693
20
1.3235236220472442
11
0.4473095669291339
21
1.3242791732283463
0
LINE
8
BLACK
6
CONTINUOUS
10
0.4473095669291339
20
1.3242791732283463
11
0.4470472440944882
21
1.325
0
LINE
8
BLACK
6
CONTINUOUS
10
0.4470472440944882
20
1.325
11
0.4470472440944882
21
1.5249999999999999
0
LINE
8
BLACK
6
CONTINUOUS
10
0.4470472440944882
20
1.5249999999999999
11
0.447114842519685
21
1.5253835039370078
0
LINE
8
BLACK
6
CONTINUOUS
10
0.447114842519685
20
1.5253835039370078
11
0.4470920866141732
21
1.5255127559055117
0
LINE
8
BLACK
6
CONTINUOUS
10
0.4470920866141732
20
1.5255127559055117
11
0.4471576771653543
21
1.5256263385826772
0
LINE
8
BLACK
6
CONTINUOUS
10
0.4471576771653543
20
1.5256263385826772
11
0.4472253149606299
21
1.5260099212598426
0
LINE
8
BLACK
6
CONTINUOUS
10
0.4472253149606299
20
1.5260099212598426
11
0.4477184251968504
21
1.5265975984251967
0
LINE
8
BLACK
6
CONTINUOUS
10
0.4477184251968504
20
1.5265975984251967
11
0.4481020078740157
21
1.5272619291338583
0
LINE
8
BLACK
6
CONTINUOUS
10
0.4481020078740157
20
1.5272619291338583
11
0.4483523228346457
21
1.5273530314960631
0
LINE
8
BLACK
6
CONTINUOUS
10
0.4483523228346457
20
1.5273530314960631
11
0.4485236220472441
21
1.5275571653543307
0
LINE
8
BLACK
6
CONTINUOUS
10
0.4485236220472441
20
1.5275571653543307
11
0.4492791732283464
21
1.5276903937007873
0
LINE
8
BLACK
6
CONTINUOUS
10
0.4492791732283464
20
1.5276903937007873
11
0.45
21
1.5279527559055117
0
LINE
8
BLACK
6
CONTINUOUS
10
0.45
20
1.5279527559055117
11
0.5499999999999999
21
1.5279527559055117
0
LINE
8
BLACK
6
CONTINUOUS
10
0.5529527559055119
20
1.5220472440944881
11
0.5529527559055119
21
1.3279527559055118
0
LINE
8
BLACK
6
CONTINUOUS
10
0.5529527559055119
20
1.3279527559055118
11
0.6470472440944882
21
1.3279527559055118
0
LINE
8
BLACK
6
CONTINUOUS
10
0.6470472440944882
20
1.3279527559055118
11
0.6470472440944882
21
1.5220472440944881
0
LINE
8
BLACK
6
CONTINUOUS
10
0.6470472440944882
20
1.5220472440944881
11
0.5529527559055119
21
1.5220472440944881
0
LINE
8
BLACK
6
CONTINUOUS
10
0.4529527559055118
20
1.5220472440944881
11
0.4529527559055118
21
1.3279527559055118
0
LINE
8
BLACK
6
CONTINUOUS
10
0.4529527559055118
20
1.3279527559055118
11
0.5470472440944881
21
1.3279527559055118
0
LINE
8
BLACK
6
CONTINUOUS
10
0.5470472440944881
20
1.3279527559055118
11
0.5470472440944881
21
1.5220472440944881
0
LINE
8
BLACK
6
CONTINUOUS
10
0.5470472440944881
20
1.5220472440944881
11
0.4529527559055118
21
1.5220472440944881
0
LINE
8
BLACK
6
CONTINUOUS
10
0.7304359448818898
20
1.3798762204724409
11
0.7325975196850394
21
1.3777146456692912
0
LINE
8
BLACK
6
CONTINUOUS
10
0.7325975196850394
20
1.3777146456692912
11
0.7333887007874016
21
1.3747618897637794
0
LINE
8
BLACK
6
CONTINUOUS
10
0.7333887007874016
20
1.3747618897637794
11
0.7325975196850394
21
1.3718091338582676
0
LINE
8
BLACK
6
CONTINUOUS
10
0.7325975196850394
20
1.3718091338582676
11
0.7304359448818898
21
1.369647559055118
0
LINE
8
BLACK
6
CONTINUOUS
10
0.7304359448818898
20
1.369647559055118
11
0.727483188976378
21
1.3688563779527558
0
LINE
8
BLACK
6
CONTINUOUS
10
0.727483188976378
20
1.3688563779527558
11
0.6884011811023621
21
1.3688563779527558
0
LINE
8
BLACK
6
CONTINUOUS
10
0.6884011811023621
20
1.3688563779527558
11
0.6857432677165354
21
1.3675274015748031
0
LINE
8
BLACK
6
CONTINUOUS
10
0.6857432677165354
20
1.3675274015748031
11
0.6847176377952756
21
1.3665017716535433
0
LINE
8
BLACK
6
CONTINUOUS
10
0.6847176377952756
20
1.3665017716535433
11
0.6833887007874015
21
1.3638438976377953
0
LINE
8
BLACK
6
CONTINUOUS
10
0.6833887007874015
20
1.3638438976377953
11
0.6833887007874015
21
1.3571083858267716
0
LINE
8
BLACK
6
CONTINUOUS
10
0.6833887007874015
20
1.3571083858267716
11
0.6847176377952756
21
1.3544504724409447
0
LINE
8
BLACK
6
CONTINUOUS
10
0.6847176377952756
20
1.3544504724409447
11
0.6857433070866141
21
1.3534248031496063
0
LINE
8
BLACK
6
CONTINUOUS
10
0.6857433070866141
20
1.3534248031496063
11
0.6884011023622048
21
1.3520959448818897
0
LINE
8
BLACK
6
CONTINUOUS
10
0.6884011023622048
20
1.3520959448818897
11
0.727483188976378
21
1.3520959448818897
0
LINE
8
BLACK
6
CONTINUOUS
10
0.727483188976378
20
1.3520959448818897
11
0.7304359448818898
21
1.3513047637795275
0
LINE
8
BLACK
6
CONTINUOUS
10
0.7304359448818898
20
1.3513047637795275
11
0.7325975196850394
21
1.3491431889763779
0
LINE
8
BLACK
6
CONTINUOUS
10
0.7325975196850394
20
1.3491431889763779
11
0.7333887007874016
21
1.3461904330708661
0
LINE
8
BLACK
6
CONTINUOUS
10
0.7333887007874016
20
1.3461904330708661
11
0.7325975196850394
21
1.3432376771653542
0
LINE
8
BLACK
6
CONTINUOUS
10
0.7325975196850394
20
1.3432376771653542
11
0.7304359448818898
21
1.3410761023622046
0
LINE
8
BLACK
6
CONTINUOUS
10
0.7304359448818898
20
1.3410761023622046
11
0.727483188976378
21
1.3402849212598424
0
LINE
8
BLACK
6
CONTINUOUS
10
0.727483188976378
20
1.3402849212598424
11
0.6870070078740157
21
1.3402849212598424
0
LINE
8
BLACK
6
CONTINUOUS
10
0.6870070078740157
20
1.3402849212598424
11
0.6856956299212599
21
1.3406362992125984
0
LINE
8
BLACK
6
CONTINUOUS
10
0.6856956299212599
20
1.3406362992125984
11
0.6843659842519685
21
1.3409083858267716
0
LINE
8
BLACK
6
CONTINUOUS
10
0.6843659842519685
20
1.3409083858267716
11
0.6796040944881889
21
1.3432893307086613
0
LINE
8
BLACK
6
CONTINUOUS
10
0.6796040944881889
20
1.3432893307086613
11
0.6788926771653543
21
1.343920157480315
0
LINE
8
BLACK
6
CONTINUOUS
10
0.6788926771653543
20
1.343920157480315
11
0.6780692519685039
21
1.3443955905511811
0
LINE
8
BLACK
6
CONTINUOUS
10
0.6780692519685039
20
1.3443955905511811
11
0.6756883070866142
21
1.3467765748031495
0
LINE
8
BLACK
6
CONTINUOUS
10
0.6756883070866142
20
1.3467765748031495
11
0.6752129527559055
21
1.3475998425196849
0
LINE
8
BLACK
6
CONTINUOUS
10
0.6752129527559055
20
1.3475998425196849
11
0.6745821259842519
21
1.3483112992125983
0
LINE
8
BLACK
6
CONTINUOUS
10
0.6745821259842519
20
1.3483112992125983
11
0.6722011417322834
21
1.3530731889763778
0
LINE
8
BLACK
6
CONTINUOUS
10
0.6722011417322834
20
1.3530731889763778
11
0.671928937007874
21
1.3544032677165354
0
LINE
8
BLACK
6
CONTINUOUS
10
0.671928937007874
20
1.3544032677165354
11
0.6715776771653543
21
1.3557142519685039
0
LINE
8
BLACK
6
CONTINUOUS
10
0.6715776771653543
20
1.3557142519685039
11
0.6715776771653543
21
1.3652380708661418
0
LINE
8
BLACK
6
CONTINUOUS
10
0.6715776771653543
20
1.3652380708661418
11
0.671928937007874
21
1.3665490157480316
0
LINE
8
BLACK
6
CONTINUOUS
10
0.671928937007874
20
1.3665490157480316
11
0.6722011417322834
21
1.3678791338582676
0
LINE
8
BLACK
6
CONTINUOUS
10
0.6722011417322834
20
1.3678791338582676
11
0.6745821259842519
21
1.3726410236220472
0
LINE
8
BLACK
6
CONTINUOUS
10
0.6745821259842519
20
1.3726410236220472
11
0.6752129921259843
21
1.3733524409448818
0
LINE
8
BLACK
6
CONTINUOUS
10
0.6752129921259843
20
1.3733524409448818
11
0.6756883464566928
21
1.3741757874015748
0
LINE
8
BLACK
6
CONTINUOUS
10
0.6756883464566928
20
1.3741757874015748
11
0.6780692913385826
21
1.3765567322834646
0
LINE
8
BLACK
6
CONTINUOUS
10
0.6780692913385826
20
1.3765567322834646
11
0.6788926377952755
21
1.3770320866141732
0
LINE
8
BLACK
6
CONTINUOUS
10
0.6788926377952755
20
1.3770320866141732
11
0.6796040551181102
21
1.3776629527559054
0
LINE
8
BLACK
6
CONTINUOUS
10
0.6796040551181102
20
1.3776629527559054
11
0.6843659448818897
21
1.3800439370078741
0
LINE
8
BLACK
6
CONTINUOUS
10
0.6843659448818897
20
1.3800439370078741
11
0.6856960236220472
21
1.3803161023622046
0
LINE
8
BLACK
6
CONTINUOUS
10
0.6856960236220472
20
1.3803161023622046
11
0.6870070078740157
21
1.3806674015748031
0
LINE
8
BLACK
6
CONTINUOUS
10
0.6870070078740157
20
1.3806674015748031
11
0.727483188976378
21
1.3806674015748031
0
LINE
8
BLACK
6
CONTINUOUS
10
0.727483188976378
20
1.3806674015748031
11
0.7304359448818898
21
1.3798762204724409
0
LINE
8
BLACK
6
CONTINUOUS
10
0.3898574803149606
20
1.4025975196850393
11
0.3920190551181102
21
1.4004359448818897
0
LINE
8
BLACK
6
CONTINUOUS
10
0.3920190551181102
20
1.4004359448818897
11
0.3928102362204725
21
1.3974831889763779
0
LINE
8
BLACK
6
CONTINUOUS
10
0.3928102362204725
20
1.3974831889763779
11
0.3920190551181102
21
1.3945304330708661
0
LINE
8
BLACK
6
CONTINUOUS
10
0.3920190551181102
20
1.3945304330708661
11
0.3898574803149606
21
1.3923688582677165
0
LINE
8
BLACK
6
CONTINUOUS
10
0.3898574803149606
20
1.3923688582677165
11
0.3869047244094488
21
1.3915776771653543
0
LINE
8
BLACK
6
CONTINUOUS
10
0.3869047244094488
20
1.3915776771653543
11
0.3690007086614173
21
1.3915776771653543
0
LINE
8
BLACK
6
CONTINUOUS
10
0.3690007086614173
20
1.3915776771653543
11
0.3690007086614173
21
1.3795791732283464
0
LINE
8
BLACK
6
CONTINUOUS
10
0.3690007086614173
20
1.3795791732283464
11
0.3797618897637795
21
1.3795791732283464
0
LINE
8
BLACK
6
CONTINUOUS
10
0.3797618897637795
20
1.3795791732283464
11
0.3827146456692913
21
1.3787879921259842
0
LINE
8
BLACK
6
CONTINUOUS
10
0.3827146456692913
20
1.3787879921259842
11
0.3848762204724409
21
1.3766264173228346
0
LINE
8
BLACK
6
CONTINUOUS
10
0.3848762204724409
20
1.3766264173228346
11
0.3856674015748031
21
1.3736736614173228
0
LINE
8
BLACK
6
CONTINUOUS
10
0.3856674015748031
20
1.3736736614173228
11
0.3848762204724409
21
1.370720905511811
0
LINE
8
BLACK
6
CONTINUOUS
10
0.3848762204724409
20
1.370720905511811
11
0.3827146456692913
21
1.3685593307086614
0
LINE
8
BLACK
6
CONTINUOUS
10
0.3827146456692913
20
1.3685593307086614
11
0.3797618897637795
21
1.3677681496062992
0
LINE
8
BLACK
6
CONTINUOUS
10
0.3797618897637795
20
1.3677681496062992
11
0.3690007086614173
21
1.3677681496062992
0
LINE
8
BLACK
6
CONTINUOUS
10
0.3690007086614173
20
1.3677681496062992
11
0.3690007086614173
21
1.3533887007874015
0
LINE
8
BLACK
6
CONTINUOUS
10
0.3690007086614173
20
1.3533887007874015
11
0.3869047244094488
21
1.3533887007874015
0
LINE
8
BLACK
6
CONTINUOUS
10
0.3869047244094488
20
1.3533887007874015
11
0.3898574803149606
21
1.3525975196850393
0
LINE
8
BLACK
6
CONTINUOUS
10
0.3898574803149606
20
1.3525975196850393
11
0.3920190551181102
21
1.3504359448818897
0
LINE
8
BLACK
6
CONTINUOUS
10
0.3920190551181102
20
1.3504359448818897
11
0.3928102362204725
21
1.3474831889763779
0
LINE
8
BLACK
6
CONTINUOUS
10
0.3928102362204725
20
1.3474831889763779
11
0.3920190551181102
21
1.3445304330708661
0
LINE
8
BLACK
6
CONTINUOUS
10
0.3920190551181102
20
1.3445304330708661
11
0.3898574803149606
21
1.3423688582677165
0
LINE
8
BLACK
6
CONTINUOUS
10
0.3898574803149606
20
1.3423688582677165
11
0.3869047244094488
21
1.3415776771653543
0
LINE
8
BLACK
6
CONTINUOUS
10
0.3869047244094488
20
1.3415776771653543
11
0.3630951968503937
21
1.3415776771653543
0
LINE
8
BLACK
6
CONTINUOUS
10
0.3630951968503937
20
1.3415776771653543
11
0.3601424409448819
21
1.3423688582677165
0
LINE
8
BLACK
6
CONTINUOUS
10
0.3601424409448819
20
1.3423688582677165
11
0.3579808661417323
21
1.3445304330708661
0
LINE
8
BLACK
6
CONTINUOUS
10
0.3579808661417323
20
1.3445304330708661
11
0.3571896850393701
21
1.3474831889763779
0
LINE
8
BLACK
6
CONTINUOUS
10
0.3571896850393701
20
1.3474831889763779
11
0.3571896850393701
21
1.3974831889763779
0
LINE
8
BLACK
6
CONTINUOUS
10
0.3571896850393701
20
1.3974831889763779
11
0.3579808661417323
21
1.4004359448818897
0
LINE
8
BLACK
6
CONTINUOUS
10
0.3579808661417323
20
1.4004359448818897
11
0.3601424409448819
21
1.4025975196850393
0
LINE
8
BLACK
6
CONTINUOUS
10
0.3601424409448819
20
1.4025975196850393
11
0.3630951968503937
21
1.4033887007874015
0
LINE
8
BLACK
6
CONTINUOUS
10
0.3630951968503937
20
1.4033887007874015
11
0.3869047244094488
21
1.4033887007874015
0
LINE
8
BLACK
6
CONTINUOUS
10
0.3869047244094488
20
1.4033887007874015
11
0.3898574803149606
21
1.4025975196850393
0
LINE
8
BLACK
6
CONTINUOUS
10
0.4398575196850393
20
1.4025975196850393
11
0.442019094488189
21
1.4004359448818897
0
LINE
8
BLACK
6
CONTINUOUS
10
0.442019094488189
20
1.4004359448818897
11
0.4428102755905512
21
1.3974831889763779
0
LINE
8
BLACK
6
CONTINUOUS
10
0.4428102755905512
20
1.3974831889763779
11
0.4428102755905512
21
1.3474831889763779
0
LINE
8
BLACK
6
CONTINUOUS
10
0.4428102755905512
20
1.3474831889763779
11
0.4428067322834646
21
1.3474700787401575
0
LINE
8
BLACK
6
CONTINUOUS
10
0.4428067322834646
20
1.3474700787401575
11
0.4428102362204724
21
1.3474568897637795
0
LINE
8
BLACK
6
CONTINUOUS
10
0.4428102362204724
20
1.3474568897637795
11
0.4424104330708661
21
1.3459910629921259
0
LINE
8
BLACK
6
CONTINUOUS
10
0.4424104330708661
20
1.3459910629921259
11
0.442019094488189
21
1.3445304330708661
0
LINE
8
BLACK
6
CONTINUOUS
10
0.442019094488189
20
1.3445304330708661
11
0.4420094881889763
21
1.3445208267716535
0
LINE
8
BLACK
6
CONTINUOUS
10
0.4420094881889763
20
1.3445208267716535
11
0.442005905511811
21
1.3445076771653544
0
LINE
8
BLACK
6
CONTINUOUS
10
0.442005905511811
20
1.3445076771653544
11
0.4409291732283465
21
1.3434405118110235
0
LINE
8
BLACK
6
CONTINUOUS
10
0.4409291732283465
20
1.3434405118110235
11
0.4398575196850393
21
1.3423688582677165
0
LINE
8
BLACK
6
CONTINUOUS
10
0.4398575196850393
20
1.3423688582677165
11
0.4398443307086614
21
1.3423653149606298
0
LINE
8
BLACK
6
CONTINUOUS
10
0.4398443307086614
20
1.3423653149606298
11
0.4398347244094488
21
1.3423557874015748
0
LINE
8
BLACK
6
CONTINUOUS
10
0.4398347244094488
20
1.3423557874015748
11
0.4383736220472441
21
1.3419712598425197
0
LINE
8
BLACK
6
CONTINUOUS
10
0.4383736220472441
20
1.3419712598425197
11
0.4369047637795275
21
1.3415776771653543
0
LINE
8
BLACK
6
CONTINUOUS
10
0.4369047637795275
20
1.3415776771653543
11
0.4368915748031496
21
1.3415811811023621
0
LINE
8
BLACK
6
CONTINUOUS
10
0.4368915748031496
20
1.3415811811023621
11
0.4368784645669291
21
1.3415777559055118
0
LINE
8
BLACK
6
CONTINUOUS
10
0.4368784645669291
20
1.3415777559055118
11
0.4354208661417323
21
1.3419752362204724
0
LINE
8
BLACK
6
CONTINUOUS
10
0.4354208661417323
20
1.3419752362204724
11
0.4339520078740157
21
1.3423688582677165
0
LINE
8
BLACK
6
CONTINUOUS
10
0.4339520078740157
20
1.3423688582677165
11
0.4339423228346457
21
1.3423785039370077
0
LINE
8
BLACK
6
CONTINUOUS
10
0.4339423228346457
20
1.3423785039370077
11
0.4339292519685039
21
1.3423820866141731
0
LINE
8
BLACK
6
CONTINUOUS
10
0.4339292519685039
20
1.3423820866141731
11
0.4328620866141732
21
1.3434587401574802
0
LINE
8
BLACK
6
CONTINUOUS
10
0.4328620866141732
20
1.3434587401574802
11
0.4317904330708661
21
1.3445304330708661
0
LINE
8
BLACK
6
CONTINUOUS
10
0.4317904330708661
20
1.3445304330708661
11
0.4317868897637795
21
1.3445435433070865
0
LINE
8
BLACK
6
CONTINUOUS
10
0.4317868897637795
20
1.3445435433070865
11
0.4317773228346456
21
1.3445532283464567
0
LINE
8
BLACK
6
CONTINUOUS
10
0.4317773228346456
20
1.3445532283464567
11
0.4142388188976378
21
1.3752455905511811
0
LINE
8
BLACK
6
CONTINUOUS
10
0.4142388188976378
20
1.3752455905511811
11
0.4142388188976378
21
1.3474831889763779
0
LINE
8
BLACK
6
CONTINUOUS
10
0.4142388188976378
20
1.3474831889763779
11
0.4134476377952756
21
1.3445304330708661
0
LINE
8
BLACK
6
CONTINUOUS
10
0.4134476377952756
20
1.3445304330708661
11
0.411286062992126
21
1.3423688582677165
0
LINE
8
BLACK
6
CONTINUOUS
10
0.411286062992126
20
1.3423688582677165
11
0.4083333070866141
21
1.3415776771653543
0
LINE
8
BLACK
6
CONTINUOUS
10
0.4083333070866141
20
1.3415776771653543
11
0.4053805511811023
21
1.3423688582677165
0
LINE
8
BLACK
6
CONTINUOUS
10
0.4053805511811023
20
1.3423688582677165
11
0.4032189763779527
21
1.3445304330708661
0
LINE
8
BLACK
6
CONTINUOUS
10
0.4032189763779527
20
1.3445304330708661
11
0.4024277952755905
21
1.3474831889763779
0
LINE
8
BLACK
6
CONTINUOUS
10
0.4024277952755905
20
1.3474831889763779
11
0.4024277952755905
21
1.3974831889763779
0
LINE
8
BLACK
6
CONTINUOUS
10
0.4024277952755905
20
1.3974831889763779
11
0.4024312992125984
21
1.3974962598425196
0
LINE
8
BLACK
6
CONTINUOUS
10
0.4024312992125984
20
1.3974962598425196
11
0.4024278346456693
21
1.3975094881889762
0
LINE
8
BLACK
6
CONTINUOUS
10
0.4024278346456693
20
1.3975094881889762
11
0.4028275984251968
21
1.3989752755905511
0
LINE
8
BLACK
6
CONTINUOUS
10
0.4028275984251968
20
1.3989752755905511
11
0.4032189763779527
21
1.4004359448818897
0
LINE
8
BLACK
6
CONTINUOUS
10
0.4032189763779527
20
1.4004359448818897
11
0.4032285433070866
21
1.4004455118110235
0
LINE
8
BLACK
6
CONTINUOUS
10
0.4032285433070866
20
1.4004455118110235
11
0.4032321653543307
21
1.4004587007874016
0
LINE
8
BLACK
6
CONTINUOUS
10
0.4032321653543307
20
1.4004587007874016
11
0.4043088582677165
21
1.4015258267716535
0
LINE
8
BLACK
6
CONTINUOUS
10
0.4043088582677165
20
1.4015258267716535
11
0.4053805511811023
21
1.4025975196850393
0
LINE
8
BLACK
6
CONTINUOUS
10
0.4053805511811023
20
1.4025975196850393
11
0.4053937007874016
21
1.4026010236220472
0
LINE
8
BLACK
6
CONTINUOUS
10
0.4053937007874016
20
1.4026010236220472
11
0.4054033464566929
21
1.402610590551181
0
LINE
8
BLACK
6
CONTINUOUS
10
0.4054033464566929
20
1.402610590551181
11
0.4068685039370079
21
1.4029961811023621
0
LINE
8
BLACK
6
CONTINUOUS
10
0.4068685039370079
20
1.4029961811023621
11
0.4083333070866141
21
1.4033887007874015
0
LINE
8
BLACK
6
CONTINUOUS
10
0.4083333070866141
20
1.4033887007874015
11
0.4083463779527559
21
1.4033851574803149
0
LINE
8
BLACK
6
CONTINUOUS
10
0.4083463779527559
20
1.4033851574803149
11
0.4083596062992126
21
1.4033886614173228
0
LINE
8
BLACK
6
CONTINUOUS
10
0.4083596062992126
20
1.4033886614173228
11
0.4098253937007874
21
1.4029888582677166
0
LINE
8
BLACK
6
CONTINUOUS
10
0.4098253937007874
20
1.4029888582677166
11
0.411286062992126
21
1.4025975196850393
0
LINE
8
BLACK
6
CONTINUOUS
10
0.411286062992126
20
1.4025975196850393
11
0.4112956299212598
21
1.4025879133858268
0
LINE
8
BLACK
6
CONTINUOUS
10
0.4112956299212598
20
1.4025879133858268
11
0.4113088188976378
21
1.4025843307086614
0
LINE
8
BLACK
6
CONTINUOUS
10
0.4113088188976378
20
1.4025843307086614
11
0.4123759448818898
21
1.4015075984251968
0
LINE
8
BLACK
6
CONTINUOUS
10
0.4123759448818898
20
1.4015075984251968
11
0.4134476377952756
21
1.4004359448818897
0
LINE
8
BLACK
6
CONTINUOUS
10
0.4134476377952756
20
1.4004359448818897
11
0.4134511417322835
21
1.4004227559055118
0
LINE
8
BLACK
6
CONTINUOUS
10
0.4134511417322835
20
1.4004227559055118
11
0.4134607086614173
21
1.4004131496062993
0
LINE
8
BLACK
6
CONTINUOUS
10
0.4134607086614173
20
1.4004131496062993
11
0.4309992519685039
21
1.3697207086614174
0
LINE
8
BLACK
6
CONTINUOUS
10
0.4309992519685039
20
1.3697207086614174
11
0.4309992519685039
21
1.3974831889763779
0
LINE
8
BLACK
6
CONTINUOUS
10
0.4309992519685039
20
1.3974831889763779
11
0.4317904330708661
21
1.4004359448818897
0
LINE
8
BLACK
6
CONTINUOUS
10
0.4317904330708661
20
1.4004359448818897
11
0.4339520078740157
21
1.4025975196850393
0
LINE
8
BLACK
6
CONTINUOUS
10
0.4339520078740157
20
1.4025975196850393
11
0.4369047637795275
21
1.4033887007874015
0
LINE
8
BLACK
6
CONTINUOUS
10
0.4369047637795275
20
1.4033887007874015
11
0.4398575196850393
21
1.4025975196850393
0
LINE
8
BLACK
6
CONTINUOUS
10
0.7304359448818898
20
1.4251142913385826
11
0.7325975196850394
21
1.422952716535433
0
LINE
8
BLACK
6
CONTINUOUS
10
0.7325975196850394
20
1.422952716535433
11
0.7333887007874016
21
1.4199999606299212
0
LINE
8
BLACK
6
CONTINUOUS
10
0.7333887007874016
20
1.4199999606299212
11
0.7333887007874016
21
1.3914285433070865
0
LINE
8
BLACK
6
CONTINUOUS
10
0.7333887007874016
20
1.3914285433070865
11
0.7325975196850394
21
1.3884757874015747
0
LINE
8
BLACK
6
CONTINUOUS
10
0.7325975196850394
20
1.3884757874015747
11
0.7304359448818898
21
1.3863142125984251
0
LINE
8
BLACK
6
CONTINUOUS
10
0.7304359448818898
20
1.3863142125984251
11
0.727483188976378
21
1.3855230314960629
0
LINE
8
BLACK
6
CONTINUOUS
10
0.727483188976378
20
1.3855230314960629
11
0.7245304330708662
21
1.3863142125984251
0
LINE
8
BLACK
6
CONTINUOUS
10
0.7245304330708662
20
1.3863142125984251
11
0.7223688582677166
21
1.3884757874015747
0
LINE
8
BLACK
6
CONTINUOUS
10
0.7223688582677166
20
1.3884757874015747
11
0.7215776771653544
21
1.3914285433070865
0
LINE
8
BLACK
6
CONTINUOUS
10
0.7215776771653544
20
1.3914285433070865
11
0.7215776771653544
21
1.3998087401574804
0
LINE
8
BLACK
6
CONTINUOUS
10
0.7215776771653544
20
1.3998087401574804
11
0.6774831889763779
21
1.3998087401574804
0
LINE
8
BLACK
6
CONTINUOUS
10
0.6774831889763779
20
1.3998087401574804
11
0.6745304330708661
21
1.4005999212598426
0
LINE
8
BLACK
6
CONTINUOUS
10
0.6745304330708661
20
1.4005999212598426
11
0.6723688582677165
21
1.4027614960629922
0
LINE
8
BLACK
6
CONTINUOUS
10
0.6723688582677165
20
1.4027614960629922
11
0.6715776771653543
21
1.405714251968504
0
LINE
8
BLACK
6
CONTINUOUS
10
0.6715776771653543
20
1.405714251968504
11
0.6723688582677165
21
1.4086670078740158
0
LINE
8
BLACK
6
CONTINUOUS
10
0.6723688582677165
20
1.4086670078740158
11
0.6745304330708661
21
1.4108285826771654
0
LINE
8
BLACK
6
CONTINUOUS
10
0.6745304330708661
20
1.4108285826771654
11
0.6774831889763779
21
1.4116197637795276
0
LINE
8
BLACK
6
CONTINUOUS
10
0.6774831889763779
20
1.4116197637795276
11
0.7215776771653544
21
1.4116197637795276
0
LINE
8
BLACK
6
CONTINUOUS
10
0.7215776771653544
20
1.4116197637795276
11
0.7215776771653544
21
1.4199999606299212
0
LINE
8
BLACK
6
CONTINUOUS
10
0.7215776771653544
20
1.4199999606299212
11
0.7223688582677166
21
1.422952716535433
0
LINE
8
BLACK
6
CONTINUOUS
10
0.7223688582677166
20
1.422952716535433
11
0.7245304330708662
21
1.4251142913385826
0
LINE
8
BLACK
6
CONTINUOUS
10
0.7245304330708662
20
1.4251142913385826
11
0.727483188976378
21
1.4259054724409448
0
LINE
8
BLACK
6
CONTINUOUS
10
0.727483188976378
20
1.4259054724409448
11
0.7304359448818898
21
1.4251142913385826
0
LINE
8
BLACK
6
CONTINUOUS
10
0.6793506692913386
20
1.4684595669291338
11
0.7293506692913385
21
1.4517929133858267
0
LINE
8
BLACK
6
CONTINUOUS
10
0.7293506692913385
20
1.4517929133858267
11
0.7303403543307087
21
1.4511394094488188
0
LINE
8
BLACK
6
CONTINUOUS
10
0.7303403543307087
20
1.4511394094488188
11
0.7314013385826772
21
1.4506089763779528
0
LINE
8
BLACK
6
CONTINUOUS
10
0.7314013385826772
20
1.4506089763779528
11
0.7316003543307087
21
1.4503075196850392
0
LINE
8
BLACK
6
CONTINUOUS
10
0.7316003543307087
20
1.4503075196850392
11
0.7319016929133858
21
1.4501085826771654
0
LINE
8
BLACK
6
CONTINUOUS
10
0.7319016929133858
20
1.4501085826771654
11
0.732431968503937
21
1.4490479133858267
0
LINE
8
BLACK
6
CONTINUOUS
10
0.732431968503937
20
1.4490479133858267
11
0.7330856692913386
21
1.4480579133858267
0
LINE
8
BLACK
6
CONTINUOUS
10
0.7330856692913386
20
1.4480579133858267
11
0.7331072834645669
21
1.4476972834645669
0
LINE
8
BLACK
6
CONTINUOUS
10
0.7331072834645669
20
1.4476972834645669
11
0.7332687795275591
21
1.44737437007874
0
LINE
8
BLACK
6
CONTINUOUS
10
0.7332687795275591
20
1.44737437007874
11
0.7331977165354331
21
1.4461907480314959
0
LINE
8
BLACK
6
CONTINUOUS
10
0.7331977165354331
20
1.4461907480314959
11
0.7332688188976377
21
1.445006496062992
0
LINE
8
BLACK
6
CONTINUOUS
10
0.7332688188976377
20
1.445006496062992
11
0.7331072440944881
21
1.4446833464566928
0
LINE
8
BLACK
6
CONTINUOUS
10
0.7331072440944881
20
1.4446833464566928
11
0.7330856299212598
21
1.4443229527559054
0
LINE
8
BLACK
6
CONTINUOUS
10
0.7330856299212598
20
1.4443229527559054
11
0.7324322834645669
21
1.4433334645669291
0
LINE
8
BLACK
6
CONTINUOUS
10
0.7324322834645669
20
1.4433334645669291
11
0.7319017322834646
21
1.4422722834645669
0
LINE
8
BLACK
6
CONTINUOUS
10
0.7319017322834646
20
1.4422722834645669
11
0.7316001968503937
21
1.4420731889763778
0
LINE
8
BLACK
6
CONTINUOUS
10
0.7316001968503937
20
1.4420731889763778
11
0.7314012992125984
21
1.4417719291338582
0
LINE
8
BLACK
6
CONTINUOUS
10
0.7314012992125984
20
1.4417719291338582
11
0.7303405118110236
21
1.441241496062992
0
LINE
8
BLACK
6
CONTINUOUS
10
0.7303405118110236
20
1.441241496062992
11
0.7293506692913385
21
1.4405879921259843
0
LINE
8
BLACK
6
CONTINUOUS
10
0.7293506692913385
20
1.4405879921259843
11
0.6793506692913386
21
1.4239212992125985
0
LINE
8
BLACK
6
CONTINUOUS
10
0.6793506692913386
20
1.4239212992125985
11
0.6762992519685039
21
1.4237381102362205
0
LINE
8
BLACK
6
CONTINUOUS
10
0.6762992519685039
20
1.4237381102362205
11
0.6735650393700787
21
1.4251051968503936
0
LINE
8
BLACK
6
CONTINUOUS
10
0.6735650393700787
20
1.4251051968503936
11
0.671880748031496
21
1.4276562598425198
0
LINE
8
BLACK
6
CONTINUOUS
10
0.671880748031496
20
1.4276562598425198
11
0.6716975590551181
21
1.4307076771653544
0
LINE
8
BLACK
6
CONTINUOUS
10
0.6716975590551181
20
1.4307076771653544
11
0.6730646456692914
21
1.4334418897637795
0
LINE
8
BLACK
6
CONTINUOUS
10
0.6730646456692914
20
1.4334418897637795
11
0.6756157086614173
21
1.4351261811023621
0
LINE
8
BLACK
6
CONTINUOUS
10
0.6756157086614173
20
1.4351261811023621
11
0.6858633858267716
21
1.4385420866141732
0
LINE
8
BLACK
6
CONTINUOUS
10
0.6858633858267716
20
1.4385420866141732
11
0.6858633858267716
21
1.4538387007874016
0
LINE
8
BLACK
6
CONTINUOUS
10
0.6858633858267716
20
1.4538387007874016
11
0.6756157086614173
21
1.4572546062992127
0
LINE
8
BLACK
6
CONTINUOUS
10
0.6756157086614173
20
1.4572546062992127
11
0.6730646850393701
21
1.458938937007874
0
LINE
8
BLACK
6
CONTINUOUS
10
0.6730646850393701
20
1.458938937007874
11
0.6716975590551181
21
1.4616731496062991
0
LINE
8
BLACK
6
CONTINUOUS
10
0.6716975590551181
20
1.4616731496062991
11
0.6718807086614174
21
1.4647245669291338
0
LINE
8
BLACK
6
CONTINUOUS
10
0.6718807086614174
20
1.4647245669291338
11
0.6735650393700787
21
1.4672755905511812
0
LINE
8
BLACK
6
CONTINUOUS
10
0.6735650393700787
20
1.4672755905511812
11
0.6762992519685039
21
1.468642716535433
0
LINE
8
BLACK
6
CONTINUOUS
10
0.6762992519685039
20
1.468642716535433
11
0.6793506692913386
21
1.4684595669291338
0
LINE
8
BLACK
6
CONTINUOUS
10
0.6976744094488189
20
1.4424790944881889
11
0.7088083070866141
21
1.4461903937007874
0
LINE
8
BLACK
6
CONTINUOUS
10
0.7088083070866141
20
1.4461903937007874
11
0.6976744094488189
21
1.4499016929133859
0
LINE
8
BLACK
6
CONTINUOUS
10
0.6976744094488189
20
1.4499016929133859
11
0.6976744094488189
21
1.4424790944881889
0
LINE
8
BLACK
6
CONTINUOUS
10
0.4185058267716535
20
1.4799899999999999
11
0.4192832677165354
21
1.4799899999999999
0
LINE
8
BLACK
6
CONTINUOUS
10
0.4192832677165354
20
1.4799899999999999
11
0.4199565354330709
21
1.4796012598425197
0
LINE
8
BLACK
6
CONTINUOUS
10
0.4199565354330709
20
1.4796012598425197
11
0.4207075984251968
21
1.4794000393700788
0
LINE
8
BLACK
6
CONTINUOUS
10
0.4207075984251968
20
1.4794000393700788
11
0.4212573228346457
21
1.478850275590551
0
LINE
8
BLACK
6
CONTINUOUS
10
0.4212573228346457
20
1.478850275590551
11
0.4219306299212598
21
1.4784615748031495
0
LINE
8
BLACK
6
CONTINUOUS
10
0.4219306299212598
20
1.4784615748031495
11
0.4243116141732283
21
1.4760806299212599
0
LINE
8
BLACK
6
CONTINUOUS
10
0.4243116141732283
20
1.4760806299212599
11
0.4249902755905512
21
1.4749051181102362
0
LINE
8
BLACK
6
CONTINUOUS
10
0.4249902755905512
20
1.4749051181102362
11
0.4257383070866141
21
1.4737722440944883
0
LINE
8
BLACK
6
CONTINUOUS
10
0.4257383070866141
20
1.4737722440944883
11
0.4281192519685039
21
1.4666293700787401
0
LINE
8
BLACK
6
CONTINUOUS
10
0.4281192519685039
20
1.4666293700787401
11
0.4281762204724409
21
1.4656801968503936
0
LINE
8
BLACK
6
CONTINUOUS
10
0.4281762204724409
20
1.4656801968503936
11
0.4284222834645669
21
1.4647618897637795
0
LINE
8
BLACK
6
CONTINUOUS
10
0.4284222834645669
20
1.4647618897637795
11
0.4284222834645669
21
1.46
0
LINE
8
BLACK
6
CONTINUOUS
10
0.4284222834645669
20
1.46
11
0.4281762204724409
21
1.4590816535433071
0
LINE
8
BLACK
6
CONTINUOUS
10
0.4281762204724409
20
1.4590816535433071
11
0.4281192519685039
21
1.4581325196850394
0
LINE
8
BLACK
6
CONTINUOUS
10
0.4281192519685039
20
1.4581325196850394
11
0.4257383070866141
21
1.4509896456692912
0
LINE
8
BLACK
6
CONTINUOUS
10
0.4257383070866141
20
1.4509896456692912
11
0.4249902755905512
21
1.4498567322834646
0
LINE
8
BLACK
6
CONTINUOUS
10
0.4249902755905512
20
1.4498567322834646
11
0.4243116535433071
21
1.4486812992125984
0
LINE
8
BLACK
6
CONTINUOUS
10
0.4243116535433071
20
1.4486812992125984
11
0.4195497244094488
21
1.4439194094488188
0
LINE
8
BLACK
6
CONTINUOUS
10
0.4195497244094488
20
1.4439194094488188
11
0.4187264173228346
21
1.4434440551181102
0
LINE
8
BLACK
6
CONTINUOUS
10
0.4187264173228346
20
1.4434440551181102
11
0.4180149606299213
21
1.442813188976378
0
LINE
8
BLACK
6
CONTINUOUS
10
0.4180149606299213
20
1.442813188976378
11
0.4132530708661417
21
1.4404322047244094
0
LINE
8
BLACK
6
CONTINUOUS
10
0.4132530708661417
20
1.4404322047244094
11
0.4126142125984252
21
1.4403014566929133
0
LINE
8
BLACK
6
CONTINUOUS
10
0.4126142125984252
20
1.4403014566929133
11
0.4120442913385827
21
1.4399850787401574
0
LINE
8
BLACK
6
CONTINUOUS
10
0.4120442913385827
20
1.4399850787401574
11
0.4025204724409449
21
1.4376041338582677
0
LINE
8
BLACK
6
CONTINUOUS
10
0.4025204724409449
20
1.4376041338582677
11
0.401791968503937
21
1.4376163779527558
0
LINE
8
BLACK
6
CONTINUOUS
10
0.401791968503937
20
1.4376163779527558
11
0.4010881889763779
21
1.4374277952755905
0
LINE
8
BLACK
6
CONTINUOUS
10
0.4010881889763779
20
1.4374277952755905
11
0.3939453149606299
21
1.4374277952755905
0
LINE
8
BLACK
6
CONTINUOUS
10
0.3939453149606299
20
1.4374277952755905
11
0.3932414960629921
21
1.4376163779527558
0
LINE
8
BLACK
6
CONTINUOUS
10
0.3932414960629921
20
1.4376163779527558
11
0.392513031496063
21
1.4376041338582677
0
LINE
8
BLACK
6
CONTINUOUS
10
0.392513031496063
20
1.4376041338582677
11
0.3829892519685039
21
1.4399850787401574
0
LINE
8
BLACK
6
CONTINUOUS
10
0.3829892519685039
20
1.4399850787401574
11
0.3824192519685039
21
1.4403014566929133
0
LINE
8
BLACK
6
CONTINUOUS
10
0.3824192519685039
20
1.4403014566929133
11
0.3817805118110236
21
1.4404322047244094
0
LINE
8
BLACK
6
CONTINUOUS
10
0.3817805118110236
20
1.4404322047244094
11
0.3770185826771654
21
1.442813188976378
0
LINE
8
BLACK
6
CONTINUOUS
10
0.3770185826771654
20
1.442813188976378
11
0.3763072047244094
21
1.4434439763779527
0
LINE
8
BLACK
6
CONTINUOUS
10
0.3763072047244094
20
1.4434439763779527
11
0.3754837795275591
21
1.4439194094488188
0
LINE
8
BLACK
6
CONTINUOUS
10
0.3754837795275591
20
1.4439194094488188
11
0.3707218897637795
21
1.4486812992125984
0
LINE
8
BLACK
6
CONTINUOUS
10
0.3707218897637795
20
1.4486812992125984
11
0.3700432283464567
21
1.4498567322834646
0
LINE
8
BLACK
6
CONTINUOUS
10
0.3700432283464567
20
1.4498567322834646
11
0.3692952362204724
21
1.4509896456692912
0
LINE
8
BLACK
6
CONTINUOUS
10
0.3692952362204724
20
1.4509896456692912
11
0.3669142913385827
21
1.4581325196850394
0
LINE
8
BLACK
6
CONTINUOUS
10
0.3669142913385827
20
1.4581325196850394
11
0.3668572834645669
21
1.4590816535433071
0
LINE
8
BLACK
6
CONTINUOUS
10
0.3668572834645669
20
1.4590816535433071
11
0.3666112598425197
21
1.46
0
LINE
8
BLACK
6
CONTINUOUS
10
0.3666112598425197
20
1.46
11
0.3666112598425197
21
1.4671428346456692
0
LINE
8
BLACK
6
CONTINUOUS
10
0.3666112598425197
20
1.4671428346456692
11
0.3669625590551181
21
1.4684539763779527
0
LINE
8
BLACK
6
CONTINUOUS
10
0.3669625590551181
20
1.4684539763779527
11
0.3672347244094488
21
1.4697838582677165
0
LINE
8
BLACK
6
CONTINUOUS
10
0.3672347244094488
20
1.4697838582677165
11
0.3696156692913386
21
1.4745457480314961
0
LINE
8
BLACK
6
CONTINUOUS
10
0.3696156692913386
20
1.4745457480314961
11
0.3716438188976378
21
1.4768329527559054
0
LINE
8
BLACK
6
CONTINUOUS
10
0.3716438188976378
20
1.4768329527559054
11
0.3745438582677165
21
1.4777996456692912
0
LINE
8
BLACK
6
CONTINUOUS
10
0.3745438582677165
20
1.4777996456692912
11
0.3775387007874016
21
1.4771868110236219
0
LINE
8
BLACK
6
CONTINUOUS
10
0.3775387007874016
20
1.4771868110236219
11
0.379825905511811
21
1.4751586614173229
0
LINE
8
BLACK
6
CONTINUOUS
10
0.379825905511811
20
1.4751586614173229
11
0.3807926377952756
21
1.4722585826771653
0
LINE
8
BLACK
6
CONTINUOUS
10
0.3807926377952756
20
1.4722585826771653
11
0.3801797637795276
21
1.4692637401574802
0
LINE
8
BLACK
6
CONTINUOUS
10
0.3801797637795276
20
1.4692637401574802
11
0.3784222834645669
21
1.4657487401574802
0
LINE
8
BLACK
6
CONTINUOUS
10
0.3784222834645669
20
1.4657487401574802
11
0.3784222834645669
21
1.4609583464566929
0
LINE
8
BLACK
6
CONTINUOUS
10
0.3784222834645669
20
1.4609583464566929
11
0.3800593307086614
21
1.456047125984252
0
LINE
8
BLACK
6
CONTINUOUS
10
0.3800593307086614
20
1.456047125984252
11
0.3831577952755905
21
1.4529487007874016
0
LINE
8
BLACK
6
CONTINUOUS
10
0.3831577952755905
20
1.4529487007874016
11
0.386482874015748
21
1.4512861417322835
0
LINE
8
BLACK
6
CONTINUOUS
10
0.386482874015748
20
1.4512861417322835
11
0.3946722440944882
21
1.4492388188976377
0
LINE
8
BLACK
6
CONTINUOUS
10
0.3946722440944882
20
1.4492388188976377
11
0.4003612598425197
21
1.4492388188976377
0
LINE
8
BLACK
6
CONTINUOUS
10
0.4003612598425197
20
1.4492388188976377
11
0.4085506299212598
21
1.4512861417322835
0
LINE
8
BLACK
6
CONTINUOUS
10
0.4085506299212598
20
1.4512861417322835
11
0.4118757086614173
21
1.4529487007874016
0
LINE
8
BLACK
6
CONTINUOUS
10
0.4118757086614173
20
1.4529487007874016
11
0.4149741732283465
21
1.456047125984252
0
LINE
8
BLACK
6
CONTINUOUS
10
0.4149741732283465
20
1.456047125984252
11
0.4166112598425197
21
1.4609583464566929
0
LINE
8
BLACK
6
CONTINUOUS
10
0.4166112598425197
20
1.4609583464566929
11
0.4166112598425197
21
1.4638035039370079
0
LINE
8
BLACK
6
CONTINUOUS
10
0.4166112598425197
20
1.4638035039370079
11
0.4150857086614173
21
1.4683801968503936
0
LINE
8
BLACK
6
CONTINUOUS
10
0.4150857086614173
20
1.4683801968503936
11
0.4069937007874015
21
1.4683801968503936
0
LINE
8
BLACK
6
CONTINUOUS
10
0.4069937007874015
20
1.4683801968503936
11
0.4069937007874015
21
1.4647618897637795
0
LINE
8
BLACK
6
CONTINUOUS
10
0.4069937007874015
20
1.4647618897637795
11
0.4062025196850393
21
1.4618091338582677
0
LINE
8
BLACK
6
CONTINUOUS
10
0.4062025196850393
20
1.4618091338582677
11
0.4040409448818897
21
1.4596475590551181
0
LINE
8
BLACK
6
CONTINUOUS
10
0.4040409448818897
20
1.4596475590551181
11
0.4010881889763779
21
1.4588563779527559
0
LINE
8
BLACK
6
CONTINUOUS
10
0.4010881889763779
20
1.4588563779527559
11
0.3981354330708661
21
1.4596475590551181
0
LINE
8
BLACK
6
CONTINUOUS
10
0.3981354330708661
20
1.4596475590551181
11
0.3959738582677165
21
1.4618091338582677
0
LINE
8
BLACK
6
CONTINUOUS
10
0.3959738582677165
20
1.4618091338582677
11
0.3951826771653543
21
1.4647618897637795
0
LINE
8
BLACK
6
CONTINUOUS
10
0.3951826771653543
20
1.4647618897637795
11
0.3951826771653543
21
1.4742857086614174
0
LINE
8
BLACK
6
CONTINUOUS
10
0.3951826771653543
20
1.4742857086614174
11
0.3959738582677165
21
1.4772384645669292
0
LINE
8
BLACK
6
CONTINUOUS
10
0.3959738582677165
20
1.4772384645669292
11
0.3981354330708661
21
1.4794000393700788
0
LINE
8
BLACK
6
CONTINUOUS
10
0.3981354330708661
20
1.4794000393700788
11
0.4010881889763779
21
1.480191220472441
0
LINE
8
BLACK
6
CONTINUOUS
10
0.4010881889763779
20
1.480191220472441
11
0.417754842519685
21
1.480191220472441
0
LINE
8
BLACK
6
CONTINUOUS
10
0.417754842519685
20
1.480191220472441
11
0.4185058267716535
21
1.4799899999999999
0
LINE
8
BLACK
6
CONTINUOUS
10
0.7304359448818898
20
1.5060666535433072
11
0.7325975196850394
21
1.5039050787401576
0
LINE
8
BLACK
6
CONTINUOUS
10
0.7325975196850394
20
1.5039050787401576
11
0.7333887007874016
21
1.5009523228346455
0
LINE
8
BLACK
6
CONTINUOUS
10
0.7333887007874016
20
1.5009523228346455
11
0.7333887007874016
21
1.4723809055118109
0
LINE
8
BLACK
6
CONTINUOUS
10
0.7333887007874016
20
1.4723809055118109
11
0.7325975196850394
21
1.4694281496062991
0
LINE
8
BLACK
6
CONTINUOUS
10
0.7325975196850394
20
1.4694281496062991
11
0.7304359448818898
21
1.4672665748031495
0
LINE
8
BLACK
6
CONTINUOUS
10
0.7304359448818898
20
1.4672665748031495
11
0.727483188976378
21
1.4664753937007873
0
LINE
8
BLACK
6
CONTINUOUS
10
0.727483188976378
20
1.4664753937007873
11
0.7245304330708662
21
1.4672665748031495
0
LINE
8
BLACK
6
CONTINUOUS
10
0.7245304330708662
20
1.4672665748031495
11
0.7223688582677166
21
1.4694281496062991
0
LINE
8
BLACK
6
CONTINUOUS
10
0.7223688582677166
20
1.4694281496062991
11
0.7215776771653544
21
1.4723809055118109
0
LINE
8
BLACK
6
CONTINUOUS
10
0.7215776771653544
20
1.4723809055118109
11
0.7215776771653544
21
1.4807611023622047
0
LINE
8
BLACK
6
CONTINUOUS
10
0.7215776771653544
20
1.4807611023622047
11
0.6774831889763779
21
1.4807611023622047
0
LINE
8
BLACK
6
CONTINUOUS
10
0.6774831889763779
20
1.4807611023622047
11
0.6745304330708661
21
1.4815522834645669
0
LINE
8
BLACK
6
CONTINUOUS
10
0.6745304330708661
20
1.4815522834645669
11
0.6723688582677165
21
1.4837138582677165
0
LINE
8
BLACK
6
CONTINUOUS
10
0.6723688582677165
20
1.4837138582677165
11
0.6715776771653543
21
1.4866666141732283
0
LINE
8
BLACK
6
CONTINUOUS
10
0.6715776771653543
20
1.4866666141732283
11
0.6723688582677165
21
1.4896193700787401
0
LINE
8
BLACK
6
CONTINUOUS
10
0.6723688582677165
20
1.4896193700787401
11
0.6745304330708661
21
1.4917809448818897
0
LINE
8
BLACK
6
CONTINUOUS
10
0.6745304330708661
20
1.4917809448818897
11
0.6774831889763779
21
1.4925721259842519
0
LINE
8
BLACK
6
CONTINUOUS
10
0.6774831889763779
20
1.4925721259842519
11
0.7215776771653544
21
1.4925721259842519
0
LINE
8
BLACK
6
CONTINUOUS
10
0.7215776771653544
20
1.4925721259842519
11
0.7215776771653544
21
1.5009523228346455
0
LINE
8
BLACK
6
CONTINUOUS
10
0.7215776771653544
20
1.5009523228346455
11
0.7223688582677166
21
1.5039050787401576
0
LINE
8
BLACK
6
CONTINUOUS
10
0.7223688582677166
20
1.5039050787401576
11
0.7245304330708662
21
1.5060666535433072
0
LINE
8
BLACK
6
CONTINUOUS
10
0.7245304330708662
20
1.5060666535433072
11
0.727483188976378
21
1.5068578346456694
0
LINE
8
BLACK
6
CONTINUOUS
10
0.727483188976378
20
1.5068578346456694
11
0.7304359448818898
21
1.5060666535433072
0
LINE
8
BLACK
6
CONTINUOUS
10
0.422529842519685
20
1.5301876771653542
11
0.4225430708661417
21
1.5301911811023621
0
LINE
8
BLACK
6
CONTINUOUS
10
0.4225430708661417
20
1.5301911811023621
11
0.4240088582677165
21
1.5297913779527559
0
LINE
8
BLACK
6
CONTINUOUS
10
0.4240088582677165
20
1.5297913779527559
11
0.4254695275590551
21
1.5294000393700786
0
LINE
8
BLACK
6
CONTINUOUS
10
0.4254695275590551
20
1.5294000393700786
11
0.425479094488189
21
1.5293904330708661
0
LINE
8
BLACK
6
CONTINUOUS
10
0.425479094488189
20
1.5293904330708661
11
0.4254922834645669
21
1.5293868503937007
0
LINE
8
BLACK
6
CONTINUOUS
10
0.4254922834645669
20
1.5293868503937007
11
0.4265594094488189
21
1.5283101181102361
0
LINE
8
BLACK
6
CONTINUOUS
10
0.4265594094488189
20
1.5283101181102361
11
0.4276311023622047
21
1.527238464566929
0
LINE
8
BLACK
6
CONTINUOUS
10
0.4276311023622047
20
1.527238464566929
11
0.4276346062992126
21
1.5272252755905511
0
LINE
8
BLACK
6
CONTINUOUS
10
0.4276346062992126
20
1.5272252755905511
11
0.4276441732283465
21
1.5272156692913386
0
LINE
8
BLACK
6
CONTINUOUS
10
0.4276441732283465
20
1.5272156692913386
11
0.4280286614173228
21
1.5257545669291339
0
LINE
8
BLACK
6
CONTINUOUS
10
0.4280286614173228
20
1.5257545669291339
11
0.4284222834645669
21
1.5242857086614172
0
LINE
8
BLACK
6
CONTINUOUS
10
0.4284222834645669
20
1.5242857086614172
11
0.4284187401574803
21
1.5242725196850393
0
LINE
8
BLACK
6
CONTINUOUS
10
0.4284187401574803
20
1.5242725196850393
11
0.4284222047244095
21
1.5242594094488189
0
LINE
8
BLACK
6
CONTINUOUS
10
0.4284222047244095
20
1.5242594094488189
11
0.4280246850393701
21
1.5228018110236221
0
LINE
8
BLACK
6
CONTINUOUS
10
0.4280246850393701
20
1.5228018110236221
11
0.4276311023622047
21
1.5213329527559054
0
LINE
8
BLACK
6
CONTINUOUS
10
0.4276311023622047
20
1.5213329527559054
11
0.4276214173228347
21
1.5213232677165354
0
LINE
8
BLACK
6
CONTINUOUS
10
0.4276214173228347
20
1.5213232677165354
11
0.427617874015748
21
1.5213101968503937
0
LINE
8
BLACK
6
CONTINUOUS
10
0.427617874015748
20
1.5213101968503937
11
0.4265411811023622
21
1.5202430314960629
0
LINE
8
BLACK
6
CONTINUOUS
10
0.4265411811023622
20
1.5202430314960629
11
0.4254695275590551
21
1.5191713779527558
0
LINE
8
BLACK
6
CONTINUOUS
10
0.4254695275590551
20
1.5191713779527558
11
0.4254563779527559
21
1.5191678346456692
0
LINE
8
BLACK
6
CONTINUOUS
10
0.4254563779527559
20
1.5191678346456692
11
0.4254467322834646
21
1.5191582677165354
0
LINE
8
BLACK
6
CONTINUOUS
10
0.4254467322834646
20
1.5191582677165354
11
0.3947543307086614
21
1.5016197637795274
0
LINE
8
BLACK
6
CONTINUOUS
10
0.3947543307086614
20
1.5016197637795274
11
0.4225167716535433
21
1.5016197637795274
0
LINE
8
BLACK
6
CONTINUOUS
10
0.4225167716535433
20
1.5016197637795274
11
0.4254695275590551
21
1.5008285826771652
0
LINE
8
BLACK
6
CONTINUOUS
10
0.4254695275590551
20
1.5008285826771652
11
0.4276311023622047
21
1.4986670078740156
0
LINE
8
BLACK
6
CONTINUOUS
10
0.4276311023622047
20
1.4986670078740156
11
0.4284222834645669
21
1.4957142519685038
0
LINE
8
BLACK
6
CONTINUOUS
10
0.4284222834645669
20
1.4957142519685038
11
0.4276311023622047
21
1.492761496062992
0
LINE
8
BLACK
6
CONTINUOUS
10
0.4276311023622047
20
1.492761496062992
11
0.4254695275590551
21
1.4905999212598424
0
LINE
8
BLACK
6
CONTINUOUS
10
0.4254695275590551
20
1.4905999212598424
11
0.4225167716535433
21
1.4898087401574802
0
LINE
8
BLACK
6
CONTINUOUS
10
0.4225167716535433
20
1.4898087401574802
11
0.3725167716535433
21
1.4898087401574802
0
LINE
8
BLACK
6
CONTINUOUS
10
0.3725167716535433
20
1.4898087401574802
11
0.3725036614173228
21
1.4898122440944881
0
LINE
8
BLACK
6
CONTINUOUS
10
0.3725036614173228
20
1.4898122440944881
11
0.3724904724409449
21
1.489808779527559
0
LINE
8
BLACK
6
CONTINUOUS
10
0.3724904724409449
20
1.489808779527559
11
0.3710246456692913
21
1.4902085433070866
0
LINE
8
BLACK
6
CONTINUOUS
10
0.3710246456692913
20
1.4902085433070866
11
0.3695640157480315
21
1.4905999212598424
0
LINE
8
BLACK
6
CONTINUOUS
10
0.3695640157480315
20
1.4905999212598424
11
0.3695544094488189
21
1.4906094881889764
0
LINE
8
BLACK
6
CONTINUOUS
10
0.3695544094488189
20
1.4906094881889764
11
0.3695412598425197
21
1.4906131102362203
0
LINE
8
BLACK
6
CONTINUOUS
10
0.3695412598425197
20
1.4906131102362203
11
0.368474094488189
21
1.4916898031496062
0
LINE
8
BLACK
6
CONTINUOUS
10
0.368474094488189
20
1.4916898031496062
11
0.3674024409448819
21
1.492761496062992
0
LINE
8
BLACK
6
CONTINUOUS
10
0.3674024409448819
20
1.492761496062992
11
0.3673988976377953
21
1.4927746456692914
0
LINE
8
BLACK
6
CONTINUOUS
10
0.3673988976377953
20
1.4927746456692914
11
0.3673893700787402
21
1.4927842913385827
0
LINE
8
BLACK
6
CONTINUOUS
10
0.3673893700787402
20
1.4927842913385827
11
0.3670037401574803
21
1.4942494488188975
0
LINE
8
BLACK
6
CONTINUOUS
10
0.3670037401574803
20
1.4942494488188975
11
0.3666112598425197
21
1.4957142519685038
0
LINE
8
BLACK
6
CONTINUOUS
10
0.3666112598425197
20
1.4957142519685038
11
0.3666147637795276
21
1.4957273228346457
0
LINE
8
BLACK
6
CONTINUOUS
10
0.3666147637795276
20
1.4957273228346457
11
0.3666112992125984
21
1.4957405511811024
0
LINE
8
BLACK
6
CONTINUOUS
10
0.3666112992125984
20
1.4957405511811024
11
0.367011062992126
21
1.497206338582677
0
LINE
8
BLACK
6
CONTINUOUS
10
0.367011062992126
20
1.497206338582677
11
0.3674024409448819
21
1.4986670078740156
0
LINE
8
BLACK
6
CONTINUOUS
10
0.3674024409448819
20
1.4986670078740156
11
0.3674120078740157
21
1.4986765748031496
0
LINE
8
BLACK
6
CONTINUOUS
10
0.3674120078740157
20
1.4986765748031496
11
0.3674156299212598
21
1.4986897637795276
0
LINE
8
BLACK
6
CONTINUOUS
10
0.3674156299212598
20
1.4986897637795276
11
0.3684923228346457
21
1.4997568897637794
0
LINE
8
BLACK
6
CONTINUOUS
10
0.3684923228346457
20
1.4997568897637794
11
0.3695640157480315
21
1.5008285826771652
0
LINE
8
BLACK
6
CONTINUOUS
10
0.3695640157480315
20
1.5008285826771652
11
0.3695771653543307
21
1.5008320866141731
0
LINE
8
BLACK
6
CONTINUOUS
10
0.3695771653543307
20
1.5008320866141731
11
0.3695868110236221
21
1.5008416535433071
0
LINE
8
BLACK
6
CONTINUOUS
10
0.3695868110236221
20
1.5008416535433071
11
0.4002792125984252
21
1.5183801968503936
0
LINE
8
BLACK
6
CONTINUOUS
10
0.4002792125984252
20
1.5183801968503936
11
0.3725167716535433
21
1.5183801968503936
0
LINE
8
BLACK
6
CONTINUOUS
10
0.3725167716535433
20
1.5183801968503936
11
0.3695640157480315
21
1.5191713779527558
0
LINE
8
BLACK
6
CONTINUOUS
10
0.3695640157480315
20
1.5191713779527558
11
0.3674024409448819
21
1.5213329527559054
0
LINE
8
BLACK
6
CONTINUOUS
10
0.3674024409448819
20
1.5213329527559054
11
0.3666112598425197
21
1.5242857086614172
0
LINE
8
BLACK
6
CONTINUOUS
10
0.3666112598425197
20
1.5242857086614172
11
0.3674024409448819
21
1.527238464566929
0
LINE
8
BLACK
6
CONTINUOUS
10
0.3674024409448819
20
1.527238464566929
11
0.3695640157480315
21
1.5294000393700786
0
LINE
8
BLACK
6
CONTINUOUS
10
0.3695640157480315
20
1.5294000393700786
11
0.3725167716535433
21
1.5301912204724408
0
LINE
8
BLACK
6
CONTINUOUS
10
0.3725167716535433
20
1.5301912204724408
11
0.4225167716535433
21
1.5301912204724408
0
LINE
8
BLACK
6
CONTINUOUS
10
0.4225167716535433
20
1.5301912204724408
11
0.422529842519685
21
1.5301876771653542
0
LINE
8
BLACK
6
CONTINUOUS
10
0.7192704724409449
20
1.5493636614173227
11
0.7206004330708661
21
1.5490915354330708
0
LINE
8
BLACK
6
CONTINUOUS
10
0.7206004330708661
20
1.5490915354330708
11
0.7253623228346456
21
1.5467105905511811
0
LINE
8
BLACK
6
CONTINUOUS
10
0.7253623228346456
20
1.5467105905511811
11
0.7260737007874015
21
1.5460797637795276
0
LINE
8
BLACK
6
CONTINUOUS
10
0.7260737007874015
20
1.5460797637795276
11
0.7268971653543307
21
1.5456043307086613
0
LINE
8
BLACK
6
CONTINUOUS
10
0.7268971653543307
20
1.5456043307086613
11
0.7292781102362205
21
1.5432233464566929
0
LINE
8
BLACK
6
CONTINUOUS
10
0.7292781102362205
20
1.5432233464566929
11
0.7297535039370079
21
1.5423999212598425
0
LINE
8
BLACK
6
CONTINUOUS
10
0.7297535039370079
20
1.5423999212598425
11
0.7303842913385826
21
1.5416885826771654
0
LINE
8
BLACK
6
CONTINUOUS
10
0.7303842913385826
20
1.5416885826771654
11
0.7327652362204724
21
1.5369266929133858
0
LINE
8
BLACK
6
CONTINUOUS
10
0.7327652362204724
20
1.5369266929133858
11
0.7330372834645669
21
1.5355970078740158
0
LINE
8
BLACK
6
CONTINUOUS
10
0.7330372834645669
20
1.5355970078740158
11
0.7333887007874016
21
1.5342856692913385
0
LINE
8
BLACK
6
CONTINUOUS
10
0.7333887007874016
20
1.5342856692913385
11
0.7333887007874016
21
1.5223809055118109
0
LINE
8
BLACK
6
CONTINUOUS
10
0.7333887007874016
20
1.5223809055118109
11
0.7331426377952756
21
1.5214625590551181
0
LINE
8
BLACK
6
CONTINUOUS
10
0.7331426377952756
20
1.5214625590551181
11
0.7330856692913386
21
1.5205134251968504
0
LINE
8
BLACK
6
CONTINUOUS
10
0.7330856692913386
20
1.5205134251968504
11
0.7307047244094488
21
1.5133705511811024
0
LINE
8
BLACK
6
CONTINUOUS
10
0.7307047244094488
20
1.5133705511811024
11
0.7290203937007874
21
1.510819527559055
0
LINE
8
BLACK
6
CONTINUOUS
10
0.7290203937007874
20
1.510819527559055
11
0.7262861811023622
21
1.5094524015748032
0
LINE
8
BLACK
6
CONTINUOUS
10
0.7262861811023622
20
1.5094524015748032
11
0.7232347637795276
21
1.5096355511811024
0
LINE
8
BLACK
6
CONTINUOUS
10
0.7232347637795276
20
1.5096355511811024
11
0.7206837401574803
21
1.5113198818897637
0
LINE
8
BLACK
6
CONTINUOUS
10
0.7206837401574803
20
1.5113198818897637
11
0.7193166141732283
21
1.5140540944881888
0
LINE
8
BLACK
6
CONTINUOUS
10
0.7193166141732283
20
1.5140540944881888
11
0.7194997637795275
21
1.5171055118110235
0
LINE
8
BLACK
6
CONTINUOUS
10
0.7194997637795275
20
1.5171055118110235
11
0.7215776771653544
21
1.5233392519685038
0
LINE
8
BLACK
6
CONTINUOUS
10
0.7215776771653544
20
1.5233392519685038
11
0.7215776771653544
21
1.5328915748031495
0
LINE
8
BLACK
6
CONTINUOUS
10
0.7215776771653544
20
1.5328915748031495
11
0.7202487401574803
21
1.5355493700787402
0
LINE
8
BLACK
6
CONTINUOUS
10
0.7202487401574803
20
1.5355493700787402
11
0.7192230708661417
21
1.5365750787401575
0
LINE
8
BLACK
6
CONTINUOUS
10
0.7192230708661417
20
1.5365750787401575
11
0.7165653149606299
21
1.5379039763779527
0
LINE
8
BLACK
6
CONTINUOUS
10
0.7165653149606299
20
1.5379039763779527
11
0.7145915748031496
21
1.5379039763779527
0
LINE
8
BLACK
6
CONTINUOUS
10
0.7145915748031496
20
1.5379039763779527
11
0.711933779527559
21
1.5365750787401575
0
LINE
8
BLACK
6
CONTINUOUS
10
0.711933779527559
20
1.5365750787401575
11
0.7109081102362205
21
1.5355494094488189
0
LINE
8
BLACK
6
CONTINUOUS
10
0.7109081102362205
20
1.5355494094488189
11
0.7092455511811023
21
1.5322242913385826
0
LINE
8
BLACK
6
CONTINUOUS
10
0.7092455511811023
20
1.5322242913385826
11
0.7070218897637796
21
1.5233295669291338
0
LINE
8
BLACK
6
CONTINUOUS
10
0.7070218897637796
20
1.5233295669291338
11
0.7067054330708661
21
1.5227595669291338
0
LINE
8
BLACK
6
CONTINUOUS
10
0.7067054330708661
20
1.5227595669291338
11
0.7065747637795275
21
1.5221208267716535
0
LINE
8
BLACK
6
CONTINUOUS
10
0.7065747637795275
20
1.5221208267716535
11
0.7041938188976378
21
1.5173589370078739
0
LINE
8
BLACK
6
CONTINUOUS
10
0.7041938188976378
20
1.5173589370078739
11
0.7035629527559055
21
1.5166475196850393
0
LINE
8
BLACK
6
CONTINUOUS
10
0.7035629527559055
20
1.5166475196850393
11
0.7030875984251969
21
1.5158241338582676
0
LINE
8
BLACK
6
CONTINUOUS
10
0.7030875984251969
20
1.5158241338582676
11
0.7007066535433071
21
1.513443188976378
0
LINE
8
BLACK
6
CONTINUOUS
10
0.7007066535433071
20
1.513443188976378
11
0.6998832677165354
21
1.5129677952755904
0
LINE
8
BLACK
6
CONTINUOUS
10
0.6998832677165354
20
1.5129677952755904
11
0.6991718897637795
21
1.512336968503937
0
LINE
8
BLACK
6
CONTINUOUS
10
0.6991718897637795
20
1.512336968503937
11
0.6944099212598425
21
1.5099559842519685
0
LINE
8
BLACK
6
CONTINUOUS
10
0.6944099212598425
20
1.5099559842519685
11
0.6930799606299213
21
1.5096838188976378
0
LINE
8
BLACK
6
CONTINUOUS
10
0.6930799606299213
20
1.5096838188976378
11
0.6917688976377953
21
1.5093325196850393
0
LINE
8
BLACK
6
CONTINUOUS
10
0.6917688976377953
20
1.5093325196850393
11
0.6870070078740157
21
1.5093325196850393
0
LINE
8
BLACK
6
CONTINUOUS
10
0.6870070078740157
20
1.5093325196850393
11
0.6856960236220472
21
1.5096837795275591
0
LINE
8
BLACK
6
CONTINUOUS
10
0.6856960236220472
20
1.5096837795275591
11
0.6843659448818897
21
1.5099559842519685
0
LINE
8
BLACK
6
CONTINUOUS
10
0.6843659448818897
20
1.5099559842519685
11
0.6796040551181102
21
1.512336968503937
0
LINE
8
BLACK
6
CONTINUOUS
10
0.6796040551181102
20
1.512336968503937
11
0.6788926377952755
21
1.5129677952755904
0
LINE
8
BLACK
6
CONTINUOUS
10
0.6788926377952755
20
1.5129677952755904
11
0.6780692913385826
21
1.513443188976378
0
LINE
8
BLACK
6
CONTINUOUS
10
0.6780692913385826
20
1.513443188976378
11
0.6756883464566928
21
1.5158241338582676
0
LINE
8
BLACK
6
CONTINUOUS
10
0.6756883464566928
20
1.5158241338582676
11
0.6752129921259843
21
1.5166474409448818
0
LINE
8
BLACK
6
CONTINUOUS
10
0.6752129921259843
20
1.5166474409448818
11
0.6745821259842519
21
1.5173588976377952
0
LINE
8
BLACK
6
CONTINUOUS
10
0.6745821259842519
20
1.5173588976377952
11
0.6722011417322834
21
1.5221207874015747
0
LINE
8
BLACK
6
CONTINUOUS
10
0.6722011417322834
20
1.5221207874015747
11
0.671928937007874
21
1.5234508661417323
0
LINE
8
BLACK
6
CONTINUOUS
10
0.671928937007874
20
1.5234508661417323
11
0.6715776771653543
21
1.5247618503937008
0
LINE
8
BLACK
6
CONTINUOUS
10
0.6715776771653543
20
1.5247618503937008
11
0.6715776771653543
21
1.5366666141732284
0
LINE
8
BLACK
6
CONTINUOUS
10
0.6715776771653543
20
1.5366666141732284
11
0.6718237401574803
21
1.5375850393700787
0
LINE
8
BLACK
6
CONTINUOUS
10
0.6718237401574803
20
1.5375850393700787
11
0.671880748031496
21
1.5385341338582676
0
LINE
8
BLACK
6
CONTINUOUS
10
0.671880748031496
20
1.5385341338582676
11
0.6742617322834645
21
1.5456769685039369
0
LINE
8
BLACK
6
CONTINUOUS
10
0.6742617322834645
20
1.5456769685039369
11
0.675946062992126
21
1.548228031496063
0
LINE
8
BLACK
6
CONTINUOUS
10
0.675946062992126
20
1.548228031496063
11
0.6786802362204725
21
1.5495951181102361
0
LINE
8
BLACK
6
CONTINUOUS
10
0.6786802362204725
20
1.5495951181102361
11
0.6817316929133858
21
1.5494119291338582
0
LINE
8
BLACK
6
CONTINUOUS
10
0.6817316929133858
20
1.5494119291338582
11
0.684282716535433
21
1.5477275984251968
0
LINE
8
BLACK
6
CONTINUOUS
10
0.684282716535433
20
1.5477275984251968
11
0.6856498031496063
21
1.5449933858267717
0
LINE
8
BLACK
6
CONTINUOUS
10
0.6856498031496063
20
1.5449933858267717
11
0.6854666141732283
21
1.5419419685039371
0
LINE
8
BLACK
6
CONTINUOUS
10
0.6854666141732283
20
1.5419419685039371
11
0.6833887007874015
21
1.5357082677165355
0
LINE
8
BLACK
6
CONTINUOUS
10
0.6833887007874015
20
1.5357082677165355
11
0.6833887007874015
21
1.5261559842519685
0
LINE
8
BLACK
6
CONTINUOUS
10
0.6833887007874015
20
1.5261559842519685
11
0.6847176377952756
21
1.5234981102362204
0
LINE
8
BLACK
6
CONTINUOUS
10
0.6847176377952756
20
1.5234981102362204
11
0.6857432677165354
21
1.5224724803149605
0
LINE
8
BLACK
6
CONTINUOUS
10
0.6857432677165354
20
1.5224724803149605
11
0.6884011811023621
21
1.5211435433070866
0
LINE
8
BLACK
6
CONTINUOUS
10
0.6884011811023621
20
1.5211435433070866
11
0.6903748031496063
21
1.5211435433070866
0
LINE
8
BLACK
6
CONTINUOUS
10
0.6903748031496063
20
1.5211435433070866
11
0.6930325984251968
21
1.5224724409448818
0
LINE
8
BLACK
6
CONTINUOUS
10
0.6930325984251968
20
1.5224724409448818
11
0.6940583070866142
21
1.5234981496062991
0
LINE
8
BLACK
6
CONTINUOUS
10
0.6940583070866142
20
1.5234981496062991
11
0.6957207480314961
21
1.5268230708661417
0
LINE
8
BLACK
6
CONTINUOUS
10
0.6957207480314961
20
1.5268230708661417
11
0.6979444881889764
21
1.5357179527559055
0
LINE
8
BLACK
6
CONTINUOUS
10
0.6979444881889764
20
1.5357179527559055
11
0.6982608661417322
21
1.536287874015748
0
LINE
8
BLACK
6
CONTINUOUS
10
0.6982608661417322
20
1.536287874015748
11
0.6983916141732284
21
1.5369267322834645
0
LINE
8
BLACK
6
CONTINUOUS
10
0.6983916141732284
20
1.5369267322834645
11
0.7007725984251968
21
1.5416886220472441
0
LINE
8
BLACK
6
CONTINUOUS
10
0.7007725984251968
20
1.5416886220472441
11
0.7014034251968504
21
1.5424000393700787
0
LINE
8
BLACK
6
CONTINUOUS
10
0.7014034251968504
20
1.5424000393700787
11
0.7018787795275591
21
1.5432233464566929
0
LINE
8
BLACK
6
CONTINUOUS
10
0.7018787795275591
20
1.5432233464566929
11
0.7042597244094488
21
1.5456043307086613
0
LINE
8
BLACK
6
CONTINUOUS
10
0.7042597244094488
20
1.5456043307086613
11
0.7050831496062991
21
1.5460797244094489
0
LINE
8
BLACK
6
CONTINUOUS
10
0.7050831496062991
20
1.5460797244094489
11
0.7057945669291339
21
1.5467105905511811
0
LINE
8
BLACK
6
CONTINUOUS
10
0.7057945669291339
20
1.5467105905511811
11
0.7105564566929133
21
1.5490915354330708
0
LINE
8
BLACK
6
CONTINUOUS
10
0.7105564566929133
20
1.5490915354330708
11
0.7118861023622047
21
1.5493635826771652
0
LINE
8
BLACK
6
CONTINUOUS
10
0.7118861023622047
20
1.5493635826771652
11
0.7131974803149607
21
1.549715
0
LINE
8
BLACK
6
CONTINUOUS
10
0.7131974803149607
20
1.549715
11
0.7179594094488189
21
1.549715
0
LINE
8
BLACK
6
CONTINUOUS
10
0.7179594094488189
20
1.549715
11
0.7192704724409449
21
1.5493636614173227
0
LINE
8
BLACK
6
CONTINUOUS
10
0.401791968503937
20
1.5823835433070865
11
0.4025204724409449
21
1.5823958267716536
0
LINE
8
BLACK
6
CONTINUOUS
10
0.4025204724409449
20
1.5823958267716536
11
0.4120442913385827
21
1.5800148818897637
0
LINE
8
BLACK
6
CONTINUOUS
10
0.4120442913385827
20
1.5800148818897637
11
0.4126142125984252
21
1.5796984645669292
0
LINE
8
BLACK
6
CONTINUOUS
10
0.4126142125984252
20
1.5796984645669292
11
0.4132530708661417
21
1.5795677559055117
0
LINE
8
BLACK
6
CONTINUOUS
10
0.4132530708661417
20
1.5795677559055117
11
0.4180149606299213
21
1.5771867716535433
0
LINE
8
BLACK
6
CONTINUOUS
10
0.4180149606299213
20
1.5771867716535433
11
0.4187264173228346
21
1.5765558661417323
0
LINE
8
BLACK
6
CONTINUOUS
10
0.4187264173228346
20
1.5765558661417323
11
0.4195497244094488
21
1.5760805511811022
0
LINE
8
BLACK
6
CONTINUOUS
10
0.4195497244094488
20
1.5760805511811022
11
0.4243116535433071
21
1.5713186614173229
0
LINE
8
BLACK
6
CONTINUOUS
10
0.4243116535433071
20
1.5713186614173229
11
0.4249902755905512
21
1.5701431889763779
0
LINE
8
BLACK
6
CONTINUOUS
10
0.4249902755905512
20
1.5701431889763779
11
0.4257383070866141
21
1.5690103149606298
0
LINE
8
BLACK
6
CONTINUOUS
10
0.4257383070866141
20
1.5690103149606298
11
0.4281192519685039
21
1.5618674409448818
0
LINE
8
BLACK
6
CONTINUOUS
10
0.4281192519685039
20
1.5618674409448818
11
0.4281762204724409
21
1.5609182677165354
0
LINE
8
BLACK
6
CONTINUOUS
10
0.4281762204724409
20
1.5609182677165354
11
0.4284222834645669
21
1.5599999606299213
0
LINE
8
BLACK
6
CONTINUOUS
10
0.4284222834645669
20
1.5599999606299213
11
0.4284222834645669
21
1.5480951968503938
0
LINE
8
BLACK
6
CONTINUOUS
10
0.4284222834645669
20
1.5480951968503938
11
0.4276311023622047
21
1.545142440944882
0
LINE
8
BLACK
6
CONTINUOUS
10
0.4276311023622047
20
1.545142440944882
11
0.4254695275590551
21
1.5429808661417324
0
LINE
8
BLACK
6
CONTINUOUS
10
0.4254695275590551
20
1.5429808661417324
11
0.4225167716535433
21
1.5421896850393702
0
LINE
8
BLACK
6
CONTINUOUS
10
0.4225167716535433
20
1.5421896850393702
11
0.3725167716535433
21
1.5421896850393702
0
LINE
8
BLACK
6
CONTINUOUS
10
0.3725167716535433
20
1.5421896850393702
11
0.3695640157480315
21
1.5429808661417324
0
LINE
8
BLACK
6
CONTINUOUS
10
0.3695640157480315
20
1.5429808661417324
11
0.3674024409448819
21
1.545142440944882
0
LINE
8
BLACK
6
CONTINUOUS
10
0.3674024409448819
20
1.545142440944882
11
0.3666112598425197
21
1.5480951968503938
0
LINE
8
BLACK
6
CONTINUOUS
10
0.3666112598425197
20
1.5480951968503938
11
0.3666112598425197
21
1.5599999606299213
0
LINE
8
BLACK
6
CONTINUOUS
10
0.3666112598425197
20
1.5599999606299213
11
0.3668572834645669
21
1.5609182677165354
0
LINE
8
BLACK
6
CONTINUOUS
10
0.3668572834645669
20
1.5609182677165354
11
0.3669142913385827
21
1.5618674409448818
0
LINE
8
BLACK
6
CONTINUOUS
10
0.3669142913385827
20
1.5618674409448818
11
0.3692952362204724
21
1.5690103149606298
0
LINE
8
BLACK
6
CONTINUOUS
10
0.3692952362204724
20
1.5690103149606298
11
0.3700432283464567
21
1.5701431889763779
0
LINE
8
BLACK
6
CONTINUOUS
10
0.3700432283464567
20
1.5701431889763779
11
0.3707218897637795
21
1.5713186614173229
0
LINE
8
BLACK
6
CONTINUOUS
10
0.3707218897637795
20
1.5713186614173229
11
0.3754837795275591
21
1.5760805511811022
0
LINE
8
BLACK
6
CONTINUOUS
10
0.3754837795275591
20
1.5760805511811022
11
0.3763072047244094
21
1.5765559448818898
0
LINE
8
BLACK
6
CONTINUOUS
10
0.3763072047244094
20
1.5765559448818898
11
0.3770185826771654
21
1.5771867716535433
0
LINE
8
BLACK
6
CONTINUOUS
10
0.3770185826771654
20
1.5771867716535433
11
0.3817805118110236
21
1.5795677559055117
0
LINE
8
BLACK
6
CONTINUOUS
10
0.3817805118110236
20
1.5795677559055117
11
0.3824192519685039
21
1.5796984645669292
0
LINE
8
BLACK
6
CONTINUOUS
10
0.3824192519685039
20
1.5796984645669292
11
0.3829892519685039
21
1.5800148818897637
0
LINE
8
BLACK
6
CONTINUOUS
10
0.3829892519685039
20
1.5800148818897637
11
0.392513031496063
21
1.5823958267716536
0
LINE
8
BLACK
6
CONTINUOUS
10
0.392513031496063
20
1.5823958267716536
11
0.3932414960629921
21
1.5823835433070865
0
LINE
8
BLACK
6
CONTINUOUS
10
0.3932414960629921
20
1.5823835433070865
11
0.3939453149606299
21
1.5825721653543308
0
LINE
8
BLACK
6
CONTINUOUS
10
0.3939453149606299
20
1.5825721653543308
11
0.4010881889763779
21
1.5825721653543308
0
LINE
8
BLACK
6
CONTINUOUS
10
0.4010881889763779
20
1.5825721653543308
11
0.401791968503937
21
1.5823835433070865
0
LINE
8
BLACK
6
CONTINUOUS
10
0.386482874015748
20
1.568713779527559
11
0.3831577952755905
21
1.5670512598425197
0
LINE
8
BLACK
6
CONTINUOUS
10
0.3831577952755905
20
1.5670512598425197
11
0.3800593307086614
21
1.5639527952755905
0
LINE
8
BLACK
6
CONTINUOUS
10
0.3800593307086614
20
1.5639527952755905
11
0.3784222834645669
21
1.5590415748031496
0
LINE
8
BLACK
6
CONTINUOUS
10
0.3784222834645669
20
1.5590415748031496
11
0.3784222834645669
21
1.5540007086614174
0
LINE
8
BLACK
6
CONTINUOUS
10
0.3784222834645669
20
1.5540007086614174
11
0.4166112598425197
21
1.5540007086614174
0
LINE
8
BLACK
6
CONTINUOUS
10
0.4166112598425197
20
1.5540007086614174
11
0.4166112598425197
21
1.5590415748031496
0
LINE
8
BLACK
6
CONTINUOUS
10
0.4166112598425197
20
1.5590415748031496
11
0.4149741732283465
21
1.5639527952755905
0
LINE
8
BLACK
6
CONTINUOUS
10
0.4149741732283465
20
1.5639527952755905
11
0.4118757086614173
21
1.5670512204724409
0
LINE
8
BLACK
6
CONTINUOUS
10
0.4118757086614173
20
1.5670512204724409
11
0.4085506299212598
21
1.568713779527559
0
LINE
8
BLACK
6
CONTINUOUS
10
0.4085506299212598
20
1.568713779527559
11
0.4003612598425197
21
1.5707611417322835
0
LINE
8
BLACK
6
CONTINUOUS
10
0.4003612598425197
20
1.5707611417322835
11
0.3946722440944882
21
1.5707611417322835
0
LINE
8
BLACK
6
CONTINUOUS
10
0.3946722440944882
20
1.5707611417322835
11
0.386482874015748
21
1.568713779527559
0
CIRCLE
8
BLACK
10
0.325
20
1.0249999999999999
40
0.0068897637795276
0
CIRCLE
8
BLACK
10
0.5218503937007873
20
1.0249999999999999
40
0.0068897637795276
0
CIRCLE
8
BLACK
10
0.5
20
1.4749999999999999
40
0.0068897637795276
0
CIRCLE
8
BLACK
10
0.5
20
1.375
40
0.0068897637795276
0
CIRCLE
8
BLACK
10
0.6
20
1.4749999999999999
40
0.0068897637795276
0
CIRCLE
8
BLACK
10
0.6
20
1.375
40
0.0068897637795276
0
CIRCLE
8
BLACK
10
1.3999999999999999
20
0.2
40
0.0068897637795276
0
CIRCLE
8
BLACK
10
1.3999999999999999
20
1.3999999999999999
40
0.0068897637795276
0
CIRCLE
8
BLACK
10
0.2
20
0.2
40
0.0068897637795276
0
CIRCLE
8
BLACK
10
0.2
20
1.3999999999999999
40
0.0068897637795276
0
CIRCLE
8
BLACK
10
0.7
20
0.2031496062992126
40
0.0068897637795276
0
CIRCLE
8
BLACK
10
0.7
20
0.4
40
0.0068897637795276
0
CIRCLE
8
BLACK
10
1.0999999999999999
20
0.2031496062992126
40
0.0068897637795276
0
CIRCLE
8
BLACK
10
1.0999999999999999
20
0.4
40
0.0068897637795276
0
CIRCLE
8
BLACK
10
0.9
20
0.2031496062992126
40
0.0068897637795276
0
CIRCLE
8
BLACK
10
0.9
20
0.4
40
0.0068897637795276
0
CIRCLE
8
BLACK
10
0.5
20
0.2031496062992126
40
0.0068897637795276
0
CIRCLE
8
BLACK
10
0.5
20
0.4
40
0.0068897637795276
  0
ENDSEC
  0
EOF
